rep,year,week,land_size,maxK,lambda1,lambda2,starting_cases,a_mort,j_mort,total_pop,n_infected,n_symptomatic,actual_sero,elim
1,1,1,60,25,0.001,0,10,0.005,0.025,5360,0,0,0.0018656716417910447,True
1,1,2,60,25,0.001,0,10,0.005,0.025,5264,0,0,0.003799392097264438,True
1,1,3,60,25,0.001,0,10,0.005,0.025,5178,0,0,0.005214368482039398,True
1,1,4,60,25,0.001,0,10,0.005,0.025,5088,0,0,0.0076650943396226415,True
1,1,5,60,25,0.001,0,10,0.005,0.025,5019,0,0,0.008766686590954373,True
1,1,6,60,25,0.001,0,10,0.005,0.025,4907,0,0,0.011819849195027512,True
1,1,7,60,25,0.001,0,10,0.005,0.025,4856,0,0,0.012973640856672158,True
1,1,8,60,25,0.001,0,10,0.005,0.025,4772,0,0,0.014878457669740152,True
1,1,9,60,25,0.001,0,10,0.005,0.025,4702,0,0,0.01637601020842195,True
1,1,10,60,25,0.001,0,10,0.005,0.025,4654,0,0,0.01826385904598195,True
1,1,11,60,25,0.001,0,10,0.005,0.025,4608,0,0,0.020833333333333332,True
1,1,12,60,25,0.001,0,10,0.005,0.025,4553,0,0,0.02174390511750494,True
1,1,13,60,25,0.001,0,10,0.005,0.025,4497,0,0,0.02312652879697576,True
1,1,14,60,25,0.001,0,10,0.005,0.025,4457,0,0,0.02490464437962755,True
1,1,15,60,25,0.001,0,10,0.005,0.025,4418,0,0,0.026029877772747848,True
1,1,16,60,25,0.001,0,10,0.005,0.025,4385,0,0,0.027366020524515394,True
1,1,17,60,25,0.001,0,10,0.005,0.025,4329,0,0,0.029337029337029336,True
1,1,18,60,25,0.001,0,10,0.005,0.025,12466,0,0,0.011711856248997272,True
1,1,19,60,25,0.001,0,10,0.005,0.025,12236,0,0,0.013403072899640406,True
1,1,20,60,25,0.001,0,10,0.005,0.025,11958,0,0,0.016056196688409432,True
1,1,21,60,25,0.001,0,10,0.005,0.025,11674,0,0,0.017389069727599793,True
1,1,22,60,25,0.001,0,10,0.005,0.025,11368,0,0,0.019440534834623505,True
1,1,23,60,25,0.001,0,10,0.005,0.025,11073,0,0,0.021584033233992595,True
1,1,24,60,25,0.001,0,10,0.005,0.025,10844,0,0,0.023238657322021395,True
1,1,25,60,25,0.001,0,10,0.005,0.025,10613,0,0,0.025346273438236127,True
1,1,26,60,25,0.001,0,10,0.005,0.025,10331,0,0,0.027296486303358822,True
1,1,27,60,25,0.001,0,10,0.005,0.025,10109,0,0,0.029082995350677612,True
1,1,28,60,25,0.001,0,10,0.005,0.025,9879,0,0,0.03269561696527989,True
1,1,29,60,25,0.001,0,10,0.005,0.025,9633,0,0,0.034983909477836604,True
1,1,30,60,25,0.001,0,10,0.005,0.025,9373,0,0,0.03798143603968847,True
1,1,31,60,25,0.001,0,10,0.005,0.025,9150,0,0,0.039781420765027324,True
1,1,32,60,25,0.001,0,10,0.005,0.025,8964,0,0,0.04183400267737617,True
1,1,33,60,25,0.001,0,10,0.005,0.025,8797,0,0,0.04376491985904286,True
1,1,34,60,25,0.001,0,10,0.005,0.025,8574,0,0,0.04641940751108001,True
1,1,35,60,25,0.001,0,10,0.005,0.025,8420,0,0,0.04809976247030879,True
1,1,36,60,25,0.001,0,10,0.005,0.025,8215,0,0,0.050882531953743156,True
1,1,37,60,25,0.001,0,10,0.005,0.025,8036,0,0,0.05226480836236934,True
1,1,38,60,25,0.001,0,10,0.005,0.025,7892,0,0,0.05435884439939179,True
1,1,39,60,25,0.001,0,10,0.005,0.025,7750,0,0,0.05561290322580645,True
1,1,40,60,25,0.001,0,10,0.005,0.025,7616,0,0,0.05777310924369748,True
1,1,41,60,25,0.001,0,10,0.005,0.025,7694,0,0,0.06901481674031713,True
1,1,42,60,25,0.001,0,10,0.005,0.025,7641,0,0,0.0794398638921607,True
1,1,43,60,25,0.001,0,10,0.005,0.025,7613,0,0,0.08288453960331013,True
1,1,44,60,25,0.001,0,10,0.005,0.025,7539,0,0,0.08595304417031437,True
1,1,45,60,25,0.001,0,10,0.005,0.025,7537,0,0,0.0902215735703861,True
1,1,46,60,25,0.001,0,10,0.005,0.025,7345,0,0,0.0852280462899932,True
1,1,47,60,25,0.001,0,10,0.005,0.025,7305,0,0,0.08692676249144421,True
1,1,48,60,25,0.001,0,10,0.005,0.025,7215,0,0,0.08690228690228691,True
1,1,49,60,25,0.001,0,10,0.005,0.025,7128,0,0,0.0893658810325477,True
1,1,50,60,25,0.001,0,10,0.005,0.025,7038,0,0,0.09093492469451549,True
1,1,51,60,25,0.001,0,10,0.005,0.025,6939,0,0,0.09208819714656291,True
1,1,52,60,25,0.001,0,10,0.005,0.025,6842,0,0,0.09456299327681965,True
1,2,1,60,25,0.001,0,10,0.005,0.025,6754,9,0,0.0950547823511993,False
1,2,2,60,25,0.001,0,10,0.005,0.025,6653,9,0,0.09679843679543064,False
1,2,3,60,25,0.001,0,10,0.005,0.025,6556,9,2,0.09807809640024405,False
1,2,4,60,25,0.001,0,10,0.005,0.025,6461,9,4,0.10044884692772017,False
1,2,5,60,25,0.001,0,10,0.005,0.025,6385,7,4,0.10289741581832419,False
1,2,6,60,25,0.001,0,10,0.005,0.025,6287,5,4,0.10370606012406554,False
1,2,7,60,25,0.001,0,10,0.005,0.025,6188,3,3,0.10681965093729799,False
1,2,8,60,25,0.001,0,10,0.005,0.025,6081,2,1,0.1080414405525407,False
1,2,9,60,25,0.001,0,10,0.005,0.025,5998,1,0,0.11170390130043348,False
1,2,10,60,25,0.001,0,10,0.005,0.025,5896,1,0,0.11261872455902307,False
1,2,11,60,25,0.001,0,10,0.005,0.025,5812,1,0,0.11493461803165864,False
1,2,12,60,25,0.001,0,10,0.005,0.025,5722,1,0,0.11551904928346732,False
1,2,13,60,25,0.001,0,10,0.005,0.025,5631,0,0,0.11756348783519802,True
1,2,14,60,25,0.001,0,10,0.005,0.025,5528,0,0,0.11884949348769899,True
1,2,15,60,25,0.001,0,10,0.005,0.025,5458,0,0,0.12019054598754123,True
1,2,16,60,25,0.001,0,10,0.005,0.025,5397,0,0,0.12395775430794886,True
1,2,17,60,25,0.001,0,10,0.005,0.025,5292,0,0,0.12377173091458805,True
1,2,18,60,25,0.001,0,10,0.005,0.025,10807,0,0,0.0623669843619876,True
1,2,19,60,25,0.001,0,10,0.005,0.025,10590,0,0,0.06411709159584514,True
1,2,20,60,25,0.001,0,10,0.005,0.025,10317,0,0,0.06697683435107105,True
1,2,21,60,25,0.001,0,10,0.005,0.025,10100,0,0,0.06950495049504951,True
1,2,22,60,25,0.001,0,10,0.005,0.025,9866,0,0,0.07236975471315629,True
1,2,23,60,25,0.001,0,10,0.005,0.025,9669,0,0,0.07498190092046747,True
1,2,24,60,25,0.001,0,10,0.005,0.025,9496,0,0,0.07813816343723673,True
1,2,25,60,25,0.001,0,10,0.005,0.025,9286,0,0,0.08098212362696533,True
1,2,26,60,25,0.001,0,10,0.005,0.025,9070,0,0,0.08379272326350606,True
1,2,27,60,25,0.001,0,10,0.005,0.025,8896,0,0,0.0866681654676259,True
1,2,28,60,25,0.001,0,10,0.005,0.025,8731,0,0,0.08842057038139961,True
1,2,29,60,25,0.001,0,10,0.005,0.025,8494,0,0,0.09171179656227925,True
1,2,30,60,25,0.001,0,10,0.005,0.025,8339,0,0,0.09413598752848064,True
1,2,31,60,25,0.001,0,10,0.005,0.025,8173,0,0,0.0962926709898446,True
1,2,32,60,25,0.001,0,10,0.005,0.025,8044,0,0,0.09858279462953755,True
1,2,33,60,25,0.001,0,10,0.005,0.025,7869,0,0,0.10001270809505655,True
1,2,34,60,25,0.001,0,10,0.005,0.025,7711,0,0,0.10284009856049799,True
1,2,35,60,25,0.001,0,10,0.005,0.025,7531,0,0,0.10689151507103971,True
1,2,36,60,25,0.001,0,10,0.005,0.025,7355,0,0,0.11121685927940177,True
1,2,37,60,25,0.001,0,10,0.005,0.025,7203,0,0,0.11439677911981119,True
1,2,38,60,25,0.001,0,10,0.005,0.025,7096,0,0,0.11583990980834273,True
1,2,39,60,25,0.001,0,10,0.005,0.025,7008,0,0,0.11857876712328767,True
1,2,40,60,25,0.001,0,10,0.005,0.025,6910,0,0,0.12112879884225759,True
1,2,41,60,25,0.001,0,10,0.005,0.025,7146,0,0,0.14903442485306465,True
1,2,42,60,25,0.001,0,10,0.005,0.025,7083,0,0,0.1521953974304673,True
1,2,43,60,25,0.001,0,10,0.005,0.025,7061,0,0,0.1553604305339187,True
1,2,44,60,25,0.001,0,10,0.005,0.025,6999,0,0,0.16016573796256608,True
1,2,45,60,25,0.001,0,10,0.005,0.025,6977,0,0,0.16712053891357317,True
1,2,46,60,25,0.001,0,10,0.005,0.025,6767,0,0,0.15752918575439634,True
1,2,47,60,25,0.001,0,10,0.005,0.025,6700,0,0,0.16,True
1,2,48,60,25,0.001,0,10,0.005,0.025,6618,0,0,0.15986702931399213,True
1,2,49,60,25,0.001,0,10,0.005,0.025,6530,0,0,0.16324655436447166,True
1,2,50,60,25,0.001,0,10,0.005,0.025,6424,0,0,0.16220423412204235,True
1,2,51,60,25,0.001,0,10,0.005,0.025,6344,0,0,0.16629886506935687,True
1,2,52,60,25,0.001,0,10,0.005,0.025,6259,0,0,0.1664802684134846,True
1,3,1,60,25,0.001,0,10,0.005,0.025,6168,0,0,0.16780155642023345,True
1,3,2,60,25,0.001,0,10,0.005,0.025,6111,0,0,0.16985763377515956,True
1,3,3,60,25,0.001,0,10,0.005,0.025,6037,0,0,0.17193970515156534,True
1,3,4,60,25,0.001,0,10,0.005,0.025,5983,0,0,0.17666722380076885,True
1,3,5,60,25,0.001,0,10,0.005,0.025,5925,0,0,0.17957805907172997,True
1,3,6,60,25,0.001,0,10,0.005,0.025,5818,0,0,0.18064627019594362,True
1,3,7,60,25,0.001,0,10,0.005,0.025,5736,0,0,0.1823570432357043,True
1,3,8,60,25,0.001,0,10,0.005,0.025,5691,0,0,0.18538042523282375,True
1,3,9,60,25,0.001,0,10,0.005,0.025,5602,0,0,0.18654052124241344,True
1,3,10,60,25,0.001,0,10,0.005,0.025,5526,0,0,0.18874411871154542,True
1,3,11,60,25,0.001,0,10,0.005,0.025,5466,0,0,0.19045005488474204,True
1,3,12,60,25,0.001,0,10,0.005,0.025,5408,0,0,0.19249260355029585,True
1,3,13,60,25,0.001,0,10,0.005,0.025,5340,0,0,0.1960674157303371,True
1,3,14,60,25,0.001,0,10,0.005,0.025,5277,0,0,0.19651317036194807,True
1,3,15,60,25,0.001,0,10,0.005,0.025,5222,0,0,0.20049789352738415,True
1,3,16,60,25,0.001,0,10,0.005,0.025,5159,0,0,0.20333397945338244,True
1,3,17,60,25,0.001,0,10,0.005,0.025,5096,0,0,0.20604395604395603,True
1,3,18,60,25,0.001,0,10,0.005,0.025,11783,0,0,0.08826275142153951,True
1,3,19,60,25,0.001,0,10,0.005,0.025,11575,0,0,0.09071274298056156,True
1,3,20,60,25,0.001,0,10,0.005,0.025,11246,0,0,0.09363329183709763,True
1,3,21,60,25,0.001,0,10,0.005,0.025,10994,0,0,0.09641622703292706,True
1,3,22,60,25,0.001,0,10,0.005,0.025,10716,0,0,0.09966405375139978,True
1,3,23,60,25,0.001,0,10,0.005,0.025,10416,0,0,0.1028225806451613,True
1,3,24,60,25,0.001,0,10,0.005,0.025,10181,0,0,0.10617817503192221,True
1,3,25,60,25,0.001,0,10,0.005,0.025,9922,0,0,0.1102600282201169,True
1,3,26,60,25,0.001,0,10,0.005,0.025,9727,0,0,0.11370412254549193,True
1,3,27,60,25,0.001,0,10,0.005,0.025,9563,0,0,0.11701348949074558,True
1,3,28,60,25,0.001,0,10,0.005,0.025,9360,0,0,0.11987179487179488,True
1,3,29,60,25,0.001,0,10,0.005,0.025,9130,0,0,0.12365826944140197,True
1,3,30,60,25,0.001,0,10,0.005,0.025,8933,0,0,0.12638531288480914,True
1,3,31,60,25,0.001,0,10,0.005,0.025,8709,0,0,0.13147318865541394,True
1,3,32,60,25,0.001,0,10,0.005,0.025,8542,0,0,0.13416061812221963,True
1,3,33,60,25,0.001,0,10,0.005,0.025,8385,0,0,0.13655336911150864,True
1,3,34,60,25,0.001,0,10,0.005,0.025,8186,0,0,0.1390178353286098,True
1,3,35,60,25,0.001,0,10,0.005,0.025,8000,0,0,0.1415,True
1,3,36,60,25,0.001,0,10,0.005,0.025,7788,0,0,0.14586543400102722,True
1,3,37,60,25,0.001,0,10,0.005,0.025,7606,0,0,0.15053904811990534,True
1,3,38,60,25,0.001,0,10,0.005,0.025,7487,0,0,0.15319887805529583,True
1,3,39,60,25,0.001,0,10,0.005,0.025,7371,0,0,0.15778049111382444,True
1,3,40,60,25,0.001,0,10,0.005,0.025,7250,0,0,0.15986206896551725,True
1,3,41,60,25,0.001,0,10,0.005,0.025,7478,0,0,0.18173308371222252,True
1,3,42,60,25,0.001,0,10,0.005,0.025,7419,0,0,0.1842566383609651,True
1,3,43,60,25,0.001,0,10,0.005,0.025,7386,0,0,0.1899539669645275,True
1,3,44,60,25,0.001,0,10,0.005,0.025,7362,0,0,0.19627818527574029,True
1,3,45,60,25,0.001,0,10,0.005,0.025,7274,0,0,0.19837778388781963,True
1,3,46,60,25,0.001,0,10,0.005,0.025,7018,0,0,0.19136506127101738,True
1,3,47,60,25,0.001,0,10,0.005,0.025,6943,0,0,0.19213596428057036,True
1,3,48,60,25,0.001,0,10,0.005,0.025,6887,0,0,0.19573108755626542,True
1,3,49,60,25,0.001,0,10,0.005,0.025,6828,0,0,0.19976567076742824,True
1,3,50,60,25,0.001,0,10,0.005,0.025,6761,0,0,0.20352018932110635,True
1,3,51,60,25,0.001,0,10,0.005,0.025,6679,0,0,0.209163048360533,True
1,3,52,60,25,0.001,0,10,0.005,0.025,6620,0,0,0.2095166163141994,True
1,4,1,60,25,0.001,0,10,0.005,0.025,6536,0,0,0.21282129742962055,True
1,4,2,60,25,0.001,0,10,0.005,0.025,6463,0,0,0.21615348909175305,True
1,4,3,60,25,0.001,0,10,0.005,0.025,6395,0,0,0.21939014855355746,True
1,4,4,60,25,0.001,0,10,0.005,0.025,6281,0,0,0.22321286419359976,True
1,4,5,60,25,0.001,0,10,0.005,0.025,6201,0,0,0.22496371552975328,True
1,4,6,60,25,0.001,0,10,0.005,0.025,6103,0,0,0.22808454858266428,True
1,4,7,60,25,0.001,0,10,0.005,0.025,6007,0,0,0.22906608956217747,True
1,4,8,60,25,0.001,0,10,0.005,0.025,5929,0,0,0.22954967110811267,True
1,4,9,60,25,0.001,0,10,0.005,0.025,5870,0,0,0.23339011925042588,True
1,4,10,60,25,0.001,0,10,0.005,0.025,5781,0,0,0.23750216225566512,True
1,4,11,60,25,0.001,0,10,0.005,0.025,5730,0,0,0.23979057591623038,True
1,4,12,60,25,0.001,0,10,0.005,0.025,5671,0,0,0.24193263974607654,True
1,4,13,60,25,0.001,0,10,0.005,0.025,5598,0,0,0.24455162558056448,True
1,4,14,60,25,0.001,0,10,0.005,0.025,5526,0,0,0.24791892870068766,True
1,4,15,60,25,0.001,0,10,0.005,0.025,5461,0,0,0.24940487090276506,True
1,4,16,60,25,0.001,0,10,0.005,0.025,5383,0,0,0.25301876277168867,True
1,4,17,60,25,0.001,0,10,0.005,0.025,5319,0,0,0.2568151908253431,True
1,4,18,60,25,0.001,0,10,0.005,0.025,11919,0,0,0.1142713314875409,True
1,4,19,60,25,0.001,0,10,0.005,0.025,11731,0,0,0.11695507629358111,True
1,4,20,60,25,0.001,0,10,0.005,0.025,11500,0,0,0.12043478260869565,True
1,4,21,60,25,0.001,0,10,0.005,0.025,11135,0,0,0.12528064660978896,True
1,4,22,60,25,0.001,0,10,0.005,0.025,10897,0,0,0.12774158025144536,True
1,4,23,60,25,0.001,0,10,0.005,0.025,10606,0,0,0.13115217801244577,True
1,4,24,60,25,0.001,0,10,0.005,0.025,10352,0,0,0.1346599690880989,True
1,4,25,60,25,0.001,0,10,0.005,0.025,10119,0,0,0.13874888823006226,True
1,4,26,60,25,0.001,0,10,0.005,0.025,9867,0,0,0.1420897942637073,True
1,4,27,60,25,0.001,0,10,0.005,0.025,9567,0,0,0.14487300094073377,True
1,4,28,60,25,0.001,0,10,0.005,0.025,9332,0,0,0.1477711101585941,True
1,4,29,60,25,0.001,0,10,0.005,0.025,9131,0,0,0.1503668820501588,True
1,4,30,60,25,0.001,0,10,0.005,0.025,8902,0,0,0.15356099752864524,True
1,4,31,60,25,0.001,0,10,0.005,0.025,8673,0,0,0.15726968753603135,True
1,4,32,60,25,0.001,0,10,0.005,0.025,8486,0,0,0.1609710110770681,True
1,4,33,60,25,0.001,0,10,0.005,0.025,8304,0,0,0.16317437379576108,True
1,4,34,60,25,0.001,0,10,0.005,0.025,8136,0,0,0.16592920353982302,True
1,4,35,60,25,0.001,0,10,0.005,0.025,7941,0,0,0.16811484699659993,True
1,4,36,60,25,0.001,0,10,0.005,0.025,7779,0,0,0.17187299138706774,True
1,4,37,60,25,0.001,0,10,0.005,0.025,7601,0,0,0.17668727798973818,True
1,4,38,60,25,0.001,0,10,0.005,0.025,7500,0,0,0.17853333333333332,True
1,4,39,60,25,0.001,0,10,0.005,0.025,7375,0,0,0.18128813559322035,True
1,4,40,60,25,0.001,0,10,0.005,0.025,7279,0,0,0.18519027338920183,True
1,4,41,60,25,0.001,0,10,0.005,0.025,7419,0,0,0.20986655883542257,True
1,4,42,60,25,0.001,0,10,0.005,0.025,7328,0,0,0.21451965065502182,True
1,4,43,60,25,0.001,0,10,0.005,0.025,7254,0,0,0.2178108629721533,True
1,4,44,60,25,0.001,0,10,0.005,0.025,7206,0,0,0.22106577851790174,True
1,4,45,60,25,0.001,0,10,0.005,0.025,7192,0,0,0.22552836484983316,True
1,4,46,60,25,0.001,0,10,0.005,0.025,6964,0,0,0.21855255600229753,True
1,4,47,60,25,0.001,0,10,0.005,0.025,6902,0,0,0.2197913648217908,True
1,4,48,60,25,0.001,0,10,0.005,0.025,6823,0,0,0.21984464311886268,True
1,4,49,60,25,0.001,0,10,0.005,0.025,6754,0,0,0.22223867337873854,True
1,4,50,60,25,0.001,0,10,0.005,0.025,6676,0,0,0.2237866986219293,True
1,4,51,60,25,0.001,0,10,0.005,0.025,6625,0,0,0.22732075471698113,True
1,4,52,60,25,0.001,0,10,0.005,0.025,6538,0,0,0.2288161517283573,True
1,5,1,60,25,0.001,0,10,0.005,0.025,6477,0,0,0.23205187586845763,True
1,5,2,60,25,0.001,0,10,0.005,0.025,6400,0,0,0.23578125,True
1,5,3,60,25,0.001,0,10,0.005,0.025,6350,0,0,0.23669291338582676,True
1,5,4,60,25,0.001,0,10,0.005,0.025,6258,0,0,0.23793544263342922,True
1,5,5,60,25,0.001,0,10,0.005,0.025,6171,0,0,0.23983146977799386,True
1,5,6,60,25,0.001,0,10,0.005,0.025,6117,0,0,0.24194866764753964,True
1,5,7,60,25,0.001,0,10,0.005,0.025,6051,0,0,0.24673607668154024,True
1,5,8,60,25,0.001,0,10,0.005,0.025,5982,0,0,0.2480775660314276,True
1,5,9,60,25,0.001,0,10,0.005,0.025,5874,0,0,0.24855294518215867,True
1,5,10,60,25,0.001,0,10,0.005,0.025,5818,0,0,0.2511172224132004,True
1,5,11,60,25,0.001,0,10,0.005,0.025,5745,0,0,0.25274151436031334,True
1,5,12,60,25,0.001,0,10,0.005,0.025,5691,0,0,0.25443683008258655,True
1,5,13,60,25,0.001,0,10,0.005,0.025,5635,0,0,0.25785270629991125,True
1,5,14,60,25,0.001,0,10,0.005,0.025,5581,0,0,0.2608851460311772,True
1,5,15,60,25,0.001,0,10,0.005,0.025,5495,0,0,0.26333030027297544,True
1,5,16,60,25,0.001,0,10,0.005,0.025,5434,0,0,0.2651821862348178,True
1,5,17,60,25,0.001,0,10,0.005,0.025,5381,0,0,0.2670507340643003,True
1,5,18,60,25,0.001,0,10,0.005,0.025,12270,0,0,0.11768541157294214,True
1,5,19,60,25,0.001,0,10,0.005,0.025,12022,0,0,0.12061221094659791,True
1,5,20,60,25,0.001,0,10,0.005,0.025,11769,0,0,0.12388478205455009,True
1,5,21,60,25,0.001,0,10,0.005,0.025,11409,0,0,0.12805679726531685,True
1,5,22,60,25,0.001,0,10,0.005,0.025,11066,0,0,0.13112235676848003,True
1,5,23,60,25,0.001,0,10,0.005,0.025,10818,0,0,0.1349602514327972,True
1,5,24,60,25,0.001,0,10,0.005,0.025,10547,0,0,0.13852280269270884,True
1,5,25,60,25,0.001,0,10,0.005,0.025,10299,0,0,0.1409845616079231,True
1,5,26,60,25,0.001,0,10,0.005,0.025,10097,0,0,0.144102208576805,True
1,5,27,60,25,0.001,0,10,0.005,0.025,9865,0,0,0.14668018246325393,True
1,5,28,60,25,0.001,0,10,0.005,0.025,9633,0,0,0.15208138689920067,True
1,5,29,60,25,0.001,0,10,0.005,0.025,9443,0,0,0.15545907021073813,True
1,5,30,60,25,0.001,0,10,0.005,0.025,9218,0,0,0.1586027337817314,True
1,5,31,60,25,0.001,0,10,0.005,0.025,9022,0,0,0.16182664597650187,True
1,5,32,60,25,0.001,0,10,0.005,0.025,8820,0,0,0.16621315192743763,True
1,5,33,60,25,0.001,0,10,0.005,0.025,8640,0,0,0.1693287037037037,True
1,5,34,60,25,0.001,0,10,0.005,0.025,8458,0,0,0.17273587136438875,True
1,5,35,60,25,0.001,0,10,0.005,0.025,8254,0,0,0.17579355464017446,True
1,5,36,60,25,0.001,0,10,0.005,0.025,8112,0,0,0.1807199211045365,True
1,5,37,60,25,0.001,0,10,0.005,0.025,7939,0,0,0.1839022546920267,True
1,5,38,60,25,0.001,0,10,0.005,0.025,7814,0,0,0.18722805221397493,True
1,5,39,60,25,0.001,0,10,0.005,0.025,7690,0,0,0.1892067620286086,True
1,5,40,60,25,0.001,0,10,0.005,0.025,7587,0,0,0.19203901410307103,True
1,5,41,60,25,0.001,0,10,0.005,0.025,7750,0,0,0.21754838709677418,True
1,5,42,60,25,0.001,0,10,0.005,0.025,7619,0,0,0.22194513715710723,True
1,5,43,60,25,0.001,0,10,0.005,0.025,7551,0,0,0.22407628128724671,True
1,5,44,60,25,0.001,0,10,0.005,0.025,7473,0,0,0.2260136491368928,True
1,5,45,60,25,0.001,0,10,0.005,0.025,7435,0,0,0.2324142568930733,True
1,5,46,60,25,0.001,0,10,0.005,0.025,7197,0,0,0.22342642767819926,True
1,5,47,60,25,0.001,0,10,0.005,0.025,7136,0,0,0.22323430493273544,True
1,5,48,60,25,0.001,0,10,0.005,0.025,7065,0,0,0.22533616418966737,True
1,5,49,60,25,0.001,0,10,0.005,0.025,6972,0,0,0.2274813539873781,True
1,5,50,60,25,0.001,0,10,0.005,0.025,6868,0,0,0.22932440302853815,True
1,5,51,60,25,0.001,0,10,0.005,0.025,6818,0,0,0.23085948958638897,True
1,5,52,60,25,0.001,0,10,0.005,0.025,6728,0,0,0.23409631391200952,True
1,6,1,60,25,0.001,0,10,0.005,0.025,6651,0,0,0.23515260863028117,True
1,6,2,60,25,0.001,0,10,0.005,0.025,6576,0,0,0.23768248175182483,True
1,6,3,60,25,0.001,0,10,0.005,0.025,6510,0,0,0.23840245775729646,True
1,6,4,60,25,0.001,0,10,0.005,0.025,6417,0,0,0.24139005765934238,True
1,6,5,60,25,0.001,0,10,0.005,0.025,6331,0,0,0.24372137103143263,True
1,6,6,60,25,0.001,0,10,0.005,0.025,6252,0,0,0.24744081893793987,True
1,6,7,60,25,0.001,0,10,0.005,0.025,6167,0,0,0.2506891519377331,True
1,6,8,60,25,0.001,0,10,0.005,0.025,6088,0,0,0.2519710906701708,True
1,6,9,60,25,0.001,0,10,0.005,0.025,6018,0,0,0.2540711199734131,True
1,6,10,60,25,0.001,0,10,0.005,0.025,5962,0,0,0.2572962093257296,True
1,6,11,60,25,0.001,0,10,0.005,0.025,5885,0,0,0.2594732370433305,True
1,6,12,60,25,0.001,0,10,0.005,0.025,5819,0,0,0.26224437188520366,True
1,6,13,60,25,0.001,0,10,0.005,0.025,5752,0,0,0.26477746870653684,True
1,6,14,60,25,0.001,0,10,0.005,0.025,5686,0,0,0.26679563841013015,True
1,6,15,60,25,0.001,0,10,0.005,0.025,5613,0,0,0.2695528238018885,True
1,6,16,60,25,0.001,0,10,0.005,0.025,5548,0,0,0.27108868060562363,True
1,6,17,60,25,0.001,0,10,0.005,0.025,5465,0,0,0.27319304666056726,True
1,6,18,60,25,0.001,0,10,0.005,0.025,12361,0,0,0.12126850578432166,True
1,6,19,60,25,0.001,0,10,0.005,0.025,12110,0,0,0.1245251857968621,True
1,6,20,60,25,0.001,0,10,0.005,0.025,11794,0,0,0.12845514668475497,True
1,6,21,60,25,0.001,0,10,0.005,0.025,11405,0,0,0.1318719859710653,True
1,6,22,60,25,0.001,0,10,0.005,0.025,11095,0,0,0.13618747183415952,True
1,6,23,60,25,0.001,0,10,0.005,0.025,10875,0,0,0.13829885057471264,True
1,6,24,60,25,0.001,0,10,0.005,0.025,10621,0,0,0.1417945579512287,True
1,6,25,60,25,0.001,0,10,0.005,0.025,10352,0,0,0.14605873261205565,True
1,6,26,60,25,0.001,0,10,0.005,0.025,10097,0,0,0.15004456769337426,True
1,6,27,60,25,0.001,0,10,0.005,0.025,9818,0,0,0.1532898757384396,True
1,6,28,60,25,0.001,0,10,0.005,0.025,9585,0,0,0.1560772039645279,True
1,6,29,60,25,0.001,0,10,0.005,0.025,9306,0,0,0.16054158607350097,True
1,6,30,60,25,0.001,0,10,0.005,0.025,9047,0,0,0.1651376146788991,True
1,6,31,60,25,0.001,0,10,0.005,0.025,8840,0,0,0.1671945701357466,True
1,6,32,60,25,0.001,0,10,0.005,0.025,8658,0,0,0.17082467082467082,True
1,6,33,60,25,0.001,0,10,0.005,0.025,8482,0,0,0.17377976892242394,True
1,6,34,60,25,0.001,0,10,0.005,0.025,8335,0,0,0.17708458308338332,True
1,6,35,60,25,0.001,0,10,0.005,0.025,8113,0,0,0.18057438678663873,True
1,6,36,60,25,0.001,0,10,0.005,0.025,7933,0,0,0.18378923484180007,True
1,6,37,60,25,0.001,0,10,0.005,0.025,7765,0,0,0.18660656793303285,True
1,6,38,60,25,0.001,0,10,0.005,0.025,7646,0,0,0.1908187287470573,True
1,6,39,60,25,0.001,0,10,0.005,0.025,7525,0,0,0.19481727574750832,True
1,6,40,60,25,0.001,0,10,0.005,0.025,7437,0,0,0.19712249562995832,True
1,6,41,60,25,0.001,0,10,0.005,0.025,7568,0,0,0.2194767441860465,True
1,6,42,60,25,0.001,0,10,0.005,0.025,7498,0,0,0.22485996265670846,True
1,6,43,60,25,0.001,0,10,0.005,0.025,7421,0,0,0.22759735884651663,True
1,6,44,60,25,0.001,0,10,0.005,0.025,7357,0,0,0.22916949843686285,True
1,6,45,60,25,0.001,0,10,0.005,0.025,7277,0,0,0.23003985158719253,True
1,6,46,60,25,0.001,0,10,0.005,0.025,7053,0,0,0.22444349922019,True
1,6,47,60,25,0.001,0,10,0.005,0.025,6974,0,0,0.22411815314023517,True
1,6,48,60,25,0.001,0,10,0.005,0.025,6878,0,0,0.22564699040418726,True
1,6,49,60,25,0.001,0,10,0.005,0.025,6773,0,0,0.22944042521777647,True
1,6,50,60,25,0.001,0,10,0.005,0.025,6702,0,0,0.2294837361981498,True
1,6,51,60,25,0.001,0,10,0.005,0.025,6640,0,0,0.23147590361445783,True
1,6,52,60,25,0.001,0,10,0.005,0.025,6582,0,0,0.23503494378608325,True
1,7,1,60,25,0.001,0,10,0.005,0.025,6500,0,0,0.2373846153846154,True
1,7,2,60,25,0.001,0,10,0.005,0.025,6432,0,0,0.23973880597014927,True
1,7,3,60,25,0.001,0,10,0.005,0.025,6356,0,0,0.24181875393329139,True
1,7,4,60,25,0.001,0,10,0.005,0.025,6291,0,0,0.24590685105706564,True
1,7,5,60,25,0.001,0,10,0.005,0.025,6195,0,0,0.24761904761904763,True
1,7,6,60,25,0.001,0,10,0.005,0.025,6119,0,0,0.2508579833306096,True
1,7,7,60,25,0.001,0,10,0.005,0.025,6040,0,0,0.25248344370860926,True
1,7,8,60,25,0.001,0,10,0.005,0.025,5957,0,0,0.2546583850931677,True
1,7,9,60,25,0.001,0,10,0.005,0.025,5889,0,0,0.2575989132280523,True
1,7,10,60,25,0.001,0,10,0.005,0.025,5807,0,0,0.260375408989151,True
1,7,11,60,25,0.001,0,10,0.005,0.025,5751,0,0,0.2622152669101026,True
1,7,12,60,25,0.001,0,10,0.005,0.025,5664,0,0,0.2634180790960452,True
1,7,13,60,25,0.001,0,10,0.005,0.025,5599,0,0,0.26594034649044473,True
1,7,14,60,25,0.001,0,10,0.005,0.025,5526,0,0,0.2678248280854144,True
1,7,15,60,25,0.001,0,10,0.005,0.025,5479,0,0,0.26939222485855085,True
1,7,16,60,25,0.001,0,10,0.005,0.025,5399,0,0,0.27171698462678273,True
1,7,17,60,25,0.001,0,10,0.005,0.025,5333,0,0,0.2747046690418151,True
1,7,18,60,25,0.001,0,10,0.005,0.025,12154,0,0,0.12127694586144479,True
1,7,19,60,25,0.001,0,10,0.005,0.025,11912,0,0,0.1239926124916051,True
1,7,20,60,25,0.001,0,10,0.005,0.025,11669,0,0,0.1276887479646928,True
1,7,21,60,25,0.001,0,10,0.005,0.025,11359,0,0,0.1309094110397042,True
1,7,22,60,25,0.001,0,10,0.005,0.025,11086,0,0,0.13440375248060618,True
1,7,23,60,25,0.001,0,10,0.005,0.025,10838,0,0,0.13766377560435505,True
1,7,24,60,25,0.001,0,10,0.005,0.025,10571,0,0,0.14123545549143884,True
1,7,25,60,25,0.001,0,10,0.005,0.025,10351,0,0,0.14529997101729303,True
1,7,26,60,25,0.001,0,10,0.005,0.025,10104,0,0,0.1491488519398258,True
1,7,27,60,25,0.001,0,10,0.005,0.025,9872,0,0,0.15255267423014587,True
1,7,28,60,25,0.001,0,10,0.005,0.025,9669,0,0,0.15523839073327128,True
1,7,29,60,25,0.001,0,10,0.005,0.025,9473,0,0,0.1585558957035786,True
1,7,30,60,25,0.001,0,10,0.005,0.025,9259,0,0,0.16103250891024948,True
1,7,31,60,25,0.001,0,10,0.005,0.025,9037,0,0,0.16554166205599202,True
1,7,32,60,25,0.001,0,10,0.005,0.025,8883,0,0,0.16964989305414838,True
1,7,33,60,25,0.001,0,10,0.005,0.025,8755,0,0,0.17338663620788122,True
1,7,34,60,25,0.001,0,10,0.005,0.025,8577,0,0,0.1769849597761455,True
1,7,35,60,25,0.001,0,10,0.005,0.025,8370,0,0,0.17968936678614097,True
1,7,36,60,25,0.001,0,10,0.005,0.025,8202,0,0,0.18312606681297244,True
1,7,37,60,25,0.001,0,10,0.005,0.025,8038,0,0,0.18536949489922866,True
1,7,38,60,25,0.001,0,10,0.005,0.025,7904,0,0,0.18851214574898786,True
1,7,39,60,25,0.001,0,10,0.005,0.025,7793,0,0,0.1904273065571667,True
1,7,40,60,25,0.001,0,10,0.005,0.025,7693,0,0,0.19251267385935267,True
1,7,41,60,25,0.001,0,10,0.005,0.025,7848,0,0,0.21444954128440366,True
1,7,42,60,25,0.001,0,10,0.005,0.025,7755,0,0,0.21792392005157962,True
1,7,43,60,25,0.001,0,10,0.005,0.025,7635,0,0,0.21611001964636542,True
1,7,44,60,25,0.001,0,10,0.005,0.025,7594,0,0,0.22149065051356334,True
1,7,45,60,25,0.001,0,10,0.005,0.025,7531,0,0,0.22653034125614127,True
1,7,46,60,25,0.001,0,10,0.005,0.025,7307,0,0,0.2210209388257835,True
1,7,47,60,25,0.001,0,10,0.005,0.025,7234,0,0,0.22352778545756152,True
1,7,48,60,25,0.001,0,10,0.005,0.025,7141,0,0,0.22321803668953927,True
1,7,49,60,25,0.001,0,10,0.005,0.025,7067,0,0,0.22527239281165984,True
1,7,50,60,25,0.001,0,10,0.005,0.025,6991,0,0,0.22729223287083392,True
1,7,51,60,25,0.001,0,10,0.005,0.025,6886,0,0,0.23017717107173977,True
1,7,52,60,25,0.001,0,10,0.005,0.025,6821,0,0,0.23310365049113033,True
1,8,1,60,25,0.001,0,10,0.005,0.025,6719,0,0,0.23321922905194226,True
1,8,2,60,25,0.001,0,10,0.005,0.025,6629,0,0,0.23608387388746419,True
1,8,3,60,25,0.001,0,10,0.005,0.025,6567,0,0,0.23983554134307902,True
1,8,4,60,25,0.001,0,10,0.005,0.025,6499,0,0,0.24249884597630406,True
1,8,5,60,25,0.001,0,10,0.005,0.025,6459,0,0,0.24322650565102957,True
1,8,6,60,25,0.001,0,10,0.005,0.025,6395,0,0,0.24487881157154026,True
1,8,7,60,25,0.001,0,10,0.005,0.025,6334,0,0,0.2480265235238396,True
1,8,8,60,25,0.001,0,10,0.005,0.025,6260,0,0,0.2520766773162939,True
1,8,9,60,25,0.001,0,10,0.005,0.025,6196,0,0,0.2543576500968367,True
1,8,10,60,25,0.001,0,10,0.005,0.025,6115,0,0,0.25641864268192965,True
1,8,11,60,25,0.001,0,10,0.005,0.025,6053,0,0,0.2577234429208657,True
1,8,12,60,25,0.001,0,10,0.005,0.025,5994,0,0,0.26076076076076077,True
1,8,13,60,25,0.001,0,10,0.005,0.025,5934,0,0,0.2627232895180317,True
1,8,14,60,25,0.001,0,10,0.005,0.025,5862,0,0,0.2659501876492665,True
1,8,15,60,25,0.001,0,10,0.005,0.025,5794,0,0,0.26803589920607523,True
1,8,16,60,25,0.001,0,10,0.005,0.025,5728,0,0,0.2702513966480447,True
1,8,17,60,25,0.001,0,10,0.005,0.025,5668,0,0,0.2725829216654905,True
1,8,18,60,25,0.001,0,10,0.005,0.025,12830,0,0,0.12182385035074045,True
1,8,19,60,25,0.001,0,10,0.005,0.025,12557,0,0,0.12455204268535479,True
1,8,20,60,25,0.001,0,10,0.005,0.025,12264,0,0,0.1288323548597521,True
1,8,21,60,25,0.001,0,10,0.005,0.025,11961,0,0,0.13251400384583228,True
1,8,22,60,25,0.001,0,10,0.005,0.025,11695,0,0,0.1360410431808465,True
1,8,23,60,25,0.001,0,10,0.005,0.025,11453,0,0,0.13970138828254605,True
1,8,24,60,25,0.001,0,10,0.005,0.025,11212,0,0,0.14243667499108098,True
1,8,25,60,25,0.001,0,10,0.005,0.025,10996,0,0,0.14687158966897054,True
1,8,26,60,25,0.001,0,10,0.005,0.025,10728,0,0,0.15082028337061895,True
1,8,27,60,25,0.001,0,10,0.005,0.025,10491,0,0,0.1537508340482318,True
1,8,28,60,25,0.001,0,10,0.005,0.025,10297,0,0,0.1572302612411382,True
1,8,29,60,25,0.001,0,10,0.005,0.025,10087,0,0,0.16010706850401507,True
1,8,30,60,25,0.001,0,10,0.005,0.025,9899,0,0,0.16294575209617132,True
1,8,31,60,25,0.001,0,10,0.005,0.025,9671,0,0,0.1673043118602006,True
1,8,32,60,25,0.001,0,10,0.005,0.025,9497,0,0,0.17026429398757503,True
1,8,33,60,25,0.001,0,10,0.005,0.025,9272,0,0,0.17493528904227781,True
1,8,34,60,25,0.001,0,10,0.005,0.025,9041,0,0,0.17807764627806658,True
1,8,35,60,25,0.001,0,10,0.005,0.025,8819,0,0,0.18131307404467625,True
1,8,36,60,25,0.001,0,10,0.005,0.025,8603,0,0,0.18598163431361153,True
1,8,37,60,25,0.001,0,10,0.005,0.025,8476,0,0,0.18924020764511562,True
1,8,38,60,25,0.001,0,10,0.005,0.025,8360,0,0,0.1923444976076555,True
1,8,39,60,25,0.001,0,10,0.005,0.025,8245,0,0,0.1952698605215282,True
1,8,40,60,25,0.001,0,10,0.005,0.025,8133,0,0,0.19832780031968522,True
1,8,41,60,25,0.001,0,10,0.005,0.025,8266,0,0,0.22030002419549963,True
1,8,42,60,25,0.001,0,10,0.005,0.025,8219,0,0,0.2270349190899136,True
1,8,43,60,25,0.001,0,10,0.005,0.025,8171,0,0,0.2310610696365194,True
1,8,44,60,25,0.001,0,10,0.005,0.025,8049,0,0,0.23183004099888185,True
1,8,45,60,25,0.001,0,10,0.005,0.025,7981,0,0,0.23643653677484025,True
1,8,46,60,25,0.001,0,10,0.005,0.025,7730,0,0,0.2314359637774903,True
1,8,47,60,25,0.001,0,10,0.005,0.025,7623,0,0,0.23140495867768596,True
1,8,48,60,25,0.001,0,10,0.005,0.025,7510,0,0,0.23422103861517976,True
1,8,49,60,25,0.001,0,10,0.005,0.025,7434,0,0,0.23621199892386333,True
1,8,50,60,25,0.001,0,10,0.005,0.025,7359,0,0,0.23712460932191873,True
1,8,51,60,25,0.001,0,10,0.005,0.025,7273,0,0,0.2403409872129795,True
1,8,52,60,25,0.001,0,10,0.005,0.025,7190,0,0,0.2415855354659249,True
1,9,1,60,25,0.001,0,10,0.005,0.025,7087,0,0,0.24340341470297727,True
1,9,2,60,25,0.001,0,10,0.005,0.025,7029,0,0,0.24598093612178118,True
1,9,3,60,25,0.001,0,10,0.005,0.025,6921,0,0,0.24880797572605115,True
1,9,4,60,25,0.001,0,10,0.005,0.025,6831,0,0,0.25193968672229544,True
1,9,5,60,25,0.001,0,10,0.005,0.025,6755,0,0,0.2528497409326425,True
1,9,6,60,25,0.001,0,10,0.005,0.025,6685,0,0,0.25579655946148094,True
1,9,7,60,25,0.001,0,10,0.005,0.025,6612,0,0,0.2560496067755596,True
1,9,8,60,25,0.001,0,10,0.005,0.025,6527,0,0,0.2593840968285583,True
1,9,9,60,25,0.001,0,10,0.005,0.025,6459,0,0,0.2627341693760644,True
1,9,10,60,25,0.001,0,10,0.005,0.025,6388,0,0,0.2648716343143394,True
1,9,11,60,25,0.001,0,10,0.005,0.025,6343,0,0,0.2673813652845657,True
1,9,12,60,25,0.001,0,10,0.005,0.025,6268,0,0,0.2696234843650287,True
1,9,13,60,25,0.001,0,10,0.005,0.025,6206,0,0,0.27231711247180146,True
1,9,14,60,25,0.001,0,10,0.005,0.025,6140,0,0,0.2734527687296417,True
1,9,15,60,25,0.001,0,10,0.005,0.025,6058,0,0,0.2735226147243315,True
1,9,16,60,25,0.001,0,10,0.005,0.025,6002,0,0,0.2749083638787071,True
1,9,17,60,25,0.001,0,10,0.005,0.025,5950,0,0,0.2783193277310924,True
1,9,18,60,25,0.001,0,10,0.005,0.025,12484,0,0,0.12079461710990068,True
1,9,19,60,25,0.001,0,10,0.005,0.025,12319,0,0,0.12444191898693076,True
1,9,20,60,25,0.001,0,10,0.005,0.025,12072,0,0,0.12765076209410206,True
1,9,21,60,25,0.001,0,10,0.005,0.025,11794,0,0,0.13150754620993726,True
1,9,22,60,25,0.001,0,10,0.005,0.025,11489,0,0,0.1350857341805205,True
1,9,23,60,25,0.001,0,10,0.005,0.025,11193,0,0,0.1392834807468954,True
1,9,24,60,25,0.001,0,10,0.005,0.025,10982,0,0,0.1447823711527955,True
1,9,25,60,25,0.001,0,10,0.005,0.025,10780,0,0,0.14721706864564008,True
1,9,26,60,25,0.001,0,10,0.005,0.025,10582,0,0,0.1509166509166509,True
1,9,27,60,25,0.001,0,10,0.005,0.025,10386,0,0,0.154053533602927,True
1,9,28,60,25,0.001,0,10,0.005,0.025,10169,0,0,0.1576359524043662,True
1,9,29,60,25,0.001,0,10,0.005,0.025,9987,0,0,0.1615099629518374,True
1,9,30,60,25,0.001,0,10,0.005,0.025,9784,0,0,0.16506541291905152,True
1,9,31,60,25,0.001,0,10,0.005,0.025,9563,0,0,0.1696120464289449,True
1,9,32,60,25,0.001,0,10,0.005,0.025,9350,0,0,0.17283422459893047,True
1,9,33,60,25,0.001,0,10,0.005,0.025,9142,0,0,0.1754539488077007,True
1,9,34,60,25,0.001,0,10,0.005,0.025,8947,0,0,0.17927797026936404,True
1,9,35,60,25,0.001,0,10,0.005,0.025,8768,0,0,0.18362226277372262,True
1,9,36,60,25,0.001,0,10,0.005,0.025,8614,0,0,0.187369398653355,True
1,9,37,60,25,0.001,0,10,0.005,0.025,8441,0,0,0.19109110294988746,True
1,9,38,60,25,0.001,0,10,0.005,0.025,8322,0,0,0.19418409036289352,True
1,9,39,60,25,0.001,0,10,0.005,0.025,8224,0,0,0.19734922178988326,True
1,9,40,60,25,0.001,0,10,0.005,0.025,8109,0,0,0.19928474534467874,True
1,9,41,60,25,0.001,0,10,0.005,0.025,8311,0,0,0.21898688485140175,True
1,9,42,60,25,0.001,0,10,0.005,0.025,8248,0,0,0.22453928225024247,True
1,9,43,60,25,0.001,0,10,0.005,0.025,8141,0,0,0.22835032551283627,True
1,9,44,60,25,0.001,0,10,0.005,0.025,8024,0,0,0.23043369890329013,True
1,9,45,60,25,0.001,0,10,0.005,0.025,7974,0,0,0.23702031602708803,True
1,9,46,60,25,0.001,0,10,0.005,0.025,7713,0,0,0.22974199403604303,True
1,9,47,60,25,0.001,0,10,0.005,0.025,7611,0,0,0.23058730784391013,True
1,9,48,60,25,0.001,0,10,0.005,0.025,7522,0,0,0.2319861738899229,True
1,9,49,60,25,0.001,0,10,0.005,0.025,7450,0,0,0.23463087248322148,True
1,9,50,60,25,0.001,0,10,0.005,0.025,7377,0,0,0.23735936017351228,True
1,9,51,60,25,0.001,0,10,0.005,0.025,7297,0,0,0.2409209264081129,True
1,9,52,60,25,0.001,0,10,0.005,0.025,7190,0,0,0.24144645340751042,True
1,10,1,60,25,0.001,0,10,0.005,0.025,7113,0,0,0.24209194432728806,True
1,10,2,60,25,0.001,0,10,0.005,0.025,7023,0,0,0.24547913996867435,True
1,10,3,60,25,0.001,0,10,0.005,0.025,6953,0,0,0.24780670214295988,True
1,10,4,60,25,0.001,0,10,0.005,0.025,6874,0,0,0.24978178644166424,True
1,10,5,60,25,0.001,0,10,0.005,0.025,6807,0,0,0.25282797120611133,True
1,10,6,60,25,0.001,0,10,0.005,0.025,6724,0,0,0.25594883997620466,True
1,10,7,60,25,0.001,0,10,0.005,0.025,6674,0,0,0.2569673359304765,True
1,10,8,60,25,0.001,0,10,0.005,0.025,6600,0,0,0.26015151515151513,True
1,10,9,60,25,0.001,0,10,0.005,0.025,6544,0,0,0.2622249388753056,True
1,10,10,60,25,0.001,0,10,0.005,0.025,6481,0,0,0.2646196574602685,True
1,10,11,60,25,0.001,0,10,0.005,0.025,6421,0,0,0.26522348543840524,True
1,10,12,60,25,0.001,0,10,0.005,0.025,6356,0,0,0.2665198237885463,True
1,10,13,60,25,0.001,0,10,0.005,0.025,6278,0,0,0.26744186046511625,True
1,10,14,60,25,0.001,0,10,0.005,0.025,6223,0,0,0.26964486582034386,True
1,10,15,60,25,0.001,0,10,0.005,0.025,6159,0,0,0.2716350056827407,True
1,10,16,60,25,0.001,0,10,0.005,0.025,6074,0,0,0.2737899242673691,True
1,10,17,60,25,0.001,0,10,0.005,0.025,6007,0,0,0.2760113201265191,True
1,10,18,60,25,0.001,0,10,0.005,0.025,13154,0,0,0.11920328417211494,True
1,10,19,60,25,0.001,0,10,0.005,0.025,12925,0,0,0.12208897485493231,True
1,10,20,60,25,0.001,0,10,0.005,0.025,12656,0,0,0.1247629582806574,True
1,10,21,60,25,0.001,0,10,0.005,0.025,12358,0,0,0.12817608027188865,True
1,10,22,60,25,0.001,0,10,0.005,0.025,12114,0,0,0.13100544824170382,True
1,10,23,60,25,0.001,0,10,0.005,0.025,11859,0,0,0.13466565477696266,True
1,10,24,60,25,0.001,0,10,0.005,0.025,11637,0,0,0.13809401048380165,True
1,10,25,60,25,0.001,0,10,0.005,0.025,11423,0,0,0.14181913682920425,True
1,10,26,60,25,0.001,0,10,0.005,0.025,11196,0,0,0.14567702750982495,True
1,10,27,60,25,0.001,0,10,0.005,0.025,10959,0,0,0.1501049365818049,True
1,10,28,60,25,0.001,0,10,0.005,0.025,10741,0,0,0.15315147565403595,True
1,10,29,60,25,0.001,0,10,0.005,0.025,10557,0,0,0.15534716301979729,True
1,10,30,60,25,0.001,0,10,0.005,0.025,10343,0,0,0.1603016532920816,True
1,10,31,60,25,0.001,0,10,0.005,0.025,10114,0,0,0.16403005734625273,True
1,10,32,60,25,0.001,0,10,0.005,0.025,9916,0,0,0.16710367083501412,True
1,10,33,60,25,0.001,0,10,0.005,0.025,9720,0,0,0.17037037037037037,True
1,10,34,60,25,0.001,0,10,0.005,0.025,9516,0,0,0.17328709541824297,True
1,10,35,60,25,0.001,0,10,0.005,0.025,9346,0,0,0.17633212069334475,True
1,10,36,60,25,0.001,0,10,0.005,0.025,9178,0,0,0.17836129875789933,True
1,10,37,60,25,0.001,0,10,0.005,0.025,9010,0,0,0.18235294117647058,True
1,10,38,60,25,0.001,0,10,0.005,0.025,8879,0,0,0.18493073544318053,True
1,10,39,60,25,0.001,0,10,0.005,0.025,8764,0,0,0.18667275216795984,True
1,10,40,60,25,0.001,0,10,0.005,0.025,8667,0,0,0.1899157724702896,True
1,10,41,60,25,0.001,0,10,0.005,0.025,8847,0,0,0.21340567423985532,True
1,10,42,60,25,0.001,0,10,0.005,0.025,8725,0,0,0.2179942693409742,True
1,10,43,60,25,0.001,0,10,0.005,0.025,8634,0,0,0.22341904100069493,True
1,10,44,60,25,0.001,0,10,0.005,0.025,8582,0,0,0.22745280820321603,True
1,10,45,60,25,0.001,0,10,0.005,0.025,8488,0,0,0.23150329877474082,True
1,10,46,60,25,0.001,0,10,0.005,0.025,8241,0,0,0.22424463050600654,True
1,10,47,60,25,0.001,0,10,0.005,0.025,8140,0,0,0.22628992628992628,True
1,10,48,60,25,0.001,0,10,0.005,0.025,8063,0,0,0.22795485551283642,True
1,10,49,60,25,0.001,0,10,0.005,0.025,7985,0,0,0.22905447714464622,True
1,10,50,60,25,0.001,0,10,0.005,0.025,7910,0,0,0.23312262958280658,True
1,10,51,60,25,0.001,0,10,0.005,0.025,7837,0,0,0.2361873165752201,True
1,10,52,60,25,0.001,0,10,0.005,0.025,7756,0,0,0.23916967509025272,True
1,11,1,60,25,0.001,0,10,0.005,0.025,7684,0,0,0.24167100468505986,True
1,11,2,60,25,0.001,0,10,0.005,0.025,7585,0,0,0.24363876071193144,True
1,11,3,60,25,0.001,0,10,0.005,0.025,7491,0,0,0.24642904819116274,True
1,11,4,60,25,0.001,0,10,0.005,0.025,7420,0,0,0.2495956873315364,True
1,11,5,60,25,0.001,0,10,0.005,0.025,7333,0,0,0.25473885176598937,True
1,11,6,60,25,0.001,0,10,0.005,0.025,7250,0,0,0.25613793103448274,True
1,11,7,60,25,0.001,0,10,0.005,0.025,7170,0,0,0.2594142259414226,True
1,11,8,60,25,0.001,0,10,0.005,0.025,7092,0,0,0.2609983079526227,True
1,11,9,60,25,0.001,0,10,0.005,0.025,7030,0,0,0.26372688477951634,True
1,11,10,60,25,0.001,0,10,0.005,0.025,6962,0,0,0.2665900603274921,True
1,11,11,60,25,0.001,0,10,0.005,0.025,6891,0,0,0.268320998403715,True
1,11,12,60,25,0.001,0,10,0.005,0.025,6820,0,0,0.268475073313783,True
1,11,13,60,25,0.001,0,10,0.005,0.025,6744,0,0,0.2732799525504152,True
1,11,14,60,25,0.001,0,10,0.005,0.025,6674,0,0,0.27554689841174707,True
1,11,15,60,25,0.001,0,10,0.005,0.025,6597,0,0,0.2778535698044566,True
1,11,16,60,25,0.001,0,10,0.005,0.025,6535,0,0,0.28018362662586077,True
1,11,17,60,25,0.001,0,10,0.005,0.025,6444,0,0,0.28212290502793297,True
1,11,18,60,25,0.001,0,10,0.005,0.025,14309,0,0,0.12090292822699,True
1,11,19,60,25,0.001,0,10,0.005,0.025,14065,0,0,0.12328474937788837,True
1,11,20,60,25,0.001,0,10,0.005,0.025,13770,0,0,0.1259259259259259,True
1,11,21,60,25,0.001,0,10,0.005,0.025,13430,0,0,0.12978406552494415,True
1,11,22,60,25,0.001,0,10,0.005,0.025,13114,0,0,0.13367393625133445,True
1,11,23,60,25,0.001,0,10,0.005,0.025,12818,0,0,0.13683882040880013,True
1,11,24,60,25,0.001,0,10,0.005,0.025,12517,0,0,0.14052888072221778,True
1,11,25,60,25,0.001,0,10,0.005,0.025,12266,0,0,0.14348605902494702,True
1,11,26,60,25,0.001,0,10,0.005,0.025,12026,0,0,0.14693164809579246,True
1,11,27,60,25,0.001,0,10,0.005,0.025,11774,0,0,0.15041617122473247,True
1,11,28,60,25,0.001,0,10,0.005,0.025,11503,0,0,0.1556115795879336,True
1,11,29,60,25,0.001,0,10,0.005,0.025,11259,0,0,0.1596056488142819,True
1,11,30,60,25,0.001,0,10,0.005,0.025,11023,0,0,0.1616619794974145,True
1,11,31,60,25,0.001,0,10,0.005,0.025,10749,0,0,0.1658758954321332,True
1,11,32,60,25,0.001,0,10,0.005,0.025,10505,0,0,0.16858638743455498,True
1,11,33,60,25,0.001,0,10,0.005,0.025,10283,0,0,0.17232325196926968,True
1,11,34,60,25,0.001,0,10,0.005,0.025,10076,0,0,0.17635966653433902,True
1,11,35,60,25,0.001,0,10,0.005,0.025,9848,0,0,0.179731925264013,True
1,11,36,60,25,0.001,0,10,0.005,0.025,9664,0,0,0.18294701986754966,True
1,11,37,60,25,0.001,0,10,0.005,0.025,9488,0,0,0.18602445193929174,True
1,11,38,60,25,0.001,0,10,0.005,0.025,9354,0,0,0.18858242463117383,True
1,11,39,60,25,0.001,0,10,0.005,0.025,9220,0,0,0.19143167028199568,True
1,11,40,60,25,0.001,0,10,0.005,0.025,9087,0,0,0.19434356773412567,True
1,11,41,60,25,0.001,0,10,0.005,0.025,9176,0,0,0.21501743679163035,True
1,11,42,60,25,0.001,0,10,0.005,0.025,9033,0,0,0.21930698549761984,True
1,11,43,60,25,0.001,0,10,0.005,0.025,8898,0,0,0.22353337828725556,True
1,11,44,60,25,0.001,0,10,0.005,0.025,8821,0,0,0.2266182972452103,True
1,11,45,60,25,0.001,0,10,0.005,0.025,8737,0,0,0.2307428179008813,True
1,11,46,60,25,0.001,0,10,0.005,0.025,8502,0,0,0.22629969418960244,True
1,11,47,60,25,0.001,0,10,0.005,0.025,8367,0,0,0.22923389506394168,True
1,11,48,60,25,0.001,0,10,0.005,0.025,8251,0,0,0.2317294873348685,True
1,11,49,60,25,0.001,0,10,0.005,0.025,8150,0,0,0.23570552147239263,True
1,11,50,60,25,0.001,0,10,0.005,0.025,8090,0,0,0.23671199011124847,True
1,11,51,60,25,0.001,0,10,0.005,0.025,7973,0,0,0.239307663363853,True
1,11,52,60,25,0.001,0,10,0.005,0.025,7889,0,0,0.24210926606667513,True
1,1,1,60,25,0.00188,0,10,0.005,0.025,5519,0,0,0.002717883674578728,True
1,1,2,60,25,0.00188,0,10,0.005,0.025,5366,0,0,0.00540439806187104,True
1,1,3,60,25,0.00188,0,10,0.005,0.025,5191,0,0,0.007513003274898863,True
1,1,4,60,25,0.00188,0,10,0.005,0.025,5063,0,0,0.008690499703732965,True
1,1,5,60,25,0.00188,0,10,0.005,0.025,4939,0,0,0.01133832759667949,True
1,1,6,60,25,0.00188,0,10,0.005,0.025,4800,0,0,0.014166666666666666,True
1,1,7,60,25,0.00188,0,10,0.005,0.025,4692,0,0,0.016837169650468883,True
1,1,8,60,25,0.00188,0,10,0.005,0.025,4550,0,0,0.018461538461538463,True
1,1,9,60,25,0.00188,0,10,0.005,0.025,4455,0,0,0.020875420875420877,True
1,1,10,60,25,0.00188,0,10,0.005,0.025,4338,0,0,0.02120792992162287,True
1,1,11,60,25,0.00188,0,10,0.005,0.025,4243,0,0,0.024039594626443554,True
1,1,12,60,25,0.00188,0,10,0.005,0.025,4151,0,0,0.026740544447121175,True
1,1,13,60,25,0.00188,0,10,0.005,0.025,4054,0,0,0.02836704489393192,True
1,1,14,60,25,0.00188,0,10,0.005,0.025,3944,0,0,0.030425963488843813,True
1,1,15,60,25,0.00188,0,10,0.005,0.025,3883,0,0,0.03296420293587433,True
1,1,16,60,25,0.00188,0,10,0.005,0.025,3831,0,0,0.03497781258157139,True
1,1,17,60,25,0.00188,0,10,0.005,0.025,3787,0,0,0.037760760496435175,True
1,1,18,60,25,0.00188,0,10,0.005,0.025,10641,0,0,0.015412085330326097,True
1,1,19,60,25,0.00188,0,10,0.005,0.025,10298,0,0,0.018255972033404545,True
1,1,20,60,25,0.00188,0,10,0.005,0.025,9885,0,0,0.019828022255943347,True
1,1,21,60,25,0.00188,0,10,0.005,0.025,9614,0,0,0.020907010609527772,True
1,1,22,60,25,0.00188,0,10,0.005,0.025,9386,0,0,0.02365224802897933,True
1,1,23,60,25,0.00188,0,10,0.005,0.025,9157,0,0,0.025117396527246916,True
1,1,24,60,25,0.00188,0,10,0.005,0.025,8932,0,0,0.027205553067622033,True
1,1,25,60,25,0.00188,0,10,0.005,0.025,8724,0,0,0.029688216414488766,True
1,1,26,60,25,0.00188,0,10,0.005,0.025,8481,0,0,0.0314821365405023,True
1,1,27,60,25,0.00188,0,10,0.005,0.025,8231,0,0,0.03328878629571134,True
1,1,28,60,25,0.00188,0,10,0.005,0.025,7991,0,0,0.034789137780002505,True
1,1,29,60,25,0.00188,0,10,0.005,0.025,7777,0,0,0.03716085894303716,True
1,1,30,60,25,0.00188,0,10,0.005,0.025,7556,0,0,0.03930651138168343,True
1,1,31,60,25,0.00188,0,10,0.005,0.025,7394,0,0,0.04179064106031918,True
1,1,32,60,25,0.00188,0,10,0.005,0.025,7227,0,0,0.043586550435865505,True
1,1,33,60,25,0.00188,0,10,0.005,0.025,7032,0,0,0.04664391353811149,True
1,1,34,60,25,0.00188,0,10,0.005,0.025,6871,0,0,0.04890117886770485,True
1,1,35,60,25,0.00188,0,10,0.005,0.025,6702,0,0,0.051924798567591766,True
1,1,36,60,25,0.00188,0,10,0.005,0.025,6561,0,0,0.05502210028959,True
1,1,37,60,25,0.00188,0,10,0.005,0.025,6390,0,0,0.056181533646322376,True
1,1,38,60,25,0.00188,0,10,0.005,0.025,6294,0,0,0.05989831585637115,True
1,1,39,60,25,0.00188,0,10,0.005,0.025,6194,0,0,0.06134969325153374,True
1,1,40,60,25,0.00188,0,10,0.005,0.025,6068,0,0,0.06476598549769282,True
1,1,41,60,25,0.00188,0,10,0.005,0.025,6489,0,0,0.10433040530127909,True
1,1,42,60,25,0.00188,0,10,0.005,0.025,6448,0,0,0.11073200992555832,True
1,1,43,60,25,0.00188,0,10,0.005,0.025,6370,0,0,0.11444270015698588,True
1,1,44,60,25,0.00188,0,10,0.005,0.025,6274,0,0,0.11858463500159389,True
1,1,45,60,25,0.00188,0,10,0.005,0.025,6191,0,0,0.1209820707478598,True
1,1,46,60,25,0.00188,0,10,0.005,0.025,5771,0,0,0.10552763819095477,True
1,1,47,60,25,0.00188,0,10,0.005,0.025,5621,0,0,0.10229496530866394,True
1,1,48,60,25,0.00188,0,10,0.005,0.025,5563,0,0,0.10587812331475822,True
1,1,49,60,25,0.00188,0,10,0.005,0.025,5489,0,0,0.1062124248496994,True
1,1,50,60,25,0.00188,0,10,0.005,0.025,5403,0,0,0.10808809920414585,True
1,1,51,60,25,0.00188,0,10,0.005,0.025,5354,0,0,0.11169219275308181,True
1,1,52,60,25,0.00188,0,10,0.005,0.025,5309,0,0,0.11489922772650217,True
1,2,1,60,25,0.00188,0,10,0.005,0.025,5275,7,0,0.11829383886255924,False
1,2,2,60,25,0.00188,0,10,0.005,0.025,5232,7,0,0.12175076452599388,False
1,2,3,60,25,0.00188,0,10,0.005,0.025,5163,7,1,0.12376525276002324,False
1,2,4,60,25,0.00188,0,10,0.005,0.025,5084,7,3,0.12686860739575137,False
1,2,5,60,25,0.00188,0,10,0.005,0.025,5021,6,3,0.12826130252937662,False
1,2,6,60,25,0.00188,0,10,0.005,0.025,4938,4,2,0.13163223977318753,False
1,2,7,60,25,0.00188,0,10,0.005,0.025,4842,3,2,0.13176373399421726,False
1,2,8,60,25,0.00188,0,10,0.005,0.025,4755,2,1,0.13417455310199788,False
1,2,9,60,25,0.00188,0,10,0.005,0.025,4676,1,1,0.13366124893071002,False
1,2,10,60,25,0.00188,0,10,0.005,0.025,4623,1,1,0.13670776552022496,False
1,2,11,60,25,0.00188,0,10,0.005,0.025,4537,0,0,0.13907868635662332,True
1,2,12,60,25,0.00188,0,10,0.005,0.025,4455,0,0,0.1405162738496072,True
1,2,13,60,25,0.00188,0,10,0.005,0.025,4372,0,0,0.1413540713632205,True
1,2,14,60,25,0.00188,0,10,0.005,0.025,4311,0,0,0.14358617490141498,True
1,2,15,60,25,0.00188,0,10,0.005,0.025,4248,0,0,0.14500941619585686,True
1,2,16,60,25,0.00188,0,10,0.005,0.025,4187,0,0,0.14616670647241461,True
1,2,17,60,25,0.00188,0,10,0.005,0.025,4136,0,0,0.14676015473887816,True
1,2,18,60,25,0.00188,0,10,0.005,0.025,8309,0,0,0.07485858707425683,True
1,2,19,60,25,0.00188,0,10,0.005,0.025,8094,0,0,0.07647640227328886,True
1,2,20,60,25,0.00188,0,10,0.005,0.025,7917,0,0,0.08008083870152835,True
1,2,21,60,25,0.00188,0,10,0.005,0.025,7705,0,0,0.08267358857884491,True
1,2,22,60,25,0.00188,0,10,0.005,0.025,7528,0,0,0.08647715196599362,True
1,2,23,60,25,0.00188,0,10,0.005,0.025,7368,0,0,0.08916938110749185,True
1,2,24,60,25,0.00188,0,10,0.005,0.025,7204,0,0,0.09133814547473626,True
1,2,25,60,25,0.00188,0,10,0.005,0.025,7046,0,0,0.09310246948623332,True
1,2,26,60,25,0.00188,0,10,0.005,0.025,6903,0,0,0.09647979139504563,True
1,2,27,60,25,0.00188,0,10,0.005,0.025,6753,0,0,0.09965941063231157,True
1,2,28,60,25,0.00188,0,10,0.005,0.025,6603,0,0,0.10252915341511434,True
1,2,29,60,25,0.00188,0,10,0.005,0.025,6412,0,0,0.1041796631316282,True
1,2,30,60,25,0.00188,0,10,0.005,0.025,6257,0,0,0.10739971232219914,True
1,2,31,60,25,0.00188,0,10,0.005,0.025,6106,0,0,0.11005568293481821,True
1,2,32,60,25,0.00188,0,10,0.005,0.025,5983,0,0,0.11131539361524319,True
1,2,33,60,25,0.00188,0,10,0.005,0.025,5841,0,0,0.11350796096558809,True
1,2,34,60,25,0.00188,0,10,0.005,0.025,5709,0,0,0.11595726046593098,True
1,2,35,60,25,0.00188,0,10,0.005,0.025,5595,0,0,0.11903485254691688,True
1,2,36,60,25,0.00188,0,10,0.005,0.025,5432,0,0,0.12389543446244478,True
1,2,37,60,25,0.00188,0,10,0.005,0.025,5338,0,0,0.12607718246534283,True
1,2,38,60,25,0.00188,0,10,0.005,0.025,5263,0,0,0.12825384761542846,True
1,2,39,60,25,0.00188,0,10,0.005,0.025,5201,0,0,0.12997500480676794,True
1,2,40,60,25,0.00188,0,10,0.005,0.025,5121,0,0,0.13200546768209334,True
1,2,41,60,25,0.00188,0,10,0.005,0.025,5738,0,0,0.1969327291739282,True
1,2,42,60,25,0.00188,0,10,0.005,0.025,5741,0,0,0.19613307786099982,True
1,2,43,60,25,0.00188,0,10,0.005,0.025,5680,0,0,0.2063380281690141,True
1,2,44,60,25,0.00188,0,10,0.005,0.025,5651,0,0,0.20438860378694038,True
1,2,45,60,25,0.00188,0,10,0.005,0.025,5564,0,0,0.20614665708123653,True
1,2,46,60,25,0.00188,0,10,0.005,0.025,5122,0,0,0.1772745021475986,True
1,2,47,60,25,0.00188,0,10,0.005,0.025,4990,0,0,0.1743486973947896,True
1,2,48,60,25,0.00188,0,10,0.005,0.025,4904,0,0,0.17230831973898858,True
1,2,49,60,25,0.00188,0,10,0.005,0.025,4869,0,0,0.17642226329841856,True
1,2,50,60,25,0.00188,0,10,0.005,0.025,4789,0,0,0.17644602213405722,True
1,2,51,60,25,0.00188,0,10,0.005,0.025,4751,0,0,0.18101452325826142,True
1,2,52,60,25,0.00188,0,10,0.005,0.025,4673,0,0,0.17868606890648406,True
1,3,1,60,25,0.00188,0,10,0.005,0.025,4617,0,0,0.18171973142733377,True
1,3,2,60,25,0.00188,0,10,0.005,0.025,4565,0,0,0.18488499452354873,True
1,3,3,60,25,0.00188,0,10,0.005,0.025,4504,0,0,0.1858348134991119,True
1,3,4,60,25,0.00188,0,10,0.005,0.025,4488,0,0,0.1913992869875223,True
1,3,5,60,25,0.00188,0,10,0.005,0.025,4441,0,0,0.1913983337086242,True
1,3,6,60,25,0.00188,0,10,0.005,0.025,4418,0,0,0.19624264373019465,True
1,3,7,60,25,0.00188,0,10,0.005,0.025,4380,0,0,0.1997716894977169,True
1,3,8,60,25,0.00188,0,10,0.005,0.025,4329,0,0,0.20027720027720028,True
1,3,9,60,25,0.00188,0,10,0.005,0.025,4287,0,0,0.20177280149288546,True
1,3,10,60,25,0.00188,0,10,0.005,0.025,4230,0,0,0.2049645390070922,True
1,3,11,60,25,0.00188,0,10,0.005,0.025,4186,0,0,0.20592451027233635,True
1,3,12,60,25,0.00188,0,10,0.005,0.025,4140,0,0,0.20942028985507247,True
1,3,13,60,25,0.00188,0,10,0.005,0.025,4077,0,0,0.21118469462840322,True
1,3,14,60,25,0.00188,0,10,0.005,0.025,4037,0,0,0.21203864255635374,True
1,3,15,60,25,0.00188,0,10,0.005,0.025,3976,0,0,0.2130281690140845,True
1,3,16,60,25,0.00188,0,10,0.005,0.025,3937,0,0,0.21640843281686564,True
1,3,17,60,25,0.00188,0,10,0.005,0.025,3883,0,0,0.21607004893123874,True
1,3,18,60,25,0.00188,0,10,0.005,0.025,8860,0,0,0.09627539503386004,True
1,3,19,60,25,0.00188,0,10,0.005,0.025,8646,0,0,0.09888965995836224,True
1,3,20,60,25,0.00188,0,10,0.005,0.025,8460,0,0,0.10153664302600472,True
1,3,21,60,25,0.00188,0,10,0.005,0.025,8262,0,0,0.10481723553618978,True
1,3,22,60,25,0.00188,0,10,0.005,0.025,8036,0,0,0.10900945744151319,True
1,3,23,60,25,0.00188,0,10,0.005,0.025,7873,0,0,0.1130445827511749,True
1,3,24,60,25,0.00188,0,10,0.005,0.025,7671,0,0,0.11680354582192674,True
1,3,25,60,25,0.00188,0,10,0.005,0.025,7463,0,0,0.11845102505694761,True
1,3,26,60,25,0.00188,0,10,0.005,0.025,7303,0,0,0.12118307544844585,True
1,3,27,60,25,0.00188,0,10,0.005,0.025,7047,0,0,0.12331488576699305,True
1,3,28,60,25,0.00188,0,10,0.005,0.025,6905,0,0,0.12599565532223025,True
1,3,29,60,25,0.00188,0,10,0.005,0.025,6736,0,0,0.12989904988123516,True
1,3,30,60,25,0.00188,0,10,0.005,0.025,6588,0,0,0.1323618700667881,True
1,3,31,60,25,0.00188,0,10,0.005,0.025,6420,0,0,0.13473520249221183,True
1,3,32,60,25,0.00188,0,10,0.005,0.025,6257,0,0,0.13856480741569444,True
1,3,33,60,25,0.00188,0,10,0.005,0.025,6118,0,0,0.14138607388035307,True
1,3,34,60,25,0.00188,0,10,0.005,0.025,5981,0,0,0.14562782143454273,True
1,3,35,60,25,0.00188,0,10,0.005,0.025,5821,0,0,0.14842810513657448,True
1,3,36,60,25,0.00188,0,10,0.005,0.025,5660,0,0,0.1519434628975265,True
1,3,37,60,25,0.00188,0,10,0.005,0.025,5533,0,0,0.1552503162841135,True
1,3,38,60,25,0.00188,0,10,0.005,0.025,5439,0,0,0.15811730097444382,True
1,3,39,60,25,0.00188,0,10,0.005,0.025,5356,0,0,0.16131441374159822,True
1,3,40,60,25,0.00188,0,10,0.005,0.025,5283,0,0,0.1635434412265758,True
1,3,41,60,25,0.00188,0,10,0.005,0.025,5917,0,0,0.22376204157512253,True
1,3,42,60,25,0.00188,0,10,0.005,0.025,5870,0,0,0.22657580919931858,True
1,3,43,60,25,0.00188,0,10,0.005,0.025,5843,0,0,0.23361287010097553,True
1,3,44,60,25,0.00188,0,10,0.005,0.025,5755,0,0,0.23023457862728064,True
1,3,45,60,25,0.00188,0,10,0.005,0.025,5697,0,0,0.23345620502018608,True
1,3,46,60,25,0.00188,0,10,0.005,0.025,5246,0,0,0.20167746854746474,True
1,3,47,60,25,0.00188,0,10,0.005,0.025,5104,0,0,0.19494514106583072,True
1,3,48,60,25,0.00188,0,10,0.005,0.025,5007,0,0,0.19472738166566805,True
1,3,49,60,25,0.00188,0,10,0.005,0.025,4923,0,0,0.1954093032703636,True
1,3,50,60,25,0.00188,0,10,0.005,0.025,4844,0,0,0.19467382328654004,True
1,3,51,60,25,0.00188,0,10,0.005,0.025,4800,0,0,0.19479166666666667,True
1,3,52,60,25,0.00188,0,10,0.005,0.025,4745,0,0,0.19747102212855638,True
1,4,1,60,25,0.00188,0,10,0.005,0.025,4676,0,0,0.19867408041060736,True
1,4,2,60,25,0.00188,0,10,0.005,0.025,4611,0,0,0.20190847972240294,True
1,4,3,60,25,0.00188,0,10,0.005,0.025,4551,0,0,0.2017139090309822,True
1,4,4,60,25,0.00188,0,10,0.005,0.025,4469,0,0,0.20452002685164467,True
1,4,5,60,25,0.00188,0,10,0.005,0.025,4402,0,0,0.20717855520218081,True
1,4,6,60,25,0.00188,0,10,0.005,0.025,4343,0,0,0.21022334791618696,True
1,4,7,60,25,0.00188,0,10,0.005,0.025,4292,0,0,0.21225535880708293,True
1,4,8,60,25,0.00188,0,10,0.005,0.025,4245,0,0,0.21554770318021202,True
1,4,9,60,25,0.00188,0,10,0.005,0.025,4197,0,0,0.21777460090540862,True
1,4,10,60,25,0.00188,0,10,0.005,0.025,4152,0,0,0.21965317919075145,True
1,4,11,60,25,0.00188,0,10,0.005,0.025,4112,0,0,0.22154669260700388,True
1,4,12,60,25,0.00188,0,10,0.005,0.025,4050,0,0,0.22296296296296297,True
1,4,13,60,25,0.00188,0,10,0.005,0.025,3998,0,0,0.22386193096548274,True
1,4,14,60,25,0.00188,0,10,0.005,0.025,3953,0,0,0.22463951429294207,True
1,4,15,60,25,0.00188,0,10,0.005,0.025,3899,0,0,0.22723775327006926,True
1,4,16,60,25,0.00188,0,10,0.005,0.025,3848,0,0,0.22972972972972974,True
1,4,17,60,25,0.00188,0,10,0.005,0.025,3808,0,0,0.23214285714285715,True
1,4,18,60,25,0.00188,0,10,0.005,0.025,8502,0,0,0.10468125147024229,True
1,4,19,60,25,0.00188,0,10,0.005,0.025,8349,0,0,0.10719846688226135,True
1,4,20,60,25,0.00188,0,10,0.005,0.025,8125,0,0,0.10978461538461538,True
1,4,21,60,25,0.00188,0,10,0.005,0.025,7922,0,0,0.11310275183034588,True
1,4,22,60,25,0.00188,0,10,0.005,0.025,7689,0,0,0.1160098842502276,True
1,4,23,60,25,0.00188,0,10,0.005,0.025,7524,0,0,0.11855396065922381,True
1,4,24,60,25,0.00188,0,10,0.005,0.025,7328,0,0,0.12240720524017468,True
1,4,25,60,25,0.00188,0,10,0.005,0.025,7165,0,0,0.12630844382414516,True
1,4,26,60,25,0.00188,0,10,0.005,0.025,6984,0,0,0.1311569301260023,True
1,4,27,60,25,0.00188,0,10,0.005,0.025,6814,0,0,0.13354857646022894,True
1,4,28,60,25,0.00188,0,10,0.005,0.025,6657,0,0,0.13639777677632567,True
1,4,29,60,25,0.00188,0,10,0.005,0.025,6493,0,0,0.1390728476821192,True
1,4,30,60,25,0.00188,0,10,0.005,0.025,6322,0,0,0.14220183486238533,True
1,4,31,60,25,0.00188,0,10,0.005,0.025,6149,0,0,0.14555212229630834,True
1,4,32,60,25,0.00188,0,10,0.005,0.025,6009,0,0,0.1491096688300882,True
1,4,33,60,25,0.00188,0,10,0.005,0.025,5854,0,0,0.15322856166723609,True
1,4,34,60,25,0.00188,0,10,0.005,0.025,5734,0,0,0.1567840948726892,True
1,4,35,60,25,0.00188,0,10,0.005,0.025,5619,0,0,0.1601708489054992,True
1,4,36,60,25,0.00188,0,10,0.005,0.025,5501,0,0,0.1626976913288493,True
1,4,37,60,25,0.00188,0,10,0.005,0.025,5378,0,0,0.16586091483822982,True
1,4,38,60,25,0.00188,0,10,0.005,0.025,5280,0,0,0.16893939393939394,True
1,4,39,60,25,0.00188,0,10,0.005,0.025,5191,0,0,0.1720285108842227,True
1,4,40,60,25,0.00188,0,10,0.005,0.025,5106,0,0,0.1754798276537407,True
1,4,41,60,25,0.00188,0,10,0.005,0.025,5760,0,0,0.24027777777777778,True
1,4,42,60,25,0.00188,0,10,0.005,0.025,5777,0,0,0.24182101436731868,True
1,4,43,60,25,0.00188,0,10,0.005,0.025,5733,0,0,0.2442002442002442,True
1,4,44,60,25,0.00188,0,10,0.005,0.025,5695,0,0,0.247585601404741,True
1,4,45,60,25,0.00188,0,10,0.005,0.025,5619,0,0,0.24826481580352375,True
1,4,46,60,25,0.00188,0,10,0.005,0.025,5157,0,0,0.21892573201473725,True
1,4,47,60,25,0.00188,0,10,0.005,0.025,5032,0,0,0.21323529411764705,True
1,4,48,60,25,0.00188,0,10,0.005,0.025,4970,0,0,0.21488933601609658,True
1,4,49,60,25,0.00188,0,10,0.005,0.025,4884,0,0,0.21253071253071254,True
1,4,50,60,25,0.00188,0,10,0.005,0.025,4822,0,0,0.213604313562837,True
1,4,51,60,25,0.00188,0,10,0.005,0.025,4762,0,0,0.21293574128517428,True
1,4,52,60,25,0.00188,0,10,0.005,0.025,4690,0,0,0.21641791044776118,True
1,5,1,60,25,0.00188,0,10,0.005,0.025,4628,0,0,0.21802074330164217,True
1,5,2,60,25,0.00188,0,10,0.005,0.025,4581,0,0,0.221567343374809,True
1,5,3,60,25,0.00188,0,10,0.005,0.025,4532,0,0,0.22616946160635482,True
1,5,4,60,25,0.00188,0,10,0.005,0.025,4472,0,0,0.226520572450805,True
1,5,5,60,25,0.00188,0,10,0.005,0.025,4399,0,0,0.22914298704250965,True
1,5,6,60,25,0.00188,0,10,0.005,0.025,4341,0,0,0.2312831144897489,True
1,5,7,60,25,0.00188,0,10,0.005,0.025,4308,0,0,0.23467966573816157,True
1,5,8,60,25,0.00188,0,10,0.005,0.025,4265,0,0,0.23751465416178194,True
1,5,9,60,25,0.00188,0,10,0.005,0.025,4208,0,0,0.24049429657794677,True
1,5,10,60,25,0.00188,0,10,0.005,0.025,4153,0,0,0.24175294967493377,True
1,5,11,60,25,0.00188,0,10,0.005,0.025,4105,0,0,0.2443361753958587,True
1,5,12,60,25,0.00188,0,10,0.005,0.025,4053,0,0,0.2452504317789292,True
1,5,13,60,25,0.00188,0,10,0.005,0.025,4013,0,0,0.24520308995763768,True
1,5,14,60,25,0.00188,0,10,0.005,0.025,3978,0,0,0.24710910005027653,True
1,5,15,60,25,0.00188,0,10,0.005,0.025,3915,0,0,0.24853128991060025,True
1,5,16,60,25,0.00188,0,10,0.005,0.025,3855,0,0,0.2508430609597925,True
1,5,17,60,25,0.00188,0,10,0.005,0.025,3819,0,0,0.25346949463210267,True
1,5,18,60,25,0.00188,0,10,0.005,0.025,8458,0,0,0.11563017261764011,True
1,5,19,60,25,0.00188,0,10,0.005,0.025,8290,0,0,0.11809408926417371,True
1,5,20,60,25,0.00188,0,10,0.005,0.025,8106,0,0,0.12065136935603257,True
1,5,21,60,25,0.00188,0,10,0.005,0.025,7907,0,0,0.12305552042493993,True
1,5,22,60,25,0.00188,0,10,0.005,0.025,7695,0,0,0.12748538011695906,True
1,5,23,60,25,0.00188,0,10,0.005,0.025,7499,0,0,0.13161754900653422,True
1,5,24,60,25,0.00188,0,10,0.005,0.025,7312,0,0,0.1363512035010941,True
1,5,25,60,25,0.00188,0,10,0.005,0.025,7187,0,0,0.1401140948935578,True
1,5,26,60,25,0.00188,0,10,0.005,0.025,7000,0,0,0.14342857142857143,True
1,5,27,60,25,0.00188,0,10,0.005,0.025,6814,0,0,0.14822424420311126,True
1,5,28,60,25,0.00188,0,10,0.005,0.025,6684,0,0,0.1497606223818073,True
1,5,29,60,25,0.00188,0,10,0.005,0.025,6553,0,0,0.1532122691896841,True
1,5,30,60,25,0.00188,0,10,0.005,0.025,6415,0,0,0.1558846453624318,True
1,5,31,60,25,0.00188,0,10,0.005,0.025,6287,0,0,0.1603308414188007,True
1,5,32,60,25,0.00188,0,10,0.005,0.025,6110,0,0,0.1630114566284779,True
1,5,33,60,25,0.00188,0,10,0.005,0.025,5951,0,0,0.16652663417912955,True
1,5,34,60,25,0.00188,0,10,0.005,0.025,5802,0,0,0.16873491899345053,True
1,5,35,60,25,0.00188,0,10,0.005,0.025,5685,0,0,0.17291116974494283,True
1,5,36,60,25,0.00188,0,10,0.005,0.025,5560,0,0,0.17428057553956836,True
1,5,37,60,25,0.00188,0,10,0.005,0.025,5435,0,0,0.17773689052437902,True
1,5,38,60,25,0.00188,0,10,0.005,0.025,5361,0,0,0.1800037306472673,True
1,5,39,60,25,0.00188,0,10,0.005,0.025,5282,0,0,0.18364255963650133,True
1,5,40,60,25,0.00188,0,10,0.005,0.025,5209,0,0,0.18640813975811096,True
1,5,41,60,25,0.00188,0,10,0.005,0.025,5810,0,0,0.24543889845094666,True
1,5,42,60,25,0.00188,0,10,0.005,0.025,5780,0,0,0.2453287197231834,True
1,5,43,60,25,0.00188,0,10,0.005,0.025,5693,0,0,0.24732127173722115,True
1,5,44,60,25,0.00188,0,10,0.005,0.025,5611,0,0,0.24986633398681163,True
1,5,45,60,25,0.00188,0,10,0.005,0.025,5573,0,0,0.2512111968419164,True
1,5,46,60,25,0.00188,0,10,0.005,0.025,5143,0,0,0.22360489986389268,True
1,5,47,60,25,0.00188,0,10,0.005,0.025,5011,0,0,0.2149271602474556,True
1,5,48,60,25,0.00188,0,10,0.005,0.025,4948,0,0,0.21523848019401778,True
1,5,49,60,25,0.00188,0,10,0.005,0.025,4890,0,0,0.21697341513292434,True
1,5,50,60,25,0.00188,0,10,0.005,0.025,4833,0,0,0.21829091661493896,True
1,5,51,60,25,0.00188,0,10,0.005,0.025,4779,0,0,0.22054823184766686,True
1,5,52,60,25,0.00188,0,10,0.005,0.025,4716,0,0,0.2222222222222222,True
1,6,1,60,25,0.00188,0,10,0.005,0.025,4674,0,0,0.22528883183568676,True
1,6,2,60,25,0.00188,0,10,0.005,0.025,4597,0,0,0.22753969980422015,True
1,6,3,60,25,0.00188,0,10,0.005,0.025,4551,0,0,0.22918039991210723,True
1,6,4,60,25,0.00188,0,10,0.005,0.025,4503,0,0,0.23006884299355984,True
1,6,5,60,25,0.00188,0,10,0.005,0.025,4443,0,0,0.23340085527796534,True
1,6,6,60,25,0.00188,0,10,0.005,0.025,4376,0,0,0.2340036563071298,True
1,6,7,60,25,0.00188,0,10,0.005,0.025,4317,0,0,0.23558026407227242,True
1,6,8,60,25,0.00188,0,10,0.005,0.025,4249,0,0,0.23864438691456813,True
1,6,9,60,25,0.00188,0,10,0.005,0.025,4194,0,0,0.24153552694325225,True
1,6,10,60,25,0.00188,0,10,0.005,0.025,4132,0,0,0.24056147144240078,True
1,6,11,60,25,0.00188,0,10,0.005,0.025,4098,0,0,0.2449975597852611,True
1,6,12,60,25,0.00188,0,10,0.005,0.025,4032,0,0,0.24702380952380953,True
1,6,13,60,25,0.00188,0,10,0.005,0.025,3982,0,0,0.25037669512807637,True
1,6,14,60,25,0.00188,0,10,0.005,0.025,3925,0,0,0.2529936305732484,True
1,6,15,60,25,0.00188,0,10,0.005,0.025,3892,0,0,0.2551387461459404,True
1,6,16,60,25,0.00188,0,10,0.005,0.025,3854,0,0,0.25739491437467565,True
1,6,17,60,25,0.00188,0,10,0.005,0.025,3819,0,0,0.25896831631317097,True
1,6,18,60,25,0.00188,0,10,0.005,0.025,8360,0,0,0.11889952153110048,True
1,6,19,60,25,0.00188,0,10,0.005,0.025,8184,0,0,0.12206744868035191,True
1,6,20,60,25,0.00188,0,10,0.005,0.025,7971,0,0,0.1268347760632292,True
1,6,21,60,25,0.00188,0,10,0.005,0.025,7799,0,0,0.12911911783561994,True
1,6,22,60,25,0.00188,0,10,0.005,0.025,7599,0,0,0.13225424397947097,True
1,6,23,60,25,0.00188,0,10,0.005,0.025,7420,0,0,0.1353099730458221,True
1,6,24,60,25,0.00188,0,10,0.005,0.025,7255,0,0,0.13880082701585114,True
1,6,25,60,25,0.00188,0,10,0.005,0.025,7095,0,0,0.1427766032417195,True
1,6,26,60,25,0.00188,0,10,0.005,0.025,6900,0,0,0.1455072463768116,True
1,6,27,60,25,0.00188,0,10,0.005,0.025,6694,0,0,0.14938751120406335,True
1,6,28,60,25,0.00188,0,10,0.005,0.025,6548,0,0,0.1513439218081857,True
1,6,29,60,25,0.00188,0,10,0.005,0.025,6422,0,0,0.1543132980379944,True
1,6,30,60,25,0.00188,0,10,0.005,0.025,6306,0,0,0.15715191880748494,True
1,6,31,60,25,0.00188,0,10,0.005,0.025,6170,0,0,0.16094003241491087,True
1,6,32,60,25,0.00188,0,10,0.005,0.025,6051,0,0,0.16393984465377623,True
1,6,33,60,25,0.00188,0,10,0.005,0.025,5916,0,0,0.1678498985801217,True
1,6,34,60,25,0.00188,0,10,0.005,0.025,5801,0,0,0.169970694707809,True
1,6,35,60,25,0.00188,0,10,0.005,0.025,5650,0,0,0.17380530973451327,True
1,6,36,60,25,0.00188,0,10,0.005,0.025,5541,0,0,0.1774048005775131,True
1,6,37,60,25,0.00188,0,10,0.005,0.025,5409,0,0,0.17970049916805325,True
1,6,38,60,25,0.00188,0,10,0.005,0.025,5333,0,0,0.18301143821488844,True
1,6,39,60,25,0.00188,0,10,0.005,0.025,5257,0,0,0.18584744150656268,True
1,6,40,60,25,0.00188,0,10,0.005,0.025,5178,0,0,0.18984163769795287,True
1,6,41,60,25,0.00188,0,10,0.005,0.025,5747,0,0,0.2425613363493997,True
1,6,42,60,25,0.00188,0,10,0.005,0.025,5785,0,0,0.2513396715643907,True
1,6,43,60,25,0.00188,0,10,0.005,0.025,5741,0,0,0.2546594669918133,True
1,6,44,60,25,0.00188,0,10,0.005,0.025,5664,0,0,0.2510593220338983,True
1,6,45,60,25,0.00188,0,10,0.005,0.025,5643,0,0,0.2555378344852029,True
1,6,46,60,25,0.00188,0,10,0.005,0.025,5169,0,0,0.2249951634745599,True
1,6,47,60,25,0.00188,0,10,0.005,0.025,5014,0,0,0.2177901874750698,True
1,6,48,60,25,0.00188,0,10,0.005,0.025,4918,0,0,0.2167547783651891,True
1,6,49,60,25,0.00188,0,10,0.005,0.025,4849,0,0,0.21839554547329346,True
1,6,50,60,25,0.00188,0,10,0.005,0.025,4780,0,0,0.2198744769874477,True
1,6,51,60,25,0.00188,0,10,0.005,0.025,4719,0,0,0.22144522144522144,True
1,6,52,60,25,0.00188,0,10,0.005,0.025,4646,0,0,0.22298751614291865,True
1,7,1,60,25,0.00188,0,10,0.005,0.025,4596,0,0,0.22410791993037424,True
1,7,2,60,25,0.00188,0,10,0.005,0.025,4550,0,0,0.2243956043956044,True
1,7,3,60,25,0.00188,0,10,0.005,0.025,4503,0,0,0.22807017543859648,True
1,7,4,60,25,0.00188,0,10,0.005,0.025,4451,0,0,0.22826331161536734,True
1,7,5,60,25,0.00188,0,10,0.005,0.025,4404,0,0,0.22842870118074476,True
1,7,6,60,25,0.00188,0,10,0.005,0.025,4332,0,0,0.23084025854108955,True
1,7,7,60,25,0.00188,0,10,0.005,0.025,4275,0,0,0.23157894736842105,True
1,7,8,60,25,0.00188,0,10,0.005,0.025,4221,0,0,0.23312011371712865,True
1,7,9,60,25,0.00188,0,10,0.005,0.025,4173,0,0,0.2350826743350108,True
1,7,10,60,25,0.00188,0,10,0.005,0.025,4113,0,0,0.2387551665451009,True
1,7,11,60,25,0.00188,0,10,0.005,0.025,4065,0,0,0.24206642066420664,True
1,7,12,60,25,0.00188,0,10,0.005,0.025,4006,0,0,0.2433849226160759,True
1,7,13,60,25,0.00188,0,10,0.005,0.025,3962,0,0,0.24432104997476023,True
1,7,14,60,25,0.00188,0,10,0.005,0.025,3904,0,0,0.24820696721311475,True
1,7,15,60,25,0.00188,0,10,0.005,0.025,3863,0,0,0.2492881180429718,True
1,7,16,60,25,0.00188,0,10,0.005,0.025,3810,0,0,0.25065616797900264,True
1,7,17,60,25,0.00188,0,10,0.005,0.025,3766,0,0,0.25172596919808815,True
1,7,18,60,25,0.00188,0,10,0.005,0.025,8360,0,0,0.11375598086124401,True
1,7,19,60,25,0.00188,0,10,0.005,0.025,8205,0,0,0.11651432053625838,True
1,7,20,60,25,0.00188,0,10,0.005,0.025,8021,0,0,0.11943647924198977,True
1,7,21,60,25,0.00188,0,10,0.005,0.025,7837,0,0,0.1217302539236953,True
1,7,22,60,25,0.00188,0,10,0.005,0.025,7642,0,0,0.12483643025386025,True
1,7,23,60,25,0.00188,0,10,0.005,0.025,7462,0,0,0.12784776199410347,True
1,7,24,60,25,0.00188,0,10,0.005,0.025,7298,0,0,0.13058372156755274,True
1,7,25,60,25,0.00188,0,10,0.005,0.025,7119,0,0,0.1341480545020368,True
1,7,26,60,25,0.00188,0,10,0.005,0.025,6958,0,0,0.1371083644725496,True
1,7,27,60,25,0.00188,0,10,0.005,0.025,6796,0,0,0.1403766921718658,True
1,7,28,60,25,0.00188,0,10,0.005,0.025,6605,0,0,0.1441332323996972,True
1,7,29,60,25,0.00188,0,10,0.005,0.025,6493,0,0,0.14661943631603266,True
1,7,30,60,25,0.00188,0,10,0.005,0.025,6352,0,0,0.14987405541561713,True
1,7,31,60,25,0.00188,0,10,0.005,0.025,6158,0,0,0.15313413445924,True
1,7,32,60,25,0.00188,0,10,0.005,0.025,6018,0,0,0.15702891326021934,True
1,7,33,60,25,0.00188,0,10,0.005,0.025,5871,0,0,0.1599386816555953,True
1,7,34,60,25,0.00188,0,10,0.005,0.025,5728,0,0,0.16201117318435754,True
1,7,35,60,25,0.00188,0,10,0.005,0.025,5575,0,0,0.16573991031390134,True
1,7,36,60,25,0.00188,0,10,0.005,0.025,5463,0,0,0.17005308438586858,True
1,7,37,60,25,0.00188,0,10,0.005,0.025,5349,0,0,0.17405122452794916,True
1,7,38,60,25,0.00188,0,10,0.005,0.025,5272,0,0,0.17678300455235205,True
1,7,39,60,25,0.00188,0,10,0.005,0.025,5216,0,0,0.17925613496932516,True
1,7,40,60,25,0.00188,0,10,0.005,0.025,5148,0,0,0.18181818181818182,True
1,7,41,60,25,0.00188,0,10,0.005,0.025,5822,0,0,0.2368601855032635,True
1,7,42,60,25,0.00188,0,10,0.005,0.025,5834,0,0,0.24528625299965717,True
1,7,43,60,25,0.00188,0,10,0.005,0.025,5764,0,0,0.24514226231783484,True
1,7,44,60,25,0.00188,0,10,0.005,0.025,5709,0,0,0.2443510246978455,True
1,7,45,60,25,0.00188,0,10,0.005,0.025,5625,0,0,0.24284444444444445,True
1,7,46,60,25,0.00188,0,10,0.005,0.025,5185,0,0,0.21967213114754097,True
1,7,47,60,25,0.00188,0,10,0.005,0.025,5011,0,0,0.21213330672520456,True
1,7,48,60,25,0.00188,0,10,0.005,0.025,4918,0,0,0.21085807238714924,True
1,7,49,60,25,0.00188,0,10,0.005,0.025,4858,0,0,0.2099629477151091,True
1,7,50,60,25,0.00188,0,10,0.005,0.025,4800,0,0,0.210625,True
1,7,51,60,25,0.00188,0,10,0.005,0.025,4731,0,0,0.2134855210314944,True
1,7,52,60,25,0.00188,0,10,0.005,0.025,4681,0,0,0.217474898525956,True
1,8,1,60,25,0.00188,0,10,0.005,0.025,4620,0,0,0.21774891774891775,True
1,8,2,60,25,0.00188,0,10,0.005,0.025,4569,0,0,0.22083606916174217,True
1,8,3,60,25,0.00188,0,10,0.005,0.025,4511,0,0,0.22145865661715805,True
1,8,4,60,25,0.00188,0,10,0.005,0.025,4467,0,0,0.2238638907544213,True
1,8,5,60,25,0.00188,0,10,0.005,0.025,4412,0,0,0.22620126926563916,True
1,8,6,60,25,0.00188,0,10,0.005,0.025,4346,0,0,0.22894615738610216,True
1,8,7,60,25,0.00188,0,10,0.005,0.025,4292,0,0,0.22949673811742777,True
1,8,8,60,25,0.00188,0,10,0.005,0.025,4248,0,0,0.2318738229755179,True
1,8,9,60,25,0.00188,0,10,0.005,0.025,4185,0,0,0.23440860215053763,True
1,8,10,60,25,0.00188,0,10,0.005,0.025,4125,0,0,0.23563636363636364,True
1,8,11,60,25,0.00188,0,10,0.005,0.025,4072,0,0,0.2387033398821218,True
1,8,12,60,25,0.00188,0,10,0.005,0.025,4017,0,0,0.2417226786158825,True
1,8,13,60,25,0.00188,0,10,0.005,0.025,3980,0,0,0.24447236180904522,True
1,8,14,60,25,0.00188,0,10,0.005,0.025,3933,0,0,0.2471395881006865,True
1,8,15,60,25,0.00188,0,10,0.005,0.025,3886,0,0,0.2498713329902213,True
1,8,16,60,25,0.00188,0,10,0.005,0.025,3846,0,0,0.25273010920436817,True
1,8,17,60,25,0.00188,0,10,0.005,0.025,3805,0,0,0.2554533508541393,True
1,8,18,60,25,0.00188,0,10,0.005,0.025,8622,0,0,0.11331477615402459,True
1,8,19,60,25,0.00188,0,10,0.005,0.025,8453,0,0,0.11593517094522654,True
1,8,20,60,25,0.00188,0,10,0.005,0.025,8255,0,0,0.11956390066626287,True
1,8,21,60,25,0.00188,0,10,0.005,0.025,8059,0,0,0.12346444968358357,True
1,8,22,60,25,0.00188,0,10,0.005,0.025,7904,0,0,0.1262651821862348,True
1,8,23,60,25,0.00188,0,10,0.005,0.025,7718,0,0,0.13034464887276498,True
1,8,24,60,25,0.00188,0,10,0.005,0.025,7521,0,0,0.13335992554181625,True
1,8,25,60,25,0.00188,0,10,0.005,0.025,7368,0,0,0.13667209554831705,True
1,8,26,60,25,0.00188,0,10,0.005,0.025,7199,0,0,0.13988053896374497,True
1,8,27,60,25,0.00188,0,10,0.005,0.025,7069,0,0,0.14330173999151224,True
1,8,28,60,25,0.00188,0,10,0.005,0.025,6914,0,0,0.14622505062192653,True
1,8,29,60,25,0.00188,0,10,0.005,0.025,6752,0,0,0.14928909952606634,True
1,8,30,60,25,0.00188,0,10,0.005,0.025,6602,0,0,0.15192365949712208,True
1,8,31,60,25,0.00188,0,10,0.005,0.025,6488,0,0,0.15536374845869297,True
1,8,32,60,25,0.00188,0,10,0.005,0.025,6370,0,0,0.15934065934065933,True
1,8,33,60,25,0.00188,0,10,0.005,0.025,6258,0,0,0.16251198465963568,True
1,8,34,60,25,0.00188,0,10,0.005,0.025,6112,0,0,0.1655759162303665,True
1,8,35,60,25,0.00188,0,10,0.005,0.025,5992,0,0,0.1692256341789052,True
1,8,36,60,25,0.00188,0,10,0.005,0.025,5895,0,0,0.17201017811704836,True
1,8,37,60,25,0.00188,0,10,0.005,0.025,5773,0,0,0.17547202494370345,True
1,8,38,60,25,0.00188,0,10,0.005,0.025,5683,0,0,0.17842688720746086,True
1,8,39,60,25,0.00188,0,10,0.005,0.025,5611,0,0,0.17964712172518268,True
1,8,40,60,25,0.00188,0,10,0.005,0.025,5515,0,0,0.18349954669084315,True
1,8,41,60,25,0.00188,0,10,0.005,0.025,6219,0,0,0.24071394114809455,True
1,8,42,60,25,0.00188,0,10,0.005,0.025,6216,0,0,0.24404761904761904,True
1,8,43,60,25,0.00188,0,10,0.005,0.025,6201,0,0,0.2528624415416868,True
1,8,44,60,25,0.00188,0,10,0.005,0.025,6104,0,0,0.2562254259501966,True
1,8,45,60,25,0.00188,0,10,0.005,0.025,6053,0,0,0.25342805220551795,True
1,8,46,60,25,0.00188,0,10,0.005,0.025,5513,0,0,0.2251042989298023,True
1,8,47,60,25,0.00188,0,10,0.005,0.025,5358,0,0,0.21817842478536767,True
1,8,48,60,25,0.00188,0,10,0.005,0.025,5254,0,0,0.21659687856870954,True
1,8,49,60,25,0.00188,0,10,0.005,0.025,5170,0,0,0.21547388781431334,True
1,8,50,60,25,0.00188,0,10,0.005,0.025,5104,0,0,0.21845611285266459,True
1,8,51,60,25,0.00188,0,10,0.005,0.025,5036,0,0,0.22220015885623512,True
1,8,52,60,25,0.00188,0,10,0.005,0.025,4984,0,0,0.22431781701444622,True
1,9,1,60,25,0.00188,0,10,0.005,0.025,4896,0,0,0.22508169934640523,True
1,9,2,60,25,0.00188,0,10,0.005,0.025,4838,0,0,0.22819346837536172,True
1,9,3,60,25,0.00188,0,10,0.005,0.025,4787,0,0,0.2314602047211197,True
1,9,4,60,25,0.00188,0,10,0.005,0.025,4731,0,0,0.23483407313464383,True
1,9,5,60,25,0.00188,0,10,0.005,0.025,4697,0,0,0.2388758782201405,True
1,9,6,60,25,0.00188,0,10,0.005,0.025,4633,0,0,0.2417440103604576,True
1,9,7,60,25,0.00188,0,10,0.005,0.025,4600,0,0,0.24347826086956523,True
1,9,8,60,25,0.00188,0,10,0.005,0.025,4549,0,0,0.24400967245548472,True
1,9,9,60,25,0.00188,0,10,0.005,0.025,4491,0,0,0.2467156535292808,True
1,9,10,60,25,0.00188,0,10,0.005,0.025,4444,0,0,0.24932493249324933,True
1,9,11,60,25,0.00188,0,10,0.005,0.025,4384,0,0,0.25136861313868614,True
1,9,12,60,25,0.00188,0,10,0.005,0.025,4329,0,0,0.2541002541002541,True
1,9,13,60,25,0.00188,0,10,0.005,0.025,4274,0,0,0.25549836218998595,True
1,9,14,60,25,0.00188,0,10,0.005,0.025,4221,0,0,0.25823264629234777,True
1,9,15,60,25,0.00188,0,10,0.005,0.025,4180,0,0,0.2602870813397129,True
1,9,16,60,25,0.00188,0,10,0.005,0.025,4134,0,0,0.26197387518142234,True
1,9,17,60,25,0.00188,0,10,0.005,0.025,4082,0,0,0.26482116609505146,True
1,9,18,60,25,0.00188,0,10,0.005,0.025,8812,0,0,0.11370857921016796,True
1,9,19,60,25,0.00188,0,10,0.005,0.025,8660,0,0,0.11685912240184758,True
1,9,20,60,25,0.00188,0,10,0.005,0.025,8511,0,0,0.12031488661731876,True
1,9,21,60,25,0.00188,0,10,0.005,0.025,8331,0,0,0.12315448325531149,True
1,9,22,60,25,0.00188,0,10,0.005,0.025,8106,0,0,0.12706637058968664,True
1,9,23,60,25,0.00188,0,10,0.005,0.025,7921,0,0,0.13053907334932457,True
1,9,24,60,25,0.00188,0,10,0.005,0.025,7736,0,0,0.13391933815925544,True
1,9,25,60,25,0.00188,0,10,0.005,0.025,7537,0,0,0.13798593604882578,True
1,9,26,60,25,0.00188,0,10,0.005,0.025,7304,0,0,0.14129244249726178,True
1,9,27,60,25,0.00188,0,10,0.005,0.025,7114,0,0,0.14633117795895417,True
1,9,28,60,25,0.00188,0,10,0.005,0.025,6965,0,0,0.15003589375448673,True
1,9,29,60,25,0.00188,0,10,0.005,0.025,6819,0,0,0.15310162780466344,True
1,9,30,60,25,0.00188,0,10,0.005,0.025,6695,0,0,0.15698282300224048,True
1,9,31,60,25,0.00188,0,10,0.005,0.025,6564,0,0,0.16042047531992687,True
1,9,32,60,25,0.00188,0,10,0.005,0.025,6426,0,0,0.16355431061313414,True
1,9,33,60,25,0.00188,0,10,0.005,0.025,6284,0,0,0.16740929344366645,True
1,9,34,60,25,0.00188,0,10,0.005,0.025,6155,0,0,0.17010560519902518,True
1,9,35,60,25,0.00188,0,10,0.005,0.025,5996,0,0,0.17511674449633088,True
1,9,36,60,25,0.00188,0,10,0.005,0.025,5887,0,0,0.1780193647018855,True
1,9,37,60,25,0.00188,0,10,0.005,0.025,5793,0,0,0.18125323666494045,True
1,9,38,60,25,0.00188,0,10,0.005,0.025,5703,0,0,0.1841136244082062,True
1,9,39,60,25,0.00188,0,10,0.005,0.025,5627,0,0,0.18535631775368758,True
1,9,40,60,25,0.00188,0,10,0.005,0.025,5547,0,0,0.18857039841355688,True
1,9,41,60,25,0.00188,0,10,0.005,0.025,6284,0,0,0.2503182686187142,True
1,9,42,60,25,0.00188,0,10,0.005,0.025,6302,0,0,0.256902570612504,True
1,9,43,60,25,0.00188,0,10,0.005,0.025,6217,0,0,0.25285507479491715,True
1,9,44,60,25,0.00188,0,10,0.005,0.025,6133,0,0,0.2605576390021197,True
1,9,45,60,25,0.00188,0,10,0.005,0.025,6032,0,0,0.25862068965517243,True
1,9,46,60,25,0.00188,0,10,0.005,0.025,5483,0,0,0.22505927412000729,True
1,9,47,60,25,0.00188,0,10,0.005,0.025,5321,0,0,0.21875587295621124,True
1,9,48,60,25,0.00188,0,10,0.005,0.025,5225,0,0,0.21913875598086124,True
1,9,49,60,25,0.00188,0,10,0.005,0.025,5129,0,0,0.21758627412751025,True
1,9,50,60,25,0.00188,0,10,0.005,0.025,5074,0,0,0.21935356720536067,True
1,9,51,60,25,0.00188,0,10,0.005,0.025,5011,0,0,0.21971662342845738,True
1,9,52,60,25,0.00188,0,10,0.005,0.025,4949,0,0,0.22065063649222066,True
1,10,1,60,25,0.00188,0,10,0.005,0.025,4885,0,0,0.22313203684749233,True
1,10,2,60,25,0.00188,0,10,0.005,0.025,4827,0,0,0.2258131344520406,True
1,10,3,60,25,0.00188,0,10,0.005,0.025,4762,0,0,0.2261654766904662,True
1,10,4,60,25,0.00188,0,10,0.005,0.025,4707,0,0,0.22817080943275972,True
1,10,5,60,25,0.00188,0,10,0.005,0.025,4658,0,0,0.23057106054100474,True
1,10,6,60,25,0.00188,0,10,0.005,0.025,4613,0,0,0.23260351181443745,True
1,10,7,60,25,0.00188,0,10,0.005,0.025,4563,0,0,0.23449484987946526,True
1,10,8,60,25,0.00188,0,10,0.005,0.025,4500,0,0,0.23866666666666667,True
1,10,9,60,25,0.00188,0,10,0.005,0.025,4454,0,0,0.24113156713066905,True
1,10,10,60,25,0.00188,0,10,0.005,0.025,4411,0,0,0.243708909544321,True
1,10,11,60,25,0.00188,0,10,0.005,0.025,4369,0,0,0.2460517280842298,True
1,10,12,60,25,0.00188,0,10,0.005,0.025,4317,0,0,0.24855223534862173,True
1,10,13,60,25,0.00188,0,10,0.005,0.025,4275,0,0,0.2509941520467836,True
1,10,14,60,25,0.00188,0,10,0.005,0.025,4225,0,0,0.2539644970414201,True
1,10,15,60,25,0.00188,0,10,0.005,0.025,4183,0,0,0.2565144633038489,True
1,10,16,60,25,0.00188,0,10,0.005,0.025,4137,0,0,0.26057529610829105,True
1,10,17,60,25,0.00188,0,10,0.005,0.025,4098,0,0,0.26110297706198143,True
1,10,18,60,25,0.00188,0,10,0.005,0.025,8901,0,0,0.11189753960229187,True
1,10,19,60,25,0.00188,0,10,0.005,0.025,8740,0,0,0.11441647597254005,True
1,10,20,60,25,0.00188,0,10,0.005,0.025,8525,0,0,0.11847507331378299,True
1,10,21,60,25,0.00188,0,10,0.005,0.025,8363,0,0,0.12160707879947387,True
1,10,22,60,25,0.00188,0,10,0.005,0.025,8177,0,0,0.12474012474012475,True
1,10,23,60,25,0.00188,0,10,0.005,0.025,7987,0,0,0.12695630399399024,True
1,10,24,60,25,0.00188,0,10,0.005,0.025,7824,0,0,0.13049591002044988,True
1,10,25,60,25,0.00188,0,10,0.005,0.025,7654,0,0,0.13313300235171152,True
1,10,26,60,25,0.00188,0,10,0.005,0.025,7488,0,0,0.13701923076923078,True
1,10,27,60,25,0.00188,0,10,0.005,0.025,7299,0,0,0.1391971502945609,True
1,10,28,60,25,0.00188,0,10,0.005,0.025,7151,0,0,0.14221787162634597,True
1,10,29,60,25,0.00188,0,10,0.005,0.025,7024,0,0,0.14578587699316628,True
1,10,30,60,25,0.00188,0,10,0.005,0.025,6827,0,0,0.14955324447048485,True
1,10,31,60,25,0.00188,0,10,0.005,0.025,6673,0,0,0.15375393376292523,True
1,10,32,60,25,0.00188,0,10,0.005,0.025,6513,0,0,0.1566098572086596,True
1,10,33,60,25,0.00188,0,10,0.005,0.025,6364,0,0,0.1596480201131364,True
1,10,34,60,25,0.00188,0,10,0.005,0.025,6195,0,0,0.162227602905569,True
1,10,35,60,25,0.00188,0,10,0.005,0.025,6054,0,0,0.16501486620416253,True
1,10,36,60,25,0.00188,0,10,0.005,0.025,5961,0,0,0.16742157356148296,True
1,10,37,60,25,0.00188,0,10,0.005,0.025,5830,0,0,0.17015437392795885,True
1,10,38,60,25,0.00188,0,10,0.005,0.025,5743,0,0,0.17255789656973708,True
1,10,39,60,25,0.00188,0,10,0.005,0.025,5657,0,0,0.17535796358493902,True
1,10,40,60,25,0.00188,0,10,0.005,0.025,5583,0,0,0.17786136485760343,True
1,10,41,60,25,0.00188,0,10,0.005,0.025,6321,0,0,0.2406264831514001,True
1,10,42,60,25,0.00188,0,10,0.005,0.025,6359,0,0,0.24595062116685013,True
1,10,43,60,25,0.00188,0,10,0.005,0.025,6303,0,0,0.2517848643503094,True
1,10,44,60,25,0.00188,0,10,0.005,0.025,6163,0,0,0.25004056466006813,True
1,10,45,60,25,0.00188,0,10,0.005,0.025,6055,0,0,0.24938067712634188,True
1,10,46,60,25,0.00188,0,10,0.005,0.025,5527,0,0,0.2165731861769495,True
1,10,47,60,25,0.00188,0,10,0.005,0.025,5335,0,0,0.20955951265229616,True
1,10,48,60,25,0.00188,0,10,0.005,0.025,5245,0,0,0.21048617731172545,True
1,10,49,60,25,0.00188,0,10,0.005,0.025,5148,0,0,0.21173271173271174,True
1,10,50,60,25,0.00188,0,10,0.005,0.025,5073,0,0,0.20973782771535582,True
1,10,51,60,25,0.00188,0,10,0.005,0.025,5009,0,0,0.21341585146735875,True
1,10,52,60,25,0.00188,0,10,0.005,0.025,4947,0,0,0.21568627450980393,True
1,11,1,60,25,0.00188,0,10,0.005,0.025,4873,0,0,0.21855120049250976,True
1,11,2,60,25,0.00188,0,10,0.005,0.025,4821,0,0,0.22049367351171956,True
1,11,3,60,25,0.00188,0,10,0.005,0.025,4792,0,0,0.22328881469115192,True
1,11,4,60,25,0.00188,0,10,0.005,0.025,4737,0,0,0.22524804728731265,True
1,11,5,60,25,0.00188,0,10,0.005,0.025,4692,0,0,0.22783461210571185,True
1,11,6,60,25,0.00188,0,10,0.005,0.025,4631,0,0,0.23018786439213992,True
1,11,7,60,25,0.00188,0,10,0.005,0.025,4579,0,0,0.23149159205066608,True
1,11,8,60,25,0.00188,0,10,0.005,0.025,4529,0,0,0.23470964892912344,True
1,11,9,60,25,0.00188,0,10,0.005,0.025,4468,0,0,0.2374664279319606,True
1,11,10,60,25,0.00188,0,10,0.005,0.025,4429,0,0,0.23955746218107926,True
1,11,11,60,25,0.00188,0,10,0.005,0.025,4370,0,0,0.240045766590389,True
1,11,12,60,25,0.00188,0,10,0.005,0.025,4320,0,0,0.2439814814814815,True
1,11,13,60,25,0.00188,0,10,0.005,0.025,4261,0,0,0.24571696784792302,True
1,11,14,60,25,0.00188,0,10,0.005,0.025,4208,0,0,0.24809885931558937,True
1,11,15,60,25,0.00188,0,10,0.005,0.025,4163,0,0,0.24861878453038674,True
1,11,16,60,25,0.00188,0,10,0.005,0.025,4121,0,0,0.25090997330744963,True
1,11,17,60,25,0.00188,0,10,0.005,0.025,4078,0,0,0.25380088278567925,True
1,11,18,60,25,0.00188,0,10,0.005,0.025,8852,0,0,0.10935381834613647,True
1,11,19,60,25,0.00188,0,10,0.005,0.025,8688,0,0,0.11199355432780847,True
1,11,20,60,25,0.00188,0,10,0.005,0.025,8472,0,0,0.11508498583569406,True
1,11,21,60,25,0.00188,0,10,0.005,0.025,8285,0,0,0.11792395896197948,True
1,11,22,60,25,0.00188,0,10,0.005,0.025,8130,0,0,0.12115621156211562,True
1,11,23,60,25,0.00188,0,10,0.005,0.025,7970,0,0,0.12434127979924718,True
1,11,24,60,25,0.00188,0,10,0.005,0.025,7786,0,0,0.12638068327767787,True
1,11,25,60,25,0.00188,0,10,0.005,0.025,7587,0,0,0.12995914063529723,True
1,11,26,60,25,0.00188,0,10,0.005,0.025,7392,0,0,0.13392857142857142,True
1,11,27,60,25,0.00188,0,10,0.005,0.025,7244,0,0,0.1372170071783545,True
1,11,28,60,25,0.00188,0,10,0.005,0.025,7098,0,0,0.14088475626937166,True
1,11,29,60,25,0.00188,0,10,0.005,0.025,6932,0,0,0.1449798038084247,True
1,11,30,60,25,0.00188,0,10,0.005,0.025,6765,0,0,0.14737620103473761,True
1,11,31,60,25,0.00188,0,10,0.005,0.025,6620,0,0,0.15090634441087614,True
1,11,32,60,25,0.00188,0,10,0.005,0.025,6492,0,0,0.15557609365372765,True
1,11,33,60,25,0.00188,0,10,0.005,0.025,6340,0,0,0.15772870662460567,True
1,11,34,60,25,0.00188,0,10,0.005,0.025,6203,0,0,0.16137352893761084,True
1,11,35,60,25,0.00188,0,10,0.005,0.025,6066,0,0,0.16501813386086384,True
1,11,36,60,25,0.00188,0,10,0.005,0.025,5909,0,0,0.16889490607547808,True
1,11,37,60,25,0.00188,0,10,0.005,0.025,5783,0,0,0.17274770880166004,True
1,11,38,60,25,0.00188,0,10,0.005,0.025,5689,0,0,0.17665670592371244,True
1,11,39,60,25,0.00188,0,10,0.005,0.025,5629,0,0,0.17800675075501865,True
1,11,40,60,25,0.00188,0,10,0.005,0.025,5549,0,0,0.18039286357902326,True
1,11,41,60,25,0.00188,0,10,0.005,0.025,6412,0,0,0.24516531503431066,True
1,11,42,60,25,0.00188,0,10,0.005,0.025,6394,0,0,0.2514857679074132,True
1,11,43,60,25,0.00188,0,10,0.005,0.025,6311,0,0,0.24988115987957535,True
1,11,44,60,25,0.00188,0,10,0.005,0.025,6257,0,0,0.2518778967556337,True
1,11,45,60,25,0.00188,0,10,0.005,0.025,6241,0,0,0.2549270950168242,True
1,11,46,60,25,0.00188,0,10,0.005,0.025,5627,0,0,0.21876666074284698,True
1,11,47,60,25,0.00188,0,10,0.005,0.025,5415,0,0,0.21034164358264082,True
1,11,48,60,25,0.00188,0,10,0.005,0.025,5319,0,0,0.21131791690167326,True
1,11,49,60,25,0.00188,0,10,0.005,0.025,5221,0,0,0.20896380003830684,True
1,11,50,60,25,0.00188,0,10,0.005,0.025,5147,0,0,0.21099669710510977,True
1,11,51,60,25,0.00188,0,10,0.005,0.025,5086,0,0,0.21274085725521039,True
1,11,52,60,25,0.00188,0,10,0.005,0.025,5016,0,0,0.21471291866028708,True
1,1,1,60,25,0.00355,0,10,0.005,0.025,5475,0,0,0.002374429223744292,True
1,1,2,60,25,0.00355,0,10,0.005,0.025,5319,0,0,0.0052641473961270915,True
1,1,3,60,25,0.00355,0,10,0.005,0.025,5214,0,0,0.008438818565400843,True
1,1,4,60,25,0.00355,0,10,0.005,0.025,5111,0,0,0.010369790647622775,True
1,1,5,60,25,0.00355,0,10,0.005,0.025,5017,0,0,0.012557305162447678,True
1,1,6,60,25,0.00355,0,10,0.005,0.025,4937,0,0,0.01377354668827223,True
1,1,7,60,25,0.00355,0,10,0.005,0.025,4878,0,0,0.016810168101681018,True
1,1,8,60,25,0.00355,0,10,0.005,0.025,4794,0,0,0.018564872757613683,True
1,1,9,60,25,0.00355,0,10,0.005,0.025,4705,0,0,0.01891604675876727,True
1,1,10,60,25,0.00355,0,10,0.005,0.025,4624,0,0,0.020761245674740483,True
1,1,11,60,25,0.00355,0,10,0.005,0.025,4540,0,0,0.02356828193832599,True
1,1,12,60,25,0.00355,0,10,0.005,0.025,4494,0,0,0.024699599465954607,True
1,1,13,60,25,0.00355,0,10,0.005,0.025,4403,0,0,0.026118555530320237,True
1,1,14,60,25,0.00355,0,10,0.005,0.025,4355,0,0,0.029161882893226177,True
1,1,15,60,25,0.00355,0,10,0.005,0.025,4310,0,0,0.031090487238979118,True
1,1,16,60,25,0.00355,0,10,0.005,0.025,4234,0,0,0.033301842229570146,True
1,1,17,60,25,0.00355,0,10,0.005,0.025,4166,0,0,0.03456553048487758,True
1,1,18,60,25,0.00355,0,10,0.005,0.025,11946,0,0,0.013812154696132596,True
1,1,19,60,25,0.00355,0,10,0.005,0.025,11562,0,0,0.01617367237502162,True
1,1,20,60,25,0.00355,0,10,0.005,0.025,11277,0,0,0.019242706393544383,True
1,1,21,60,25,0.00355,0,10,0.005,0.025,10927,0,0,0.021231811110094263,True
1,1,22,60,25,0.00355,0,10,0.005,0.025,10612,0,0,0.02289860535243121,True
1,1,23,60,25,0.00355,0,10,0.005,0.025,10340,0,0,0.02437137330754352,True
1,1,24,60,25,0.00355,0,10,0.005,0.025,10050,0,0,0.026169154228855723,True
1,1,25,60,25,0.00355,0,10,0.005,0.025,9816,0,0,0.028219233903830482,True
1,1,26,60,25,0.00355,0,10,0.005,0.025,9566,0,0,0.030733849048714196,True
1,1,27,60,25,0.00355,0,10,0.005,0.025,9363,0,0,0.032254619245968175,True
1,1,28,60,25,0.00355,0,10,0.005,0.025,9111,0,0,0.034354077488749864,True
1,1,29,60,25,0.00355,0,10,0.005,0.025,8739,0,0,0.03696075065797002,True
1,1,30,60,25,0.00355,0,10,0.005,0.025,8538,0,0,0.03911923167018037,True
1,1,31,60,25,0.00355,0,10,0.005,0.025,8309,0,0,0.04212299915754002,True
1,1,32,60,25,0.00355,0,10,0.005,0.025,8084,0,0,0.04490351311232063,True
1,1,33,60,25,0.00355,0,10,0.005,0.025,7886,0,0,0.04755262490489475,True
1,1,34,60,25,0.00355,0,10,0.005,0.025,7659,0,0,0.04922313617965792,True
1,1,35,60,25,0.00355,0,10,0.005,0.025,7438,0,0,0.05189567087926862,True
1,1,36,60,25,0.00355,0,10,0.005,0.025,7283,0,0,0.055471646299601815,True
1,1,37,60,25,0.00355,0,10,0.005,0.025,7091,0,0,0.056973628543223805,True
1,1,38,60,25,0.00355,0,10,0.005,0.025,6957,0,0,0.05979588903262901,True
1,1,39,60,25,0.00355,0,10,0.005,0.025,6849,0,0,0.06103080741714119,True
1,1,40,60,25,0.00355,0,10,0.005,0.025,6734,0,0,0.061330561330561334,True
1,1,41,60,25,0.00355,0,10,0.005,0.025,7119,0,0,0.09313105773282765,True
1,1,42,60,25,0.00355,0,10,0.005,0.025,7005,0,0,0.09878658101356175,True
1,1,43,60,25,0.00355,0,10,0.005,0.025,6870,0,0,0.1,True
1,1,44,60,25,0.00355,0,10,0.005,0.025,6771,0,0,0.10500664599025254,True
1,1,45,60,25,0.00355,0,10,0.005,0.025,6646,0,0,0.10728257598555523,True
1,1,46,60,25,0.00355,0,10,0.005,0.025,6209,0,0,0.09019165727170236,True
1,1,47,60,25,0.00355,0,10,0.005,0.025,6078,0,0,0.0886804870023034,True
1,1,48,60,25,0.00355,0,10,0.005,0.025,5978,0,0,0.0896620943459351,True
1,1,49,60,25,0.00355,0,10,0.005,0.025,5893,0,0,0.09112506363482098,True
1,1,50,60,25,0.00355,0,10,0.005,0.025,5801,0,0,0.09205309429408723,True
1,1,51,60,25,0.00355,0,10,0.005,0.025,5713,0,0,0.09294591283038683,True
1,1,52,60,25,0.00355,0,10,0.005,0.025,5627,0,0,0.09312244535276346,True
1,2,1,60,25,0.00355,0,10,0.005,0.025,5557,7,0,0.09519524923519884,False
1,2,2,60,25,0.00355,0,10,0.005,0.025,5475,7,0,0.09680365296803653,False
1,2,3,60,25,0.00355,0,10,0.005,0.025,5408,7,2,0.09837278106508876,False
1,2,4,60,25,0.00355,0,10,0.005,0.025,5338,10,4,0.1005994754589734,False
1,2,5,60,25,0.00355,0,10,0.005,0.025,5264,9,3,0.10258358662613981,False
1,2,6,60,25,0.00355,0,10,0.005,0.025,5179,7,3,0.10523267039969106,False
1,2,7,60,25,0.00355,0,10,0.005,0.025,5112,7,5,0.10876369327073553,False
1,2,8,60,25,0.00355,0,10,0.005,0.025,5033,6,3,0.10908007152791575,False
1,2,9,60,25,0.00355,0,10,0.005,0.025,4954,5,1,0.11102139685102948,False
1,2,10,60,25,0.00355,0,10,0.005,0.025,4864,4,1,0.11369243421052631,False
1,2,11,60,25,0.00355,0,10,0.005,0.025,4811,6,1,0.1166077738515901,False
1,2,12,60,25,0.00355,0,10,0.005,0.025,4745,5,2,0.11886195995785037,False
1,2,13,60,25,0.00355,0,10,0.005,0.025,4683,5,3,0.11958146487294469,False
1,2,14,60,25,0.00355,0,10,0.005,0.025,4590,5,1,0.12026143790849673,False
1,2,15,60,25,0.00355,0,10,0.005,0.025,4503,4,2,0.12391738840772819,False
1,2,16,60,25,0.00355,0,10,0.005,0.025,4425,4,3,0.12293785310734463,False
1,2,17,60,25,0.00355,0,10,0.005,0.025,4350,2,2,0.1257471264367816,False
1,2,18,60,25,0.00355,0,10,0.005,0.025,8583,1,1,0.06431317721076546,False
1,2,19,60,25,0.00355,0,10,0.005,0.025,8377,0,0,0.06720783096573953,True
1,2,20,60,25,0.00355,0,10,0.005,0.025,8206,0,0,0.06970509383378017,True
1,2,21,60,25,0.00355,0,10,0.005,0.025,7986,0,0,0.07212622088655146,True
1,2,22,60,25,0.00355,0,10,0.005,0.025,7821,0,0,0.0759493670886076,True
1,2,23,60,25,0.00355,0,10,0.005,0.025,7636,0,0,0.07778941854374018,True
1,2,24,60,25,0.00355,0,10,0.005,0.025,7486,0,0,0.08014961261020571,True
1,2,25,60,25,0.00355,0,10,0.005,0.025,7270,0,0,0.08266850068775791,True
1,2,26,60,25,0.00355,0,10,0.005,0.025,7126,0,0,0.08518102722424922,True
1,2,27,60,25,0.00355,0,10,0.005,0.025,7008,0,0,0.08718607305936073,True
1,2,28,60,25,0.00355,0,10,0.005,0.025,6841,0,0,0.09033766993129659,True
1,2,29,60,25,0.00355,0,10,0.005,0.025,6698,0,0,0.09361003284562557,True
1,2,30,60,25,0.00355,0,10,0.005,0.025,6552,0,0,0.09615384615384616,True
1,2,31,60,25,0.00355,0,10,0.005,0.025,6374,0,0,0.09727016002510197,True
1,2,32,60,25,0.00355,0,10,0.005,0.025,6235,0,0,0.0995990376904571,True
1,2,33,60,25,0.00355,0,10,0.005,0.025,6110,0,0,0.10130932896890343,True
1,2,34,60,25,0.00355,0,10,0.005,0.025,5993,0,0,0.10478892040714166,True
1,2,35,60,25,0.00355,0,10,0.005,0.025,5875,0,0,0.1068936170212766,True
1,2,36,60,25,0.00355,0,10,0.005,0.025,5758,0,0,0.11045501910385551,True
1,2,37,60,25,0.00355,0,10,0.005,0.025,5658,0,0,0.11311417462000707,True
1,2,38,60,25,0.00355,0,10,0.005,0.025,5559,0,0,0.11422917790969599,True
1,2,39,60,25,0.00355,0,10,0.005,0.025,5475,0,0,0.11689497716894977,True
1,2,40,60,25,0.00355,0,10,0.005,0.025,5394,0,0,0.11865035224323323,True
1,2,41,60,25,0.00355,0,10,0.005,0.025,5863,0,0,0.1669793621013133,True
1,2,42,60,25,0.00355,0,10,0.005,0.025,5847,0,0,0.1694886266461433,True
1,2,43,60,25,0.00355,0,10,0.005,0.025,5769,0,0,0.1764603917490033,True
1,2,44,60,25,0.00355,0,10,0.005,0.025,5719,0,0,0.18132540653960483,True
1,2,45,60,25,0.00355,0,10,0.005,0.025,5637,0,0,0.1798829164449175,True
1,2,46,60,25,0.00355,0,10,0.005,0.025,5204,0,0,0.15103766333589547,True
1,2,47,60,25,0.00355,0,10,0.005,0.025,5122,0,0,0.14974619289340102,True
1,2,48,60,25,0.00355,0,10,0.005,0.025,5063,0,0,0.1497136085324906,True
1,2,49,60,25,0.00355,0,10,0.005,0.025,4978,0,0,0.15186822016874246,True
1,2,50,60,25,0.00355,0,10,0.005,0.025,4894,0,0,0.15161422149570902,True
1,2,51,60,25,0.00355,0,10,0.005,0.025,4846,0,0,0.15352868345026827,True
1,2,52,60,25,0.00355,0,10,0.005,0.025,4774,0,0,0.15710096355257647,True
1,3,1,60,25,0.00355,0,10,0.005,0.025,4694,0,0,0.1567959096719216,True
1,3,2,60,25,0.00355,0,10,0.005,0.025,4650,0,0,0.16043010752688172,True
1,3,3,60,25,0.00355,0,10,0.005,0.025,4593,0,0,0.16067929457870672,True
1,3,4,60,25,0.00355,0,10,0.005,0.025,4550,0,0,0.16197802197802197,True
1,3,5,60,25,0.00355,0,10,0.005,0.025,4502,0,0,0.16459351399378055,True
1,3,6,60,25,0.00355,0,10,0.005,0.025,4459,0,0,0.16595649248710473,True
1,3,7,60,25,0.00355,0,10,0.005,0.025,4414,0,0,0.16900770276393295,True
1,3,8,60,25,0.00355,0,10,0.005,0.025,4365,0,0,0.1711340206185567,True
1,3,9,60,25,0.00355,0,10,0.005,0.025,4303,0,0,0.174297002091564,True
1,3,10,60,25,0.00355,0,10,0.005,0.025,4261,0,0,0.17789251349448487,True
1,3,11,60,25,0.00355,0,10,0.005,0.025,4214,0,0,0.18130042714760322,True
1,3,12,60,25,0.00355,0,10,0.005,0.025,4157,0,0,0.1828241520327159,True
1,3,13,60,25,0.00355,0,10,0.005,0.025,4112,0,0,0.18531128404669261,True
1,3,14,60,25,0.00355,0,10,0.005,0.025,4062,0,0,0.18660758247168882,True
1,3,15,60,25,0.00355,0,10,0.005,0.025,4027,0,0,0.18847777501862428,True
1,3,16,60,25,0.00355,0,10,0.005,0.025,3978,0,0,0.19130216189039717,True
1,3,17,60,25,0.00355,0,10,0.005,0.025,3945,0,0,0.19340937896070975,True
1,3,18,60,25,0.00355,0,10,0.005,0.025,9390,0,0,0.0825346112886049,True
1,3,19,60,25,0.00355,0,10,0.005,0.025,9191,0,0,0.08497443150908497,True
1,3,20,60,25,0.00355,0,10,0.005,0.025,8972,0,0,0.08682567989300044,True
1,3,21,60,25,0.00355,0,10,0.005,0.025,8772,0,0,0.0899452804377565,True
1,3,22,60,25,0.00355,0,10,0.005,0.025,8545,0,0,0.0930368636629608,True
1,3,23,60,25,0.00355,0,10,0.005,0.025,8365,0,0,0.0958756724447101,True
1,3,24,60,25,0.00355,0,10,0.005,0.025,8151,0,0,0.09925162556741504,True
1,3,25,60,25,0.00355,0,10,0.005,0.025,7927,0,0,0.10104705437113662,True
1,3,26,60,25,0.00355,0,10,0.005,0.025,7771,0,0,0.10410500579076051,True
1,3,27,60,25,0.00355,0,10,0.005,0.025,7519,0,0,0.1061311344593696,True
1,3,28,60,25,0.00355,0,10,0.005,0.025,7331,0,0,0.10912563088255355,True
1,3,29,60,25,0.00355,0,10,0.005,0.025,7171,0,0,0.11197880351415423,True
1,3,30,60,25,0.00355,0,10,0.005,0.025,7010,0,0,0.11398002853067048,True
1,3,31,60,25,0.00355,0,10,0.005,0.025,6837,0,0,0.11701038467163961,True
1,3,32,60,25,0.00355,0,10,0.005,0.025,6705,0,0,0.12184936614466815,True
1,3,33,60,25,0.00355,0,10,0.005,0.025,6580,0,0,0.12522796352583587,True
1,3,34,60,25,0.00355,0,10,0.005,0.025,6422,0,0,0.12862036748676425,True
1,3,35,60,25,0.00355,0,10,0.005,0.025,6239,0,0,0.13319442218304214,True
1,3,36,60,25,0.00355,0,10,0.005,0.025,6101,0,0,0.1368628093755122,True
1,3,37,60,25,0.00355,0,10,0.005,0.025,5958,0,0,0.1383014434373951,True
1,3,38,60,25,0.00355,0,10,0.005,0.025,5874,0,0,0.14061967994552263,True
1,3,39,60,25,0.00355,0,10,0.005,0.025,5771,0,0,0.1408767977820135,True
1,3,40,60,25,0.00355,0,10,0.005,0.025,5698,0,0,0.14373464373464373,True
1,3,41,60,25,0.00355,0,10,0.005,0.025,6215,0,0,0.19404666130329848,True
1,3,42,60,25,0.00355,0,10,0.005,0.025,6201,0,0,0.20190291888405096,True
1,3,43,60,25,0.00355,0,10,0.005,0.025,6113,0,0,0.2028463929330934,True
1,3,44,60,25,0.00355,0,10,0.005,0.025,6052,0,0,0.20703899537343026,True
1,3,45,60,25,0.00355,0,10,0.005,0.025,5952,0,0,0.20766129032258066,True
1,3,46,60,25,0.00355,0,10,0.005,0.025,5519,0,0,0.18427251313643775,True
1,3,47,60,25,0.00355,0,10,0.005,0.025,5368,0,0,0.18070044709388972,True
1,3,48,60,25,0.00355,0,10,0.005,0.025,5273,0,0,0.1797838042859852,True
1,3,49,60,25,0.00355,0,10,0.005,0.025,5194,0,0,0.17963034270311898,True
1,3,50,60,25,0.00355,0,10,0.005,0.025,5107,0,0,0.18112394752300764,True
1,3,51,60,25,0.00355,0,10,0.005,0.025,5035,0,0,0.18411122144985104,True
1,3,52,60,25,0.00355,0,10,0.005,0.025,4968,0,0,0.18538647342995168,True
1,4,1,60,25,0.00355,0,10,0.005,0.025,4905,0,0,0.18837920489296636,True
1,4,2,60,25,0.00355,0,10,0.005,0.025,4842,0,0,0.19083023543990088,True
1,4,3,60,25,0.00355,0,10,0.005,0.025,4790,0,0,0.1941544885177453,True
1,4,4,60,25,0.00355,0,10,0.005,0.025,4740,0,0,0.19556962025316454,True
1,4,5,60,25,0.00355,0,10,0.005,0.025,4688,0,0,0.19859215017064846,True
1,4,6,60,25,0.00355,0,10,0.005,0.025,4634,0,0,0.2013379369874838,True
1,4,7,60,25,0.00355,0,10,0.005,0.025,4576,0,0,0.20148601398601398,True
1,4,8,60,25,0.00355,0,10,0.005,0.025,4525,0,0,0.20441988950276244,True
1,4,9,60,25,0.00355,0,10,0.005,0.025,4477,0,0,0.20638820638820637,True
1,4,10,60,25,0.00355,0,10,0.005,0.025,4425,0,0,0.20926553672316384,True
1,4,11,60,25,0.00355,0,10,0.005,0.025,4364,0,0,0.2115032080659945,True
1,4,12,60,25,0.00355,0,10,0.005,0.025,4324,0,0,0.21345975948196114,True
1,4,13,60,25,0.00355,0,10,0.005,0.025,4269,0,0,0.21527289763410634,True
1,4,14,60,25,0.00355,0,10,0.005,0.025,4210,0,0,0.2178147268408551,True
1,4,15,60,25,0.00355,0,10,0.005,0.025,4164,0,0,0.21853986551392893,True
1,4,16,60,25,0.00355,0,10,0.005,0.025,4112,0,0,0.2193579766536965,True
1,4,17,60,25,0.00355,0,10,0.005,0.025,4058,0,0,0.2220305569245934,True
1,4,18,60,25,0.00355,0,10,0.005,0.025,8875,0,0,0.1016338028169014,True
1,4,19,60,25,0.00355,0,10,0.005,0.025,8739,0,0,0.10493191440668269,True
1,4,20,60,25,0.00355,0,10,0.005,0.025,8577,0,0,0.1074967937507287,True
1,4,21,60,25,0.00355,0,10,0.005,0.025,8390,0,0,0.11108462455303933,True
1,4,22,60,25,0.00355,0,10,0.005,0.025,8186,0,0,0.11360860004886392,True
1,4,23,60,25,0.00355,0,10,0.005,0.025,7995,0,0,0.11607254534083802,True
1,4,24,60,25,0.00355,0,10,0.005,0.025,7813,0,0,0.11852041469345961,True
1,4,25,60,25,0.00355,0,10,0.005,0.025,7611,0,0,0.12258573117855735,True
1,4,26,60,25,0.00355,0,10,0.005,0.025,7377,0,0,0.12633862003524468,True
1,4,27,60,25,0.00355,0,10,0.005,0.025,7197,0,0,0.1290815617618452,True
1,4,28,60,25,0.00355,0,10,0.005,0.025,7013,0,0,0.13303864252103237,True
1,4,29,60,25,0.00355,0,10,0.005,0.025,6844,0,0,0.13617767387492694,True
1,4,30,60,25,0.00355,0,10,0.005,0.025,6674,0,0,0.13904704824692837,True
1,4,31,60,25,0.00355,0,10,0.005,0.025,6520,0,0,0.14202453987730063,True
1,4,32,60,25,0.00355,0,10,0.005,0.025,6352,0,0,0.1445214105793451,True
1,4,33,60,25,0.00355,0,10,0.005,0.025,6247,0,0,0.14759084360493036,True
1,4,34,60,25,0.00355,0,10,0.005,0.025,6087,0,0,0.15114177755873173,True
1,4,35,60,25,0.00355,0,10,0.005,0.025,5948,0,0,0.1558507061197041,True
1,4,36,60,25,0.00355,0,10,0.005,0.025,5800,0,0,0.15862068965517243,True
1,4,37,60,25,0.00355,0,10,0.005,0.025,5686,0,0,0.1625043967639817,True
1,4,38,60,25,0.00355,0,10,0.005,0.025,5597,0,0,0.16544577452206538,True
1,4,39,60,25,0.00355,0,10,0.005,0.025,5518,0,0,0.16799565059804278,True
1,4,40,60,25,0.00355,0,10,0.005,0.025,5449,0,0,0.17085703798862176,True
1,4,41,60,25,0.00355,0,10,0.005,0.025,6064,0,0,0.2262532981530343,True
1,4,42,60,25,0.00355,0,10,0.005,0.025,6051,0,0,0.22954883490332176,True
1,4,43,60,25,0.00355,0,10,0.005,0.025,5978,0,0,0.23770491803278687,True
1,4,44,60,25,0.00355,0,10,0.005,0.025,5881,0,0,0.2365244006121408,True
1,4,45,60,25,0.00355,0,10,0.005,0.025,5808,0,0,0.23536501377410468,True
1,4,46,60,25,0.00355,0,10,0.005,0.025,5323,0,0,0.20777756904001504,True
1,4,47,60,25,0.00355,0,10,0.005,0.025,5209,0,0,0.2048377807640622,True
1,4,48,60,25,0.00355,0,10,0.005,0.025,5150,0,0,0.20466019417475728,True
1,4,49,60,25,0.00355,0,10,0.005,0.025,5052,0,0,0.2058590657165479,True
1,4,50,60,25,0.00355,0,10,0.005,0.025,4987,0,0,0.20693803890114298,True
1,4,51,60,25,0.00355,0,10,0.005,0.025,4923,0,0,0.21084704448507008,True
1,4,52,60,25,0.00355,0,10,0.005,0.025,4869,0,0,0.21318545902649413,True
1,5,1,60,25,0.00355,0,10,0.005,0.025,4804,0,0,0.21523730224812657,True
1,5,2,60,25,0.00355,0,10,0.005,0.025,4747,0,0,0.2165578259953655,True
1,5,3,60,25,0.00355,0,10,0.005,0.025,4690,0,0,0.21812366737739872,True
1,5,4,60,25,0.00355,0,10,0.005,0.025,4635,0,0,0.2202804746494067,True
1,5,5,60,25,0.00355,0,10,0.005,0.025,4585,0,0,0.22290076335877862,True
1,5,6,60,25,0.00355,0,10,0.005,0.025,4513,0,0,0.2244626634167959,True
1,5,7,60,25,0.00355,0,10,0.005,0.025,4462,0,0,0.22702823845809053,True
1,5,8,60,25,0.00355,0,10,0.005,0.025,4416,0,0,0.23029891304347827,True
1,5,9,60,25,0.00355,0,10,0.005,0.025,4348,0,0,0.23045078196872126,True
1,5,10,60,25,0.00355,0,10,0.005,0.025,4309,0,0,0.2334648410304015,True
1,5,11,60,25,0.00355,0,10,0.005,0.025,4268,0,0,0.23500468603561386,True
1,5,12,60,25,0.00355,0,10,0.005,0.025,4214,0,0,0.23777883246321785,True
1,5,13,60,25,0.00355,0,10,0.005,0.025,4182,0,0,0.2415112386417982,True
1,5,14,60,25,0.00355,0,10,0.005,0.025,4118,0,0,0.24210781932977174,True
1,5,15,60,25,0.00355,0,10,0.005,0.025,4075,0,0,0.2463803680981595,True
1,5,16,60,25,0.00355,0,10,0.005,0.025,4028,0,0,0.24801390268123139,True
1,5,17,60,25,0.00355,0,10,0.005,0.025,3981,0,0,0.24993720170811354,True
1,5,18,60,25,0.00355,0,10,0.005,0.025,8746,0,0,0.11239423736565286,True
1,5,19,60,25,0.00355,0,10,0.005,0.025,8577,0,0,0.11519179200186545,True
1,5,20,60,25,0.00355,0,10,0.005,0.025,8356,0,0,0.1179990426041168,True
1,5,21,60,25,0.00355,0,10,0.005,0.025,8157,0,0,0.11989702096358955,True
1,5,22,60,25,0.00355,0,10,0.005,0.025,7986,0,0,0.12359128474830954,True
1,5,23,60,25,0.00355,0,10,0.005,0.025,7791,0,0,0.12668463611859837,True
1,5,24,60,25,0.00355,0,10,0.005,0.025,7634,0,0,0.13020696882368352,True
1,5,25,60,25,0.00355,0,10,0.005,0.025,7464,0,0,0.1327706323687031,True
1,5,26,60,25,0.00355,0,10,0.005,0.025,7279,0,0,0.1361450748729221,True
1,5,27,60,25,0.00355,0,10,0.005,0.025,7114,0,0,0.13817824008996346,True
1,5,28,60,25,0.00355,0,10,0.005,0.025,6928,0,0,0.14073325635103925,True
1,5,29,60,25,0.00355,0,10,0.005,0.025,6772,0,0,0.1445658594211459,True
1,5,30,60,25,0.00355,0,10,0.005,0.025,6594,0,0,0.14710342735820442,True
1,5,31,60,25,0.00355,0,10,0.005,0.025,6434,0,0,0.14843021448554555,True
1,5,32,60,25,0.00355,0,10,0.005,0.025,6305,0,0,0.15178429817605074,True
1,5,33,60,25,0.00355,0,10,0.005,0.025,6137,0,0,0.1546358155450546,True
1,5,34,60,25,0.00355,0,10,0.005,0.025,6032,0,0,0.15716180371352786,True
1,5,35,60,25,0.00355,0,10,0.005,0.025,5899,0,0,0.16138328530259366,True
1,5,36,60,25,0.00355,0,10,0.005,0.025,5730,0,0,0.16457242582897033,True
1,5,37,60,25,0.00355,0,10,0.005,0.025,5608,0,0,0.16672610556348075,True
1,5,38,60,25,0.00355,0,10,0.005,0.025,5524,0,0,0.17016654598117306,True
1,5,39,60,25,0.00355,0,10,0.005,0.025,5435,0,0,0.17111315547378106,True
1,5,40,60,25,0.00355,0,10,0.005,0.025,5350,0,0,0.17345794392523364,True
1,5,41,60,25,0.00355,0,10,0.005,0.025,5993,0,0,0.2329384281661939,True
1,5,42,60,25,0.00355,0,10,0.005,0.025,5974,0,0,0.23200535654502846,True
1,5,43,60,25,0.00355,0,10,0.005,0.025,5904,0,0,0.23323170731707318,True
1,5,44,60,25,0.00355,0,10,0.005,0.025,5853,0,0,0.23919357594396037,True
1,5,45,60,25,0.00355,0,10,0.005,0.025,5765,0,0,0.2404163052905464,True
1,5,46,60,25,0.00355,0,10,0.005,0.025,5315,0,0,0.21392285983066792,True
1,5,47,60,25,0.00355,0,10,0.005,0.025,5184,0,0,0.20929783950617284,True
1,5,48,60,25,0.00355,0,10,0.005,0.025,5091,0,0,0.20938911805146337,True
1,5,49,60,25,0.00355,0,10,0.005,0.025,5011,0,0,0.20913989223707843,True
1,5,50,60,25,0.00355,0,10,0.005,0.025,4953,0,0,0.21078134463961234,True
1,5,51,60,25,0.00355,0,10,0.005,0.025,4894,0,0,0.21087045361667348,True
1,5,52,60,25,0.00355,0,10,0.005,0.025,4824,0,0,0.21393034825870647,True
1,6,1,60,25,0.00355,0,10,0.005,0.025,4786,0,0,0.2158378604262432,True
1,6,2,60,25,0.00355,0,10,0.005,0.025,4731,0,0,0.21940393151553583,True
1,6,3,60,25,0.00355,0,10,0.005,0.025,4689,0,0,0.21966304116016208,True
1,6,4,60,25,0.00355,0,10,0.005,0.025,4642,0,0,0.22124084446359327,True
1,6,5,60,25,0.00355,0,10,0.005,0.025,4584,0,0,0.22360383944153578,True
1,6,6,60,25,0.00355,0,10,0.005,0.025,4542,0,0,0.22611184500220166,True
1,6,7,60,25,0.00355,0,10,0.005,0.025,4476,0,0,0.22654155495978553,True
1,6,8,60,25,0.00355,0,10,0.005,0.025,4423,0,0,0.230838797196473,True
1,6,9,60,25,0.00355,0,10,0.005,0.025,4367,0,0,0.23242500572475383,True
1,6,10,60,25,0.00355,0,10,0.005,0.025,4308,0,0,0.23467966573816157,True
1,6,11,60,25,0.00355,0,10,0.005,0.025,4255,0,0,0.23760282021151585,True
1,6,12,60,25,0.00355,0,10,0.005,0.025,4193,0,0,0.24016217505366086,True
1,6,13,60,25,0.00355,0,10,0.005,0.025,4126,0,0,0.24478914202617547,True
1,6,14,60,25,0.00355,0,10,0.005,0.025,4066,0,0,0.24643384161337925,True
1,6,15,60,25,0.00355,0,10,0.005,0.025,4017,0,0,0.25093353248693057,True
1,6,16,60,25,0.00355,0,10,0.005,0.025,3963,0,0,0.25309109260661117,True
1,6,17,60,25,0.00355,0,10,0.005,0.025,3928,0,0,0.2556008146639511,True
1,6,18,60,25,0.00355,0,10,0.005,0.025,8696,0,0,0.11603035878564857,True
1,6,19,60,25,0.00355,0,10,0.005,0.025,8553,0,0,0.11984099146498305,True
1,6,20,60,25,0.00355,0,10,0.005,0.025,8346,0,0,0.12353223100886652,True
1,6,21,60,25,0.00355,0,10,0.005,0.025,8163,0,0,0.1255665809138797,True
1,6,22,60,25,0.00355,0,10,0.005,0.025,7911,0,0,0.12868158260649729,True
1,6,23,60,25,0.00355,0,10,0.005,0.025,7723,0,0,0.1336268289524796,True
1,6,24,60,25,0.00355,0,10,0.005,0.025,7589,0,0,0.13572275662142574,True
1,6,25,60,25,0.00355,0,10,0.005,0.025,7453,0,0,0.13712598953441568,True
1,6,26,60,25,0.00355,0,10,0.005,0.025,7308,0,0,0.13998357963875205,True
1,6,27,60,25,0.00355,0,10,0.005,0.025,7176,0,0,0.14283723522853958,True
1,6,28,60,25,0.00355,0,10,0.005,0.025,6997,0,0,0.14563384307560384,True
1,6,29,60,25,0.00355,0,10,0.005,0.025,6855,0,0,0.14792122538293218,True
1,6,30,60,25,0.00355,0,10,0.005,0.025,6715,0,0,0.15160089352196573,True
1,6,31,60,25,0.00355,0,10,0.005,0.025,6515,0,0,0.15518035303146585,True
1,6,32,60,25,0.00355,0,10,0.005,0.025,6273,0,0,0.15877570540411287,True
1,6,33,60,25,0.00355,0,10,0.005,0.025,6147,0,0,0.16170489669757607,True
1,6,34,60,25,0.00355,0,10,0.005,0.025,5987,0,0,0.16452313345582095,True
1,6,35,60,25,0.00355,0,10,0.005,0.025,5814,0,0,0.16907464740282077,True
1,6,36,60,25,0.00355,0,10,0.005,0.025,5654,0,0,0.17350548284400424,True
1,6,37,60,25,0.00355,0,10,0.005,0.025,5558,0,0,0.17704210147535085,True
1,6,38,60,25,0.00355,0,10,0.005,0.025,5465,0,0,0.17767612076852698,True
1,6,39,60,25,0.00355,0,10,0.005,0.025,5387,0,0,0.18117690736959347,True
1,6,40,60,25,0.00355,0,10,0.005,0.025,5297,0,0,0.18255616386633944,True
1,6,41,60,25,0.00355,0,10,0.005,0.025,5867,0,0,0.23657746718936423,True
1,6,42,60,25,0.00355,0,10,0.005,0.025,5900,0,0,0.25033898305084745,True
1,6,43,60,25,0.00355,0,10,0.005,0.025,5799,0,0,0.24418003103983446,True
1,6,44,60,25,0.00355,0,10,0.005,0.025,5720,0,0,0.24423076923076922,True
1,6,45,60,25,0.00355,0,10,0.005,0.025,5647,0,0,0.2470338232689924,True
1,6,46,60,25,0.00355,0,10,0.005,0.025,5197,0,0,0.22051183375024053,True
1,6,47,60,25,0.00355,0,10,0.005,0.025,5067,0,0,0.21748569173080717,True
1,6,48,60,25,0.00355,0,10,0.005,0.025,4979,0,0,0.21671018276762402,True
1,6,49,60,25,0.00355,0,10,0.005,0.025,4922,0,0,0.21921982933766762,True
1,6,50,60,25,0.00355,0,10,0.005,0.025,4861,0,0,0.2190907220736474,True
1,6,51,60,25,0.00355,0,10,0.005,0.025,4807,0,0,0.2225920532556688,True
1,6,52,60,25,0.00355,0,10,0.005,0.025,4743,0,0,0.2262281256588657,True
1,7,1,60,25,0.00355,0,10,0.005,0.025,4668,0,0,0.2275064267352185,True
1,7,2,60,25,0.00355,0,10,0.005,0.025,4601,0,0,0.23038469897848293,True
1,7,3,60,25,0.00355,0,10,0.005,0.025,4549,0,0,0.2323587601670697,True
1,7,4,60,25,0.00355,0,10,0.005,0.025,4502,0,0,0.2356730342070191,True
1,7,5,60,25,0.00355,0,10,0.005,0.025,4464,0,0,0.23790322580645162,True
1,7,6,60,25,0.00355,0,10,0.005,0.025,4412,0,0,0.23889392565729828,True
1,7,7,60,25,0.00355,0,10,0.005,0.025,4357,0,0,0.2409915079182924,True
1,7,8,60,25,0.00355,0,10,0.005,0.025,4304,0,0,0.2437267657992565,True
1,7,9,60,25,0.00355,0,10,0.005,0.025,4249,0,0,0.24735231819251588,True
1,7,10,60,25,0.00355,0,10,0.005,0.025,4204,0,0,0.25023786869647957,True
1,7,11,60,25,0.00355,0,10,0.005,0.025,4139,0,0,0.2532012563421116,True
1,7,12,60,25,0.00355,0,10,0.005,0.025,4087,0,0,0.2554440910203083,True
1,7,13,60,25,0.00355,0,10,0.005,0.025,4039,0,0,0.2560039613765784,True
1,7,14,60,25,0.00355,0,10,0.005,0.025,4001,0,0,0.26118470382404396,True
1,7,15,60,25,0.00355,0,10,0.005,0.025,3969,0,0,0.26253464348702443,True
1,7,16,60,25,0.00355,0,10,0.005,0.025,3920,0,0,0.2653061224489796,True
1,7,17,60,25,0.00355,0,10,0.005,0.025,3888,0,0,0.268261316872428,True
1,7,18,60,25,0.00355,0,10,0.005,0.025,8739,0,0,0.12026547659915322,True
1,7,19,60,25,0.00355,0,10,0.005,0.025,8588,0,0,0.12307871448532837,True
1,7,20,60,25,0.00355,0,10,0.005,0.025,8402,0,0,0.12508926446084265,True
1,7,21,60,25,0.00355,0,10,0.005,0.025,8146,0,0,0.12963417628283821,True
1,7,22,60,25,0.00355,0,10,0.005,0.025,7963,0,0,0.1339947256059274,True
1,7,23,60,25,0.00355,0,10,0.005,0.025,7767,0,0,0.13634607956740055,True
1,7,24,60,25,0.00355,0,10,0.005,0.025,7600,0,0,0.14078947368421052,True
1,7,25,60,25,0.00355,0,10,0.005,0.025,7439,0,0,0.1446430971904826,True
1,7,26,60,25,0.00355,0,10,0.005,0.025,7250,0,0,0.14951724137931036,True
1,7,27,60,25,0.00355,0,10,0.005,0.025,7076,0,0,0.15319389485585078,True
1,7,28,60,25,0.00355,0,10,0.005,0.025,6882,0,0,0.15693112467306017,True
1,7,29,60,25,0.00355,0,10,0.005,0.025,6678,0,0,0.16112608565438755,True
1,7,30,60,25,0.00355,0,10,0.005,0.025,6520,0,0,0.1647239263803681,True
1,7,31,60,25,0.00355,0,10,0.005,0.025,6368,0,0,0.16834170854271358,True
1,7,32,60,25,0.00355,0,10,0.005,0.025,6245,0,0,0.1710168134507606,True
1,7,33,60,25,0.00355,0,10,0.005,0.025,6146,0,0,0.17474780344939797,True
1,7,34,60,25,0.00355,0,10,0.005,0.025,5985,0,0,0.17761069340016708,True
1,7,35,60,25,0.00355,0,10,0.005,0.025,5875,0,0,0.1807659574468085,True
1,7,36,60,25,0.00355,0,10,0.005,0.025,5747,0,0,0.18305202714459717,True
1,7,37,60,25,0.00355,0,10,0.005,0.025,5612,0,0,0.18799002138275125,True
1,7,38,60,25,0.00355,0,10,0.005,0.025,5523,0,0,0.19101937352887924,True
1,7,39,60,25,0.00355,0,10,0.005,0.025,5446,0,0,0.19482188762394417,True
1,7,40,60,25,0.00355,0,10,0.005,0.025,5352,0,0,0.1961883408071749,True
1,7,41,60,25,0.00355,0,10,0.005,0.025,5969,0,0,0.2472776009381806,True
1,7,42,60,25,0.00355,0,10,0.005,0.025,5899,0,0,0.25377182573317514,True
1,7,43,60,25,0.00355,0,10,0.005,0.025,5845,0,0,0.25919589392643283,True
1,7,44,60,25,0.00355,0,10,0.005,0.025,5765,0,0,0.25897658282740676,True
1,7,45,60,25,0.00355,0,10,0.005,0.025,5650,0,0,0.25557522123893806,True
1,7,46,60,25,0.00355,0,10,0.005,0.025,5190,0,0,0.22890173410404624,True
1,7,47,60,25,0.00355,0,10,0.005,0.025,5062,0,0,0.22718293164757014,True
1,7,48,60,25,0.00355,0,10,0.005,0.025,4967,0,0,0.2250855647271995,True
1,7,49,60,25,0.00355,0,10,0.005,0.025,4896,0,0,0.22834967320261437,True
1,7,50,60,25,0.00355,0,10,0.005,0.025,4835,0,0,0.23061013443640124,True
1,7,51,60,25,0.00355,0,10,0.005,0.025,4780,0,0,0.23347280334728032,True
1,7,52,60,25,0.00355,0,10,0.005,0.025,4728,0,0,0.23413705583756345,True
1,8,1,60,25,0.00355,0,10,0.005,0.025,4681,0,0,0.23862422559282204,True
1,8,2,60,25,0.00355,0,10,0.005,0.025,4632,0,0,0.24050086355785838,True
1,8,3,60,25,0.00355,0,10,0.005,0.025,4574,0,0,0.24223874070835155,True
1,8,4,60,25,0.00355,0,10,0.005,0.025,4512,0,0,0.24601063829787234,True
1,8,5,60,25,0.00355,0,10,0.005,0.025,4444,0,0,0.24707470747074708,True
1,8,6,60,25,0.00355,0,10,0.005,0.025,4408,0,0,0.24886569872958259,True
1,8,7,60,25,0.00355,0,10,0.005,0.025,4342,0,0,0.25149700598802394,True
1,8,8,60,25,0.00355,0,10,0.005,0.025,4292,0,0,0.255358807082945,True
1,8,9,60,25,0.00355,0,10,0.005,0.025,4225,0,0,0.25893491124260354,True
1,8,10,60,25,0.00355,0,10,0.005,0.025,4175,0,0,0.2613173652694611,True
1,8,11,60,25,0.00355,0,10,0.005,0.025,4121,0,0,0.2642562484833778,True
1,8,12,60,25,0.00355,0,10,0.005,0.025,4089,0,0,0.2665688432379555,True
1,8,13,60,25,0.00355,0,10,0.005,0.025,4032,0,0,0.2690972222222222,True
1,8,14,60,25,0.00355,0,10,0.005,0.025,3990,0,0,0.2704260651629073,True
1,8,15,60,25,0.00355,0,10,0.005,0.025,3938,0,0,0.2732351447435246,True
1,8,16,60,25,0.00355,0,10,0.005,0.025,3893,0,0,0.2735679424608271,True
1,8,17,60,25,0.00355,0,10,0.005,0.025,3854,0,0,0.2755578619615983,True
1,8,18,60,25,0.00355,0,10,0.005,0.025,8619,0,0,0.12414433228912868,True
1,8,19,60,25,0.00355,0,10,0.005,0.025,8456,0,0,0.12689214758751183,True
1,8,20,60,25,0.00355,0,10,0.005,0.025,8278,0,0,0.130103889828461,True
1,8,21,60,25,0.00355,0,10,0.005,0.025,8098,0,0,0.13348975055569276,True
1,8,22,60,25,0.00355,0,10,0.005,0.025,7945,0,0,0.1370673379483952,True
1,8,23,60,25,0.00355,0,10,0.005,0.025,7784,0,0,0.1397738951695786,True
1,8,24,60,25,0.00355,0,10,0.005,0.025,7596,0,0,0.14349657714586625,True
1,8,25,60,25,0.00355,0,10,0.005,0.025,7406,0,0,0.14650283553875237,True
1,8,26,60,25,0.00355,0,10,0.005,0.025,7224,0,0,0.14991694352159468,True
1,8,27,60,25,0.00355,0,10,0.005,0.025,7058,0,0,0.15287616888637007,True
1,8,28,60,25,0.00355,0,10,0.005,0.025,6882,0,0,0.15547805870386516,True
1,8,29,60,25,0.00355,0,10,0.005,0.025,6755,0,0,0.15810510732790525,True
1,8,30,60,25,0.00355,0,10,0.005,0.025,6643,0,0,0.1631792864669577,True
1,8,31,60,25,0.00355,0,10,0.005,0.025,6529,0,0,0.16556899984683718,True
1,8,32,60,25,0.00355,0,10,0.005,0.025,6420,0,0,0.167601246105919,True
1,8,33,60,25,0.00355,0,10,0.005,0.025,6263,0,0,0.16972696790675396,True
1,8,34,60,25,0.00355,0,10,0.005,0.025,6133,0,0,0.17250937550953857,True
1,8,35,60,25,0.00355,0,10,0.005,0.025,5989,0,0,0.17565536817498748,True
1,8,36,60,25,0.00355,0,10,0.005,0.025,5844,0,0,0.1798425735797399,True
1,8,37,60,25,0.00355,0,10,0.005,0.025,5711,0,0,0.1826300122570478,True
1,8,38,60,25,0.00355,0,10,0.005,0.025,5637,0,0,0.18662409082845485,True
1,8,39,60,25,0.00355,0,10,0.005,0.025,5569,0,0,0.19069850960675166,True
1,8,40,60,25,0.00355,0,10,0.005,0.025,5486,0,0,0.19212541013488882,True
1,8,41,60,25,0.00355,0,10,0.005,0.025,6149,0,0,0.24361684826801105,True
1,8,42,60,25,0.00355,0,10,0.005,0.025,6124,0,0,0.24967341606792945,True
1,8,43,60,25,0.00355,0,10,0.005,0.025,6023,0,0,0.25269799103436824,True
1,8,44,60,25,0.00355,0,10,0.005,0.025,5950,0,0,0.25495798319327734,True
1,8,45,60,25,0.00355,0,10,0.005,0.025,5851,0,0,0.2577337207314989,True
1,8,46,60,25,0.00355,0,10,0.005,0.025,5402,0,0,0.22676786375416513,True
1,8,47,60,25,0.00355,0,10,0.005,0.025,5258,0,0,0.22556104982883227,True
1,8,48,60,25,0.00355,0,10,0.005,0.025,5170,0,0,0.2276595744680851,True
1,8,49,60,25,0.00355,0,10,0.005,0.025,5110,0,0,0.22876712328767124,True
1,8,50,60,25,0.00355,0,10,0.005,0.025,5029,0,0,0.2320540862994631,True
1,8,51,60,25,0.00355,0,10,0.005,0.025,4959,0,0,0.2351280500100827,True
1,8,52,60,25,0.00355,0,10,0.005,0.025,4879,0,0,0.23611395777823324,True
1,9,1,60,25,0.00355,0,10,0.005,0.025,4837,0,0,0.23775067190407279,True
1,9,2,60,25,0.00355,0,10,0.005,0.025,4786,0,0,0.24300041788549936,True
1,9,3,60,25,0.00355,0,10,0.005,0.025,4736,0,0,0.24429898648648649,True
1,9,4,60,25,0.00355,0,10,0.005,0.025,4679,0,0,0.24663389613165207,True
1,9,5,60,25,0.00355,0,10,0.005,0.025,4604,0,0,0.24804517810599477,True
1,9,6,60,25,0.00355,0,10,0.005,0.025,4568,0,0,0.24956217162872155,True
1,9,7,60,25,0.00355,0,10,0.005,0.025,4512,0,0,0.25177304964539005,True
1,9,8,60,25,0.00355,0,10,0.005,0.025,4474,0,0,0.25413500223513635,True
1,9,9,60,25,0.00355,0,10,0.005,0.025,4416,0,0,0.2583786231884058,True
1,9,10,60,25,0.00355,0,10,0.005,0.025,4370,0,0,0.2613272311212815,True
1,9,11,60,25,0.00355,0,10,0.005,0.025,4321,0,0,0.26243925017357095,True
1,9,12,60,25,0.00355,0,10,0.005,0.025,4278,0,0,0.26390836839644694,True
1,9,13,60,25,0.00355,0,10,0.005,0.025,4232,0,0,0.26724952741020797,True
1,9,14,60,25,0.00355,0,10,0.005,0.025,4183,0,0,0.26870666985417163,True
1,9,15,60,25,0.00355,0,10,0.005,0.025,4148,0,0,0.2707328833172613,True
1,9,16,60,25,0.00355,0,10,0.005,0.025,4094,0,0,0.27259404005862237,True
1,9,17,60,25,0.00355,0,10,0.005,0.025,4056,0,0,0.27638067061143984,True
1,9,18,60,25,0.00355,0,10,0.005,0.025,8698,0,0,0.11577374108990572,True
1,9,19,60,25,0.00355,0,10,0.005,0.025,8505,0,0,0.11887125220458554,True
1,9,20,60,25,0.00355,0,10,0.005,0.025,8293,0,0,0.12227179549017243,True
1,9,21,60,25,0.00355,0,10,0.005,0.025,8119,0,0,0.12550806749599705,True
1,9,22,60,25,0.00355,0,10,0.005,0.025,7950,0,0,0.12767295597484277,True
1,9,23,60,25,0.00355,0,10,0.005,0.025,7781,0,0,0.13198817632695026,True
1,9,24,60,25,0.00355,0,10,0.005,0.025,7626,0,0,0.13545764489902964,True
1,9,25,60,25,0.00355,0,10,0.005,0.025,7479,0,0,0.13878860810268753,True
1,9,26,60,25,0.00355,0,10,0.005,0.025,7318,0,0,0.14225198141568735,True
1,9,27,60,25,0.00355,0,10,0.005,0.025,7189,0,0,0.14536096814577829,True
1,9,28,60,25,0.00355,0,10,0.005,0.025,7054,0,0,0.14927700595406862,True
1,9,29,60,25,0.00355,0,10,0.005,0.025,6927,0,0,0.15316875992493142,True
1,9,30,60,25,0.00355,0,10,0.005,0.025,6795,0,0,0.1557027225901398,True
1,9,31,60,25,0.00355,0,10,0.005,0.025,6676,0,0,0.1590772917914919,True
1,9,32,60,25,0.00355,0,10,0.005,0.025,6576,0,0,0.16164841849148417,True
1,9,33,60,25,0.00355,0,10,0.005,0.025,6454,0,0,0.16439417415556243,True
1,9,34,60,25,0.00355,0,10,0.005,0.025,6316,0,0,0.16798606713109562,True
1,9,35,60,25,0.00355,0,10,0.005,0.025,6161,0,0,0.1702645674403506,True
1,9,36,60,25,0.00355,0,10,0.005,0.025,6055,0,0,0.17423616845582163,True
1,9,37,60,25,0.00355,0,10,0.005,0.025,5957,0,0,0.17743830787309048,True
1,9,38,60,25,0.00355,0,10,0.005,0.025,5859,0,0,0.1793821471240826,True
1,9,39,60,25,0.00355,0,10,0.005,0.025,5788,0,0,0.18192812715964063,True
1,9,40,60,25,0.00355,0,10,0.005,0.025,5704,0,0,0.1844319775596073,True
1,9,41,60,25,0.00355,0,10,0.005,0.025,6395,0,0,0.24190774042220484,True
1,9,42,60,25,0.00355,0,10,0.005,0.025,6283,0,0,0.2401718924080853,True
1,9,43,60,25,0.00355,0,10,0.005,0.025,6184,0,0,0.2409443725743855,True
1,9,44,60,25,0.00355,0,10,0.005,0.025,6080,0,0,0.24177631578947367,True
1,9,45,60,25,0.00355,0,10,0.005,0.025,5944,0,0,0.24091520861372812,True
1,9,46,60,25,0.00355,0,10,0.005,0.025,5474,0,0,0.21739130434782608,True
1,9,47,60,25,0.00355,0,10,0.005,0.025,5362,0,0,0.21279373368146215,True
1,9,48,60,25,0.00355,0,10,0.005,0.025,5264,0,0,0.2135258358662614,True
1,9,49,60,25,0.00355,0,10,0.005,0.025,5198,0,0,0.2183532127741439,True
1,9,50,60,25,0.00355,0,10,0.005,0.025,5135,0,0,0.21908471275559882,True
1,9,51,60,25,0.00355,0,10,0.005,0.025,5067,0,0,0.22320899940793368,True
1,9,52,60,25,0.00355,0,10,0.005,0.025,5001,0,0,0.22595480903819237,True
1,10,1,60,25,0.00355,0,10,0.005,0.025,4948,0,0,0.22877930476960387,True
1,10,2,60,25,0.00355,0,10,0.005,0.025,4895,0,0,0.2316649642492339,True
1,10,3,60,25,0.00355,0,10,0.005,0.025,4849,0,0,0.23406888018148073,True
1,10,4,60,25,0.00355,0,10,0.005,0.025,4782,0,0,0.2381848598912589,True
1,10,5,60,25,0.00355,0,10,0.005,0.025,4706,0,0,0.2384190395240119,True
1,10,6,60,25,0.00355,0,10,0.005,0.025,4645,0,0,0.24198062432723358,True
1,10,7,60,25,0.00355,0,10,0.005,0.025,4594,0,0,0.24444928167174576,True
1,10,8,60,25,0.00355,0,10,0.005,0.025,4563,0,0,0.24567170721016876,True
1,10,9,60,25,0.00355,0,10,0.005,0.025,4498,0,0,0.24899955535793686,True
1,10,10,60,25,0.00355,0,10,0.005,0.025,4445,0,0,0.2512935883014623,True
1,10,11,60,25,0.00355,0,10,0.005,0.025,4393,0,0,0.253357614386524,True
1,10,12,60,25,0.00355,0,10,0.005,0.025,4343,0,0,0.2546626755698826,True
1,10,13,60,25,0.00355,0,10,0.005,0.025,4275,0,0,0.2554385964912281,True
1,10,14,60,25,0.00355,0,10,0.005,0.025,4237,0,0,0.258909605853198,True
1,10,15,60,25,0.00355,0,10,0.005,0.025,4185,0,0,0.26140979689366783,True
1,10,16,60,25,0.00355,0,10,0.005,0.025,4152,0,0,0.26565510597302505,True
1,10,17,60,25,0.00355,0,10,0.005,0.025,4097,0,0,0.2660483280449109,True
1,10,18,60,25,0.00355,0,10,0.005,0.025,8782,0,0,0.120018219084491,True
1,10,19,60,25,0.00355,0,10,0.005,0.025,8606,0,0,0.12247269346967232,True
1,10,20,60,25,0.00355,0,10,0.005,0.025,8420,0,0,0.12577197149643707,True
1,10,21,60,25,0.00355,0,10,0.005,0.025,8244,0,0,0.13124696749150896,True
1,10,22,60,25,0.00355,0,10,0.005,0.025,8115,0,0,0.13419593345656192,True
1,10,23,60,25,0.00355,0,10,0.005,0.025,7977,0,0,0.13689356901090635,True
1,10,24,60,25,0.00355,0,10,0.005,0.025,7757,0,0,0.1401314941343303,True
1,10,25,60,25,0.00355,0,10,0.005,0.025,7608,0,0,0.143664563617245,True
1,10,26,60,25,0.00355,0,10,0.005,0.025,7431,0,0,0.14681738662360383,True
1,10,27,60,25,0.00355,0,10,0.005,0.025,7284,0,0,0.15046677649643053,True
1,10,28,60,25,0.00355,0,10,0.005,0.025,7154,0,0,0.1529214425496226,True
1,10,29,60,25,0.00355,0,10,0.005,0.025,7004,0,0,0.15705311250713877,True
1,10,30,60,25,0.00355,0,10,0.005,0.025,6867,0,0,0.1600407747196738,True
1,10,31,60,25,0.00355,0,10,0.005,0.025,6744,0,0,0.16355278766310793,True
1,10,32,60,25,0.00355,0,10,0.005,0.025,6612,0,0,0.16787658802177857,True
1,10,33,60,25,0.00355,0,10,0.005,0.025,6488,0,0,0.17046855733662145,True
1,10,34,60,25,0.00355,0,10,0.005,0.025,6350,0,0,0.17401574803149605,True
1,10,35,60,25,0.00355,0,10,0.005,0.025,6191,0,0,0.17783879825553223,True
1,10,36,60,25,0.00355,0,10,0.005,0.025,6038,0,0,0.18267638290824775,True
1,10,37,60,25,0.00355,0,10,0.005,0.025,5924,0,0,0.18517893315327483,True
1,10,38,60,25,0.00355,0,10,0.005,0.025,5840,0,0,0.1875,True
1,10,39,60,25,0.00355,0,10,0.005,0.025,5753,0,0,0.1913784112636885,True
1,10,40,60,25,0.00355,0,10,0.005,0.025,5672,0,0,0.192524682651622,True
1,10,41,60,25,0.00355,0,10,0.005,0.025,6338,0,0,0.24928999684443043,True
1,10,42,60,25,0.00355,0,10,0.005,0.025,6291,0,0,0.25210618343665553,True
1,10,43,60,25,0.00355,0,10,0.005,0.025,6219,0,0,0.25727608940344104,True
1,10,44,60,25,0.00355,0,10,0.005,0.025,6076,0,0,0.2554312047399605,True
1,10,45,60,25,0.00355,0,10,0.005,0.025,5935,0,0,0.2500421229991575,True
1,10,46,60,25,0.00355,0,10,0.005,0.025,5446,0,0,0.22658832170400295,True
1,10,47,60,25,0.00355,0,10,0.005,0.025,5326,0,0,0.22437101013894103,True
1,10,48,60,25,0.00355,0,10,0.005,0.025,5266,0,0,0.2257880744398025,True
1,10,49,60,25,0.00355,0,10,0.005,0.025,5188,0,0,0.22706245181187357,True
1,10,50,60,25,0.00355,0,10,0.005,0.025,5137,0,0,0.2316527155927584,True
1,10,51,60,25,0.00355,0,10,0.005,0.025,5064,0,0,0.23400473933649288,True
1,10,52,60,25,0.00355,0,10,0.005,0.025,5002,0,0,0.2383046781287485,True
1,11,1,60,25,0.00355,0,10,0.005,0.025,4966,0,0,0.2396294804671768,True
1,11,2,60,25,0.00355,0,10,0.005,0.025,4902,0,0,0.24153406772745817,True
1,11,3,60,25,0.00355,0,10,0.005,0.025,4828,0,0,0.24502899751449875,True
1,11,4,60,25,0.00355,0,10,0.005,0.025,4777,0,0,0.24785430186309398,True
1,11,5,60,25,0.00355,0,10,0.005,0.025,4733,0,0,0.25015846186351154,True
1,11,6,60,25,0.00355,0,10,0.005,0.025,4676,0,0,0.2517108639863131,True
1,11,7,60,25,0.00355,0,10,0.005,0.025,4620,0,0,0.2538961038961039,True
1,11,8,60,25,0.00355,0,10,0.005,0.025,4558,0,0,0.25471698113207547,True
1,11,9,60,25,0.00355,0,10,0.005,0.025,4502,0,0,0.25655264326965793,True
1,11,10,60,25,0.00355,0,10,0.005,0.025,4452,0,0,0.2587601078167116,True
1,11,11,60,25,0.00355,0,10,0.005,0.025,4406,0,0,0.26123467998184297,True
1,11,12,60,25,0.00355,0,10,0.005,0.025,4342,0,0,0.2643942883463842,True
1,11,13,60,25,0.00355,0,10,0.005,0.025,4298,0,0,0.2659376454164728,True
1,11,14,60,25,0.00355,0,10,0.005,0.025,4234,0,0,0.2697213037316958,True
1,11,15,60,25,0.00355,0,10,0.005,0.025,4180,0,0,0.2720095693779904,True
1,11,16,60,25,0.00355,0,10,0.005,0.025,4136,0,0,0.27393617021276595,True
1,11,17,60,25,0.00355,0,10,0.005,0.025,4082,0,0,0.27633512983831454,True
1,11,18,60,25,0.00355,0,10,0.005,0.025,8823,0,0,0.120367222033322,True
1,11,19,60,25,0.00355,0,10,0.005,0.025,8651,0,0,0.12345393596116055,True
1,11,20,60,25,0.00355,0,10,0.005,0.025,8477,0,0,0.1270496637961543,True
1,11,21,60,25,0.00355,0,10,0.005,0.025,8285,0,0,0.13059746529873265,True
1,11,22,60,25,0.00355,0,10,0.005,0.025,8081,0,0,0.13500804355896548,True
1,11,23,60,25,0.00355,0,10,0.005,0.025,7871,0,0,0.13759369838648203,True
1,11,24,60,25,0.00355,0,10,0.005,0.025,7704,0,0,0.1413551401869159,True
1,11,25,60,25,0.00355,0,10,0.005,0.025,7568,0,0,0.14482029598308668,True
1,11,26,60,25,0.00355,0,10,0.005,0.025,7419,0,0,0.14867232780698209,True
1,11,27,60,25,0.00355,0,10,0.005,0.025,7298,0,0,0.1518224171005755,True
1,11,28,60,25,0.00355,0,10,0.005,0.025,7177,0,0,0.15493938971715202,True
1,11,29,60,25,0.00355,0,10,0.005,0.025,7028,0,0,0.15836653386454183,True
1,11,30,60,25,0.00355,0,10,0.005,0.025,6843,0,0,0.16235569194797603,True
1,11,31,60,25,0.00355,0,10,0.005,0.025,6711,0,0,0.1659961257636716,True
1,11,32,60,25,0.00355,0,10,0.005,0.025,6562,0,0,0.16976531545260592,True
1,11,33,60,25,0.00355,0,10,0.005,0.025,6459,0,0,0.1727821644217371,True
1,11,34,60,25,0.00355,0,10,0.005,0.025,6292,0,0,0.1757787666878576,True
1,11,35,60,25,0.00355,0,10,0.005,0.025,6188,0,0,0.18002585649644473,True
1,11,36,60,25,0.00355,0,10,0.005,0.025,6034,0,0,0.18279748094133244,True
1,11,37,60,25,0.00355,0,10,0.005,0.025,5921,0,0,0.18628610032089174,True
1,11,38,60,25,0.00355,0,10,0.005,0.025,5841,0,0,0.19072076699195342,True
1,11,39,60,25,0.00355,0,10,0.005,0.025,5771,0,0,0.19234101542193727,True
1,11,40,60,25,0.00355,0,10,0.005,0.025,5687,0,0,0.19518199402145245,True
1,11,41,60,25,0.00355,0,10,0.005,0.025,6390,0,0,0.24851330203442878,True
1,11,42,60,25,0.00355,0,10,0.005,0.025,6383,0,0,0.25802913990286697,True
1,11,43,60,25,0.00355,0,10,0.005,0.025,6281,0,0,0.25728387199490527,True
1,11,44,60,25,0.00355,0,10,0.005,0.025,6152,0,0,0.25975292587776333,True
1,11,45,60,25,0.00355,0,10,0.005,0.025,6034,0,0,0.25870069605568446,True
1,11,46,60,25,0.00355,0,10,0.005,0.025,5522,0,0,0.23560304237595076,True
1,11,47,60,25,0.00355,0,10,0.005,0.025,5358,0,0,0.22993654348637552,True
1,11,48,60,25,0.00355,0,10,0.005,0.025,5282,0,0,0.23097311624384703,True
1,11,49,60,25,0.00355,0,10,0.005,0.025,5195,0,0,0.23214629451395571,True
1,11,50,60,25,0.00355,0,10,0.005,0.025,5131,0,0,0.2358214772948743,True
1,11,51,60,25,0.00355,0,10,0.005,0.025,5054,0,0,0.2372378314206569,True
1,11,52,60,25,0.00355,0,10,0.005,0.025,4993,0,0,0.23933506909673544,True
1,1,1,60,25,0.00669,0,10,0.005,0.025,5423,0,0,0.00165959800848239,True
1,1,2,60,25,0.00669,0,10,0.005,0.025,5362,0,0,0.0039164490861618795,True
1,1,3,60,25,0.00669,0,10,0.005,0.025,5282,0,0,0.006436955698599016,True
1,1,4,60,25,0.00669,0,10,0.005,0.025,5213,0,0,0.008248609246115481,True
1,1,5,60,25,0.00669,0,10,0.005,0.025,5155,0,0,0.01008729388942774,True
1,1,6,60,25,0.00669,0,10,0.005,0.025,5129,0,0,0.012283096120101384,True
1,1,7,60,25,0.00669,0,10,0.005,0.025,5084,0,0,0.014162077104642014,True
1,1,8,60,25,0.00669,0,10,0.005,0.025,5032,0,0,0.01589825119236884,True
1,1,9,60,25,0.00669,0,10,0.005,0.025,4999,0,0,0.017603520704140826,True
1,1,10,60,25,0.00669,0,10,0.005,0.025,4963,0,0,0.01853717509570824,True
1,1,11,60,25,0.00669,0,10,0.005,0.025,4917,0,0,0.021151108399430546,True
1,1,12,60,25,0.00669,0,10,0.005,0.025,4870,0,0,0.021560574948665298,True
1,1,13,60,25,0.00669,0,10,0.005,0.025,4789,0,0,0.024013363959072876,True
1,1,14,60,25,0.00669,0,10,0.005,0.025,4749,0,0,0.026531901452937462,True
1,1,15,60,25,0.00669,0,10,0.005,0.025,4706,0,0,0.028261793455163622,True
1,1,16,60,25,0.00669,0,10,0.005,0.025,4662,0,0,0.028743028743028743,True
1,1,17,60,25,0.00669,0,10,0.005,0.025,4625,0,0,0.030486486486486487,True
1,1,18,60,25,0.00669,0,10,0.005,0.025,13163,0,0,0.012763047937400289,True
1,1,19,60,25,0.00669,0,10,0.005,0.025,12905,0,0,0.014413018209996126,True
1,1,20,60,25,0.00669,0,10,0.005,0.025,12602,0,0,0.016425964132677353,True
1,1,21,60,25,0.00669,0,10,0.005,0.025,12308,0,0,0.017630809229769256,True
1,1,22,60,25,0.00669,0,10,0.005,0.025,11991,0,0,0.02009840713868735,True
1,1,23,60,25,0.00669,0,10,0.005,0.025,11692,0,0,0.022665070133424566,True
1,1,24,60,25,0.00669,0,10,0.005,0.025,11419,0,0,0.025658989403625536,True
1,1,25,60,25,0.00669,0,10,0.005,0.025,11114,0,0,0.027442864855137663,True
1,1,26,60,25,0.00669,0,10,0.005,0.025,10868,0,0,0.02889216047110784,True
1,1,27,60,25,0.00669,0,10,0.005,0.025,10587,0,0,0.03135921413053745,True
1,1,28,60,25,0.00669,0,10,0.005,0.025,10323,0,0,0.03380800154993703,True
1,1,29,60,25,0.00669,0,10,0.005,0.025,10102,0,0,0.03563650762225302,True
1,1,30,60,25,0.00669,0,10,0.005,0.025,9906,0,0,0.03755299818291944,True
1,1,31,60,25,0.00669,0,10,0.005,0.025,9709,0,0,0.03913894324853229,True
1,1,32,60,25,0.00669,0,10,0.005,0.025,9488,0,0,0.041104553119730186,True
1,1,33,60,25,0.00669,0,10,0.005,0.025,9276,0,0,0.04344545062526951,True
1,1,34,60,25,0.00669,0,10,0.005,0.025,9041,0,0,0.04645503815949563,True
1,1,35,60,25,0.00669,0,10,0.005,0.025,8836,0,0,0.048664554096876415,True
1,1,36,60,25,0.00669,0,10,0.005,0.025,8642,0,0,0.05114556815551956,True
1,1,37,60,25,0.00669,0,10,0.005,0.025,8467,0,0,0.05291130270461793,True
1,1,38,60,25,0.00669,0,10,0.005,0.025,8347,0,0,0.05463040613394034,True
1,1,39,60,25,0.00669,0,10,0.005,0.025,8195,0,0,0.05784014643075046,True
1,1,40,60,25,0.00669,0,10,0.005,0.025,8052,0,0,0.06023348236462991,True
1,1,41,60,25,0.00669,0,10,0.005,0.025,8147,0,0,0.07487418681723333,True
1,1,42,60,25,0.00669,0,10,0.005,0.025,8070,0,0,0.08029739776951673,True
1,1,43,60,25,0.00669,0,10,0.005,0.025,8000,0,0,0.084375,True
1,1,44,60,25,0.00669,0,10,0.005,0.025,7962,0,0,0.08666164280331574,True
1,1,45,60,25,0.00669,0,10,0.005,0.025,7900,0,0,0.0879746835443038,True
1,1,46,60,25,0.00669,0,10,0.005,0.025,7667,0,0,0.08217034041998174,True
1,1,47,60,25,0.00669,0,10,0.005,0.025,7604,0,0,0.08364018937401367,True
1,1,48,60,25,0.00669,0,10,0.005,0.025,7518,0,0,0.085927108273477,True
1,1,49,60,25,0.00669,0,10,0.005,0.025,7442,0,0,0.08787960225745767,True
1,1,50,60,25,0.00669,0,10,0.005,0.025,7327,0,0,0.08939538692507165,True
1,1,51,60,25,0.00669,0,10,0.005,0.025,7214,0,0,0.09148877183254782,True
1,1,52,60,25,0.00669,0,10,0.005,0.025,7117,0,0,0.09315722916959393,True
1,2,1,60,25,0.00669,0,10,0.005,0.025,7024,8,0,0.09439066059225512,False
1,2,2,60,25,0.00669,0,10,0.005,0.025,6930,8,0,0.09696969696969697,False
1,2,3,60,25,0.00669,0,10,0.005,0.025,6843,8,1,0.09747186906327635,False
1,2,4,60,25,0.00669,0,10,0.005,0.025,6754,9,4,0.10082913828842167,False
1,2,5,60,25,0.00669,0,10,0.005,0.025,6658,11,6,0.10348452988885551,False
1,2,6,60,25,0.00669,0,10,0.005,0.025,6557,8,3,0.10523105078542017,False
1,2,7,60,25,0.00669,0,10,0.005,0.025,6474,5,2,0.10827927092987334,False
1,2,8,60,25,0.00669,0,10,0.005,0.025,6384,7,4,0.11137218045112782,False
1,2,9,60,25,0.00669,0,10,0.005,0.025,6292,7,3,0.11220597584233948,False
1,2,10,60,25,0.00669,0,10,0.005,0.025,6206,5,3,0.11327747341282629,False
1,2,11,60,25,0.00669,0,10,0.005,0.025,6113,4,4,0.11516440372975625,False
1,2,12,60,25,0.00669,0,10,0.005,0.025,6038,2,2,0.1180854587611792,False
1,2,13,60,25,0.00669,0,10,0.005,0.025,5951,0,0,0.11981179633675013,False
1,2,14,60,25,0.00669,0,10,0.005,0.025,5868,0,0,0.12184730743012952,False
1,2,15,60,25,0.00669,0,10,0.005,0.025,5763,0,0,0.122852680895367,False
1,2,16,60,25,0.00669,0,10,0.005,0.025,5678,0,0,0.1252201479394153,False
1,2,17,60,25,0.00669,0,10,0.005,0.025,5580,0,0,0.12670250896057347,False
1,2,18,60,25,0.00669,0,10,0.005,0.025,11301,0,0,0.06353420051322892,False
1,2,19,60,25,0.00669,0,10,0.005,0.025,11085,0,0,0.06594497068110058,False
1,2,20,60,25,0.00669,0,10,0.005,0.025,10815,0,0,0.06870087840961628,False
1,2,21,60,25,0.00669,0,10,0.005,0.025,10597,0,0,0.07115221289044069,False
1,2,22,60,25,0.00669,0,10,0.005,0.025,10365,0,0,0.07255185721177038,False
1,2,23,60,25,0.00669,0,10,0.005,0.025,10136,0,0,0.07537490134175218,False
1,2,24,60,25,0.00669,0,10,0.005,0.025,9922,0,0,0.07800846603507357,False
1,2,25,60,25,0.00669,0,10,0.005,0.025,9738,0,0,0.08081741630724995,False
1,2,26,60,25,0.00669,0,10,0.005,0.025,9512,0,0,0.08441968040370058,False
1,2,27,60,25,0.00669,0,10,0.005,0.025,9304,0,0,0.08791917454858125,False
1,2,28,60,25,0.00669,0,10,0.005,0.025,9134,0,0,0.09021239325596672,False
1,2,29,60,25,0.00669,0,10,0.005,0.025,8895,0,0,0.09421023046655425,False
1,2,30,60,25,0.00669,0,10,0.005,0.025,8671,0,0,0.09664398569945797,False
1,2,31,60,25,0.00669,0,10,0.005,0.025,8479,0,0,0.09930416322679561,False
1,2,32,60,25,0.00669,0,10,0.005,0.025,8309,0,0,0.10133590083042485,False
1,2,33,60,25,0.00669,0,10,0.005,0.025,8135,0,0,0.1043638598647818,False
1,2,34,60,25,0.00669,0,10,0.005,0.025,8009,0,0,0.10613060307154451,False
1,2,35,60,25,0.00669,0,10,0.005,0.025,7843,0,0,0.10761188320795614,False
1,2,36,60,25,0.00669,0,10,0.005,0.025,7677,0,0,0.11032955581607398,False
1,2,37,60,25,0.00669,0,10,0.005,0.025,7518,0,0,0.11186485767491354,False
1,2,38,60,25,0.00669,0,10,0.005,0.025,7412,0,0,0.11373448461953589,False
1,2,39,60,25,0.00669,0,10,0.005,0.025,7313,0,0,0.11541091207438807,False
1,2,40,60,25,0.00669,0,10,0.005,0.025,7227,0,0,0.1178912411789124,False
1,2,41,60,25,0.00669,0,10,0.005,0.025,7440,1,1,0.14099462365591398,False
1,2,42,60,25,0.00669,0,10,0.005,0.025,7425,0,0,0.14585858585858585,False
1,2,43,60,25,0.00669,0,10,0.005,0.025,7376,0,0,0.15008134490238612,True
1,2,44,60,25,0.00669,0,10,0.005,0.025,7358,0,0,0.15425387333514542,True
1,2,45,60,25,0.00669,0,10,0.005,0.025,7334,0,0,0.1574856831197164,True
1,2,46,60,25,0.00669,0,10,0.005,0.025,7120,0,0,0.14859550561797752,True
1,2,47,60,25,0.00669,0,10,0.005,0.025,7023,0,0,0.14723052826427452,True
1,2,48,60,25,0.00669,0,10,0.005,0.025,6963,0,0,0.14893005888266553,True
1,2,49,60,25,0.00669,0,10,0.005,0.025,6896,0,0,0.15298723897911834,True
1,2,50,60,25,0.00669,0,10,0.005,0.025,6812,0,0,0.15458015267175573,True
1,2,51,60,25,0.00669,0,10,0.005,0.025,6741,0,0,0.155318202047174,True
1,2,52,60,25,0.00669,0,10,0.005,0.025,6657,0,0,0.15667718191377497,True
1,3,1,60,25,0.00669,0,10,0.005,0.025,6581,0,0,0.1592463151496733,True
1,3,2,60,25,0.00669,0,10,0.005,0.025,6491,0,0,0.16284085657063627,True
1,3,3,60,25,0.00669,0,10,0.005,0.025,6410,0,0,0.16474258970358815,True
1,3,4,60,25,0.00669,0,10,0.005,0.025,6349,0,0,0.1680579618837612,True
1,3,5,60,25,0.00669,0,10,0.005,0.025,6266,0,0,0.16836897542291734,True
1,3,6,60,25,0.00669,0,10,0.005,0.025,6174,0,0,0.17006802721088435,True
1,3,7,60,25,0.00669,0,10,0.005,0.025,6098,0,0,0.1716956379140702,True
1,3,8,60,25,0.00669,0,10,0.005,0.025,6038,0,0,0.17290493540907587,True
1,3,9,60,25,0.00669,0,10,0.005,0.025,5978,0,0,0.17781866845098696,True
1,3,10,60,25,0.00669,0,10,0.005,0.025,5903,0,0,0.17906149415551414,True
1,3,11,60,25,0.00669,0,10,0.005,0.025,5824,0,0,0.18080357142857142,True
1,3,12,60,25,0.00669,0,10,0.005,0.025,5741,0,0,0.18254659466991813,True
1,3,13,60,25,0.00669,0,10,0.005,0.025,5671,0,0,0.1851525304179157,True
1,3,14,60,25,0.00669,0,10,0.005,0.025,5596,0,0,0.18620443173695497,True
1,3,15,60,25,0.00669,0,10,0.005,0.025,5517,0,0,0.1877832155156788,True
1,3,16,60,25,0.00669,0,10,0.005,0.025,5443,0,0,0.18868271173984935,True
1,3,17,60,25,0.00669,0,10,0.005,0.025,5391,0,0,0.19031719532554256,True
1,3,18,60,25,0.00669,0,10,0.005,0.025,11833,0,0,0.08814332798106989,True
1,3,19,60,25,0.00669,0,10,0.005,0.025,11593,0,0,0.09074441473302855,True
1,3,20,60,25,0.00669,0,10,0.005,0.025,11334,0,0,0.09440621139932945,True
1,3,21,60,25,0.00669,0,10,0.005,0.025,11071,0,0,0.09728118507813206,True
1,3,22,60,25,0.00669,0,10,0.005,0.025,10837,0,0,0.09965857709698256,True
1,3,23,60,25,0.00669,0,10,0.005,0.025,10519,0,0,0.10219602623823558,True
1,3,24,60,25,0.00669,0,10,0.005,0.025,10320,0,0,0.10416666666666667,True
1,3,25,60,25,0.00669,0,10,0.005,0.025,10092,0,0,0.10770907649623464,True
1,3,26,60,25,0.00669,0,10,0.005,0.025,9875,0,0,0.112,True
1,3,27,60,25,0.00669,0,10,0.005,0.025,9651,0,0,0.11418505854315615,True
1,3,28,60,25,0.00669,0,10,0.005,0.025,9444,0,0,0.1163701821262177,True
1,3,29,60,25,0.00669,0,10,0.005,0.025,9239,0,0,0.12068405671609482,True
1,3,30,60,25,0.00669,0,10,0.005,0.025,9079,0,0,0.12347174798986672,True
1,3,31,60,25,0.00669,0,10,0.005,0.025,8866,0,0,0.1268892397924656,True
1,3,32,60,25,0.00669,0,10,0.005,0.025,8678,0,0,0.12952293155104863,True
1,3,33,60,25,0.00669,0,10,0.005,0.025,8498,0,0,0.1323840903742057,True
1,3,34,60,25,0.00669,0,10,0.005,0.025,8287,0,0,0.13527211294799082,True
1,3,35,60,25,0.00669,0,10,0.005,0.025,8080,0,0,0.13762376237623763,True
1,3,36,60,25,0.00669,0,10,0.005,0.025,7925,0,0,0.141198738170347,True
1,3,37,60,25,0.00669,0,10,0.005,0.025,7770,0,0,0.14375804375804377,True
1,3,38,60,25,0.00669,0,10,0.005,0.025,7673,0,0,0.1467483383292063,True
1,3,39,60,25,0.00669,0,10,0.005,0.025,7570,0,0,0.1488771466314399,True
1,3,40,60,25,0.00669,0,10,0.005,0.025,7470,0,0,0.15220883534136545,True
1,3,41,60,25,0.00669,0,10,0.005,0.025,7759,0,0,0.17760020621214073,True
1,3,42,60,25,0.00669,0,10,0.005,0.025,7680,0,0,0.18177083333333333,True
1,3,43,60,25,0.00669,0,10,0.005,0.025,7632,0,0,0.18199685534591195,True
1,3,44,60,25,0.00669,0,10,0.005,0.025,7535,0,0,0.1827471798274718,True
1,3,45,60,25,0.00669,0,10,0.005,0.025,7519,0,0,0.18739194041760873,True
1,3,46,60,25,0.00669,0,10,0.005,0.025,7242,0,0,0.17412317039491854,True
1,3,47,60,25,0.00669,0,10,0.005,0.025,7131,0,0,0.1737484223811527,True
1,3,48,60,25,0.00669,0,10,0.005,0.025,7069,0,0,0.17597962936766162,True
1,3,49,60,25,0.00669,0,10,0.005,0.025,6980,0,0,0.17736389684813753,True
1,3,50,60,25,0.00669,0,10,0.005,0.025,6914,0,0,0.1806479606595314,True
1,3,51,60,25,0.00669,0,10,0.005,0.025,6828,0,0,0.18131224370240187,True
1,3,52,60,25,0.00669,0,10,0.005,0.025,6746,0,0,0.18277497776460125,True
1,4,1,60,25,0.00669,0,10,0.005,0.025,6660,0,0,0.18513513513513513,True
1,4,2,60,25,0.00669,0,10,0.005,0.025,6589,0,0,0.18697829716193656,True
1,4,3,60,25,0.00669,0,10,0.005,0.025,6522,0,0,0.1896657467034652,True
1,4,4,60,25,0.00669,0,10,0.005,0.025,6431,0,0,0.19219406002176956,True
1,4,5,60,25,0.00669,0,10,0.005,0.025,6356,0,0,0.19383259911894274,True
1,4,6,60,25,0.00669,0,10,0.005,0.025,6280,0,0,0.19665605095541402,True
1,4,7,60,25,0.00669,0,10,0.005,0.025,6197,0,0,0.1999354526383734,True
1,4,8,60,25,0.00669,0,10,0.005,0.025,6121,0,0,0.20192778957686652,True
1,4,9,60,25,0.00669,0,10,0.005,0.025,6032,0,0,0.20424403183023873,True
1,4,10,60,25,0.00669,0,10,0.005,0.025,5963,0,0,0.2076136173067248,True
1,4,11,60,25,0.00669,0,10,0.005,0.025,5902,0,0,0.2092511013215859,True
1,4,12,60,25,0.00669,0,10,0.005,0.025,5834,0,0,0.21271854645183408,True
1,4,13,60,25,0.00669,0,10,0.005,0.025,5742,0,0,0.21368861024033436,True
1,4,14,60,25,0.00669,0,10,0.005,0.025,5686,0,0,0.21579317622230038,True
1,4,15,60,25,0.00669,0,10,0.005,0.025,5616,0,0,0.21812678062678062,True
1,4,16,60,25,0.00669,0,10,0.005,0.025,5542,0,0,0.2210393359797907,True
1,4,17,60,25,0.00669,0,10,0.005,0.025,5474,0,0,0.22268907563025211,True
1,4,18,60,25,0.00669,0,10,0.005,0.025,11967,0,0,0.10169633157850756,True
1,4,19,60,25,0.00669,0,10,0.005,0.025,11744,0,0,0.10439373297002724,True
1,4,20,60,25,0.00669,0,10,0.005,0.025,11432,0,0,0.10698040587823653,True
1,4,21,60,25,0.00669,0,10,0.005,0.025,11202,0,0,0.10962328155686485,True
1,4,22,60,25,0.00669,0,10,0.005,0.025,10964,0,0,0.11337103246990149,True
1,4,23,60,25,0.00669,0,10,0.005,0.025,10707,0,0,0.11721303819930887,True
1,4,24,60,25,0.00669,0,10,0.005,0.025,10468,0,0,0.11931601069927397,True
1,4,25,60,25,0.00669,0,10,0.005,0.025,10195,0,0,0.12378616969102502,True
1,4,26,60,25,0.00669,0,10,0.005,0.025,9969,0,0,0.12659243655331529,True
1,4,27,60,25,0.00669,0,10,0.005,0.025,9768,0,0,0.12950450450450451,True
1,4,28,60,25,0.00669,0,10,0.005,0.025,9519,0,0,0.13226179220506357,True
1,4,29,60,25,0.00669,0,10,0.005,0.025,9272,0,0,0.13524590163934427,True
1,4,30,60,25,0.00669,0,10,0.005,0.025,9028,0,0,0.1382365972529907,True
1,4,31,60,25,0.00669,0,10,0.005,0.025,8854,0,0,0.141179128077705,True
1,4,32,60,25,0.00669,0,10,0.005,0.025,8646,0,0,0.1443442054129077,True
1,4,33,60,25,0.00669,0,10,0.005,0.025,8483,0,0,0.14699988211717552,True
1,4,34,60,25,0.00669,0,10,0.005,0.025,8284,0,0,0.15053114437469822,True
1,4,35,60,25,0.00669,0,10,0.005,0.025,8052,0,0,0.15362642821659214,True
1,4,36,60,25,0.00669,0,10,0.005,0.025,7850,0,0,0.15770700636942675,True
1,4,37,60,25,0.00669,0,10,0.005,0.025,7669,0,0,0.16090754987612466,True
1,4,38,60,25,0.00669,0,10,0.005,0.025,7558,0,0,0.16366763694098968,True
1,4,39,60,25,0.00669,0,10,0.005,0.025,7444,0,0,0.165368081676518,True
1,4,40,60,25,0.00669,0,10,0.005,0.025,7347,0,0,0.16755138151626514,True
1,4,41,60,25,0.00669,0,10,0.005,0.025,7568,0,0,0.19252114164904863,True
1,4,42,60,25,0.00669,0,10,0.005,0.025,7501,0,0,0.19464071457139048,True
1,4,43,60,25,0.00669,0,10,0.005,0.025,7439,0,0,0.20177443204731818,True
1,4,44,60,25,0.00669,0,10,0.005,0.025,7387,0,0,0.20251793691620415,True
1,4,45,60,25,0.00669,0,10,0.005,0.025,7383,0,0,0.20452390627116349,True
1,4,46,60,25,0.00669,0,10,0.005,0.025,7138,0,0,0.1936116559260297,True
1,4,47,60,25,0.00669,0,10,0.005,0.025,7068,0,0,0.19623655913978494,True
1,4,48,60,25,0.00669,0,10,0.005,0.025,7006,0,0,0.1986868398515558,True
1,4,49,60,25,0.00669,0,10,0.005,0.025,6928,0,0,0.20121247113163973,True
1,4,50,60,25,0.00669,0,10,0.005,0.025,6852,0,0,0.2037361354349095,True
1,4,51,60,25,0.00669,0,10,0.005,0.025,6766,0,0,0.20484776825302986,True
1,4,52,60,25,0.00669,0,10,0.005,0.025,6686,0,0,0.20939276099311996,True
1,5,1,60,25,0.00669,0,10,0.005,0.025,6606,0,0,0.21162579473206175,True
1,5,2,60,25,0.00669,0,10,0.005,0.025,6530,0,0,0.21286370597243492,True
1,5,3,60,25,0.00669,0,10,0.005,0.025,6446,0,0,0.21424139000930809,True
1,5,4,60,25,0.00669,0,10,0.005,0.025,6376,0,0,0.21831869510664995,True
1,5,5,60,25,0.00669,0,10,0.005,0.025,6304,0,0,0.220494923857868,True
1,5,6,60,25,0.00669,0,10,0.005,0.025,6229,0,0,0.22202600738481298,True
1,5,7,60,25,0.00669,0,10,0.005,0.025,6152,0,0,0.2238296488946684,True
1,5,8,60,25,0.00669,0,10,0.005,0.025,6074,0,0,0.2250576226539348,True
1,5,9,60,25,0.00669,0,10,0.005,0.025,6013,0,0,0.22850490603692,True
1,5,10,60,25,0.00669,0,10,0.005,0.025,5947,0,0,0.2312090129477047,True
1,5,11,60,25,0.00669,0,10,0.005,0.025,5877,0,0,0.23311213204015654,True
1,5,12,60,25,0.00669,0,10,0.005,0.025,5810,0,0,0.23562822719449225,True
1,5,13,60,25,0.00669,0,10,0.005,0.025,5732,0,0,0.23656664340544312,True
1,5,14,60,25,0.00669,0,10,0.005,0.025,5652,0,0,0.23832271762208068,True
1,5,15,60,25,0.00669,0,10,0.005,0.025,5570,0,0,0.24111310592459606,True
1,5,16,60,25,0.00669,0,10,0.005,0.025,5514,0,0,0.2430177729416032,True
1,5,17,60,25,0.00669,0,10,0.005,0.025,5437,0,0,0.2449880448776899,True
1,5,18,60,25,0.00669,0,10,0.005,0.025,11712,0,0,0.11501024590163934,True
1,5,19,60,25,0.00669,0,10,0.005,0.025,11469,0,0,0.11840613828581394,True
1,5,20,60,25,0.00669,0,10,0.005,0.025,11229,0,0,0.1218274111675127,True
1,5,21,60,25,0.00669,0,10,0.005,0.025,11004,0,0,0.1257724463831334,True
1,5,22,60,25,0.00669,0,10,0.005,0.025,10771,0,0,0.13016433014576176,True
1,5,23,60,25,0.00669,0,10,0.005,0.025,10515,0,0,0.13333333333333333,True
1,5,24,60,25,0.00669,0,10,0.005,0.025,10308,0,0,0.13678696158323633,True
1,5,25,60,25,0.00669,0,10,0.005,0.025,10101,0,0,0.1391941391941392,True
1,5,26,60,25,0.00669,0,10,0.005,0.025,9882,0,0,0.14116575591985428,True
1,5,27,60,25,0.00669,0,10,0.005,0.025,9670,0,0,0.1436401240951396,True
1,5,28,60,25,0.00669,0,10,0.005,0.025,9452,0,0,0.14716462124418112,True
1,5,29,60,25,0.00669,0,10,0.005,0.025,9254,0,0,0.1494488869677977,True
1,5,30,60,25,0.00669,0,10,0.005,0.025,9047,0,0,0.15275782027191334,True
1,5,31,60,25,0.00669,0,10,0.005,0.025,8876,0,0,0.1554754393871113,True
1,5,32,60,25,0.00669,0,10,0.005,0.025,8677,0,0,0.15811916561023395,True
1,5,33,60,25,0.00669,0,10,0.005,0.025,8510,0,0,0.1609870740305523,True
1,5,34,60,25,0.00669,0,10,0.005,0.025,8380,0,0,0.16503579952267303,True
1,5,35,60,25,0.00669,0,10,0.005,0.025,8223,0,0,0.1679435729052657,True
1,5,36,60,25,0.00669,0,10,0.005,0.025,8080,0,0,0.1724009900990099,True
1,5,37,60,25,0.00669,0,10,0.005,0.025,7908,0,0,0.1742539200809307,True
1,5,38,60,25,0.00669,0,10,0.005,0.025,7826,0,0,0.17659085100945565,True
1,5,39,60,25,0.00669,0,10,0.005,0.025,7717,0,0,0.17960347285214462,True
1,5,40,60,25,0.00669,0,10,0.005,0.025,7622,0,0,0.1830228286538966,True
1,5,41,60,25,0.00669,0,10,0.005,0.025,7794,0,0,0.20656915576084167,True
1,5,42,60,25,0.00669,0,10,0.005,0.025,7736,0,0,0.2095398138572906,True
1,5,43,60,25,0.00669,0,10,0.005,0.025,7619,0,0,0.20829505184407401,True
1,5,44,60,25,0.00669,0,10,0.005,0.025,7581,0,0,0.21501121224112915,True
1,5,45,60,25,0.00669,0,10,0.005,0.025,7527,0,0,0.2189451308622293,True
1,5,46,60,25,0.00669,0,10,0.005,0.025,7306,0,0,0.20982753900903367,True
1,5,47,60,25,0.00669,0,10,0.005,0.025,7238,0,0,0.20945012434374136,True
1,5,48,60,25,0.00669,0,10,0.005,0.025,7170,0,0,0.21046025104602512,True
1,5,49,60,25,0.00669,0,10,0.005,0.025,7120,0,0,0.21235955056179776,True
1,5,50,60,25,0.00669,0,10,0.005,0.025,7046,0,0,0.21359636673289809,True
1,5,51,60,25,0.00669,0,10,0.005,0.025,6988,0,0,0.2149398969662278,True
1,5,52,60,25,0.00669,0,10,0.005,0.025,6905,0,0,0.2167994207096307,True
1,6,1,60,25,0.00669,0,10,0.005,0.025,6810,0,0,0.21791483113069016,True
1,6,2,60,25,0.00669,0,10,0.005,0.025,6741,0,0,0.2201453790238837,True
1,6,3,60,25,0.00669,0,10,0.005,0.025,6677,0,0,0.22150666466976188,True
1,6,4,60,25,0.00669,0,10,0.005,0.025,6603,0,0,0.2232318643041042,True
1,6,5,60,25,0.00669,0,10,0.005,0.025,6525,0,0,0.22620689655172413,True
1,6,6,60,25,0.00669,0,10,0.005,0.025,6441,0,0,0.2296227293898463,True
1,6,7,60,25,0.00669,0,10,0.005,0.025,6364,0,0,0.23004399748585794,True
1,6,8,60,25,0.00669,0,10,0.005,0.025,6289,0,0,0.23231038320877723,True
1,6,9,60,25,0.00669,0,10,0.005,0.025,6215,0,0,0.23443282381335478,True
1,6,10,60,25,0.00669,0,10,0.005,0.025,6161,0,0,0.23778607368933616,True
1,6,11,60,25,0.00669,0,10,0.005,0.025,6108,0,0,0.2385396201702685,True
1,6,12,60,25,0.00669,0,10,0.005,0.025,6040,0,0,0.24056291390728476,True
1,6,13,60,25,0.00669,0,10,0.005,0.025,5966,0,0,0.24237344954743548,True
1,6,14,60,25,0.00669,0,10,0.005,0.025,5885,0,0,0.24333050127442651,True
1,6,15,60,25,0.00669,0,10,0.005,0.025,5821,0,0,0.2449750901906889,True
1,6,16,60,25,0.00669,0,10,0.005,0.025,5758,0,0,0.24748176450156303,True
1,6,17,60,25,0.00669,0,10,0.005,0.025,5697,0,0,0.2492539933298227,True
1,6,18,60,25,0.00669,0,10,0.005,0.025,12473,0,0,0.11448729255191213,True
1,6,19,60,25,0.00669,0,10,0.005,0.025,12245,0,0,0.11678236014699878,True
1,6,20,60,25,0.00669,0,10,0.005,0.025,11951,0,0,0.11965525897414442,True
1,6,21,60,25,0.00669,0,10,0.005,0.025,11654,0,0,0.12236142097134031,True
1,6,22,60,25,0.00669,0,10,0.005,0.025,11362,0,0,0.12559408554831897,True
1,6,23,60,25,0.00669,0,10,0.005,0.025,11112,0,0,0.12823974082073433,True
1,6,24,60,25,0.00669,0,10,0.005,0.025,10797,0,0,0.13244419746225802,True
1,6,25,60,25,0.00669,0,10,0.005,0.025,10482,0,0,0.13709215798511734,True
1,6,26,60,25,0.00669,0,10,0.005,0.025,10251,0,0,0.14047410008779632,True
1,6,27,60,25,0.00669,0,10,0.005,0.025,10019,0,0,0.14322786705260007,True
1,6,28,60,25,0.00669,0,10,0.005,0.025,9809,0,0,0.1461922724028953,True
1,6,29,60,25,0.00669,0,10,0.005,0.025,9625,0,0,0.14909090909090908,True
1,6,30,60,25,0.00669,0,10,0.005,0.025,9422,0,0,0.15315219698577798,True
1,6,31,60,25,0.00669,0,10,0.005,0.025,9232,0,0,0.1559792027729636,True
1,6,32,60,25,0.00669,0,10,0.005,0.025,9043,0,0,0.1587968594492978,True
1,6,33,60,25,0.00669,0,10,0.005,0.025,8831,0,0,0.16226927867738647,True
1,6,34,60,25,0.00669,0,10,0.005,0.025,8635,0,0,0.16479444122756226,True
1,6,35,60,25,0.00669,0,10,0.005,0.025,8440,0,0,0.16812796208530806,True
1,6,36,60,25,0.00669,0,10,0.005,0.025,8253,0,0,0.17096813280019388,True
1,6,37,60,25,0.00669,0,10,0.005,0.025,8076,0,0,0.17409608717186725,True
1,6,38,60,25,0.00669,0,10,0.005,0.025,7953,0,0,0.17603420093046648,True
1,6,39,60,25,0.00669,0,10,0.005,0.025,7848,0,0,0.17902650356778796,True
1,6,40,60,25,0.00669,0,10,0.005,0.025,7748,0,0,0.18133711925658236,True
1,6,41,60,25,0.00669,0,10,0.005,0.025,7850,0,0,0.20522292993630573,True
1,6,42,60,25,0.00669,0,10,0.005,0.025,7787,0,0,0.2059843328624631,True
1,6,43,60,25,0.00669,0,10,0.005,0.025,7717,0,0,0.2114811455228716,True
1,6,44,60,25,0.00669,0,10,0.005,0.025,7691,0,0,0.21570667013392278,True
1,6,45,60,25,0.00669,0,10,0.005,0.025,7659,0,0,0.21634678156417286,True
1,6,46,60,25,0.00669,0,10,0.005,0.025,7411,0,0,0.20820402104979086,True
1,6,47,60,25,0.00669,0,10,0.005,0.025,7333,0,0,0.2081003681985545,True
1,6,48,60,25,0.00669,0,10,0.005,0.025,7257,0,0,0.21179550778558634,True
1,6,49,60,25,0.00669,0,10,0.005,0.025,7186,0,0,0.2150013915947676,True
1,6,50,60,25,0.00669,0,10,0.005,0.025,7111,0,0,0.2169877654338349,True
1,6,51,60,25,0.00669,0,10,0.005,0.025,7013,0,0,0.22001996292599457,True
1,6,52,60,25,0.00669,0,10,0.005,0.025,6946,0,0,0.2230060466455514,True
1,7,1,60,25,0.00669,0,10,0.005,0.025,6874,0,0,0.2256328193191737,True
1,7,2,60,25,0.00669,0,10,0.005,0.025,6786,0,0,0.22708517536103742,True
1,7,3,60,25,0.00669,0,10,0.005,0.025,6715,0,0,0.2279970215934475,True
1,7,4,60,25,0.00669,0,10,0.005,0.025,6644,0,0,0.23088500903070439,True
1,7,5,60,25,0.00669,0,10,0.005,0.025,6569,0,0,0.23230324250266401,True
1,7,6,60,25,0.00669,0,10,0.005,0.025,6486,0,0,0.2351218008017268,True
1,7,7,60,25,0.00669,0,10,0.005,0.025,6426,0,0,0.2387177093059446,True
1,7,8,60,25,0.00669,0,10,0.005,0.025,6362,0,0,0.2406475950958818,True
1,7,9,60,25,0.00669,0,10,0.005,0.025,6289,0,0,0.2426458896485928,True
1,7,10,60,25,0.00669,0,10,0.005,0.025,6218,0,0,0.2441299453200386,True
1,7,11,60,25,0.00669,0,10,0.005,0.025,6127,0,0,0.24677656275501877,True
1,7,12,60,25,0.00669,0,10,0.005,0.025,6082,0,0,0.24958895100295955,True
1,7,13,60,25,0.00669,0,10,0.005,0.025,6013,0,0,0.2506236487610178,True
1,7,14,60,25,0.00669,0,10,0.005,0.025,5936,0,0,0.2526954177897574,True
1,7,15,60,25,0.00669,0,10,0.005,0.025,5872,0,0,0.2563010899182561,True
1,7,16,60,25,0.00669,0,10,0.005,0.025,5802,0,0,0.25853154084798347,True
1,7,17,60,25,0.00669,0,10,0.005,0.025,5737,0,0,0.26076346522572774,True
1,7,18,60,25,0.00669,0,10,0.005,0.025,12772,0,0,0.11752270591919825,True
1,7,19,60,25,0.00669,0,10,0.005,0.025,12577,0,0,0.1201399379820307,True
1,7,20,60,25,0.00669,0,10,0.005,0.025,12295,0,0,0.12354615697437983,True
1,7,21,60,25,0.00669,0,10,0.005,0.025,11992,0,0,0.1276684456304203,True
1,7,22,60,25,0.00669,0,10,0.005,0.025,11715,0,0,0.13137003841229195,True
1,7,23,60,25,0.00669,0,10,0.005,0.025,11470,0,0,0.13478639930252834,True
1,7,24,60,25,0.00669,0,10,0.005,0.025,11225,0,0,0.137728285077951,True
1,7,25,60,25,0.00669,0,10,0.005,0.025,10998,0,0,0.14084378977995998,True
1,7,26,60,25,0.00669,0,10,0.005,0.025,10717,0,0,0.14332369133152933,True
1,7,27,60,25,0.00669,0,10,0.005,0.025,10473,0,0,0.1468538145708011,True
1,7,28,60,25,0.00669,0,10,0.005,0.025,10255,0,0,0.1492930277913213,True
1,7,29,60,25,0.00669,0,10,0.005,0.025,10017,0,0,0.15234102026554858,True
1,7,30,60,25,0.00669,0,10,0.005,0.025,9793,0,0,0.15623404472582456,True
1,7,31,60,25,0.00669,0,10,0.005,0.025,9585,0,0,0.16045905059989568,True
1,7,32,60,25,0.00669,0,10,0.005,0.025,9381,0,0,0.1642682016842554,True
1,7,33,60,25,0.00669,0,10,0.005,0.025,9179,0,0,0.1676653230199368,True
1,7,34,60,25,0.00669,0,10,0.005,0.025,9007,0,0,0.17042300432996557,True
1,7,35,60,25,0.00669,0,10,0.005,0.025,8820,0,0,0.17369614512471657,True
1,7,36,60,25,0.00669,0,10,0.005,0.025,8675,0,0,0.17613832853025937,True
1,7,37,60,25,0.00669,0,10,0.005,0.025,8504,0,0,0.17991533396048917,True
1,7,38,60,25,0.00669,0,10,0.005,0.025,8383,0,0,0.18239293808898963,True
1,7,39,60,25,0.00669,0,10,0.005,0.025,8257,0,0,0.18469177667433692,True
1,7,40,60,25,0.00669,0,10,0.005,0.025,8135,0,0,0.1883220651505839,True
1,7,41,60,25,0.00669,0,10,0.005,0.025,8279,0,0,0.20715062205580384,True
1,7,42,60,25,0.00669,0,10,0.005,0.025,8190,0,0,0.2083028083028083,True
1,7,43,60,25,0.00669,0,10,0.005,0.025,8137,0,0,0.2154356642497235,True
1,7,44,60,25,0.00669,0,10,0.005,0.025,8117,0,0,0.2215104102500924,True
1,7,45,60,25,0.00669,0,10,0.005,0.025,7997,0,0,0.2213329998749531,True
1,7,46,60,25,0.00669,0,10,0.005,0.025,7808,0,0,0.2150358606557377,True
1,7,47,60,25,0.00669,0,10,0.005,0.025,7738,0,0,0.21711036443525458,True
1,7,48,60,25,0.00669,0,10,0.005,0.025,7645,0,0,0.21883584041857423,True
1,7,49,60,25,0.00669,0,10,0.005,0.025,7558,0,0,0.22042868483725853,True
1,7,50,60,25,0.00669,0,10,0.005,0.025,7478,0,0,0.22385664616207543,True
1,7,51,60,25,0.00669,0,10,0.005,0.025,7391,0,0,0.22595048031389528,True
1,7,52,60,25,0.00669,0,10,0.005,0.025,7308,0,0,0.22824302134646962,True
1,8,1,60,25,0.00669,0,10,0.005,0.025,7212,0,0,0.23031059345535218,True
1,8,2,60,25,0.00669,0,10,0.005,0.025,7119,0,0,0.2345835089197921,True
1,8,3,60,25,0.00669,0,10,0.005,0.025,7027,0,0,0.2382239931692045,True
1,8,4,60,25,0.00669,0,10,0.005,0.025,6952,0,0,0.23978711162255467,True
1,8,5,60,25,0.00669,0,10,0.005,0.025,6868,0,0,0.2412638322655795,True
1,8,6,60,25,0.00669,0,10,0.005,0.025,6787,0,0,0.24311183144246354,True
1,8,7,60,25,0.00669,0,10,0.005,0.025,6710,0,0,0.2451564828614009,True
1,8,8,60,25,0.00669,0,10,0.005,0.025,6635,0,0,0.2479276563677468,True
1,8,9,60,25,0.00669,0,10,0.005,0.025,6564,0,0,0.24923826934795856,True
1,8,10,60,25,0.00669,0,10,0.005,0.025,6472,0,0,0.25139060568603216,True
1,8,11,60,25,0.00669,0,10,0.005,0.025,6399,0,0,0.25253945929051413,True
1,8,12,60,25,0.00669,0,10,0.005,0.025,6330,0,0,0.25308056872037915,True
1,8,13,60,25,0.00669,0,10,0.005,0.025,6264,0,0,0.25558748403575987,True
1,8,14,60,25,0.00669,0,10,0.005,0.025,6186,0,0,0.2597801487229227,True
1,8,15,60,25,0.00669,0,10,0.005,0.025,6124,0,0,0.2617570215545395,True
1,8,16,60,25,0.00669,0,10,0.005,0.025,6050,0,0,0.2652892561983471,True
1,8,17,60,25,0.00669,0,10,0.005,0.025,5982,0,0,0.2678034102306921,True
1,8,18,60,25,0.00669,0,10,0.005,0.025,13406,0,0,0.12128897508578249,True
1,8,19,60,25,0.00669,0,10,0.005,0.025,13180,0,0,0.12488619119878604,True
1,8,20,60,25,0.00669,0,10,0.005,0.025,12898,0,0,0.12877965576058303,True
1,8,21,60,25,0.00669,0,10,0.005,0.025,12613,0,0,0.13184809323713628,True
1,8,22,60,25,0.00669,0,10,0.005,0.025,12367,0,0,0.13455162933613649,True
1,8,23,60,25,0.00669,0,10,0.005,0.025,12108,0,0,0.13833828873472084,True
1,8,24,60,25,0.00669,0,10,0.005,0.025,11856,0,0,0.14119433198380565,True
1,8,25,60,25,0.00669,0,10,0.005,0.025,11626,0,0,0.14450369860657147,True
1,8,26,60,25,0.00669,0,10,0.005,0.025,11354,0,0,0.14840584815923905,True
1,8,27,60,25,0.00669,0,10,0.005,0.025,11070,0,0,0.15185185185185185,True
1,8,28,60,25,0.00669,0,10,0.005,0.025,10803,0,0,0.15588262519670462,True
1,8,29,60,25,0.00669,0,10,0.005,0.025,10526,0,0,0.16036481094432833,True
1,8,30,60,25,0.00669,0,10,0.005,0.025,10280,0,0,0.16429961089494163,True
1,8,31,60,25,0.00669,0,10,0.005,0.025,10071,0,0,0.16780855922947074,True
1,8,32,60,25,0.00669,0,10,0.005,0.025,9849,0,0,0.1707787592649,True
1,8,33,60,25,0.00669,0,10,0.005,0.025,9610,0,0,0.17377731529656607,True
1,8,34,60,25,0.00669,0,10,0.005,0.025,9442,0,0,0.17686930735013767,True
1,8,35,60,25,0.00669,0,10,0.005,0.025,9279,0,0,0.18073068218558033,True
1,8,36,60,25,0.00669,0,10,0.005,0.025,9115,0,0,0.18376302797586397,True
1,8,37,60,25,0.00669,0,10,0.005,0.025,8930,0,0,0.187010078387458,True
1,8,38,60,25,0.00669,0,10,0.005,0.025,8809,0,0,0.1899194006130094,True
1,8,39,60,25,0.00669,0,10,0.005,0.025,8684,0,0,0.19288346384154767,True
1,8,40,60,25,0.00669,0,10,0.005,0.025,8558,0,0,0.195840149567656,True
1,8,41,60,25,0.00669,0,10,0.005,0.025,8715,0,0,0.21583476764199655,True
1,8,42,60,25,0.00669,0,10,0.005,0.025,8652,0,0,0.21925566343042072,True
1,8,43,60,25,0.00669,0,10,0.005,0.025,8575,0,0,0.22379008746355686,True
1,8,44,60,25,0.00669,0,10,0.005,0.025,8535,0,0,0.2269478617457528,True
1,8,45,60,25,0.00669,0,10,0.005,0.025,8481,0,0,0.22803914632708408,True
1,8,46,60,25,0.00669,0,10,0.005,0.025,8237,0,0,0.22265387883938326,True
1,8,47,60,25,0.00669,0,10,0.005,0.025,8115,0,0,0.22107208872458411,True
1,8,48,60,25,0.00669,0,10,0.005,0.025,8052,0,0,0.22478887232985595,True
1,8,49,60,25,0.00669,0,10,0.005,0.025,7967,0,0,0.2265595581774821,True
1,8,50,60,25,0.00669,0,10,0.005,0.025,7874,0,0,0.22999745999492,True
1,8,51,60,25,0.00669,0,10,0.005,0.025,7773,0,0,0.231184870706291,True
1,8,52,60,25,0.00669,0,10,0.005,0.025,7675,0,0,0.23283387622149837,True
1,9,1,60,25,0.00669,0,10,0.005,0.025,7583,0,0,0.23499934063035738,True
1,9,2,60,25,0.00669,0,10,0.005,0.025,7487,0,0,0.23787899024976625,True
1,9,3,60,25,0.00669,0,10,0.005,0.025,7398,0,0,0.23992971073263045,True
1,9,4,60,25,0.00669,0,10,0.005,0.025,7303,0,0,0.24291387101191292,True
1,9,5,60,25,0.00669,0,10,0.005,0.025,7220,0,0,0.24556786703601108,True
1,9,6,60,25,0.00669,0,10,0.005,0.025,7160,0,0,0.24762569832402234,True
1,9,7,60,25,0.00669,0,10,0.005,0.025,7075,0,0,0.24975265017667844,True
1,9,8,60,25,0.00669,0,10,0.005,0.025,6990,0,0,0.2522174535050071,True
1,9,9,60,25,0.00669,0,10,0.005,0.025,6919,0,0,0.2540829599653129,True
1,9,10,60,25,0.00669,0,10,0.005,0.025,6828,0,0,0.2561511423550088,True
1,9,11,60,25,0.00669,0,10,0.005,0.025,6749,0,0,0.25870499333234553,True
1,9,12,60,25,0.00669,0,10,0.005,0.025,6664,0,0,0.2597539015606242,True
1,9,13,60,25,0.00669,0,10,0.005,0.025,6594,0,0,0.26235972095844706,True
1,9,14,60,25,0.00669,0,10,0.005,0.025,6529,0,0,0.2655843161280441,True
1,9,15,60,25,0.00669,0,10,0.005,0.025,6464,0,0,0.2681002475247525,True
1,9,16,60,25,0.00669,0,10,0.005,0.025,6388,0,0,0.2689417658108954,True
1,9,17,60,25,0.00669,0,10,0.005,0.025,6331,0,0,0.2700995103459169,True
1,9,18,60,25,0.00669,0,10,0.005,0.025,13711,0,0,0.11414192983735687,True
1,9,19,60,25,0.00669,0,10,0.005,0.025,13473,0,0,0.1172715801974319,True
1,9,20,60,25,0.00669,0,10,0.005,0.025,13187,0,0,0.12049745961932205,True
1,9,21,60,25,0.00669,0,10,0.005,0.025,12887,0,0,0.12353534569721425,True
1,9,22,60,25,0.00669,0,10,0.005,0.025,12632,0,0,0.1266624445851805,True
1,9,23,60,25,0.00669,0,10,0.005,0.025,12368,0,0,0.1296895213454075,True
1,9,24,60,25,0.00669,0,10,0.005,0.025,12086,0,0,0.13263279827900049,True
1,9,25,60,25,0.00669,0,10,0.005,0.025,11788,0,0,0.13649474041398033,True
1,9,26,60,25,0.00669,0,10,0.005,0.025,11528,0,0,0.14018043025676613,True
1,9,27,60,25,0.00669,0,10,0.005,0.025,11284,0,0,0.14374335342077277,True
1,9,28,60,25,0.00669,0,10,0.005,0.025,11036,0,0,0.14706415367886916,True
1,9,29,60,25,0.00669,0,10,0.005,0.025,10821,0,0,0.15017096386655576,True
1,9,30,60,25,0.00669,0,10,0.005,0.025,10634,0,0,0.15356403987210834,True
1,9,31,60,25,0.00669,0,10,0.005,0.025,10413,0,0,0.15634303274752712,True
1,9,32,60,25,0.00669,0,10,0.005,0.025,10191,0,0,0.16023942694534393,True
1,9,33,60,25,0.00669,0,10,0.005,0.025,9983,0,0,0.16367825303015127,True
1,9,34,60,25,0.00669,0,10,0.005,0.025,9779,0,0,0.16678596993557623,True
1,9,35,60,25,0.00669,0,10,0.005,0.025,9586,0,0,0.17045691633632382,True
1,9,36,60,25,0.00669,0,10,0.005,0.025,9406,0,0,0.1739315330640017,True
1,9,37,60,25,0.00669,0,10,0.005,0.025,9253,0,0,0.17669944882740732,True
1,9,38,60,25,0.00669,0,10,0.005,0.025,9103,0,0,0.1797209711084258,True
1,9,39,60,25,0.00669,0,10,0.005,0.025,8991,0,0,0.18296073851629407,True
1,9,40,60,25,0.00669,0,10,0.005,0.025,8860,0,0,0.1853273137697517,True
1,9,41,60,25,0.00669,0,10,0.005,0.025,8998,0,0,0.2059346521449211,True
1,9,42,60,25,0.00669,0,10,0.005,0.025,8916,0,0,0.20928667563930015,True
1,9,43,60,25,0.00669,0,10,0.005,0.025,8909,0,0,0.21416545066786397,True
1,9,44,60,25,0.00669,0,10,0.005,0.025,8823,0,0,0.21829309758585516,True
1,9,45,60,25,0.00669,0,10,0.005,0.025,8737,0,0,0.2208996222959826,True
1,9,46,60,25,0.00669,0,10,0.005,0.025,8472,0,0,0.21329084041548632,True
1,9,47,60,25,0.00669,0,10,0.005,0.025,8364,0,0,0.2149689143950263,True
1,9,48,60,25,0.00669,0,10,0.005,0.025,8285,0,0,0.21532890766445384,True
1,9,49,60,25,0.00669,0,10,0.005,0.025,8214,0,0,0.21682493304114925,True
1,9,50,60,25,0.00669,0,10,0.005,0.025,8152,0,0,0.2192100098135427,True
1,9,51,60,25,0.00669,0,10,0.005,0.025,8071,0,0,0.22289679098005205,True
1,9,52,60,25,0.00669,0,10,0.005,0.025,8014,0,0,0.22610431744447218,True
1,10,1,60,25,0.00669,0,10,0.005,0.025,7934,0,0,0.22926644819763045,True
1,10,2,60,25,0.00669,0,10,0.005,0.025,7850,0,0,0.23210191082802548,True
1,10,3,60,25,0.00669,0,10,0.005,0.025,7758,0,0,0.23446764630059294,True
1,10,4,60,25,0.00669,0,10,0.005,0.025,7665,0,0,0.23731245923026745,True
1,10,5,60,25,0.00669,0,10,0.005,0.025,7577,0,0,0.23993665038933615,True
1,10,6,60,25,0.00669,0,10,0.005,0.025,7479,0,0,0.2436154566118465,True
1,10,7,60,25,0.00669,0,10,0.005,0.025,7398,0,0,0.24736415247364152,True
1,10,8,60,25,0.00669,0,10,0.005,0.025,7325,0,0,0.24832764505119453,True
1,10,9,60,25,0.00669,0,10,0.005,0.025,7244,0,0,0.2513804527885146,True
1,10,10,60,25,0.00669,0,10,0.005,0.025,7156,0,0,0.25475125768585805,True
1,10,11,60,25,0.00669,0,10,0.005,0.025,7074,0,0,0.2560079163132598,True
1,10,12,60,25,0.00669,0,10,0.005,0.025,6995,0,0,0.25875625446747674,True
1,10,13,60,25,0.00669,0,10,0.005,0.025,6917,0,0,0.2616741361862079,True
1,10,14,60,25,0.00669,0,10,0.005,0.025,6835,0,0,0.2653986832479883,True
1,10,15,60,25,0.00669,0,10,0.005,0.025,6760,0,0,0.2683431952662722,True
1,10,16,60,25,0.00669,0,10,0.005,0.025,6664,0,0,0.27010804321728693,True
1,10,17,60,25,0.00669,0,10,0.005,0.025,6589,0,0,0.272575504628927,True
1,10,18,60,25,0.00669,0,10,0.005,0.025,14751,0,0,0.11605992814046505,True
1,10,19,60,25,0.00669,0,10,0.005,0.025,14489,0,0,0.11912485333701428,True
1,10,20,60,25,0.00669,0,10,0.005,0.025,14176,0,0,0.12267212189616253,True
1,10,21,60,25,0.00669,0,10,0.005,0.025,13867,0,0,0.12583832119420207,True
1,10,22,60,25,0.00669,0,10,0.005,0.025,13574,0,0,0.12848091940474438,True
1,10,23,60,25,0.00669,0,10,0.005,0.025,13269,0,0,0.1318863516466953,True
1,10,24,60,25,0.00669,0,10,0.005,0.025,12929,0,0,0.13473586510944388,True
1,10,25,60,25,0.00669,0,10,0.005,0.025,12619,0,0,0.13764957603613598,True
1,10,26,60,25,0.00669,0,10,0.005,0.025,12302,0,0,0.14022110225979514,True
1,10,27,60,25,0.00669,0,10,0.005,0.025,12026,0,0,0.14427074671544987,True
1,10,28,60,25,0.00669,0,10,0.005,0.025,11722,0,0,0.14835352328954104,True
1,10,29,60,25,0.00669,0,10,0.005,0.025,11519,0,0,0.15209653615765256,True
1,10,30,60,25,0.00669,0,10,0.005,0.025,11281,0,0,0.15521673610495523,True
1,10,31,60,25,0.00669,0,10,0.005,0.025,11064,0,0,0.1581706435285611,True
1,10,32,60,25,0.00669,0,10,0.005,0.025,10840,0,0,0.16236162361623616,True
1,10,33,60,25,0.00669,0,10,0.005,0.025,10606,0,0,0.16518951536865925,True
1,10,34,60,25,0.00669,0,10,0.005,0.025,10357,0,0,0.1695471661678092,True
1,10,35,60,25,0.00669,0,10,0.005,0.025,10146,0,0,0.17307313226887444,True
1,10,36,60,25,0.00669,0,10,0.005,0.025,9962,0,0,0.17697249548283478,True
1,10,37,60,25,0.00669,0,10,0.005,0.025,9771,0,0,0.18063657762767374,True
1,10,38,60,25,0.00669,0,10,0.005,0.025,9631,0,0,0.183885370158862,True
1,10,39,60,25,0.00669,0,10,0.005,0.025,9506,0,0,0.18619819061645276,True
1,10,40,60,25,0.00669,0,10,0.005,0.025,9358,0,0,0.18978414191066467,True
1,10,41,60,25,0.00669,0,10,0.005,0.025,9522,0,0,0.2061541692921655,True
1,10,42,60,25,0.00669,0,10,0.005,0.025,9463,0,0,0.21293458734016696,True
1,10,43,60,25,0.00669,0,10,0.005,0.025,9345,0,0,0.21519529159978598,True
1,10,44,60,25,0.00669,0,10,0.005,0.025,9292,0,0,0.2180370210934137,True
1,10,45,60,25,0.00669,0,10,0.005,0.025,9203,0,0,0.22264478974247529,True
1,10,46,60,25,0.00669,0,10,0.005,0.025,8971,0,0,0.21636383903689665,True
1,10,47,60,25,0.00669,0,10,0.005,0.025,8898,0,0,0.2200494493144527,True
1,10,48,60,25,0.00669,0,10,0.005,0.025,8824,0,0,0.22178150498640073,True
1,10,49,60,25,0.00669,0,10,0.005,0.025,8718,0,0,0.2228722183987153,True
1,10,50,60,25,0.00669,0,10,0.005,0.025,8627,0,0,0.22626637301495306,True
1,10,51,60,25,0.00669,0,10,0.005,0.025,8511,0,0,0.22899776759487722,True
1,10,52,60,25,0.00669,0,10,0.005,0.025,8414,0,0,0.23128119800332778,True
1,11,1,60,25,0.00669,0,10,0.005,0.025,8327,0,0,0.23297706256755135,True
1,11,2,60,25,0.00669,0,10,0.005,0.025,8229,0,0,0.2339287884311581,True
1,11,3,60,25,0.00669,0,10,0.005,0.025,8121,0,0,0.23790173623937938,True
1,11,4,60,25,0.00669,0,10,0.005,0.025,8018,0,0,0.2403342479421302,True
1,11,5,60,25,0.00669,0,10,0.005,0.025,7915,0,0,0.2427037271004422,True
1,11,6,60,25,0.00669,0,10,0.005,0.025,7830,0,0,0.24482758620689654,True
1,11,7,60,25,0.00669,0,10,0.005,0.025,7790,0,0,0.2485237483953787,True
1,11,8,60,25,0.00669,0,10,0.005,0.025,7686,0,0,0.2511059068436118,True
1,11,9,60,25,0.00669,0,10,0.005,0.025,7599,0,0,0.2545071719963153,True
1,11,10,60,25,0.00669,0,10,0.005,0.025,7489,0,0,0.25624248898384294,True
1,11,11,60,25,0.00669,0,10,0.005,0.025,7401,0,0,0.25834346709904066,True
1,11,12,60,25,0.00669,0,10,0.005,0.025,7328,0,0,0.2610534934497817,True
1,11,13,60,25,0.00669,0,10,0.005,0.025,7251,0,0,0.2643773272652048,True
1,11,14,60,25,0.00669,0,10,0.005,0.025,7156,0,0,0.26690888764673004,True
1,11,15,60,25,0.00669,0,10,0.005,0.025,7082,0,0,0.2684269980231573,True
1,11,16,60,25,0.00669,0,10,0.005,0.025,7001,0,0,0.27267533209541495,True
1,11,17,60,25,0.00669,0,10,0.005,0.025,6935,0,0,0.27339581831290555,True
1,11,18,60,25,0.00669,0,10,0.005,0.025,15085,0,0,0.1177328471992045,True
1,11,19,60,25,0.00669,0,10,0.005,0.025,14840,0,0,0.12149595687331537,True
1,11,20,60,25,0.00669,0,10,0.005,0.025,14537,0,0,0.12526656118869092,True
1,11,21,60,25,0.00669,0,10,0.005,0.025,14162,0,0,0.12985454031916396,True
1,11,22,60,25,0.00669,0,10,0.005,0.025,13873,0,0,0.13292006054926836,True
1,11,23,60,25,0.00669,0,10,0.005,0.025,13518,0,0,0.13737239236573456,True
1,11,24,60,25,0.00669,0,10,0.005,0.025,13195,0,0,0.14058355437665782,True
1,11,25,60,25,0.00669,0,10,0.005,0.025,12850,0,0,0.1442023346303502,True
1,11,26,60,25,0.00669,0,10,0.005,0.025,12550,0,0,0.14653386454183268,True
1,11,27,60,25,0.00669,0,10,0.005,0.025,12228,0,0,0.15104677788681714,True
1,11,28,60,25,0.00669,0,10,0.005,0.025,12018,0,0,0.154851056748211,True
1,11,29,60,25,0.00669,0,10,0.005,0.025,11781,0,0,0.1584755114166879,True
1,11,30,60,25,0.00669,0,10,0.005,0.025,11533,0,0,0.16179658371629238,True
1,11,31,60,25,0.00669,0,10,0.005,0.025,11322,0,0,0.1659600777247836,True
1,11,32,60,25,0.00669,0,10,0.005,0.025,11080,0,0,0.16895306859205775,True
1,11,33,60,25,0.00669,0,10,0.005,0.025,10894,0,0,0.17202129612630807,True
1,11,34,60,25,0.00669,0,10,0.005,0.025,10673,0,0,0.17567694181579688,True
1,11,35,60,25,0.00669,0,10,0.005,0.025,10482,0,0,0.17906887998473572,True
1,11,36,60,25,0.00669,0,10,0.005,0.025,10328,0,0,0.18590240123934934,True
1,11,37,60,25,0.00669,0,10,0.005,0.025,10106,0,0,0.1886997823075401,True
1,11,38,60,25,0.00669,0,10,0.005,0.025,9948,0,0,0.19149577804583837,True
1,11,39,60,25,0.00669,0,10,0.005,0.025,9776,0,0,0.19578559738134207,True
1,11,40,60,25,0.00669,0,10,0.005,0.025,9639,0,0,0.19794584500466852,True
1,11,41,60,25,0.00669,0,10,0.005,0.025,9840,0,0,0.21686991869918698,True
1,11,42,60,25,0.00669,0,10,0.005,0.025,9796,0,0,0.22070232748060434,True
1,11,43,60,25,0.00669,0,10,0.005,0.025,9682,0,0,0.2221648419747986,True
1,11,44,60,25,0.00669,0,10,0.005,0.025,9659,0,0,0.2267315457086655,True
1,11,45,60,25,0.00669,0,10,0.005,0.025,9601,0,0,0.23060097906468077,True
1,11,46,60,25,0.00669,0,10,0.005,0.025,9367,0,0,0.22376427885128644,True
1,11,47,60,25,0.00669,0,10,0.005,0.025,9276,0,0,0.2264984907287624,True
1,11,48,60,25,0.00669,0,10,0.005,0.025,9172,0,0,0.2301569995638901,True
1,11,49,60,25,0.00669,0,10,0.005,0.025,9130,0,0,0.23187294633077765,True
1,11,50,60,25,0.00669,0,10,0.005,0.025,9030,0,0,0.2353266888150609,True
1,11,51,60,25,0.00669,0,10,0.005,0.025,8912,0,0,0.23765709156193895,True
1,11,52,60,25,0.00669,0,10,0.005,0.025,8824,0,0,0.2400271985494107,True
1,1,1,60,25,0.0126,0,10,0.005,0.025,5537,0,0,0.001083619288423334,True
1,1,2,60,25,0.0126,0,10,0.005,0.025,5422,0,0,0.002397639247510144,True
1,1,3,60,25,0.0126,0,10,0.005,0.025,5277,0,0,0.004737540269092288,True
1,1,4,60,25,0.0126,0,10,0.005,0.025,5185,0,0,0.007714561234329798,True
1,1,5,60,25,0.0126,0,10,0.005,0.025,5098,0,0,0.01118085523734798,True
1,1,6,60,25,0.0126,0,10,0.005,0.025,4997,0,0,0.012407444466680007,True
1,1,7,60,25,0.0126,0,10,0.005,0.025,4918,0,0,0.014640097600650671,True
1,1,8,60,25,0.0126,0,10,0.005,0.025,4836,0,0,0.0163358147229115,True
1,1,9,60,25,0.0126,0,10,0.005,0.025,4782,0,0,0.018402342116269343,True
1,1,10,60,25,0.0126,0,10,0.005,0.025,4703,0,0,0.02041250265787795,True
1,1,11,60,25,0.0126,0,10,0.005,0.025,4630,0,0,0.02181425485961123,True
1,1,12,60,25,0.0126,0,10,0.005,0.025,4591,0,0,0.02287083424090612,True
1,1,13,60,25,0.0126,0,10,0.005,0.025,4508,0,0,0.024622892635314995,True
1,1,14,60,25,0.0126,0,10,0.005,0.025,4440,0,0,0.027702702702702704,True
1,1,15,60,25,0.0126,0,10,0.005,0.025,4383,0,0,0.02943189596167009,True
1,1,16,60,25,0.0126,0,10,0.005,0.025,4319,0,0,0.032183375781430885,True
1,1,17,60,25,0.0126,0,10,0.005,0.025,4269,0,0,0.0346685406418365,True
1,1,18,60,25,0.0126,0,10,0.005,0.025,12383,0,0,0.012920939998384883,True
1,1,19,60,25,0.0126,0,10,0.005,0.025,12016,0,0,0.015312916111850865,True
1,1,20,60,25,0.0126,0,10,0.005,0.025,11745,0,0,0.017624521072796936,True
1,1,21,60,25,0.0126,0,10,0.005,0.025,11472,0,0,0.019525801952580194,True
1,1,22,60,25,0.0126,0,10,0.005,0.025,11176,0,0,0.022279885468861848,True
1,1,23,60,25,0.0126,0,10,0.005,0.025,10846,0,0,0.024801770237875713,True
1,1,24,60,25,0.0126,0,10,0.005,0.025,10578,0,0,0.027509926262053317,True
1,1,25,60,25,0.0126,0,10,0.005,0.025,10271,0,0,0.029403173985006328,True
1,1,26,60,25,0.0126,0,10,0.005,0.025,10028,0,0,0.03171120861587555,True
1,1,27,60,25,0.0126,0,10,0.005,0.025,9733,0,0,0.03400801397308127,True
1,1,28,60,25,0.0126,0,10,0.005,0.025,9438,0,0,0.03613053613053613,True
1,1,29,60,25,0.0126,0,10,0.005,0.025,9188,0,0,0.03733130169786678,True
1,1,30,60,25,0.0126,0,10,0.005,0.025,8948,0,0,0.03967367009387573,True
1,1,31,60,25,0.0126,0,10,0.005,0.025,8687,0,0,0.04201680672268908,True
1,1,32,60,25,0.0126,0,10,0.005,0.025,8488,0,0,0.04382657869934024,True
1,1,33,60,25,0.0126,0,10,0.005,0.025,8237,0,0,0.044919266723321596,True
1,1,34,60,25,0.0126,0,10,0.005,0.025,8021,0,0,0.04700162074554295,True
1,1,35,60,25,0.0126,0,10,0.005,0.025,7816,0,0,0.04887410440122825,True
1,1,36,60,25,0.0126,0,10,0.005,0.025,7612,0,0,0.05136626379400946,True
1,1,37,60,25,0.0126,0,10,0.005,0.025,7410,0,0,0.05344129554655871,True
1,1,38,60,25,0.0126,0,10,0.005,0.025,7268,0,0,0.05476059438635113,True
1,1,39,60,25,0.0126,0,10,0.005,0.025,7126,0,0,0.05837777154083637,True
1,1,40,60,25,0.0126,0,10,0.005,0.025,6981,0,0,0.061166022059876805,True
1,1,41,60,25,0.0126,0,10,0.005,0.025,7223,0,0,0.08639069638654298,True
1,1,42,60,25,0.0126,0,10,0.005,0.025,7141,0,0,0.09032348410586752,True
1,1,43,60,25,0.0126,0,10,0.005,0.025,7097,0,0,0.09581513315485417,True
1,1,44,60,25,0.0126,0,10,0.005,0.025,6967,0,0,0.09473230945887756,True
1,1,45,60,25,0.0126,0,10,0.005,0.025,6912,0,0,0.0982349537037037,True
1,1,46,60,25,0.0126,0,10,0.005,0.025,6617,0,0,0.092791295148859,True
1,1,47,60,25,0.0126,0,10,0.005,0.025,6476,0,0,0.09342186534898085,True
1,1,48,60,25,0.0126,0,10,0.005,0.025,6385,0,0,0.0952231793265466,True
1,1,49,60,25,0.0126,0,10,0.005,0.025,6280,0,0,0.09649681528662421,True
1,1,50,60,25,0.0126,0,10,0.005,0.025,6211,0,0,0.09579777813556593,True
1,1,51,60,25,0.0126,0,10,0.005,0.025,6117,0,0,0.09923164950138957,True
1,1,52,60,25,0.0126,0,10,0.005,0.025,6034,0,0,0.10258534968511766,True
1,2,1,60,25,0.0126,0,10,0.005,0.025,5957,8,0,0.10491858317945274,False
1,2,2,60,25,0.0126,0,10,0.005,0.025,5867,7,0,0.10823248679052326,False
1,2,3,60,25,0.0126,0,10,0.005,0.025,5771,6,0,0.10933980246057876,False
1,2,4,60,25,0.0126,0,10,0.005,0.025,5682,7,2,0.1119324181626188,False
1,2,5,60,25,0.0126,0,10,0.005,0.025,5611,9,3,0.11637854214934949,False
1,2,6,60,25,0.0126,0,10,0.005,0.025,5531,11,4,0.1193274272283493,False
1,2,7,60,25,0.0126,0,10,0.005,0.025,5436,13,5,0.12067696835908756,False
1,2,8,60,25,0.0126,0,10,0.005,0.025,5363,14,4,0.12231959724035055,False
1,2,9,60,25,0.0126,0,10,0.005,0.025,5305,15,5,0.12516493873704052,False
1,2,10,60,25,0.0126,0,10,0.005,0.025,5237,17,8,0.12812679014703074,False
1,2,11,60,25,0.0126,0,10,0.005,0.025,5171,15,7,0.12918197640688456,False
1,2,12,60,25,0.0126,0,10,0.005,0.025,5095,15,3,0.13130520117762512,False
1,2,13,60,25,0.0126,0,10,0.005,0.025,5017,14,4,0.13494119992027107,False
1,2,14,60,25,0.0126,0,10,0.005,0.025,4948,17,5,0.1370250606305578,False
1,2,15,60,25,0.0126,0,10,0.005,0.025,4878,15,7,0.13899138991389914,False
1,2,16,60,25,0.0126,0,10,0.005,0.025,4809,17,11,0.14181742566022043,False
1,2,17,60,25,0.0126,0,10,0.005,0.025,4722,12,7,0.14315967810249894,False
1,2,18,60,25,0.0126,0,10,0.005,0.025,9559,7,2,0.07197405586358406,False
1,2,19,60,25,0.0126,0,10,0.005,0.025,9369,9,3,0.07332692923471021,False
1,2,20,60,25,0.0126,0,10,0.005,0.025,9168,12,3,0.07635253054101222,False
1,2,21,60,25,0.0126,0,10,0.005,0.025,8953,10,4,0.07885624930190997,False
1,2,22,60,25,0.0126,0,10,0.005,0.025,8693,10,4,0.08213505119061314,False
1,2,23,60,25,0.0126,0,10,0.005,0.025,8485,14,3,0.08509133765468474,False
1,2,24,60,25,0.0126,0,10,0.005,0.025,8286,22,5,0.0871349263818489,False
1,2,25,60,25,0.0126,0,10,0.005,0.025,8103,20,6,0.09070714550166604,False
1,2,26,60,25,0.0126,0,10,0.005,0.025,7951,23,3,0.09332159476795372,False
1,2,27,60,25,0.0126,0,10,0.005,0.025,7734,19,4,0.09529350918024308,False
1,2,28,60,25,0.0126,0,10,0.005,0.025,7564,20,11,0.09717080909571656,False
1,2,29,60,25,0.0126,0,10,0.005,0.025,7375,22,9,0.09979661016949153,False
1,2,30,60,25,0.0126,0,10,0.005,0.025,7222,16,3,0.10177236222653005,False
1,2,31,60,25,0.0126,0,10,0.005,0.025,7075,18,2,0.10445229681978799,False
1,2,32,60,25,0.0126,0,10,0.005,0.025,6919,21,8,0.10724093077034254,False
1,2,33,60,25,0.0126,0,10,0.005,0.025,6766,24,10,0.11025716819391072,False
1,2,34,60,25,0.0126,0,10,0.005,0.025,6597,20,9,0.1145975443383356,False
1,2,35,60,25,0.0126,0,10,0.005,0.025,6449,18,9,0.1173825399286711,False
1,2,36,60,25,0.0126,0,10,0.005,0.025,6358,15,6,0.12094998427178358,False
1,2,37,60,25,0.0126,0,10,0.005,0.025,6222,14,6,0.12327225972356155,False
1,2,38,60,25,0.0126,0,10,0.005,0.025,6137,15,8,0.12514257780674598,False
1,2,39,60,25,0.0126,0,10,0.005,0.025,6053,11,6,0.12704444077317034,False
1,2,40,60,25,0.0126,0,10,0.005,0.025,5970,9,3,0.12763819095477386,False
1,2,41,60,25,0.0126,0,10,0.005,0.025,6402,11,4,0.16869728209934395,False
1,2,42,60,25,0.0126,0,10,0.005,0.025,6419,10,3,0.17946720673002026,False
1,2,43,60,25,0.0126,0,10,0.005,0.025,6376,12,2,0.18255959849435383,False
1,2,44,60,25,0.0126,0,10,0.005,0.025,6309,10,1,0.1849738468854018,False
1,2,45,60,25,0.0126,0,10,0.005,0.025,6291,13,3,0.18725162931171516,False
1,2,46,60,25,0.0126,0,10,0.005,0.025,5989,11,7,0.17331774920687928,False
1,2,47,60,25,0.0126,0,10,0.005,0.025,5892,12,8,0.17362525458248473,False
1,2,48,60,25,0.0126,0,10,0.005,0.025,5788,9,4,0.17449896337249482,False
1,2,49,60,25,0.0126,0,10,0.005,0.025,5726,9,3,0.17796018162766328,False
1,2,50,60,25,0.0126,0,10,0.005,0.025,5689,11,3,0.1822815960625769,False
1,2,51,60,25,0.0126,0,10,0.005,0.025,5669,10,2,0.18821661668724643,False
1,2,52,60,25,0.0126,0,10,0.005,0.025,5615,13,3,0.19554764024933213,False
1,3,1,60,25,0.0126,0,10,0.005,0.025,5578,14,5,0.19881678020795984,False
1,3,2,60,25,0.0126,0,10,0.005,0.025,5530,16,9,0.20524412296564196,False
1,3,3,60,25,0.0126,0,10,0.005,0.025,5461,14,7,0.208203625709577,False
1,3,4,60,25,0.0126,0,10,0.005,0.025,5406,11,4,0.21309655937846836,False
1,3,5,60,25,0.0126,0,10,0.005,0.025,5357,11,4,0.2167257793541161,False
1,3,6,60,25,0.0126,0,10,0.005,0.025,5290,10,3,0.21795841209829867,False
1,3,7,60,25,0.0126,0,10,0.005,0.025,5233,8,3,0.21975922033250525,False
1,3,8,60,25,0.0126,0,10,0.005,0.025,5170,8,5,0.2230174081237911,False
1,3,9,60,25,0.0126,0,10,0.005,0.025,5114,7,3,0.2240907313257724,False
1,3,10,60,25,0.0126,0,10,0.005,0.025,5054,4,2,0.22694895132568263,False
1,3,11,60,25,0.0126,0,10,0.005,0.025,4987,6,2,0.22839382394224986,False
1,3,12,60,25,0.0126,0,10,0.005,0.025,4917,3,2,0.23184868822452714,False
1,3,13,60,25,0.0126,0,10,0.005,0.025,4865,3,2,0.23371017471736896,False
1,3,14,60,25,0.0126,0,10,0.005,0.025,4819,1,1,0.2353185308155219,False
1,3,15,60,25,0.0126,0,10,0.005,0.025,4755,3,1,0.23596214511041008,False
1,3,16,60,25,0.0126,0,10,0.005,0.025,4694,2,0,0.23838943331913082,False
1,3,17,60,25,0.0126,0,10,0.005,0.025,4630,2,1,0.23995680345572354,False
1,3,18,60,25,0.0126,0,10,0.005,0.025,10492,5,1,0.1067479984750286,False
1,3,19,60,25,0.0126,0,10,0.005,0.025,10260,4,3,0.10984405458089669,False
1,3,20,60,25,0.0126,0,10,0.005,0.025,10004,7,3,0.11305477808876449,False
1,3,21,60,25,0.0126,0,10,0.005,0.025,9794,4,0,0.11680620788237697,False
1,3,22,60,25,0.0126,0,10,0.005,0.025,9591,4,2,0.12042539881138567,False
1,3,23,60,25,0.0126,0,10,0.005,0.025,9318,6,4,0.12234385061171925,False
1,3,24,60,25,0.0126,0,10,0.005,0.025,9035,6,2,0.12661870503597122,False
1,3,25,60,25,0.0126,0,10,0.005,0.025,8821,4,2,0.13014397460605373,False
1,3,26,60,25,0.0126,0,10,0.005,0.025,8621,7,2,0.13316320612457952,False
1,3,27,60,25,0.0126,0,10,0.005,0.025,8449,5,1,0.13693928275535566,False
1,3,28,60,25,0.0126,0,10,0.005,0.025,8279,5,2,0.13938881507428433,False
1,3,29,60,25,0.0126,0,10,0.005,0.025,8137,5,2,0.1430502642251444,False
1,3,30,60,25,0.0126,0,10,0.005,0.025,7947,4,2,0.1452120296967409,False
1,3,31,60,25,0.0126,0,10,0.005,0.025,7768,3,1,0.1494593202883625,False
1,3,32,60,25,0.0126,0,10,0.005,0.025,7600,1,1,0.15447368421052632,False
1,3,33,60,25,0.0126,0,10,0.005,0.025,7444,2,1,0.1569048898441698,False
1,3,34,60,25,0.0126,0,10,0.005,0.025,7305,1,0,0.16098562628336754,False
1,3,35,60,25,0.0126,0,10,0.005,0.025,7140,1,0,0.16484593837535014,False
1,3,36,60,25,0.0126,0,10,0.005,0.025,6995,1,0,0.16940671908506075,False
1,3,37,60,25,0.0126,0,10,0.005,0.025,6838,1,1,0.17256507750804329,False
1,3,38,60,25,0.0126,0,10,0.005,0.025,6741,2,1,0.17445482866043613,False
1,3,39,60,25,0.0126,0,10,0.005,0.025,6634,1,0,0.17696713898100694,False
1,3,40,60,25,0.0126,0,10,0.005,0.025,6532,1,0,0.1804960195958359,False
1,3,41,60,25,0.0126,0,10,0.005,0.025,6823,2,2,0.21368899311153453,False
1,3,42,60,25,0.0126,0,10,0.005,0.025,6818,3,1,0.21780580815488412,False
1,3,43,60,25,0.0126,0,10,0.005,0.025,6784,3,2,0.2184551886792453,False
1,3,44,60,25,0.0126,0,10,0.005,0.025,6717,5,1,0.22093196367425935,False
1,3,45,60,25,0.0126,0,10,0.005,0.025,6654,4,1,0.22422602945596634,False
1,3,46,60,25,0.0126,0,10,0.005,0.025,6311,5,2,0.20519727459990492,False
1,3,47,60,25,0.0126,0,10,0.005,0.025,6194,5,3,0.20487568614788504,False
1,3,48,60,25,0.0126,0,10,0.005,0.025,6115,6,2,0.20539656582174978,False
1,3,49,60,25,0.0126,0,10,0.005,0.025,6039,4,0,0.2054975989402219,False
1,3,50,60,25,0.0126,0,10,0.005,0.025,5973,4,2,0.2067637702996819,False
1,3,51,60,25,0.0126,0,10,0.005,0.025,5888,6,3,0.20940896739130435,False
1,3,52,60,25,0.0126,0,10,0.005,0.025,5811,9,1,0.21201170194458785,False
1,4,1,60,25,0.0126,0,10,0.005,0.025,5748,8,3,0.21416144745998608,False
1,4,2,60,25,0.0126,0,10,0.005,0.025,5657,9,5,0.21530846738554005,False
1,4,3,60,25,0.0126,0,10,0.005,0.025,5595,8,4,0.2193029490616622,False
1,4,4,60,25,0.0126,0,10,0.005,0.025,5520,8,5,0.2233695652173913,False
1,4,5,60,25,0.0126,0,10,0.005,0.025,5457,9,3,0.22594832325453545,False
1,4,6,60,25,0.0126,0,10,0.005,0.025,5369,6,0,0.2296517042279754,False
1,4,7,60,25,0.0126,0,10,0.005,0.025,5307,6,3,0.2332768042208404,False
1,4,8,60,25,0.0126,0,10,0.005,0.025,5240,7,4,0.23492366412213742,False
1,4,9,60,25,0.0126,0,10,0.005,0.025,5160,4,3,0.237984496124031,False
1,4,10,60,25,0.0126,0,10,0.005,0.025,5090,4,2,0.24420432220039293,False
1,4,11,60,25,0.0126,0,10,0.005,0.025,5013,2,0,0.24516257729902255,False
1,4,12,60,25,0.0126,0,10,0.005,0.025,4941,2,1,0.24772313296903462,False
1,4,13,60,25,0.0126,0,10,0.005,0.025,4884,4,1,0.2502047502047502,False
1,4,14,60,25,0.0126,0,10,0.005,0.025,4822,3,1,0.2521775197013687,False
1,4,15,60,25,0.0126,0,10,0.005,0.025,4775,4,1,0.25612565445026175,False
1,4,16,60,25,0.0126,0,10,0.005,0.025,4709,3,2,0.2571671267785092,False
1,4,17,60,25,0.0126,0,10,0.005,0.025,4651,4,2,0.2588690604171146,False
1,4,18,60,25,0.0126,0,10,0.005,0.025,10178,1,0,0.11937512281391235,False
1,4,19,60,25,0.0126,0,10,0.005,0.025,9991,1,1,0.12281052947652887,False
1,4,20,60,25,0.0126,0,10,0.005,0.025,9752,3,1,0.12602543068088598,False
1,4,21,60,25,0.0126,0,10,0.005,0.025,9488,2,0,0.1294266441821248,False
1,4,22,60,25,0.0126,0,10,0.005,0.025,9245,2,0,0.1327203893996755,False
1,4,23,60,25,0.0126,0,10,0.005,0.025,9012,2,1,0.13559698180204172,False
1,4,24,60,25,0.0126,0,10,0.005,0.025,8807,6,2,0.13932099466333597,False
1,4,25,60,25,0.0126,0,10,0.005,0.025,8613,9,1,0.14211076280041798,False
1,4,26,60,25,0.0126,0,10,0.005,0.025,8399,8,2,0.14596975830456008,False
1,4,27,60,25,0.0126,0,10,0.005,0.025,8220,10,3,0.1491484184914842,False
1,4,28,60,25,0.0126,0,10,0.005,0.025,8026,11,1,0.1536257164216297,False
1,4,29,60,25,0.0126,0,10,0.005,0.025,7807,8,2,0.1572947354937876,False
1,4,30,60,25,0.0126,0,10,0.005,0.025,7618,8,3,0.16054082436334996,False
1,4,31,60,25,0.0126,0,10,0.005,0.025,7450,9,4,0.16429530201342282,False
1,4,32,60,25,0.0126,0,10,0.005,0.025,7297,9,4,0.16732903933123203,False
1,4,33,60,25,0.0126,0,10,0.005,0.025,7112,6,2,0.171962879640045,False
1,4,34,60,25,0.0126,0,10,0.005,0.025,6955,5,3,0.17627606038820992,False
1,4,35,60,25,0.0126,0,10,0.005,0.025,6746,5,2,0.1793655499555292,False
1,4,36,60,25,0.0126,0,10,0.005,0.025,6558,2,0,0.18298261665141813,False
1,4,37,60,25,0.0126,0,10,0.005,0.025,6433,2,1,0.1854500233172703,False
1,4,38,60,25,0.0126,0,10,0.005,0.025,6335,6,1,0.18642462509865826,False
1,4,39,60,25,0.0126,0,10,0.005,0.025,6216,5,3,0.18967181467181468,False
1,4,40,60,25,0.0126,0,10,0.005,0.025,6118,5,3,0.19221967963386727,False
1,4,41,60,25,0.0126,0,10,0.005,0.025,6536,2,1,0.22873317013463892,False
1,4,42,60,25,0.0126,0,10,0.005,0.025,6525,3,2,0.23295019157088123,False
1,4,43,60,25,0.0126,0,10,0.005,0.025,6477,4,2,0.23313262312799135,False
1,4,44,60,25,0.0126,0,10,0.005,0.025,6467,3,1,0.2413793103448276,False
1,4,45,60,25,0.0126,0,10,0.005,0.025,6394,2,0,0.24288395370659993,False
1,4,46,60,25,0.0126,0,10,0.005,0.025,6027,2,0,0.22598307615729218,False
1,4,47,60,25,0.0126,0,10,0.005,0.025,5956,2,1,0.22766957689724648,False
1,4,48,60,25,0.0126,0,10,0.005,0.025,5903,2,1,0.22768084025071997,False
1,4,49,60,25,0.0126,0,10,0.005,0.025,5829,1,1,0.22919883341911135,False
1,4,50,60,25,0.0126,0,10,0.005,0.025,5754,4,1,0.2316649287452207,False
1,4,51,60,25,0.0126,0,10,0.005,0.025,5687,3,0,0.23369087392298224,False
1,4,52,60,25,0.0126,0,10,0.005,0.025,5614,3,0,0.23601710010687565,False
1,5,1,60,25,0.0126,0,10,0.005,0.025,5570,3,1,0.23770197486535008,False
1,5,2,60,25,0.0126,0,10,0.005,0.025,5498,4,2,0.23954165150963988,False
1,5,3,60,25,0.0126,0,10,0.005,0.025,5438,3,1,0.24402353806546526,False
1,5,4,60,25,0.0126,0,10,0.005,0.025,5365,3,0,0.24566635601118358,False
1,5,5,60,25,0.0126,0,10,0.005,0.025,5300,3,1,0.24735849056603773,False
1,5,6,60,25,0.0126,0,10,0.005,0.025,5239,6,1,0.24890246230196603,False
1,5,7,60,25,0.0126,0,10,0.005,0.025,5184,5,2,0.25212191358024694,False
1,5,8,60,25,0.0126,0,10,0.005,0.025,5117,4,2,0.25210084033613445,False
1,5,9,60,25,0.0126,0,10,0.005,0.025,5056,4,1,0.25593354430379744,False
1,5,10,60,25,0.0126,0,10,0.005,0.025,4997,3,0,0.25895537322393436,False
1,5,11,60,25,0.0126,0,10,0.005,0.025,4938,3,2,0.2620494127176995,False
1,5,12,60,25,0.0126,0,10,0.005,0.025,4887,4,3,0.26294250051156126,False
1,5,13,60,25,0.0126,0,10,0.005,0.025,4817,2,1,0.2648951629645007,False
1,5,14,60,25,0.0126,0,10,0.005,0.025,4753,1,0,0.26783084367767723,False
1,5,15,60,25,0.0126,0,10,0.005,0.025,4707,1,1,0.26938602082005525,False
1,5,16,60,25,0.0126,0,10,0.005,0.025,4653,3,1,0.2695035460992908,False
1,5,17,60,25,0.0126,0,10,0.005,0.025,4591,2,0,0.2714005663254193,False
1,5,18,60,25,0.0126,0,10,0.005,0.025,10110,2,0,0.12354104846686449,False
1,5,19,60,25,0.0126,0,10,0.005,0.025,9921,2,0,0.12619695595202096,False
1,5,20,60,25,0.0126,0,10,0.005,0.025,9685,2,1,0.1291688177594218,False
1,5,21,60,25,0.0126,0,10,0.005,0.025,9407,7,1,0.1336238970979058,False
1,5,22,60,25,0.0126,0,10,0.005,0.025,9142,6,1,0.13662218332968715,False
1,5,23,60,25,0.0126,0,10,0.005,0.025,8898,6,3,0.1392447741065408,False
1,5,24,60,25,0.0126,0,10,0.005,0.025,8707,10,3,0.14379235098196852,False
1,5,25,60,25,0.0126,0,10,0.005,0.025,8487,9,5,0.1474019088016967,False
1,5,26,60,25,0.0126,0,10,0.005,0.025,8298,9,5,0.15075921908893708,False
1,5,27,60,25,0.0126,0,10,0.005,0.025,8082,7,1,0.15379856471170503,False
1,5,28,60,25,0.0126,0,10,0.005,0.025,7862,5,1,0.15695751717120326,False
1,5,29,60,25,0.0126,0,10,0.005,0.025,7724,10,1,0.16105644743656136,False
1,5,30,60,25,0.0126,0,10,0.005,0.025,7571,9,2,0.16391493858142914,False
1,5,31,60,25,0.0126,0,10,0.005,0.025,7389,11,4,0.1682230342400866,False
1,5,32,60,25,0.0126,0,10,0.005,0.025,7236,14,5,0.17191818684355997,False
1,5,33,60,25,0.0126,0,10,0.005,0.025,7049,11,5,0.17392537948645198,False
1,5,34,60,25,0.0126,0,10,0.005,0.025,6892,12,4,0.1765815438189205,False
1,5,35,60,25,0.0126,0,10,0.005,0.025,6734,13,3,0.18013068013068012,False
1,5,36,60,25,0.0126,0,10,0.005,0.025,6572,10,3,0.1845709068776628,False
1,5,37,60,25,0.0126,0,10,0.005,0.025,6418,12,4,0.18744157058273606,False
1,5,38,60,25,0.0126,0,10,0.005,0.025,6335,10,4,0.1905288082083662,False
1,5,39,60,25,0.0126,0,10,0.005,0.025,6255,11,3,0.19312549960031974,False
1,5,40,60,25,0.0126,0,10,0.005,0.025,6165,9,3,0.1948094079480941,False
1,5,41,60,25,0.0126,0,10,0.005,0.025,6623,9,5,0.23207005888570134,False
1,5,42,60,25,0.0126,0,10,0.005,0.025,6630,7,4,0.24132730015082957,False
1,5,43,60,25,0.0126,0,10,0.005,0.025,6555,5,4,0.24073226544622425,False
1,5,44,60,25,0.0126,0,10,0.005,0.025,6478,8,3,0.24158690953998146,False
1,5,45,60,25,0.0126,0,10,0.005,0.025,6419,5,1,0.24318429661941113,False
1,5,46,60,25,0.0126,0,10,0.005,0.025,6042,5,2,0.22442899702085403,False
1,5,47,60,25,0.0126,0,10,0.005,0.025,5891,6,1,0.22305211339331182,False
1,5,48,60,25,0.0126,0,10,0.005,0.025,5823,5,3,0.226172076249356,False
1,5,49,60,25,0.0126,0,10,0.005,0.025,5721,7,3,0.22723300122356233,False
1,5,50,60,25,0.0126,0,10,0.005,0.025,5631,4,1,0.22944414846386077,False
1,5,51,60,25,0.0126,0,10,0.005,0.025,5510,6,2,0.23176043557168785,False
1,5,52,60,25,0.0126,0,10,0.005,0.025,5445,8,3,0.23232323232323232,False
1,6,1,60,25,0.0126,0,10,0.005,0.025,5376,7,2,0.23623511904761904,False
1,6,2,60,25,0.0126,0,10,0.005,0.025,5324,5,0,0.2398572501878287,False
1,6,3,60,25,0.0126,0,10,0.005,0.025,5258,5,2,0.24438950171167745,False
1,6,4,60,25,0.0126,0,10,0.005,0.025,5191,6,4,0.24619533808514737,False
1,6,5,60,25,0.0126,0,10,0.005,0.025,5128,4,2,0.24726989079563183,False
1,6,6,60,25,0.0126,0,10,0.005,0.025,5053,2,1,0.24737779536908766,False
1,6,7,60,25,0.0126,0,10,0.005,0.025,4985,7,2,0.2505516549648947,False
1,6,8,60,25,0.0126,0,10,0.005,0.025,4931,7,1,0.25167308862299737,False
1,6,9,60,25,0.0126,0,10,0.005,0.025,4871,5,2,0.25477314719770067,False
1,6,10,60,25,0.0126,0,10,0.005,0.025,4825,6,3,0.256580310880829,False
1,6,11,60,25,0.0126,0,10,0.005,0.025,4769,6,1,0.25833508072971273,False
1,6,12,60,25,0.0126,0,10,0.005,0.025,4717,4,1,0.2616069535721857,False
1,6,13,60,25,0.0126,0,10,0.005,0.025,4676,3,1,0.26218990590248076,False
1,6,14,60,25,0.0126,0,10,0.005,0.025,4633,7,1,0.26591841139650335,False
1,6,15,60,25,0.0126,0,10,0.005,0.025,4574,5,3,0.26781810231744646,False
1,6,16,60,25,0.0126,0,10,0.005,0.025,4529,5,3,0.2709207330536542,False
1,6,17,60,25,0.0126,0,10,0.005,0.025,4453,2,1,0.27307433191107117,False
1,6,18,60,25,0.0126,0,10,0.005,0.025,9591,4,1,0.12720258575748097,False
1,6,19,60,25,0.0126,0,10,0.005,0.025,9393,3,1,0.12956456936016184,False
1,6,20,60,25,0.0126,0,10,0.005,0.025,9190,6,1,0.1321001088139282,False
1,6,21,60,25,0.0126,0,10,0.005,0.025,8968,5,1,0.13458965209634255,False
1,6,22,60,25,0.0126,0,10,0.005,0.025,8742,6,3,0.13784031114161518,False
1,6,23,60,25,0.0126,0,10,0.005,0.025,8487,6,3,0.14127489100977966,False
1,6,24,60,25,0.0126,0,10,0.005,0.025,8272,7,1,0.14422147001934235,False
1,6,25,60,25,0.0126,0,10,0.005,0.025,8078,6,3,0.14743748452587274,False
1,6,26,60,25,0.0126,0,10,0.005,0.025,7893,10,5,0.15025972380590397,False
1,6,27,60,25,0.0126,0,10,0.005,0.025,7698,12,2,0.15471551052221355,False
1,6,28,60,25,0.0126,0,10,0.005,0.025,7533,10,2,0.15677684853312093,False
1,6,29,60,25,0.0126,0,10,0.005,0.025,7384,10,4,0.15912784398699892,False
1,6,30,60,25,0.0126,0,10,0.005,0.025,7181,9,5,0.1629299540453976,False
1,6,31,60,25,0.0126,0,10,0.005,0.025,6985,7,3,0.1670722977809592,False
1,6,32,60,25,0.0126,0,10,0.005,0.025,6835,7,1,0.1701536210680322,False
1,6,33,60,25,0.0126,0,10,0.005,0.025,6674,5,1,0.17246029367695534,False
1,6,34,60,25,0.0126,0,10,0.005,0.025,6525,8,4,0.1757854406130268,False
1,6,35,60,25,0.0126,0,10,0.005,0.025,6366,7,4,0.1792334275840402,False
1,6,36,60,25,0.0126,0,10,0.005,0.025,6246,7,1,0.18171629843099585,False
1,6,37,60,25,0.0126,0,10,0.005,0.025,6101,6,0,0.1860350762170136,False
1,6,38,60,25,0.0126,0,10,0.005,0.025,6016,5,2,0.18700132978723405,False
1,6,39,60,25,0.0126,0,10,0.005,0.025,5930,6,5,0.1900505902192243,False
1,6,40,60,25,0.0126,0,10,0.005,0.025,5844,8,4,0.19301848049281314,False
1,6,41,60,25,0.0126,0,10,0.005,0.025,6324,4,2,0.24003795066413663,False
1,6,42,60,25,0.0126,0,10,0.005,0.025,6343,6,2,0.24909348888538546,False
1,6,43,60,25,0.0126,0,10,0.005,0.025,6280,5,1,0.24952229299363057,False
1,6,44,60,25,0.0126,0,10,0.005,0.025,6221,4,0,0.2538177141938595,False
1,6,45,60,25,0.0126,0,10,0.005,0.025,6187,4,3,0.2539195086471634,False
1,6,46,60,25,0.0126,0,10,0.005,0.025,5862,8,4,0.238143978164449,False
1,6,47,60,25,0.0126,0,10,0.005,0.025,5762,5,1,0.23915307185005208,False
1,6,48,60,25,0.0126,0,10,0.005,0.025,5688,4,2,0.2380450070323488,False
1,6,49,60,25,0.0126,0,10,0.005,0.025,5606,7,2,0.2406350338922583,False
1,6,50,60,25,0.0126,0,10,0.005,0.025,5555,5,2,0.2414041404140414,False
1,6,51,60,25,0.0126,0,10,0.005,0.025,5469,10,3,0.24428597549826295,False
1,6,52,60,25,0.0126,0,10,0.005,0.025,5375,8,2,0.2476279069767442,False
1,7,1,60,25,0.0126,0,10,0.005,0.025,5318,6,3,0.25291462955998495,False
1,7,2,60,25,0.0126,0,10,0.005,0.025,5276,7,2,0.2579605761940864,False
1,7,3,60,25,0.0126,0,10,0.005,0.025,5226,5,1,0.25985457328740913,False
1,7,4,60,25,0.0126,0,10,0.005,0.025,5208,6,4,0.26363287250384027,False
1,7,5,60,25,0.0126,0,10,0.005,0.025,5151,5,3,0.26557949912638323,False
1,7,6,60,25,0.0126,0,10,0.005,0.025,5107,2,0,0.2717838261210104,False
1,7,7,60,25,0.0126,0,10,0.005,0.025,5050,2,1,0.27762376237623765,False
1,7,8,60,25,0.0126,0,10,0.005,0.025,5007,4,2,0.28020770920711,False
1,7,9,60,25,0.0126,0,10,0.005,0.025,4960,3,2,0.2852822580645161,False
1,7,10,60,25,0.0126,0,10,0.005,0.025,4920,2,2,0.28821138211382114,False
1,7,11,60,25,0.0126,0,10,0.005,0.025,4875,1,1,0.2916923076923077,False
1,7,12,60,25,0.0126,0,10,0.005,0.025,4844,0,0,0.2950041288191577,True
1,7,13,60,25,0.0126,0,10,0.005,0.025,4801,0,0,0.2982711935013539,True
1,7,14,60,25,0.0126,0,10,0.005,0.025,4747,0,0,0.29997893406361914,True
1,7,15,60,25,0.0126,0,10,0.005,0.025,4700,0,0,0.3019148936170213,True
1,7,16,60,25,0.0126,0,10,0.005,0.025,4639,0,0,0.3041603793921104,True
1,7,17,60,25,0.0126,0,10,0.005,0.025,4590,0,0,0.3054466230936819,True
1,7,18,60,25,0.0126,0,10,0.005,0.025,10383,0,0,0.13589521332948087,True
1,7,19,60,25,0.0126,0,10,0.005,0.025,10198,0,0,0.1391449303785056,True
1,7,20,60,25,0.0126,0,10,0.005,0.025,9941,0,0,0.14254099185192637,True
1,7,21,60,25,0.0126,0,10,0.005,0.025,9735,0,0,0.14596815613764766,True
1,7,22,60,25,0.0126,0,10,0.005,0.025,9515,0,0,0.14923804519180242,True
1,7,23,60,25,0.0126,0,10,0.005,0.025,9334,0,0,0.15181058495821728,True
1,7,24,60,25,0.0126,0,10,0.005,0.025,9137,0,0,0.15574039619131005,True
1,7,25,60,25,0.0126,0,10,0.005,0.025,8921,0,0,0.15984755072301313,True
1,7,26,60,25,0.0126,0,10,0.005,0.025,8657,0,0,0.16229640753147742,True
1,7,27,60,25,0.0126,0,10,0.005,0.025,8453,0,0,0.1658582751685792,True
1,7,28,60,25,0.0126,0,10,0.005,0.025,8249,0,0,0.16971754152018426,True
1,7,29,60,25,0.0126,0,10,0.005,0.025,8089,0,0,0.17418716775868465,True
1,7,30,60,25,0.0126,0,10,0.005,0.025,7910,0,0,0.17838179519595448,True
1,7,31,60,25,0.0126,0,10,0.005,0.025,7747,0,0,0.18174777333161224,True
1,7,32,60,25,0.0126,0,10,0.005,0.025,7577,0,0,0.1860894813250627,True
1,7,33,60,25,0.0126,0,10,0.005,0.025,7448,0,0,0.1894468313641246,True
1,7,34,60,25,0.0126,0,10,0.005,0.025,7257,0,0,0.1934683753617197,True
1,7,35,60,25,0.0126,0,10,0.005,0.025,7068,0,0,0.1975099037917374,True
1,7,36,60,25,0.0126,0,10,0.005,0.025,6918,0,0,0.20265972824515757,True
1,7,37,60,25,0.0126,0,10,0.005,0.025,6788,0,0,0.2072775486152033,True
1,7,38,60,25,0.0126,0,10,0.005,0.025,6682,0,0,0.21086501047590542,True
1,7,39,60,25,0.0126,0,10,0.005,0.025,6588,0,0,0.21326654523375835,True
1,7,40,60,25,0.0126,0,10,0.005,0.025,6476,0,0,0.2154107473749228,True
1,7,41,60,25,0.0126,0,10,0.005,0.025,6900,0,0,0.2492753623188406,True
1,7,42,60,25,0.0126,0,10,0.005,0.025,6796,0,0,0.25103001765744554,True
1,7,43,60,25,0.0126,0,10,0.005,0.025,6721,0,0,0.25502157417051036,True
1,7,44,60,25,0.0126,0,10,0.005,0.025,6667,0,0,0.2575371231438428,True
1,7,45,60,25,0.0126,0,10,0.005,0.025,6606,0,0,0.25703905540417804,True
1,7,46,60,25,0.0126,0,10,0.005,0.025,6265,0,0,0.24405426975259378,True
1,7,47,60,25,0.0126,0,10,0.005,0.025,6178,0,0,0.24231142764648753,True
1,7,48,60,25,0.0126,0,10,0.005,0.025,6104,0,0,0.2429554390563565,True
1,7,49,60,25,0.0126,0,10,0.005,0.025,6029,0,0,0.24564604412008625,True
1,7,50,60,25,0.0126,0,10,0.005,0.025,5967,0,0,0.24903636668342552,True
1,7,51,60,25,0.0126,0,10,0.005,0.025,5882,0,0,0.2514450867052023,True
1,7,52,60,25,0.0126,0,10,0.005,0.025,5817,0,0,0.2552862300154719,True
1,8,1,60,25,0.0126,0,10,0.005,0.025,5728,0,0,0.25785614525139666,True
1,8,2,60,25,0.0126,0,10,0.005,0.025,5654,0,0,0.2607003891050584,True
1,8,3,60,25,0.0126,0,10,0.005,0.025,5605,0,0,0.2631578947368421,True
1,8,4,60,25,0.0126,0,10,0.005,0.025,5536,0,0,0.26499277456647397,True
1,8,5,60,25,0.0126,0,10,0.005,0.025,5457,0,0,0.26791277258566976,True
1,8,6,60,25,0.0126,0,10,0.005,0.025,5389,0,0,0.27129337539432175,True
1,8,7,60,25,0.0126,0,10,0.005,0.025,5320,0,0,0.275,True
1,8,8,60,25,0.0126,0,10,0.005,0.025,5259,0,0,0.2781897699182354,True
1,8,9,60,25,0.0126,0,10,0.005,0.025,5185,0,0,0.2813886210221794,True
1,8,10,60,25,0.0126,0,10,0.005,0.025,5128,0,0,0.2829563182527301,True
1,8,11,60,25,0.0126,0,10,0.005,0.025,5073,0,0,0.2840528287009659,True
1,8,12,60,25,0.0126,0,10,0.005,0.025,5002,0,0,0.28608556577369054,True
1,8,13,60,25,0.0126,0,10,0.005,0.025,4952,0,0,0.28877221324717284,True
1,8,14,60,25,0.0126,0,10,0.005,0.025,4903,0,0,0.2918621252294514,True
1,8,15,60,25,0.0126,0,10,0.005,0.025,4842,0,0,0.29574555968608013,True
1,8,16,60,25,0.0126,0,10,0.005,0.025,4784,0,0,0.2976588628762542,True
1,8,17,60,25,0.0126,0,10,0.005,0.025,4734,0,0,0.30228136882129275,True
1,8,18,60,25,0.0126,0,10,0.005,0.025,10477,0,0,0.1360122172377589,True
1,8,19,60,25,0.0126,0,10,0.005,0.025,10289,0,0,0.13946933618427446,True
1,8,20,60,25,0.0126,0,10,0.005,0.025,10110,0,0,0.14223541048466865,True
1,8,21,60,25,0.0126,0,10,0.005,0.025,9899,0,0,0.14637842206283463,True
1,8,22,60,25,0.0126,0,10,0.005,0.025,9693,0,0,0.1495924894253585,True
1,8,23,60,25,0.0126,0,10,0.005,0.025,9477,0,0,0.15279096760578242,True
1,8,24,60,25,0.0126,0,10,0.005,0.025,9266,0,0,0.15551478523634793,True
1,8,25,60,25,0.0126,0,10,0.005,0.025,9074,0,0,0.1591359929468812,True
1,8,26,60,25,0.0126,0,10,0.005,0.025,8828,0,0,0.16266425011327593,True
1,8,27,60,25,0.0126,0,10,0.005,0.025,8628,0,0,0.16585535465924894,True
1,8,28,60,25,0.0126,0,10,0.005,0.025,8401,0,0,0.17045589810736816,True
1,8,29,60,25,0.0126,0,10,0.005,0.025,8235,0,0,0.17510625379477837,True
1,8,30,60,25,0.0126,0,10,0.005,0.025,8048,0,0,0.1790506958250497,True
1,8,31,60,25,0.0126,0,10,0.005,0.025,7832,0,0,0.1822012257405516,True
1,8,32,60,25,0.0126,0,10,0.005,0.025,7620,0,0,0.18635170603674542,True
1,8,33,60,25,0.0126,0,10,0.005,0.025,7475,0,0,0.19010033444816055,True
1,8,34,60,25,0.0126,0,10,0.005,0.025,7338,0,0,0.1926955573725811,True
1,8,35,60,25,0.0126,0,10,0.005,0.025,7206,0,0,0.19664168748265334,True
1,8,36,60,25,0.0126,0,10,0.005,0.025,7027,0,0,0.20079692614202363,True
1,8,37,60,25,0.0126,0,10,0.005,0.025,6903,0,0,0.20498334057656092,True
1,8,38,60,25,0.0126,0,10,0.005,0.025,6810,0,0,0.20719530102790015,True
1,8,39,60,25,0.0126,0,10,0.005,0.025,6699,0,0,0.21062845200776234,True
1,8,40,60,25,0.0126,0,10,0.005,0.025,6587,0,0,0.2146652497343252,True
1,8,41,60,25,0.0126,0,10,0.005,0.025,7051,0,0,0.2532974046234577,True
1,8,42,60,25,0.0126,0,10,0.005,0.025,6990,0,0,0.2555078683834049,True
1,8,43,60,25,0.0126,0,10,0.005,0.025,6932,0,0,0.26053087132140795,True
1,8,44,60,25,0.0126,0,10,0.005,0.025,6914,0,0,0.26424645646514316,True
1,8,45,60,25,0.0126,0,10,0.005,0.025,6862,0,0,0.2662489070241912,True
1,8,46,60,25,0.0126,0,10,0.005,0.025,6461,0,0,0.24872310787803745,True
1,8,47,60,25,0.0126,0,10,0.005,0.025,6350,0,0,0.24771653543307087,True
1,8,48,60,25,0.0126,0,10,0.005,0.025,6272,0,0,0.24840561224489796,True
1,8,49,60,25,0.0126,0,10,0.005,0.025,6189,0,0,0.2514137986750687,True
1,8,50,60,25,0.0126,0,10,0.005,0.025,6096,0,0,0.25246062992125984,True
1,8,51,60,25,0.0126,0,10,0.005,0.025,6011,0,0,0.2543669938446182,True
1,8,52,60,25,0.0126,0,10,0.005,0.025,5933,0,0,0.2566998145963256,True
1,9,1,60,25,0.0126,0,10,0.005,0.025,5863,0,0,0.25959406447211325,True
1,9,2,60,25,0.0126,0,10,0.005,0.025,5792,0,0,0.26191298342541436,True
1,9,3,60,25,0.0126,0,10,0.005,0.025,5720,0,0,0.26486013986013984,True
1,9,4,60,25,0.0126,0,10,0.005,0.025,5633,0,0,0.26735309781643884,True
1,9,5,60,25,0.0126,0,10,0.005,0.025,5559,0,0,0.2678539305630509,True
1,9,6,60,25,0.0126,0,10,0.005,0.025,5522,0,0,0.26964867801521186,True
1,9,7,60,25,0.0126,0,10,0.005,0.025,5432,0,0,0.27153902798232693,True
1,9,8,60,25,0.0126,0,10,0.005,0.025,5379,0,0,0.2738427216954824,True
1,9,9,60,25,0.0126,0,10,0.005,0.025,5328,0,0,0.27646396396396394,True
1,9,10,60,25,0.0126,0,10,0.005,0.025,5268,0,0,0.27809415337889143,True
1,9,11,60,25,0.0126,0,10,0.005,0.025,5203,0,0,0.28118393234672306,True
1,9,12,60,25,0.0126,0,10,0.005,0.025,5137,0,0,0.28362857699046135,True
1,9,13,60,25,0.0126,0,10,0.005,0.025,5072,0,0,0.2858832807570978,True
1,9,14,60,25,0.0126,0,10,0.005,0.025,5011,0,0,0.2895629614847336,True
1,9,15,60,25,0.0126,0,10,0.005,0.025,4953,0,0,0.2915404805168585,True
1,9,16,60,25,0.0126,0,10,0.005,0.025,4894,0,0,0.29505516959542294,True
1,9,17,60,25,0.0126,0,10,0.005,0.025,4835,0,0,0.2982419855222337,True
1,9,18,60,25,0.0126,0,10,0.005,0.025,10144,0,0,0.12726735015772872,True
1,9,19,60,25,0.0126,0,10,0.005,0.025,9955,0,0,0.13008538422903063,True
1,9,20,60,25,0.0126,0,10,0.005,0.025,9750,0,0,0.13312820512820514,True
1,9,21,60,25,0.0126,0,10,0.005,0.025,9468,0,0,0.13741022391212504,True
1,9,22,60,25,0.0126,0,10,0.005,0.025,9220,0,0,0.14154013015184383,True
1,9,23,60,25,0.0126,0,10,0.005,0.025,8979,0,0,0.14500501169395255,True
1,9,24,60,25,0.0126,0,10,0.005,0.025,8773,0,0,0.149435768836202,True
1,9,25,60,25,0.0126,0,10,0.005,0.025,8608,0,0,0.15299721189591078,True
1,9,26,60,25,0.0126,0,10,0.005,0.025,8415,0,0,0.15579322638146167,True
1,9,27,60,25,0.0126,0,10,0.005,0.025,8236,0,0,0.15917921321029627,True
1,9,28,60,25,0.0126,0,10,0.005,0.025,8078,0,0,0.16204506065857885,True
1,9,29,60,25,0.0126,0,10,0.005,0.025,7889,0,0,0.1663075167955381,True
1,9,30,60,25,0.0126,0,10,0.005,0.025,7720,0,0,0.16930051813471503,True
1,9,31,60,25,0.0126,0,10,0.005,0.025,7559,0,0,0.17264188384706972,True
1,9,32,60,25,0.0126,0,10,0.005,0.025,7387,0,0,0.1757140923243536,True
1,9,33,60,25,0.0126,0,10,0.005,0.025,7221,0,0,0.1790610718737017,True
1,9,34,60,25,0.0126,0,10,0.005,0.025,7072,0,0,0.18212669683257918,True
1,9,35,60,25,0.0126,0,10,0.005,0.025,6891,0,0,0.18632999564649544,True
1,9,36,60,25,0.0126,0,10,0.005,0.025,6763,0,0,0.19118734289516487,True
1,9,37,60,25,0.0126,0,10,0.005,0.025,6640,0,0,0.19578313253012047,True
1,9,38,60,25,0.0126,0,10,0.005,0.025,6563,0,0,0.20036568642389152,True
1,9,39,60,25,0.0126,0,10,0.005,0.025,6480,0,0,0.20262345679012345,True
1,9,40,60,25,0.0126,0,10,0.005,0.025,6390,0,0,0.20735524256651017,True
1,9,41,60,25,0.0126,0,10,0.005,0.025,6890,0,0,0.24760522496371554,True
1,9,42,60,25,0.0126,0,10,0.005,0.025,6934,0,0,0.25353331410441304,True
1,9,43,60,25,0.0126,0,10,0.005,0.025,6851,0,0,0.2544154138082032,True
1,9,44,60,25,0.0126,0,10,0.005,0.025,6811,0,0,0.25752459257084126,True
1,9,45,60,25,0.0126,0,10,0.005,0.025,6782,0,0,0.26304924800943674,True
1,9,46,60,25,0.0126,0,10,0.005,0.025,6411,0,0,0.24613944782405242,True
1,9,47,60,25,0.0126,0,10,0.005,0.025,6262,0,0,0.24401149792398594,True
1,9,48,60,25,0.0126,0,10,0.005,0.025,6163,0,0,0.24387473632970955,True
1,9,49,60,25,0.0126,0,10,0.005,0.025,6053,0,0,0.2459937221212622,True
1,9,50,60,25,0.0126,0,10,0.005,0.025,5954,0,0,0.24773261672824992,True
1,9,51,60,25,0.0126,0,10,0.005,0.025,5881,0,0,0.25046760754973646,True
1,9,52,60,25,0.0126,0,10,0.005,0.025,5795,0,0,0.25297670405522,True
1,10,1,60,25,0.0126,0,10,0.005,0.025,5720,0,0,0.2573426573426573,True
1,10,2,60,25,0.0126,0,10,0.005,0.025,5676,0,0,0.2581042988019732,True
1,10,3,60,25,0.0126,0,10,0.005,0.025,5602,0,0,0.26312031417350945,True
1,10,4,60,25,0.0126,0,10,0.005,0.025,5548,0,0,0.2683850036049027,True
1,10,5,60,25,0.0126,0,10,0.005,0.025,5489,0,0,0.27054108216432865,True
1,10,6,60,25,0.0126,0,10,0.005,0.025,5457,0,0,0.27377680043980207,True
1,10,7,60,25,0.0126,0,10,0.005,0.025,5406,0,0,0.27672955974842767,True
1,10,8,60,25,0.0126,0,10,0.005,0.025,5355,0,0,0.28141923436041083,True
1,10,9,60,25,0.0126,0,10,0.005,0.025,5302,0,0,0.2844209732176537,True
1,10,10,60,25,0.0126,0,10,0.005,0.025,5248,0,0,0.2860137195121951,True
1,10,11,60,25,0.0126,0,10,0.005,0.025,5192,0,0,0.288713405238829,True
1,10,12,60,25,0.0126,0,10,0.005,0.025,5129,0,0,0.29225969974653926,True
1,10,13,60,25,0.0126,0,10,0.005,0.025,5068,0,0,0.2930149960536701,True
1,10,14,60,25,0.0126,0,10,0.005,0.025,5013,0,0,0.2958308398164772,True
1,10,15,60,25,0.0126,0,10,0.005,0.025,4962,0,0,0.2978637646110439,True
1,10,16,60,25,0.0126,0,10,0.005,0.025,4897,0,0,0.3018174392485195,True
1,10,17,60,25,0.0126,0,10,0.005,0.025,4859,0,0,0.3033545997118749,True
1,10,18,60,25,0.0126,0,10,0.005,0.025,10868,0,0,0.1263341921236658,True
1,10,19,60,25,0.0126,0,10,0.005,0.025,10696,0,0,0.12976813762154077,True
1,10,20,60,25,0.0126,0,10,0.005,0.025,10428,0,0,0.13387034906022247,True
1,10,21,60,25,0.0126,0,10,0.005,0.025,10189,0,0,0.13877711257238198,True
1,10,22,60,25,0.0126,0,10,0.005,0.025,9986,0,0,0.14109753655117163,True
1,10,23,60,25,0.0126,0,10,0.005,0.025,9780,0,0,0.14406952965235173,True
1,10,24,60,25,0.0126,0,10,0.005,0.025,9557,0,0,0.14774510829758292,True
1,10,25,60,25,0.0126,0,10,0.005,0.025,9351,0,0,0.15142765479627848,True
1,10,26,60,25,0.0126,0,10,0.005,0.025,9125,0,0,0.1566027397260274,True
1,10,27,60,25,0.0126,0,10,0.005,0.025,8913,0,0,0.16032761135420173,True
1,10,28,60,25,0.0126,0,10,0.005,0.025,8709,0,0,0.1637386611551269,True
1,10,29,60,25,0.0126,0,10,0.005,0.025,8513,0,0,0.16621637495594974,True
1,10,30,60,25,0.0126,0,10,0.005,0.025,8323,0,0,0.17133245224077856,True
1,10,31,60,25,0.0126,0,10,0.005,0.025,8102,0,0,0.17526536657615405,True
1,10,32,60,25,0.0126,0,10,0.005,0.025,7962,0,0,0.17872393870886713,True
1,10,33,60,25,0.0126,0,10,0.005,0.025,7806,0,0,0.18152703048936716,True
1,10,34,60,25,0.0126,0,10,0.005,0.025,7647,0,0,0.18569373610566234,True
1,10,35,60,25,0.0126,0,10,0.005,0.025,7501,0,0,0.18984135448606854,True
1,10,36,60,25,0.0126,0,10,0.005,0.025,7380,0,0,0.19241192411924118,True
1,10,37,60,25,0.0126,0,10,0.005,0.025,7244,0,0,0.19519602429596908,True
1,10,38,60,25,0.0126,0,10,0.005,0.025,7135,0,0,0.1974772249474422,True
1,10,39,60,25,0.0126,0,10,0.005,0.025,7037,0,0,0.20065368765098765,True
1,10,40,60,25,0.0126,0,10,0.005,0.025,6935,0,0,0.20331651045421772,True
1,10,41,60,25,0.0126,0,10,0.005,0.025,7465,0,0,0.24447421299397187,True
1,10,42,60,25,0.0126,0,10,0.005,0.025,7428,0,0,0.25026925148088314,True
1,10,43,60,25,0.0126,0,10,0.005,0.025,7353,0,0,0.2518699850401197,True
1,10,44,60,25,0.0126,0,10,0.005,0.025,7224,0,0,0.24847729789590256,True
1,10,45,60,25,0.0126,0,10,0.005,0.025,7116,0,0,0.2515458122540753,True
1,10,46,60,25,0.0126,0,10,0.005,0.025,6741,0,0,0.23839192998071504,True
1,10,47,60,25,0.0126,0,10,0.005,0.025,6586,0,0,0.23959914971150925,True
1,10,48,60,25,0.0126,0,10,0.005,0.025,6492,0,0,0.2396796056685151,True
1,10,49,60,25,0.0126,0,10,0.005,0.025,6404,0,0,0.2410993129294191,True
1,10,50,60,25,0.0126,0,10,0.005,0.025,6305,0,0,0.24536082474226803,True
1,10,51,60,25,0.0126,0,10,0.005,0.025,6226,0,0,0.24863475746867972,True
1,10,52,60,25,0.0126,0,10,0.005,0.025,6150,0,0,0.25089430894308945,True
1,11,1,60,25,0.0126,0,10,0.005,0.025,6068,0,0,0.25477916941331574,True
1,11,2,60,25,0.0126,0,10,0.005,0.025,5999,0,0,0.2555425904317386,True
1,11,3,60,25,0.0126,0,10,0.005,0.025,5927,0,0,0.2584781508351611,True
1,11,4,60,25,0.0126,0,10,0.005,0.025,5858,0,0,0.2604984636394674,True
1,11,5,60,25,0.0126,0,10,0.005,0.025,5790,0,0,0.2614853195164076,True
1,11,6,60,25,0.0126,0,10,0.005,0.025,5739,0,0,0.26276354765638615,True
1,11,7,60,25,0.0126,0,10,0.005,0.025,5672,0,0,0.2656911142454161,True
1,11,8,60,25,0.0126,0,10,0.005,0.025,5615,0,0,0.2682101513802315,True
1,11,9,60,25,0.0126,0,10,0.005,0.025,5548,0,0,0.2712689257390051,True
1,11,10,60,25,0.0126,0,10,0.005,0.025,5483,0,0,0.2741200072952763,True
1,11,11,60,25,0.0126,0,10,0.005,0.025,5401,0,0,0.2769857433808554,True
1,11,12,60,25,0.0126,0,10,0.005,0.025,5360,0,0,0.278544776119403,True
1,11,13,60,25,0.0126,0,10,0.005,0.025,5295,0,0,0.28120868744098204,True
1,11,14,60,25,0.0126,0,10,0.005,0.025,5212,0,0,0.2860706062931696,True
1,11,15,60,25,0.0126,0,10,0.005,0.025,5143,0,0,0.2891308574761812,True
1,11,16,60,25,0.0126,0,10,0.005,0.025,5088,0,0,0.2904874213836478,True
1,11,17,60,25,0.0126,0,10,0.005,0.025,5026,0,0,0.2938718662952646,True
1,11,18,60,25,0.0126,0,10,0.005,0.025,10820,0,0,0.12707948243992606,True
1,11,19,60,25,0.0126,0,10,0.005,0.025,10623,0,0,0.12990680598700932,True
1,11,20,60,25,0.0126,0,10,0.005,0.025,10386,0,0,0.133737723859041,True
1,11,21,60,25,0.0126,0,10,0.005,0.025,10181,0,0,0.13643060603084176,True
1,11,22,60,25,0.0126,0,10,0.005,0.025,9936,0,0,0.14100241545893719,True
1,11,23,60,25,0.0126,0,10,0.005,0.025,9724,0,0,0.14387083504730563,True
1,11,24,60,25,0.0126,0,10,0.005,0.025,9455,0,0,0.14838709677419354,True
1,11,25,60,25,0.0126,0,10,0.005,0.025,9265,0,0,0.15143011332973558,True
1,11,26,60,25,0.0126,0,10,0.005,0.025,9027,0,0,0.1550902847014512,True
1,11,27,60,25,0.0126,0,10,0.005,0.025,8792,0,0,0.15957688808007278,True
1,11,28,60,25,0.0126,0,10,0.005,0.025,8596,0,0,0.16286644951140064,True
1,11,29,60,25,0.0126,0,10,0.005,0.025,8420,0,0,0.1671021377672209,True
1,11,30,60,25,0.0126,0,10,0.005,0.025,8286,0,0,0.1693217475259474,True
1,11,31,60,25,0.0126,0,10,0.005,0.025,8132,0,0,0.17277422528283326,True
1,11,32,60,25,0.0126,0,10,0.005,0.025,7972,0,0,0.17599096838936276,True
1,11,33,60,25,0.0126,0,10,0.005,0.025,7831,0,0,0.17903205210062573,True
1,11,34,60,25,0.0126,0,10,0.005,0.025,7709,0,0,0.1821247892074199,True
1,11,35,60,25,0.0126,0,10,0.005,0.025,7537,0,0,0.1849542258192915,True
1,11,36,60,25,0.0126,0,10,0.005,0.025,7391,0,0,0.18779596806927343,True
1,11,37,60,25,0.0126,0,10,0.005,0.025,7267,0,0,0.19100041282509977,True
1,11,38,60,25,0.0126,0,10,0.005,0.025,7171,0,0,0.19341793334263005,True
1,11,39,60,25,0.0126,0,10,0.005,0.025,7056,0,0,0.19600340136054423,True
1,11,40,60,25,0.0126,0,10,0.005,0.025,6956,0,0,0.20011500862564693,True
1,11,41,60,25,0.0126,0,10,0.005,0.025,7475,0,0,0.2397324414715719,True
1,11,42,60,25,0.0126,0,10,0.005,0.025,7474,0,0,0.24632057800374632,True
1,11,43,60,25,0.0126,0,10,0.005,0.025,7408,0,0,0.2501349892008639,True
1,11,44,60,25,0.0126,0,10,0.005,0.025,7342,0,0,0.25115772269136477,True
1,11,45,60,25,0.0126,0,10,0.005,0.025,7243,0,0,0.25307193152008833,True
1,11,46,60,25,0.0126,0,10,0.005,0.025,6860,0,0,0.2368804664723032,True
1,11,47,60,25,0.0126,0,10,0.005,0.025,6720,0,0,0.23288690476190477,True
1,11,48,60,25,0.0126,0,10,0.005,0.025,6606,0,0,0.23312140478353013,True
1,11,49,60,25,0.0126,0,10,0.005,0.025,6468,0,0,0.23453927025355598,True
1,11,50,60,25,0.0126,0,10,0.005,0.025,6355,0,0,0.23634933123524784,True
1,11,51,60,25,0.0126,0,10,0.005,0.025,6292,0,0,0.23744437380801017,True
1,11,52,60,25,0.0126,0,10,0.005,0.025,6196,0,0,0.2408005164622337,True
1,1,1,60,25,0.0238,0,10,0.005,0.025,5516,0,0,0.0018129079042784628,True
1,1,2,60,25,0.0238,0,10,0.005,0.025,5348,0,0,0.0037397157816005983,True
1,1,3,60,25,0.0238,0,10,0.005,0.025,5128,0,0,0.004875195007800312,True
1,1,4,60,25,0.0238,0,10,0.005,0.025,5023,0,0,0.0069679474417678675,True
1,1,5,60,25,0.0238,0,10,0.005,0.025,4905,0,0,0.009378185524974516,True
1,1,6,60,25,0.0238,0,10,0.005,0.025,4810,0,0,0.011434511434511435,True
1,1,7,60,25,0.0238,0,10,0.005,0.025,4729,0,0,0.01374497779657433,True
1,1,8,60,25,0.0238,0,10,0.005,0.025,4670,0,0,0.016916488222698072,True
1,1,9,60,25,0.0238,0,10,0.005,0.025,4564,0,0,0.01906222611744084,True
1,1,10,60,25,0.0238,0,10,0.005,0.025,4484,0,0,0.021409455842997322,True
1,1,11,60,25,0.0238,0,10,0.005,0.025,4432,0,0,0.02572202166064982,True
1,1,12,60,25,0.0238,0,10,0.005,0.025,4376,0,0,0.028107861060329066,True
1,1,13,60,25,0.0238,0,10,0.005,0.025,4343,0,0,0.0297029702970297,True
1,1,14,60,25,0.0238,0,10,0.005,0.025,4292,0,0,0.03075489282385834,True
1,1,15,60,25,0.0238,0,10,0.005,0.025,4231,0,0,0.032143701252658946,True
1,1,16,60,25,0.0238,0,10,0.005,0.025,4194,0,0,0.03314258464473057,True
1,1,17,60,25,0.0238,0,10,0.005,0.025,4159,0,0,0.03606636210627555,True
1,1,18,60,25,0.0238,0,10,0.005,0.025,12123,0,0,0.014600346448898788,True
1,1,19,60,25,0.0238,0,10,0.005,0.025,11878,0,0,0.01658528371779761,True
1,1,20,60,25,0.0238,0,10,0.005,0.025,11557,0,0,0.01877649909145972,True
1,1,21,60,25,0.0238,0,10,0.005,0.025,11215,0,0,0.021489077128845298,True
1,1,22,60,25,0.0238,0,10,0.005,0.025,10948,0,0,0.023017902813299233,True
1,1,23,60,25,0.0238,0,10,0.005,0.025,10651,0,0,0.02525584452164116,True
1,1,24,60,25,0.0238,0,10,0.005,0.025,10444,0,0,0.027767139027192647,True
1,1,25,60,25,0.0238,0,10,0.005,0.025,10192,0,0,0.029925431711146,True
1,1,26,60,25,0.0238,0,10,0.005,0.025,9955,0,0,0.032044198895027624,True
1,1,27,60,25,0.0238,0,10,0.005,0.025,9674,0,0,0.03514575149886293,True
1,1,28,60,25,0.0238,0,10,0.005,0.025,9458,0,0,0.036688517657009936,True
1,1,29,60,25,0.0238,0,10,0.005,0.025,9241,0,0,0.03884860945785088,True
1,1,30,60,25,0.0238,0,10,0.005,0.025,9054,0,0,0.041307709299757016,True
1,1,31,60,25,0.0238,0,10,0.005,0.025,8876,0,0,0.043262730959891846,True
1,1,32,60,25,0.0238,0,10,0.005,0.025,8666,0,0,0.04500346180475421,True
1,1,33,60,25,0.0238,0,10,0.005,0.025,8452,0,0,0.04602460955986749,True
1,1,34,60,25,0.0238,0,10,0.005,0.025,8244,0,0,0.04864143619602135,True
1,1,35,60,25,0.0238,0,10,0.005,0.025,8034,0,0,0.05028628329599203,True
1,1,36,60,25,0.0238,0,10,0.005,0.025,7846,0,0,0.05212847310731583,True
1,1,37,60,25,0.0238,0,10,0.005,0.025,7687,0,0,0.053596981917523094,True
1,1,38,60,25,0.0238,0,10,0.005,0.025,7552,0,0,0.054952330508474576,True
1,1,39,60,25,0.0238,0,10,0.005,0.025,7426,0,0,0.056962025316455694,True
1,1,40,60,25,0.0238,0,10,0.005,0.025,7310,0,0,0.05923392612859097,True
1,1,41,60,25,0.0238,0,10,0.005,0.025,7619,0,0,0.0861005381283633,True
1,1,42,60,25,0.0238,0,10,0.005,0.025,7568,0,0,0.08813424947145877,True
1,1,43,60,25,0.0238,0,10,0.005,0.025,7507,0,0,0.09258025842546956,True
1,1,44,60,25,0.0238,0,10,0.005,0.025,7466,0,0,0.09416019287436378,True
1,1,45,60,25,0.0238,0,10,0.005,0.025,7380,0,0,0.09688346883468835,True
1,1,46,60,25,0.0238,0,10,0.005,0.025,7082,0,0,0.08571025134142897,True
1,1,47,60,25,0.0238,0,10,0.005,0.025,6929,0,0,0.08529369317361812,True
1,1,48,60,25,0.0238,0,10,0.005,0.025,6838,0,0,0.08730622989178122,True
1,1,49,60,25,0.0238,0,10,0.005,0.025,6727,0,0,0.08844953173777315,True
1,1,50,60,25,0.0238,0,10,0.005,0.025,6676,0,0,0.09092270820850809,True
1,1,51,60,25,0.0238,0,10,0.005,0.025,6588,0,0,0.09304796599878568,True
1,1,52,60,25,0.0238,0,10,0.005,0.025,6491,0,0,0.09505469111076875,True
1,2,1,60,25,0.0238,0,10,0.005,0.025,6404,8,0,0.09556527170518427,False
1,2,2,60,25,0.0238,0,10,0.005,0.025,6307,8,0,0.09671793245600127,False
1,2,3,60,25,0.0238,0,10,0.005,0.025,6235,8,3,0.09975942261427426,False
1,2,4,60,25,0.0238,0,10,0.005,0.025,6159,14,4,0.10391297288520863,False
1,2,5,60,25,0.0238,0,10,0.005,0.025,6086,11,3,0.10483075911929017,False
1,2,6,60,25,0.0238,0,10,0.005,0.025,6006,11,4,0.10789210789210789,False
1,2,7,60,25,0.0238,0,10,0.005,0.025,5911,22,5,0.11165623413973946,False
1,2,8,60,25,0.0238,0,10,0.005,0.025,5866,24,7,0.11762700306853051,False
1,2,9,60,25,0.0238,0,10,0.005,0.025,5780,29,11,0.12076124567474049,False
1,2,10,60,25,0.0238,0,10,0.005,0.025,5701,33,11,0.12506577793369583,False
1,2,11,60,25,0.0238,0,10,0.005,0.025,5616,30,10,0.12927350427350429,False
1,2,12,60,25,0.0238,0,10,0.005,0.025,5542,30,13,0.1313605196679899,False
1,2,13,60,25,0.0238,0,10,0.005,0.025,5459,32,8,0.13482322769738048,False
1,2,14,60,25,0.0238,0,10,0.005,0.025,5378,32,11,0.13666790628486425,False
1,2,15,60,25,0.0238,0,10,0.005,0.025,5298,42,17,0.13873159682899208,False
1,2,16,60,25,0.0238,0,10,0.005,0.025,5217,40,14,0.14069388537473643,False
1,2,17,60,25,0.0238,0,10,0.005,0.025,5133,35,14,0.14260666277030976,False
1,2,18,60,25,0.0238,0,10,0.005,0.025,10388,39,17,0.07075471698113207,False
1,2,19,60,25,0.0238,0,10,0.005,0.025,10131,56,15,0.0738327904451683,False
1,2,20,60,25,0.0238,0,10,0.005,0.025,9875,70,16,0.07564556962025316,False
1,2,21,60,25,0.0238,0,10,0.005,0.025,9626,84,27,0.07905672137959692,False
1,2,22,60,25,0.0238,0,10,0.005,0.025,9417,98,33,0.08197939895932888,False
1,2,23,60,25,0.0238,0,10,0.005,0.025,9202,96,34,0.0849815257552706,False
1,2,24,60,25,0.0238,0,10,0.005,0.025,8976,94,38,0.08834670231729055,False
1,2,25,60,25,0.0238,0,10,0.005,0.025,8732,92,32,0.09081539166284928,False
1,2,26,60,25,0.0238,0,10,0.005,0.025,8528,90,31,0.09369136960600376,False
1,2,27,60,25,0.0238,0,10,0.005,0.025,8317,98,38,0.09763135746062282,False
1,2,28,60,25,0.0238,0,10,0.005,0.025,8094,96,41,0.10069187052137386,False
1,2,29,60,25,0.0238,0,10,0.005,0.025,7901,83,38,0.10454372864194406,False
1,2,30,60,25,0.0238,0,10,0.005,0.025,7724,73,31,0.10706887622993268,False
1,2,31,60,25,0.0238,0,10,0.005,0.025,7567,68,28,0.10981895070701732,False
1,2,32,60,25,0.0238,0,10,0.005,0.025,7402,62,25,0.11145636314509592,False
1,2,33,60,25,0.0238,0,10,0.005,0.025,7223,51,22,0.11504914855323273,False
1,2,34,60,25,0.0238,0,10,0.005,0.025,7066,46,21,0.11774695726011888,False
1,2,35,60,25,0.0238,0,10,0.005,0.025,6919,51,19,0.12082670906200318,False
1,2,36,60,25,0.0238,0,10,0.005,0.025,6765,50,19,0.12313377679231338,False
1,2,37,60,25,0.0238,0,10,0.005,0.025,6607,56,23,0.1274405933101256,False
1,2,38,60,25,0.0238,0,10,0.005,0.025,6494,59,20,0.13073606405913152,False
1,2,39,60,25,0.0238,0,10,0.005,0.025,6403,50,25,0.1327502733093862,False
1,2,40,60,25,0.0238,0,10,0.005,0.025,6313,53,28,0.13606843022334864,False
1,2,41,60,25,0.0238,0,10,0.005,0.025,6619,44,20,0.16875660975978243,False
1,2,42,60,25,0.0238,0,10,0.005,0.025,6577,41,14,0.17317926106127413,False
1,2,43,60,25,0.0238,0,10,0.005,0.025,6550,42,13,0.17923664122137403,False
1,2,44,60,25,0.0238,0,10,0.005,0.025,6449,45,16,0.17832222049930221,False
1,2,45,60,25,0.0238,0,10,0.005,0.025,6402,38,21,0.18056857232114965,False
1,2,46,60,25,0.0238,0,10,0.005,0.025,6118,41,21,0.16721150702844068,False
1,2,47,60,25,0.0238,0,10,0.005,0.025,6031,33,10,0.16680484165146742,False
1,2,48,60,25,0.0238,0,10,0.005,0.025,5933,32,10,0.1682116972863644,False
1,2,49,60,25,0.0238,0,10,0.005,0.025,5862,35,12,0.16939611054247697,False
1,2,50,60,25,0.0238,0,10,0.005,0.025,5764,36,14,0.17279666897987508,False
1,2,51,60,25,0.0238,0,10,0.005,0.025,5694,41,15,0.17579908675799086,False
1,2,52,60,25,0.0238,0,10,0.005,0.025,5613,35,13,0.17887047924461072,False
1,3,1,60,25,0.0238,0,10,0.005,0.025,5548,36,14,0.1811463590483057,False
1,3,2,60,25,0.0238,0,10,0.005,0.025,5468,33,14,0.18397951719092903,False
1,3,3,60,25,0.0238,0,10,0.005,0.025,5402,36,11,0.18659755646057016,False
1,3,4,60,25,0.0238,0,10,0.005,0.025,5341,30,15,0.18835424077888036,False
1,3,5,60,25,0.0238,0,10,0.005,0.025,5266,29,15,0.19065704519559437,False
1,3,6,60,25,0.0238,0,10,0.005,0.025,5190,23,10,0.19171483622350674,False
1,3,7,60,25,0.0238,0,10,0.005,0.025,5122,27,12,0.19328387348691917,False
1,3,8,60,25,0.0238,0,10,0.005,0.025,5057,25,8,0.19735020763298397,False
1,3,9,60,25,0.0238,0,10,0.005,0.025,4987,28,7,0.2001203128133146,False
1,3,10,60,25,0.0238,0,10,0.005,0.025,4921,28,10,0.203210729526519,False
1,3,11,60,25,0.0238,0,10,0.005,0.025,4860,28,13,0.20617283950617285,False
1,3,12,60,25,0.0238,0,10,0.005,0.025,4797,28,13,0.2086720867208672,False
1,3,13,60,25,0.0238,0,10,0.005,0.025,4736,25,9,0.21072635135135134,False
1,3,14,60,25,0.0238,0,10,0.005,0.025,4670,28,10,0.2132762312633833,False
1,3,15,60,25,0.0238,0,10,0.005,0.025,4610,28,10,0.21366594360086769,False
1,3,16,60,25,0.0238,0,10,0.005,0.025,4552,28,10,0.21507029876977152,False
1,3,17,60,25,0.0238,0,10,0.005,0.025,4484,28,11,0.21743978590544158,False
1,3,18,60,25,0.0238,0,10,0.005,0.025,10342,28,10,0.09543608586346934,False
1,3,19,60,25,0.0238,0,10,0.005,0.025,10114,39,10,0.09837848526794542,False
1,3,20,60,25,0.0238,0,10,0.005,0.025,9841,38,13,0.101615689462453,False
1,3,21,60,25,0.0238,0,10,0.005,0.025,9605,47,17,0.10546590317542946,False
1,3,22,60,25,0.0238,0,10,0.005,0.025,9368,51,18,0.10920153714773698,False
1,3,23,60,25,0.0238,0,10,0.005,0.025,9086,54,19,0.11248073959938366,False
1,3,24,60,25,0.0238,0,10,0.005,0.025,8864,53,15,0.11529783393501805,False
1,3,25,60,25,0.0238,0,10,0.005,0.025,8644,52,13,0.11846367422489588,False
1,3,26,60,25,0.0238,0,10,0.005,0.025,8460,54,21,0.12174940898345153,False
1,3,27,60,25,0.0238,0,10,0.005,0.025,8306,52,25,0.124729111485673,False
1,3,28,60,25,0.0238,0,10,0.005,0.025,8119,51,19,0.12907993595270353,False
1,3,29,60,25,0.0238,0,10,0.005,0.025,7920,48,14,0.13295454545454546,False
1,3,30,60,25,0.0238,0,10,0.005,0.025,7722,48,22,0.13532763532763534,False
1,3,31,60,25,0.0238,0,10,0.005,0.025,7514,47,23,0.1396060686718126,False
1,3,32,60,25,0.0238,0,10,0.005,0.025,7305,38,14,0.14401095140314854,False
1,3,33,60,25,0.0238,0,10,0.005,0.025,7148,35,11,0.14815332960268607,False
1,3,34,60,25,0.0238,0,10,0.005,0.025,6979,30,11,0.1523140851124803,False
1,3,35,60,25,0.0238,0,10,0.005,0.025,6824,30,12,0.15548065650644782,False
1,3,36,60,25,0.0238,0,10,0.005,0.025,6707,28,12,0.15804383479946324,False
1,3,37,60,25,0.0238,0,10,0.005,0.025,6589,25,12,0.16178479283654576,False
1,3,38,60,25,0.0238,0,10,0.005,0.025,6474,23,9,0.1648130985480383,False
1,3,39,60,25,0.0238,0,10,0.005,0.025,6367,22,6,0.16632637034710224,False
1,3,40,60,25,0.0238,0,10,0.005,0.025,6265,21,8,0.1696727853152434,False
1,3,41,60,25,0.0238,0,10,0.005,0.025,6606,21,9,0.20042385709960642,False
1,3,42,60,25,0.0238,0,10,0.005,0.025,6566,18,9,0.20849832470301555,False
1,3,43,60,25,0.0238,0,10,0.005,0.025,6532,21,9,0.20744029393753827,False
1,3,44,60,25,0.0238,0,10,0.005,0.025,6510,23,7,0.21459293394777265,False
1,3,45,60,25,0.0238,0,10,0.005,0.025,6459,19,8,0.21613252825514787,False
1,3,46,60,25,0.0238,0,10,0.005,0.025,6142,18,9,0.19960924780201889,False
1,3,47,60,25,0.0238,0,10,0.005,0.025,6006,14,10,0.19713619713619715,False
1,3,48,60,25,0.0238,0,10,0.005,0.025,5926,16,6,0.19929125885926427,False
1,3,49,60,25,0.0238,0,10,0.005,0.025,5835,10,4,0.20102827763496145,False
1,3,50,60,25,0.0238,0,10,0.005,0.025,5745,15,7,0.2033072236727589,False
1,3,51,60,25,0.0238,0,10,0.005,0.025,5663,16,7,0.20430867031608688,False
1,3,52,60,25,0.0238,0,10,0.005,0.025,5597,19,7,0.2051098802930141,False
1,4,1,60,25,0.0238,0,10,0.005,0.025,5525,22,9,0.2097737556561086,False
1,4,2,60,25,0.0238,0,10,0.005,0.025,5456,24,8,0.21041055718475074,False
1,4,3,60,25,0.0238,0,10,0.005,0.025,5381,22,6,0.21259988849656197,False
1,4,4,60,25,0.0238,0,10,0.005,0.025,5313,25,8,0.21381517033690947,False
1,4,5,60,25,0.0238,0,10,0.005,0.025,5234,26,9,0.2157050057317539,False
1,4,6,60,25,0.0238,0,10,0.005,0.025,5159,28,7,0.21651482845512696,False
1,4,7,60,25,0.0238,0,10,0.005,0.025,5100,25,9,0.21803921568627452,False
1,4,8,60,25,0.0238,0,10,0.005,0.025,5021,25,12,0.220673172674766,False
1,4,9,60,25,0.0238,0,10,0.005,0.025,4956,18,8,0.22437449556093625,False
1,4,10,60,25,0.0238,0,10,0.005,0.025,4872,20,5,0.22783251231527094,False
1,4,11,60,25,0.0238,0,10,0.005,0.025,4807,18,8,0.2288329519450801,False
1,4,12,60,25,0.0238,0,10,0.005,0.025,4746,20,10,0.23219553308048882,False
1,4,13,60,25,0.0238,0,10,0.005,0.025,4680,19,8,0.23547008547008547,False
1,4,14,60,25,0.0238,0,10,0.005,0.025,4612,17,10,0.23829141370338247,False
1,4,15,60,25,0.0238,0,10,0.005,0.025,4552,14,8,0.2405536028119508,False
1,4,16,60,25,0.0238,0,10,0.005,0.025,4499,9,4,0.24249833296288065,False
1,4,17,60,25,0.0238,0,10,0.005,0.025,4444,8,3,0.2436993699369937,False
1,4,18,60,25,0.0238,0,10,0.005,0.025,9808,7,2,0.11031810766721044,False
1,4,19,60,25,0.0238,0,10,0.005,0.025,9601,9,4,0.11290490573898553,False
1,4,20,60,25,0.0238,0,10,0.005,0.025,9334,19,4,0.1164559674308978,False
1,4,21,60,25,0.0238,0,10,0.005,0.025,9069,18,3,0.12018965707354724,False
1,4,22,60,25,0.0238,0,10,0.005,0.025,8851,19,8,0.12371483448197944,False
1,4,23,60,25,0.0238,0,10,0.005,0.025,8633,26,8,0.1264913703231785,False
1,4,24,60,25,0.0238,0,10,0.005,0.025,8394,24,5,0.13009292351679771,False
1,4,25,60,25,0.0238,0,10,0.005,0.025,8174,22,10,0.13212625397602154,False
1,4,26,60,25,0.0238,0,10,0.005,0.025,7905,25,10,0.13674889310562935,False
1,4,27,60,25,0.0238,0,10,0.005,0.025,7672,20,7,0.1403806047966632,False
1,4,28,60,25,0.0238,0,10,0.005,0.025,7489,17,9,0.144077981038857,False
1,4,29,60,25,0.0238,0,10,0.005,0.025,7331,17,10,0.14841085800027282,False
1,4,30,60,25,0.0238,0,10,0.005,0.025,7182,15,7,0.15204678362573099,False
1,4,31,60,25,0.0238,0,10,0.005,0.025,7021,17,2,0.15396667141432843,False
1,4,32,60,25,0.0238,0,10,0.005,0.025,6833,15,3,0.1584955363676277,False
1,4,33,60,25,0.0238,0,10,0.005,0.025,6677,17,7,0.16204882432230044,False
1,4,34,60,25,0.0238,0,10,0.005,0.025,6515,18,7,0.16408288564850346,False
1,4,35,60,25,0.0238,0,10,0.005,0.025,6379,14,3,0.16789465433453518,False
1,4,36,60,25,0.0238,0,10,0.005,0.025,6250,14,6,0.17136,False
1,4,37,60,25,0.0238,0,10,0.005,0.025,6077,14,5,0.1754155010696067,False
1,4,38,60,25,0.0238,0,10,0.005,0.025,5989,9,3,0.17732509600935048,False
1,4,39,60,25,0.0238,0,10,0.005,0.025,5894,10,5,0.1803529012555141,False
1,4,40,60,25,0.0238,0,10,0.005,0.025,5807,11,4,0.18339934561735835,False
1,4,41,60,25,0.0238,0,10,0.005,0.025,6199,12,4,0.22148733666720438,False
1,4,42,60,25,0.0238,0,10,0.005,0.025,6185,11,4,0.2244139046079224,False
1,4,43,60,25,0.0238,0,10,0.005,0.025,6151,14,3,0.22955616972849943,False
1,4,44,60,25,0.0238,0,10,0.005,0.025,6095,12,5,0.22608695652173913,False
1,4,45,60,25,0.0238,0,10,0.005,0.025,6056,11,6,0.22721268163804492,False
1,4,46,60,25,0.0238,0,10,0.005,0.025,5745,12,4,0.21096605744125327,False
1,4,47,60,25,0.0238,0,10,0.005,0.025,5634,12,4,0.21121760738374157,False
1,4,48,60,25,0.0238,0,10,0.005,0.025,5529,10,4,0.21233496111412553,False
1,4,49,60,25,0.0238,0,10,0.005,0.025,5431,8,2,0.21174737617381698,False
1,4,50,60,25,0.0238,0,10,0.005,0.025,5383,7,2,0.21493590934423185,False
1,4,51,60,25,0.0238,0,10,0.005,0.025,5312,8,6,0.21423192771084337,False
1,4,52,60,25,0.0238,0,10,0.005,0.025,5246,7,4,0.21845215402211207,False
1,5,1,60,25,0.0238,0,10,0.005,0.025,5174,3,2,0.219172787011983,False
1,5,2,60,25,0.0238,0,10,0.005,0.025,5111,4,2,0.2205047935824692,False
1,5,3,60,25,0.0238,0,10,0.005,0.025,5058,2,1,0.22419928825622776,False
1,5,4,60,25,0.0238,0,10,0.005,0.025,4977,3,1,0.22362869198312235,False
1,5,5,60,25,0.0238,0,10,0.005,0.025,4910,2,2,0.22627291242362527,False
1,5,6,60,25,0.0238,0,10,0.005,0.025,4839,5,2,0.22855961975614797,False
1,5,7,60,25,0.0238,0,10,0.005,0.025,4780,3,0,0.2305439330543933,False
1,5,8,60,25,0.0238,0,10,0.005,0.025,4724,3,0,0.23221845893310752,False
1,5,9,60,25,0.0238,0,10,0.005,0.025,4650,3,1,0.23290322580645162,False
1,5,10,60,25,0.0238,0,10,0.005,0.025,4592,3,2,0.23562717770034844,False
1,5,11,60,25,0.0238,0,10,0.005,0.025,4539,3,1,0.23925974884335757,False
1,5,12,60,25,0.0238,0,10,0.005,0.025,4475,2,0,0.24067039106145252,False
1,5,13,60,25,0.0238,0,10,0.005,0.025,4440,2,2,0.24279279279279278,False
1,5,14,60,25,0.0238,0,10,0.005,0.025,4384,3,2,0.2468065693430657,False
1,5,15,60,25,0.0238,0,10,0.005,0.025,4338,1,0,0.2491931765790687,False
1,5,16,60,25,0.0238,0,10,0.005,0.025,4298,1,0,0.25058166589111214,False
1,5,17,60,25,0.0238,0,10,0.005,0.025,4247,1,0,0.2519425476807158,False
1,5,18,60,25,0.0238,0,10,0.005,0.025,9383,1,1,0.1147820526484067,False
1,5,19,60,25,0.0238,0,10,0.005,0.025,9220,6,1,0.11670281995661605,False
1,5,20,60,25,0.0238,0,10,0.005,0.025,8983,5,2,0.12022709562506957,False
1,5,21,60,25,0.0238,0,10,0.005,0.025,8764,6,2,0.12334550433591968,False
1,5,22,60,25,0.0238,0,10,0.005,0.025,8546,3,0,0.1261408846243857,False
1,5,23,60,25,0.0238,0,10,0.005,0.025,8292,3,0,0.13084901109503136,False
1,5,24,60,25,0.0238,0,10,0.005,0.025,8099,3,3,0.13433757253981973,False
1,5,25,60,25,0.0238,0,10,0.005,0.025,7910,5,3,0.13754740834386853,False
1,5,26,60,25,0.0238,0,10,0.005,0.025,7703,2,1,0.14163312994937038,False
1,5,27,60,25,0.0238,0,10,0.005,0.025,7552,4,2,0.14671610169491525,False
1,5,28,60,25,0.0238,0,10,0.005,0.025,7385,4,1,0.14989844278943806,False
1,5,29,60,25,0.0238,0,10,0.005,0.025,7266,3,0,0.15290393614093037,False
1,5,30,60,25,0.0238,0,10,0.005,0.025,7131,3,1,0.1555181601458421,False
1,5,31,60,25,0.0238,0,10,0.005,0.025,6984,6,2,0.1583619702176403,False
1,5,32,60,25,0.0238,0,10,0.005,0.025,6813,5,1,0.1617495963599002,False
1,5,33,60,25,0.0238,0,10,0.005,0.025,6678,4,2,0.16427073974243786,False
1,5,34,60,25,0.0238,0,10,0.005,0.025,6560,4,3,0.16707317073170733,False
1,5,35,60,25,0.0238,0,10,0.005,0.025,6412,4,2,0.1698378041172801,False
1,5,36,60,25,0.0238,0,10,0.005,0.025,6236,4,2,0.1735086593970494,False
1,5,37,60,25,0.0238,0,10,0.005,0.025,6105,4,2,0.1760851760851761,False
1,5,38,60,25,0.0238,0,10,0.005,0.025,6002,2,0,0.17877374208597135,False
1,5,39,60,25,0.0238,0,10,0.005,0.025,5897,2,0,0.1834831270137358,False
1,5,40,60,25,0.0238,0,10,0.005,0.025,5816,2,0,0.18655433287482806,False
1,5,41,60,25,0.0238,0,10,0.005,0.025,6268,2,1,0.22399489470325462,False
1,5,42,60,25,0.0238,0,10,0.005,0.025,6265,2,2,0.22905027932960895,False
1,5,43,60,25,0.0238,0,10,0.005,0.025,6233,3,1,0.23375581581902777,False
1,5,44,60,25,0.0238,0,10,0.005,0.025,6180,2,0,0.23576051779935275,False
1,5,45,60,25,0.0238,0,10,0.005,0.025,6142,2,2,0.23461413220449365,False
1,5,46,60,25,0.0238,0,10,0.005,0.025,5802,1,2,0.21923474663908996,False
1,5,47,60,25,0.0238,0,10,0.005,0.025,5679,0,0,0.21782003873921466,True
1,5,48,60,25,0.0238,0,10,0.005,0.025,5605,0,0,0.2192685102586976,True
1,5,49,60,25,0.0238,0,10,0.005,0.025,5502,0,0,0.21919302071973829,True
1,5,50,60,25,0.0238,0,10,0.005,0.025,5438,0,0,0.22140492828245678,True
1,5,51,60,25,0.0238,0,10,0.005,0.025,5361,0,0,0.22402536840141765,True
1,5,52,60,25,0.0238,0,10,0.005,0.025,5305,0,0,0.22789820923656928,True
1,6,1,60,25,0.0238,0,10,0.005,0.025,5247,0,0,0.23003621116828665,True
1,6,2,60,25,0.0238,0,10,0.005,0.025,5183,0,0,0.2328767123287671,True
1,6,3,60,25,0.0238,0,10,0.005,0.025,5113,0,0,0.23606493252493643,True
1,6,4,60,25,0.0238,0,10,0.005,0.025,5048,0,0,0.23989698890649763,True
1,6,5,60,25,0.0238,0,10,0.005,0.025,4980,0,0,0.24056224899598394,True
1,6,6,60,25,0.0238,0,10,0.005,0.025,4926,0,0,0.24259033698741372,True
1,6,7,60,25,0.0238,0,10,0.005,0.025,4859,0,0,0.24511216299650135,True
1,6,8,60,25,0.0238,0,10,0.005,0.025,4799,0,0,0.2465096895186497,True
1,6,9,60,25,0.0238,0,10,0.005,0.025,4740,0,0,0.24852320675105485,True
1,6,10,60,25,0.0238,0,10,0.005,0.025,4684,0,0,0.2508539709649872,True
1,6,11,60,25,0.0238,0,10,0.005,0.025,4625,0,0,0.25275675675675674,True
1,6,12,60,25,0.0238,0,10,0.005,0.025,4566,0,0,0.2558037669732808,True
1,6,13,60,25,0.0238,0,10,0.005,0.025,4525,0,0,0.25812154696132594,True
1,6,14,60,25,0.0238,0,10,0.005,0.025,4470,0,0,0.2606263982102908,True
1,6,15,60,25,0.0238,0,10,0.005,0.025,4412,0,0,0.26087941976427925,True
1,6,16,60,25,0.0238,0,10,0.005,0.025,4365,0,0,0.2634593356242841,True
1,6,17,60,25,0.0238,0,10,0.005,0.025,4309,0,0,0.2643304711069854,True
1,6,18,60,25,0.0238,0,10,0.005,0.025,9795,0,0,0.11638591117917305,True
1,6,19,60,25,0.0238,0,10,0.005,0.025,9598,0,0,0.11908730985622004,True
1,6,20,60,25,0.0238,0,10,0.005,0.025,9339,0,0,0.12335367812399614,True
1,6,21,60,25,0.0238,0,10,0.005,0.025,9107,0,0,0.12715493576369824,True
1,6,22,60,25,0.0238,0,10,0.005,0.025,8908,0,0,0.13123035473731479,True
1,6,23,60,25,0.0238,0,10,0.005,0.025,8705,0,0,0.13555427914991383,True
1,6,24,60,25,0.0238,0,10,0.005,0.025,8503,0,0,0.13948018346465954,True
1,6,25,60,25,0.0238,0,10,0.005,0.025,8306,0,0,0.1431495304599085,True
1,6,26,60,25,0.0238,0,10,0.005,0.025,8140,0,0,0.14520884520884522,True
1,6,27,60,25,0.0238,0,10,0.005,0.025,7952,0,0,0.14864185110663983,True
1,6,28,60,25,0.0238,0,10,0.005,0.025,7720,0,0,0.15297927461139896,True
1,6,29,60,25,0.0238,0,10,0.005,0.025,7546,0,0,0.1567717996289425,True
1,6,30,60,25,0.0238,0,10,0.005,0.025,7359,0,0,0.15980432123929883,True
1,6,31,60,25,0.0238,0,10,0.005,0.025,7180,0,0,0.16364902506963788,True
1,6,32,60,25,0.0238,0,10,0.005,0.025,7020,0,0,0.16766381766381766,True
1,6,33,60,25,0.0238,0,10,0.005,0.025,6830,0,0,0.1711566617862372,True
1,6,34,60,25,0.0238,0,10,0.005,0.025,6713,0,0,0.17443765827498883,True
1,6,35,60,25,0.0238,0,10,0.005,0.025,6572,0,0,0.17696287279367012,True
1,6,36,60,25,0.0238,0,10,0.005,0.025,6451,0,0,0.1807471709812432,True
1,6,37,60,25,0.0238,0,10,0.005,0.025,6321,0,0,0.18256604967568424,True
1,6,38,60,25,0.0238,0,10,0.005,0.025,6228,0,0,0.1851316634553629,True
1,6,39,60,25,0.0238,0,10,0.005,0.025,6148,0,0,0.18802862719583605,True
1,6,40,60,25,0.0238,0,10,0.005,0.025,6084,0,0,0.19115713346482577,True
1,6,41,60,25,0.0238,0,10,0.005,0.025,6538,0,0,0.2288161517283573,True
1,6,42,60,25,0.0238,0,10,0.005,0.025,6523,0,0,0.23317491951556032,True
1,6,43,60,25,0.0238,0,10,0.005,0.025,6451,0,0,0.2317470159665168,True
1,6,44,60,25,0.0238,0,10,0.005,0.025,6445,0,0,0.23397982932505818,True
1,6,45,60,25,0.0238,0,10,0.005,0.025,6421,0,0,0.2379691636816695,True
1,6,46,60,25,0.0238,0,10,0.005,0.025,6065,0,0,0.22159934047815333,True
1,6,47,60,25,0.0238,0,10,0.005,0.025,5937,0,0,0.2199764190668688,True
1,6,48,60,25,0.0238,0,10,0.005,0.025,5840,0,0,0.22071917808219177,True
1,6,49,60,25,0.0238,0,10,0.005,0.025,5765,0,0,0.22185602775368604,True
1,6,50,60,25,0.0238,0,10,0.005,0.025,5676,0,0,0.22251585623678646,True
1,6,51,60,25,0.0238,0,10,0.005,0.025,5621,0,0,0.22433730652908734,True
1,6,52,60,25,0.0238,0,10,0.005,0.025,5569,0,0,0.2266115999281738,True
1,7,1,60,25,0.0238,0,10,0.005,0.025,5514,0,0,0.22869060573086689,True
1,7,2,60,25,0.0238,0,10,0.005,0.025,5454,0,0,0.23175650898423175,True
1,7,3,60,25,0.0238,0,10,0.005,0.025,5392,0,0,0.2342359050445104,True
1,7,4,60,25,0.0238,0,10,0.005,0.025,5319,0,0,0.23538259071253995,True
1,7,5,60,25,0.0238,0,10,0.005,0.025,5261,0,0,0.23968827219159855,True
1,7,6,60,25,0.0238,0,10,0.005,0.025,5198,0,0,0.2422085417468257,True
1,7,7,60,25,0.0238,0,10,0.005,0.025,5128,0,0,0.24414976599063962,True
1,7,8,60,25,0.0238,0,10,0.005,0.025,5083,0,0,0.24611449931143026,True
1,7,9,60,25,0.0238,0,10,0.005,0.025,5017,0,0,0.24955152481562687,True
1,7,10,60,25,0.0238,0,10,0.005,0.025,4958,0,0,0.25131101250504234,True
1,7,11,60,25,0.0238,0,10,0.005,0.025,4893,0,0,0.25301451052524015,True
1,7,12,60,25,0.0238,0,10,0.005,0.025,4822,0,0,0.25570302778929904,True
1,7,13,60,25,0.0238,0,10,0.005,0.025,4772,0,0,0.25838222967309304,True
1,7,14,60,25,0.0238,0,10,0.005,0.025,4713,0,0,0.2605559091873541,True
1,7,15,60,25,0.0238,0,10,0.005,0.025,4646,0,0,0.26302195436935,True
1,7,16,60,25,0.0238,0,10,0.005,0.025,4593,0,0,0.26714565643370347,True
1,7,17,60,25,0.0238,0,10,0.005,0.025,4536,0,0,0.27028218694885364,True
1,7,18,60,25,0.0238,0,10,0.005,0.025,10014,0,0,0.1232274815258638,True
1,7,19,60,25,0.0238,0,10,0.005,0.025,9795,0,0,0.12588055130168455,True
1,7,20,60,25,0.0238,0,10,0.005,0.025,9539,0,0,0.12894433378760875,True
1,7,21,60,25,0.0238,0,10,0.005,0.025,9317,0,0,0.13319738113126542,True
1,7,22,60,25,0.0238,0,10,0.005,0.025,9092,0,0,0.1360536735591729,True
1,7,23,60,25,0.0238,0,10,0.005,0.025,8868,0,0,0.13960306720793866,True
1,7,24,60,25,0.0238,0,10,0.005,0.025,8693,0,0,0.14264350626941216,True
1,7,25,60,25,0.0238,0,10,0.005,0.025,8467,0,0,0.14526987126491084,True
1,7,26,60,25,0.0238,0,10,0.005,0.025,8260,0,0,0.14951573849878935,True
1,7,27,60,25,0.0238,0,10,0.005,0.025,8071,0,0,0.15264527320034693,True
1,7,28,60,25,0.0238,0,10,0.005,0.025,7851,0,0,0.15628582346197936,True
1,7,29,60,25,0.0238,0,10,0.005,0.025,7680,0,0,0.159765625,True
1,7,30,60,25,0.0238,0,10,0.005,0.025,7528,0,0,0.16246014877789586,True
1,7,31,60,25,0.0238,0,10,0.005,0.025,7378,0,0,0.16616969368392517,True
1,7,32,60,25,0.0238,0,10,0.005,0.025,7200,0,0,0.1701388888888889,True
1,7,33,60,25,0.0238,0,10,0.005,0.025,7034,0,0,0.1724481091839636,True
1,7,34,60,25,0.0238,0,10,0.005,0.025,6878,0,0,0.17461471357952893,True
1,7,35,60,25,0.0238,0,10,0.005,0.025,6705,0,0,0.1779269202087994,True
1,7,36,60,25,0.0238,0,10,0.005,0.025,6567,0,0,0.180295416476321,True
1,7,37,60,25,0.0238,0,10,0.005,0.025,6435,0,0,0.18383838383838383,True
1,7,38,60,25,0.0238,0,10,0.005,0.025,6346,0,0,0.18704695871415064,True
1,7,39,60,25,0.0238,0,10,0.005,0.025,6253,0,0,0.18790980329441867,True
1,7,40,60,25,0.0238,0,10,0.005,0.025,6157,0,0,0.18889069351957122,True
1,7,41,60,25,0.0238,0,10,0.005,0.025,6571,0,0,0.22721047024805965,True
1,7,42,60,25,0.0238,0,10,0.005,0.025,6567,0,0,0.23130805542865845,True
1,7,43,60,25,0.0238,0,10,0.005,0.025,6502,0,0,0.23254383266687173,True
1,7,44,60,25,0.0238,0,10,0.005,0.025,6483,0,0,0.23523060311584143,True
1,7,45,60,25,0.0238,0,10,0.005,0.025,6385,0,0,0.23727486296006264,True
1,7,46,60,25,0.0238,0,10,0.005,0.025,6048,0,0,0.21875,True
1,7,47,60,25,0.0238,0,10,0.005,0.025,5960,0,0,0.21895973154362416,True
1,7,48,60,25,0.0238,0,10,0.005,0.025,5881,0,0,0.2195204897126339,True
1,7,49,60,25,0.0238,0,10,0.005,0.025,5781,0,0,0.22072305829441274,True
1,7,50,60,25,0.0238,0,10,0.005,0.025,5731,0,0,0.22352120048857094,True
1,7,51,60,25,0.0238,0,10,0.005,0.025,5664,0,0,0.2263418079096045,True
1,7,52,60,25,0.0238,0,10,0.005,0.025,5586,0,0,0.22986036519871106,True
1,8,1,60,25,0.0238,0,10,0.005,0.025,5538,0,0,0.23401950162513543,True
1,8,2,60,25,0.0238,0,10,0.005,0.025,5474,0,0,0.237120935330654,True
1,8,3,60,25,0.0238,0,10,0.005,0.025,5398,0,0,0.2395331604297888,True
1,8,4,60,25,0.0238,0,10,0.005,0.025,5351,0,0,0.24201083909549617,True
1,8,5,60,25,0.0238,0,10,0.005,0.025,5307,0,0,0.2430751837196156,True
1,8,6,60,25,0.0238,0,10,0.005,0.025,5249,0,0,0.2451895599161745,True
1,8,7,60,25,0.0238,0,10,0.005,0.025,5178,0,0,0.2473928157589803,True
1,8,8,60,25,0.0238,0,10,0.005,0.025,5104,0,0,0.2501959247648903,True
1,8,9,60,25,0.0238,0,10,0.005,0.025,5027,0,0,0.2526357668589616,True
1,8,10,60,25,0.0238,0,10,0.005,0.025,4974,0,0,0.255729794933655,True
1,8,11,60,25,0.0238,0,10,0.005,0.025,4916,0,0,0.25874694873881204,True
1,8,12,60,25,0.0238,0,10,0.005,0.025,4855,0,0,0.26179196704428426,True
1,8,13,60,25,0.0238,0,10,0.005,0.025,4819,0,0,0.26437020128657396,True
1,8,14,60,25,0.0238,0,10,0.005,0.025,4779,0,0,0.2670014647415777,True
1,8,15,60,25,0.0238,0,10,0.005,0.025,4726,0,0,0.26914938637325436,True
1,8,16,60,25,0.0238,0,10,0.005,0.025,4676,0,0,0.27181351582549185,True
1,8,17,60,25,0.0238,0,10,0.005,0.025,4634,0,0,0.2755718601640052,True
1,8,18,60,25,0.0238,0,10,0.005,0.025,10377,0,0,0.12392791750987761,True
1,8,19,60,25,0.0238,0,10,0.005,0.025,10190,0,0,0.1267909715407262,True
1,8,20,60,25,0.0238,0,10,0.005,0.025,9930,0,0,0.1309164149043303,True
1,8,21,60,25,0.0238,0,10,0.005,0.025,9713,0,0,0.13487079172243385,True
1,8,22,60,25,0.0238,0,10,0.005,0.025,9489,0,0,0.1385815154389293,True
1,8,23,60,25,0.0238,0,10,0.005,0.025,9240,0,0,0.14339826839826839,True
1,8,24,60,25,0.0238,0,10,0.005,0.025,9062,0,0,0.14687706907967335,True
1,8,25,60,25,0.0238,0,10,0.005,0.025,8904,0,0,0.15116801437556154,True
1,8,26,60,25,0.0238,0,10,0.005,0.025,8718,0,0,0.15450791465932553,True
1,8,27,60,25,0.0238,0,10,0.005,0.025,8518,0,0,0.15696172810518902,True
1,8,28,60,25,0.0238,0,10,0.005,0.025,8374,0,0,0.1620491999044662,True
1,8,29,60,25,0.0238,0,10,0.005,0.025,8232,0,0,0.1650874635568513,True
1,8,30,60,25,0.0238,0,10,0.005,0.025,8086,0,0,0.16782092505565174,True
1,8,31,60,25,0.0238,0,10,0.005,0.025,7923,0,0,0.1708948630569229,True
1,8,32,60,25,0.0238,0,10,0.005,0.025,7760,0,0,0.17487113402061855,True
1,8,33,60,25,0.0238,0,10,0.005,0.025,7613,0,0,0.17798502561408117,True
1,8,34,60,25,0.0238,0,10,0.005,0.025,7479,0,0,0.18170878459687123,True
1,8,35,60,25,0.0238,0,10,0.005,0.025,7326,0,0,0.18523068523068523,True
1,8,36,60,25,0.0238,0,10,0.005,0.025,7211,0,0,0.18873942587713216,True
1,8,37,60,25,0.0238,0,10,0.005,0.025,7062,0,0,0.19201359388275277,True
1,8,38,60,25,0.0238,0,10,0.005,0.025,6967,0,0,0.19463183579733026,True
1,8,39,60,25,0.0238,0,10,0.005,0.025,6880,0,0,0.19680232558139535,True
1,8,40,60,25,0.0238,0,10,0.005,0.025,6789,0,0,0.19958756812490794,True
1,8,41,60,25,0.0238,0,10,0.005,0.025,7275,0,0,0.233127147766323,True
1,8,42,60,25,0.0238,0,10,0.005,0.025,7294,0,0,0.24266520427748833,True
1,8,43,60,25,0.0238,0,10,0.005,0.025,7210,0,0,0.24313453536754506,True
1,8,44,60,25,0.0238,0,10,0.005,0.025,7100,0,0,0.24309859154929578,True
1,8,45,60,25,0.0238,0,10,0.005,0.025,7060,0,0,0.24660056657223797,True
1,8,46,60,25,0.0238,0,10,0.005,0.025,6703,0,0,0.2300462479486797,True
1,8,47,60,25,0.0238,0,10,0.005,0.025,6572,0,0,0.2285453438831406,True
1,8,48,60,25,0.0238,0,10,0.005,0.025,6473,0,0,0.2304959060713734,True
1,8,49,60,25,0.0238,0,10,0.005,0.025,6398,0,0,0.2313222882150672,True
1,8,50,60,25,0.0238,0,10,0.005,0.025,6309,0,0,0.23395149786019973,True
1,8,51,60,25,0.0238,0,10,0.005,0.025,6230,0,0,0.23434991974317818,True
1,8,52,60,25,0.0238,0,10,0.005,0.025,6144,0,0,0.23681640625,True
1,9,1,60,25,0.0238,0,10,0.005,0.025,6057,0,0,0.23922734026745915,True
1,9,2,60,25,0.0238,0,10,0.005,0.025,5978,0,0,0.24188691870190698,True
1,9,3,60,25,0.0238,0,10,0.005,0.025,5896,0,0,0.24423337856173677,True
1,9,4,60,25,0.0238,0,10,0.005,0.025,5833,0,0,0.24549974284244813,True
1,9,5,60,25,0.0238,0,10,0.005,0.025,5755,0,0,0.2476107732406603,True
1,9,6,60,25,0.0238,0,10,0.005,0.025,5694,0,0,0.2507903055848261,True
1,9,7,60,25,0.0238,0,10,0.005,0.025,5606,0,0,0.2516946129147342,True
1,9,8,60,25,0.0238,0,10,0.005,0.025,5542,0,0,0.25297726452544206,True
1,9,9,60,25,0.0238,0,10,0.005,0.025,5470,0,0,0.2544789762340037,True
1,9,10,60,25,0.0238,0,10,0.005,0.025,5412,0,0,0.2559127864005913,True
1,9,11,60,25,0.0238,0,10,0.005,0.025,5345,0,0,0.2578110383536015,True
1,9,12,60,25,0.0238,0,10,0.005,0.025,5279,0,0,0.25970827808297026,True
1,9,13,60,25,0.0238,0,10,0.005,0.025,5198,0,0,0.25990765679107347,True
1,9,14,60,25,0.0238,0,10,0.005,0.025,5142,0,0,0.26273823415013614,True
1,9,15,60,25,0.0238,0,10,0.005,0.025,5091,0,0,0.2643881359261442,True
1,9,16,60,25,0.0238,0,10,0.005,0.025,5037,0,0,0.26662696049235657,True
1,9,17,60,25,0.0238,0,10,0.005,0.025,4974,0,0,0.2679935665460394,True
1,9,18,60,25,0.0238,0,10,0.005,0.025,10580,0,0,0.11219281663516067,True
1,9,19,60,25,0.0238,0,10,0.005,0.025,10401,0,0,0.11498894337082972,True
1,9,20,60,25,0.0238,0,10,0.005,0.025,10193,0,0,0.1179240655351712,True
1,9,21,60,25,0.0238,0,10,0.005,0.025,9943,0,0,0.12139193402393644,True
1,9,22,60,25,0.0238,0,10,0.005,0.025,9730,0,0,0.12476875642343269,True
1,9,23,60,25,0.0238,0,10,0.005,0.025,9507,0,0,0.12769538234984748,True
1,9,24,60,25,0.0238,0,10,0.005,0.025,9269,0,0,0.13129787463588305,True
1,9,25,60,25,0.0238,0,10,0.005,0.025,9047,0,0,0.13529346744777274,True
1,9,26,60,25,0.0238,0,10,0.005,0.025,8842,0,0,0.1379778330694413,True
1,9,27,60,25,0.0238,0,10,0.005,0.025,8629,0,0,0.14103604125622898,True
1,9,28,60,25,0.0238,0,10,0.005,0.025,8458,0,0,0.1457791440056751,True
1,9,29,60,25,0.0238,0,10,0.005,0.025,8285,0,0,0.1503922751961376,True
1,9,30,60,25,0.0238,0,10,0.005,0.025,8109,0,0,0.1534097915895918,True
1,9,31,60,25,0.0238,0,10,0.005,0.025,7933,0,0,0.15731753435018278,True
1,9,32,60,25,0.0238,0,10,0.005,0.025,7786,0,0,0.1615720524017467,True
1,9,33,60,25,0.0238,0,10,0.005,0.025,7647,0,0,0.16529357918137833,True
1,9,34,60,25,0.0238,0,10,0.005,0.025,7496,0,0,0.16835645677694772,True
1,9,35,60,25,0.0238,0,10,0.005,0.025,7345,0,0,0.17208985704560925,True
1,9,36,60,25,0.0238,0,10,0.005,0.025,7197,0,0,0.17660136167847715,True
1,9,37,60,25,0.0238,0,10,0.005,0.025,7017,0,0,0.18041898247114152,True
1,9,38,60,25,0.0238,0,10,0.005,0.025,6921,0,0,0.18292154312960554,True
1,9,39,60,25,0.0238,0,10,0.005,0.025,6847,0,0,0.185044545056229,True
1,9,40,60,25,0.0238,0,10,0.005,0.025,6760,0,0,0.18772189349112425,True
1,9,41,60,25,0.0238,0,10,0.005,0.025,7279,0,0,0.22832806704217612,True
1,9,42,60,25,0.0238,0,10,0.005,0.025,7278,0,0,0.23206924979389942,True
1,9,43,60,25,0.0238,0,10,0.005,0.025,7187,0,0,0.22999860859885904,True
1,9,44,60,25,0.0238,0,10,0.005,0.025,7145,0,0,0.23289013296011196,True
1,9,45,60,25,0.0238,0,10,0.005,0.025,7077,0,0,0.23597569591634873,True
1,9,46,60,25,0.0238,0,10,0.005,0.025,6711,0,0,0.22068246163015945,True
1,9,47,60,25,0.0238,0,10,0.005,0.025,6574,0,0,0.21874049285062366,True
1,9,48,60,25,0.0238,0,10,0.005,0.025,6492,0,0,0.21888478126925448,True
1,9,49,60,25,0.0238,0,10,0.005,0.025,6368,0,0,0.219535175879397,True
1,9,50,60,25,0.0238,0,10,0.005,0.025,6273,0,0,0.22158456878686433,True
1,9,51,60,25,0.0238,0,10,0.005,0.025,6196,0,0,0.22336991607488701,True
1,9,52,60,25,0.0238,0,10,0.005,0.025,6128,0,0,0.22274804177545693,True
1,10,1,60,25,0.0238,0,10,0.005,0.025,6048,0,0,0.22602513227513227,True
1,10,2,60,25,0.0238,0,10,0.005,0.025,5963,0,0,0.22790541673654202,True
1,10,3,60,25,0.0238,0,10,0.005,0.025,5901,0,0,0.2308083375699034,True
1,10,4,60,25,0.0238,0,10,0.005,0.025,5840,0,0,0.23236301369863013,True
1,10,5,60,25,0.0238,0,10,0.005,0.025,5776,0,0,0.2356301939058172,True
1,10,6,60,25,0.0238,0,10,0.005,0.025,5697,0,0,0.23714235562576794,True
1,10,7,60,25,0.0238,0,10,0.005,0.025,5631,0,0,0.23974427277570592,True
1,10,8,60,25,0.0238,0,10,0.005,0.025,5570,0,0,0.24201077199281867,True
1,10,9,60,25,0.0238,0,10,0.005,0.025,5494,0,0,0.24499453949763378,True
1,10,10,60,25,0.0238,0,10,0.005,0.025,5430,0,0,0.24788213627992634,True
1,10,11,60,25,0.0238,0,10,0.005,0.025,5375,0,0,0.24911627906976744,True
1,10,12,60,25,0.0238,0,10,0.005,0.025,5294,0,0,0.25255005666792596,True
1,10,13,60,25,0.0238,0,10,0.005,0.025,5249,0,0,0.2558582587159459,True
1,10,14,60,25,0.0238,0,10,0.005,0.025,5183,0,0,0.25699401890796836,True
1,10,15,60,25,0.0238,0,10,0.005,0.025,5127,0,0,0.2598010532475132,True
1,10,16,60,25,0.0238,0,10,0.005,0.025,5060,0,0,0.26225296442687746,True
1,10,17,60,25,0.0238,0,10,0.005,0.025,5013,0,0,0.26570915619389585,True
1,10,18,60,25,0.0238,0,10,0.005,0.025,10649,0,0,0.11663066954643629,True
1,10,19,60,25,0.0238,0,10,0.005,0.025,10469,0,0,0.1185404527653071,True
1,10,20,60,25,0.0238,0,10,0.005,0.025,10236,0,0,0.12182493161391168,True
1,10,21,60,25,0.0238,0,10,0.005,0.025,9994,0,0,0.12547528517110265,True
1,10,22,60,25,0.0238,0,10,0.005,0.025,9759,0,0,0.12870171124090582,True
1,10,23,60,25,0.0238,0,10,0.005,0.025,9564,0,0,0.13258051024675868,True
1,10,24,60,25,0.0238,0,10,0.005,0.025,9414,0,0,0.1343743360951774,True
1,10,25,60,25,0.0238,0,10,0.005,0.025,9225,0,0,0.13745257452574525,True
1,10,26,60,25,0.0238,0,10,0.005,0.025,9017,0,0,0.14139957857380503,True
1,10,27,60,25,0.0238,0,10,0.005,0.025,8825,0,0,0.14526912181303117,True
1,10,28,60,25,0.0238,0,10,0.005,0.025,8656,0,0,0.1479898336414048,True
1,10,29,60,25,0.0238,0,10,0.005,0.025,8503,0,0,0.15100552746089616,True
1,10,30,60,25,0.0238,0,10,0.005,0.025,8334,0,0,0.154307655387569,True
1,10,31,60,25,0.0238,0,10,0.005,0.025,8168,0,0,0.1568315377081293,True
1,10,32,60,25,0.0238,0,10,0.005,0.025,8015,0,0,0.16132252027448535,True
1,10,33,60,25,0.0238,0,10,0.005,0.025,7880,0,0,0.1651015228426396,True
1,10,34,60,25,0.0238,0,10,0.005,0.025,7745,0,0,0.16655907036797934,True
1,10,35,60,25,0.0238,0,10,0.005,0.025,7576,0,0,0.1689545934530095,True
1,10,36,60,25,0.0238,0,10,0.005,0.025,7387,0,0,0.17300663327467172,True
1,10,37,60,25,0.0238,0,10,0.005,0.025,7222,0,0,0.17806701744669068,True
1,10,38,60,25,0.0238,0,10,0.005,0.025,7116,0,0,0.1808600337268128,True
1,10,39,60,25,0.0238,0,10,0.005,0.025,7005,0,0,0.18486795146324053,True
1,10,40,60,25,0.0238,0,10,0.005,0.025,6914,0,0,0.1868672259184264,True
1,10,41,60,25,0.0238,0,10,0.005,0.025,7471,0,0,0.22714496051398742,True
1,10,42,60,25,0.0238,0,10,0.005,0.025,7445,0,0,0.2341168569509738,True
1,10,43,60,25,0.0238,0,10,0.005,0.025,7387,0,0,0.23419520779748207,True
1,10,44,60,25,0.0238,0,10,0.005,0.025,7302,0,0,0.23582580115036977,True
1,10,45,60,25,0.0238,0,10,0.005,0.025,7241,0,0,0.2372600469548405,True
1,10,46,60,25,0.0238,0,10,0.005,0.025,6804,0,0,0.21619635508524399,True
1,10,47,60,25,0.0238,0,10,0.005,0.025,6635,0,0,0.21250941974378296,True
1,10,48,60,25,0.0238,0,10,0.005,0.025,6535,0,0,0.21346595256312165,True
1,10,49,60,25,0.0238,0,10,0.005,0.025,6435,0,0,0.21476301476301476,True
1,10,50,60,25,0.0238,0,10,0.005,0.025,6360,0,0,0.21713836477987422,True
1,10,51,60,25,0.0238,0,10,0.005,0.025,6283,0,0,0.21836702212318956,True
1,10,52,60,25,0.0238,0,10,0.005,0.025,6192,0,0,0.22093023255813954,True
1,11,1,60,25,0.0238,0,10,0.005,0.025,6121,0,0,0.22332952132004574,True
1,11,2,60,25,0.0238,0,10,0.005,0.025,6058,0,0,0.2254869593925388,True
1,11,3,60,25,0.0238,0,10,0.005,0.025,5990,0,0,0.2278797996661102,True
1,11,4,60,25,0.0238,0,10,0.005,0.025,5918,0,0,0.229976343359243,True
1,11,5,60,25,0.0238,0,10,0.005,0.025,5836,0,0,0.23217957505140507,True
1,11,6,60,25,0.0238,0,10,0.005,0.025,5762,0,0,0.23273169038528288,True
1,11,7,60,25,0.0238,0,10,0.005,0.025,5705,0,0,0.23558282208588957,True
1,11,8,60,25,0.0238,0,10,0.005,0.025,5644,0,0,0.23830616583982991,True
1,11,9,60,25,0.0238,0,10,0.005,0.025,5576,0,0,0.23977761836441894,True
1,11,10,60,25,0.0238,0,10,0.005,0.025,5520,0,0,0.24257246376811595,True
1,11,11,60,25,0.0238,0,10,0.005,0.025,5457,0,0,0.24427341029869892,True
1,11,12,60,25,0.0238,0,10,0.005,0.025,5381,0,0,0.24828098866381715,True
1,11,13,60,25,0.0238,0,10,0.005,0.025,5301,0,0,0.24995283908696472,True
1,11,14,60,25,0.0238,0,10,0.005,0.025,5246,0,0,0.25257338924895156,True
1,11,15,60,25,0.0238,0,10,0.005,0.025,5202,0,0,0.25413302575932334,True
1,11,16,60,25,0.0238,0,10,0.005,0.025,5153,0,0,0.2575198913254415,True
1,11,17,60,25,0.0238,0,10,0.005,0.025,5102,0,0,0.25950607604860837,True
1,11,18,60,25,0.0238,0,10,0.005,0.025,10985,0,0,0.112972234865726,True
1,11,19,60,25,0.0238,0,10,0.005,0.025,10772,0,0,0.11585592276271815,True
1,11,20,60,25,0.0238,0,10,0.005,0.025,10561,0,0,0.11864406779661017,True
1,11,21,60,25,0.0238,0,10,0.005,0.025,10308,0,0,0.12204113310050446,True
1,11,22,60,25,0.0238,0,10,0.005,0.025,10065,0,0,0.12568306010928962,True
1,11,23,60,25,0.0238,0,10,0.005,0.025,9867,0,0,0.12911725955204217,True
1,11,24,60,25,0.0238,0,10,0.005,0.025,9662,0,0,0.13299523908093563,True
1,11,25,60,25,0.0238,0,10,0.005,0.025,9464,0,0,0.13588334742180896,True
1,11,26,60,25,0.0238,0,10,0.005,0.025,9262,0,0,0.13884690131721011,True
1,11,27,60,25,0.0238,0,10,0.005,0.025,9051,0,0,0.14285714285714285,True
1,11,28,60,25,0.0238,0,10,0.005,0.025,8857,0,0,0.14677656091227279,True
1,11,29,60,25,0.0238,0,10,0.005,0.025,8682,0,0,0.15077171158719188,True
1,11,30,60,25,0.0238,0,10,0.005,0.025,8514,0,0,0.1536293164200141,True
1,11,31,60,25,0.0238,0,10,0.005,0.025,8370,0,0,0.15675029868578255,True
1,11,32,60,25,0.0238,0,10,0.005,0.025,8216,0,0,0.15932327166504381,True
1,11,33,60,25,0.0238,0,10,0.005,0.025,8040,0,0,0.1626865671641791,True
1,11,34,60,25,0.0238,0,10,0.005,0.025,7884,0,0,0.1659056316590563,True
1,11,35,60,25,0.0238,0,10,0.005,0.025,7731,0,0,0.17022377441469408,True
1,11,36,60,25,0.0238,0,10,0.005,0.025,7561,0,0,0.1745800819997355,True
1,11,37,60,25,0.0238,0,10,0.005,0.025,7433,0,0,0.17691376294901118,True
1,11,38,60,25,0.0238,0,10,0.005,0.025,7319,0,0,0.17939609236234458,True
1,11,39,60,25,0.0238,0,10,0.005,0.025,7209,0,0,0.1819947288112082,True
1,11,40,60,25,0.0238,0,10,0.005,0.025,7092,0,0,0.18542019176536942,True
1,11,41,60,25,0.0238,0,10,0.005,0.025,7702,0,0,0.22838223837964164,True
1,11,42,60,25,0.0238,0,10,0.005,0.025,7703,0,0,0.23679086070362196,True
1,11,43,60,25,0.0238,0,10,0.005,0.025,7597,0,0,0.23324996709227327,True
1,11,44,60,25,0.0238,0,10,0.005,0.025,7527,0,0,0.23515344758868076,True
1,11,45,60,25,0.0238,0,10,0.005,0.025,7502,0,0,0.23700346574246867,True
1,11,46,60,25,0.0238,0,10,0.005,0.025,7049,0,0,0.21705206412257058,True
1,11,47,60,25,0.0238,0,10,0.005,0.025,6884,0,0,0.21368390470656595,True
1,11,48,60,25,0.0238,0,10,0.005,0.025,6788,0,0,0.21434885091337655,True
1,11,49,60,25,0.0238,0,10,0.005,0.025,6671,0,0,0.21511017838405036,True
1,11,50,60,25,0.0238,0,10,0.005,0.025,6566,0,0,0.21733170880292416,True
1,11,51,60,25,0.0238,0,10,0.005,0.025,6474,0,0,0.21810318195860365,True
1,11,52,60,25,0.0238,0,10,0.005,0.025,6400,0,0,0.21953125,True
