rep,year,week,land_size,maxK,lambda1,lambda2,starting_cases,a_mort,j_mort,total_pop,n_infected,n_symptomatic,actual_sero,elim
1,1,1,60,25,0.001,0,0,0.005,0.025,5400,0,0,0.001851851851851852,True
1,1,2,60,25,0.001,0,0,0.005,0.025,5218,0,0,0.004024530471444998,True
1,1,3,60,25,0.001,0,0,0.005,0.025,5036,0,0,0.006354249404289118,True
1,1,4,60,25,0.001,0,0,0.005,0.025,4862,0,0,0.008844097079391197,True
1,1,5,60,25,0.001,0,0,0.005,0.025,4729,0,0,0.011207443434129837,True
1,1,6,60,25,0.001,0,0,0.005,0.025,4606,0,0,0.012809379070777248,True
1,1,7,60,25,0.001,0,0,0.005,0.025,4476,0,0,0.014745308310991957,True
1,1,8,60,25,0.001,0,0,0.005,0.025,4377,0,0,0.017363490975554032,True
1,1,9,60,25,0.001,0,0,0.005,0.025,4260,0,0,0.018544600938967135,True
1,1,10,60,25,0.001,0,0,0.005,0.025,4134,0,0,0.019593613933236574,True
1,1,11,60,25,0.001,0,0,0.005,0.025,4064,0,0,0.02214566929133858,True
1,1,12,60,25,0.001,0,0,0.005,0.025,3989,0,0,0.025570318375532714,True
1,1,13,60,25,0.001,0,0,0.005,0.025,3934,0,0,0.027961362480935434,True
1,1,14,60,25,0.001,0,0,0.005,0.025,3872,0,0,0.03021694214876033,True
1,1,15,60,25,0.001,0,0,0.005,0.025,3823,0,0,0.0313889615485221,True
1,1,16,60,25,0.001,0,0,0.005,0.025,3800,0,0,0.03342105263157895,True
1,1,17,60,25,0.001,0,0,0.005,0.025,3777,0,0,0.03415409054805401,True
1,1,18,60,25,0.001,0,0,0.005,0.025,10645,0,0,0.013339596054485673,True
1,1,19,60,25,0.001,0,0,0.005,0.025,10439,0,0,0.015231343998467286,True
1,1,20,60,25,0.001,0,0,0.005,0.025,10175,0,0,0.016609336609336608,True
1,1,21,60,25,0.001,0,0,0.005,0.025,9862,0,0,0.01936726830257554,True
1,1,22,60,25,0.001,0,0,0.005,0.025,9616,0,0,0.022462562396006656,True
1,1,23,60,25,0.001,0,0,0.005,0.025,9383,0,0,0.024938718959820954,True
1,1,24,60,25,0.001,0,0,0.005,0.025,9136,0,0,0.02736427320490368,True
1,1,25,60,25,0.001,0,0,0.005,0.025,8913,0,0,0.02939526534275777,True
1,1,26,60,25,0.001,0,0,0.005,0.025,8725,0,0,0.03151862464183381,True
1,1,27,60,25,0.001,0,0,0.005,0.025,8481,0,0,0.03372243839169909,True
1,1,28,60,25,0.001,0,0,0.005,0.025,8235,0,0,0.03642987249544627,True
1,1,29,60,25,0.001,0,0,0.005,0.025,8042,0,0,0.038298930614275056,True
1,1,30,60,25,0.001,0,0,0.005,0.025,7850,0,0,0.04076433121019108,True
1,1,31,60,25,0.001,0,0,0.005,0.025,7654,0,0,0.042592108701332634,True
1,1,32,60,25,0.001,0,0,0.005,0.025,7484,0,0,0.04489577765900588,True
1,1,33,60,25,0.001,0,0,0.005,0.025,7339,0,0,0.04551028750510969,True
1,1,34,60,25,0.001,0,0,0.005,0.025,7174,0,0,0.04739336492890995,True
1,1,35,60,25,0.001,0,0,0.005,0.025,7031,0,0,0.04963732043806002,True
1,1,36,60,25,0.001,0,0,0.005,0.025,6893,0,0,0.05309734513274336,True
1,1,37,60,25,0.001,0,0,0.005,0.025,6743,0,0,0.055020020762271984,True
1,1,38,60,25,0.001,0,0,0.005,0.025,6638,0,0,0.05649291955408255,True
1,1,39,60,25,0.001,0,0,0.005,0.025,6530,0,0,0.057886676875957124,True
1,1,40,60,25,0.001,0,0,0.005,0.025,6413,0,0,0.060813971620146574,True
1,1,41,60,25,0.001,0,0,0.005,0.025,6866,0,0,0.09481503058549373,True
1,1,42,60,25,0.001,0,0,0.005,0.025,6834,0,0,0.09745390693590869,True
1,1,43,60,25,0.001,0,0,0.005,0.025,6798,0,0,0.09944101206237128,True
1,1,44,60,25,0.001,0,0,0.005,0.025,6761,0,0,0.10013311640289899,True
1,1,45,60,25,0.001,0,0,0.005,0.025,6727,0,0,0.10613943808532779,True
1,1,46,60,25,0.001,0,0,0.005,0.025,6372,0,0,0.08945386064030132,True
1,1,47,60,25,0.001,0,0,0.005,0.025,6254,0,0,0.08698433002878157,True
1,1,48,60,25,0.001,0,0,0.005,0.025,6186,0,0,0.08745554477853217,True
1,1,49,60,25,0.001,0,0,0.005,0.025,6091,0,0,0.08816286324084716,True
1,1,50,60,25,0.001,0,0,0.005,0.025,5992,0,0,0.08995327102803738,True
1,1,51,60,25,0.001,0,0,0.005,0.025,5912,0,0,0.09133964817320704,True
1,1,52,60,25,0.001,0,0,0.005,0.025,5804,0,0,0.09441764300482426,True
1,2,1,60,25,0.001,0,0,0.005,0.025,5715,0,0,0.09658792650918635,True
1,2,2,60,25,0.001,0,0,0.005,0.025,5632,0,0,0.09801136363636363,True
1,2,3,60,25,0.001,0,0,0.005,0.025,5523,0,0,0.09976462067716821,True
1,2,4,60,25,0.001,0,0,0.005,0.025,5427,0,0,0.1011608623548922,True
1,2,5,60,25,0.001,0,0,0.005,0.025,5342,0,0,0.10146012729314863,True
1,2,6,60,25,0.001,0,0,0.005,0.025,5252,0,0,0.10434120335110435,True
1,2,7,60,25,0.001,0,0,0.005,0.025,5152,0,0,0.10559006211180125,True
1,2,8,60,25,0.001,0,0,0.005,0.025,5074,0,0,0.10800157666535277,True
1,2,9,60,25,0.001,0,0,0.005,0.025,4989,0,0,0.1102425335738625,True
1,2,10,60,25,0.001,0,0,0.005,0.025,4920,0,0,0.11341463414634147,True
1,2,11,60,25,0.001,0,0,0.005,0.025,4830,0,0,0.11325051759834369,True
1,2,12,60,25,0.001,0,0,0.005,0.025,4772,0,0,0.11546521374685666,True
1,2,13,60,25,0.001,0,0,0.005,0.025,4702,0,0,0.1176095278604849,True
1,2,14,60,25,0.001,0,0,0.005,0.025,4611,0,0,0.12058121882454999,True
1,2,15,60,25,0.001,0,0,0.005,0.025,4530,0,0,0.12273730684326711,True
1,2,16,60,25,0.001,0,0,0.005,0.025,4450,0,0,0.12292134831460674,True
1,2,17,60,25,0.001,0,0,0.005,0.025,4398,0,0,0.12573897226011824,True
1,2,18,60,25,0.001,0,0,0.005,0.025,8816,0,0,0.0632940108892922,True
1,2,19,60,25,0.001,0,0,0.005,0.025,8594,0,0,0.06527810100069815,True
1,2,20,60,25,0.001,0,0,0.005,0.025,8403,0,0,0.06890396287040343,True
1,2,21,60,25,0.001,0,0,0.005,0.025,8223,0,0,0.07102030888969962,True
1,2,22,60,25,0.001,0,0,0.005,0.025,8017,0,0,0.07346887863290508,True
1,2,23,60,25,0.001,0,0,0.005,0.025,7872,0,0,0.07621951219512195,True
1,2,24,60,25,0.001,0,0,0.005,0.025,7702,0,0,0.07829135289535186,True
1,2,25,60,25,0.001,0,0,0.005,0.025,7520,0,0,0.08231382978723405,True
1,2,26,60,25,0.001,0,0,0.005,0.025,7339,0,0,0.08543398283144843,True
1,2,27,60,25,0.001,0,0,0.005,0.025,7194,0,0,0.08812899638587712,True
1,2,28,60,25,0.001,0,0,0.005,0.025,7071,0,0,0.09065195870456795,True
1,2,29,60,25,0.001,0,0,0.005,0.025,6908,0,0,0.092501447596989,True
1,2,30,60,25,0.001,0,0,0.005,0.025,6783,0,0,0.09538552263010468,True
1,2,31,60,25,0.001,0,0,0.005,0.025,6644,0,0,0.09768211920529801,True
1,2,32,60,25,0.001,0,0,0.005,0.025,6487,0,0,0.10081701865269,True
1,2,33,60,25,0.001,0,0,0.005,0.025,6338,0,0,0.10271378983906596,True
1,2,34,60,25,0.001,0,0,0.005,0.025,6180,0,0,0.10582524271844661,True
1,2,35,60,25,0.001,0,0,0.005,0.025,6049,0,0,0.10943957678955199,True
1,2,36,60,25,0.001,0,0,0.005,0.025,5925,0,0,0.11308016877637131,True
1,2,37,60,25,0.001,0,0,0.005,0.025,5802,0,0,0.11427094105480869,True
1,2,38,60,25,0.001,0,0,0.005,0.025,5732,0,0,0.11706210746685276,True
1,2,39,60,25,0.001,0,0,0.005,0.025,5659,0,0,0.11874889556458738,True
1,2,40,60,25,0.001,0,0,0.005,0.025,5554,0,0,0.12027367662945625,True
1,2,41,60,25,0.001,0,0,0.005,0.025,6089,0,0,0.16948595828543275,True
1,2,42,60,25,0.001,0,0,0.005,0.025,6064,0,0,0.17232849604221637,True
1,2,43,60,25,0.001,0,0,0.005,0.025,6063,0,0,0.1759854857331354,True
1,2,44,60,25,0.001,0,0,0.005,0.025,6012,0,0,0.17964071856287425,True
1,2,45,60,25,0.001,0,0,0.005,0.025,6029,0,0,0.18062696964670757,True
1,2,46,60,25,0.001,0,0,0.005,0.025,5649,0,0,0.1571959638874137,True
1,2,47,60,25,0.001,0,0,0.005,0.025,5525,0,0,0.15149321266968327,True
1,2,48,60,25,0.001,0,0,0.005,0.025,5470,0,0,0.15246800731261426,True
1,2,49,60,25,0.001,0,0,0.005,0.025,5383,0,0,0.15233141370982722,True
1,2,50,60,25,0.001,0,0,0.005,0.025,5319,0,0,0.15435232186501222,True
1,2,51,60,25,0.001,0,0,0.005,0.025,5258,0,0,0.15709395207303156,True
1,2,52,60,25,0.001,0,0,0.005,0.025,5184,0,0,0.1579861111111111,True
1,3,1,60,25,0.001,0,0,0.005,0.025,5115,0,0,0.15992179863147604,True
1,3,2,60,25,0.001,0,0,0.005,0.025,5050,0,0,0.16217821782178218,True
1,3,3,60,25,0.001,0,0,0.005,0.025,4985,0,0,0.16469408224674023,True
1,3,4,60,25,0.001,0,0,0.005,0.025,4933,0,0,0.1644030002027164,True
1,3,5,60,25,0.001,0,0,0.005,0.025,4860,0,0,0.16440329218106997,True
1,3,6,60,25,0.001,0,0,0.005,0.025,4763,0,0,0.16670165861851774,True
1,3,7,60,25,0.001,0,0,0.005,0.025,4688,0,0,0.16851535836177475,True
1,3,8,60,25,0.001,0,0,0.005,0.025,4631,0,0,0.17080544158928956,True
1,3,9,60,25,0.001,0,0,0.005,0.025,4567,0,0,0.1723231880884607,True
1,3,10,60,25,0.001,0,0,0.005,0.025,4509,0,0,0.17476158793524063,True
1,3,11,60,25,0.001,0,0,0.005,0.025,4449,0,0,0.17576983591818385,True
1,3,12,60,25,0.001,0,0,0.005,0.025,4385,0,0,0.17628278221208665,True
1,3,13,60,25,0.001,0,0,0.005,0.025,4331,0,0,0.17778803971369198,True
1,3,14,60,25,0.001,0,0,0.005,0.025,4279,0,0,0.17994858611825193,True
1,3,15,60,25,0.001,0,0,0.005,0.025,4207,0,0,0.1820774898977894,True
1,3,16,60,25,0.001,0,0,0.005,0.025,4150,0,0,0.18385542168674698,True
1,3,17,60,25,0.001,0,0,0.005,0.025,4101,0,0,0.18532065349914656,True
1,3,18,60,25,0.001,0,0,0.005,0.025,9312,0,0,0.0821520618556701,True
1,3,19,60,25,0.001,0,0,0.005,0.025,9162,0,0,0.08491595721458196,True
1,3,20,60,25,0.001,0,0,0.005,0.025,8948,0,0,0.089181940098346,True
1,3,21,60,25,0.001,0,0,0.005,0.025,8713,0,0,0.09124297027430277,True
1,3,22,60,25,0.001,0,0,0.005,0.025,8513,0,0,0.0937389874309879,True
1,3,23,60,25,0.001,0,0,0.005,0.025,8276,0,0,0.09823586273562107,True
1,3,24,60,25,0.001,0,0,0.005,0.025,7989,0,0,0.10151458255100763,True
1,3,25,60,25,0.001,0,0,0.005,0.025,7804,0,0,0.10481804202972834,True
1,3,26,60,25,0.001,0,0,0.005,0.025,7609,0,0,0.10724142462872914,True
1,3,27,60,25,0.001,0,0,0.005,0.025,7373,0,0,0.10999593109995931,True
1,3,28,60,25,0.001,0,0,0.005,0.025,7181,0,0,0.11265840412198858,True
1,3,29,60,25,0.001,0,0,0.005,0.025,7041,0,0,0.11532452776594233,True
1,3,30,60,25,0.001,0,0,0.005,0.025,6846,0,0,0.11860940695296524,True
1,3,31,60,25,0.001,0,0,0.005,0.025,6688,0,0,0.12096291866028708,True
1,3,32,60,25,0.001,0,0,0.005,0.025,6533,0,0,0.1250574008878004,True
1,3,33,60,25,0.001,0,0,0.005,0.025,6384,0,0,0.12797619047619047,True
1,3,34,60,25,0.001,0,0,0.005,0.025,6235,0,0,0.1305533279871692,True
1,3,35,60,25,0.001,0,0,0.005,0.025,6107,0,0,0.13263468151301785,True
1,3,36,60,25,0.001,0,0,0.005,0.025,5961,0,0,0.1357154839791981,True
1,3,37,60,25,0.001,0,0,0.005,0.025,5838,0,0,0.1380609797875985,True
1,3,38,60,25,0.001,0,0,0.005,0.025,5743,0,0,0.13860351732543966,True
1,3,39,60,25,0.001,0,0,0.005,0.025,5634,0,0,0.1418175363862265,True
1,3,40,60,25,0.001,0,0,0.005,0.025,5556,0,0,0.14380849532037437,True
1,3,41,60,25,0.001,0,0,0.005,0.025,6155,0,0,0.19821283509341997,True
1,3,42,60,25,0.001,0,0,0.005,0.025,6129,0,0,0.1977484092021537,True
1,3,43,60,25,0.001,0,0,0.005,0.025,6151,0,0,0.20549504145667372,True
1,3,44,60,25,0.001,0,0,0.005,0.025,6052,0,0,0.2014210178453404,True
1,3,45,60,25,0.001,0,0,0.005,0.025,6054,0,0,0.2092831185992732,True
1,3,46,60,25,0.001,0,0,0.005,0.025,5639,0,0,0.18176981734350062,True
1,3,47,60,25,0.001,0,0,0.005,0.025,5517,0,0,0.1779952872938191,True
1,3,48,60,25,0.001,0,0,0.005,0.025,5428,0,0,0.1781503316138541,True
1,3,49,60,25,0.001,0,0,0.005,0.025,5353,0,0,0.17896506631795256,True
1,3,50,60,25,0.001,0,0,0.005,0.025,5265,0,0,0.17796771130104463,True
1,3,51,60,25,0.001,0,0,0.005,0.025,5191,0,0,0.17800038528221923,True
1,3,52,60,25,0.001,0,0,0.005,0.025,5125,0,0,0.17970731707317072,True
1,4,1,60,25,0.001,0,0,0.005,0.025,5063,0,0,0.18151293699387716,True
1,4,2,60,25,0.001,0,0,0.005,0.025,4985,0,0,0.18415245737211636,True
1,4,3,60,25,0.001,0,0,0.005,0.025,4920,0,0,0.1847560975609756,True
1,4,4,60,25,0.001,0,0,0.005,0.025,4849,0,0,0.18601773561559085,True
1,4,5,60,25,0.001,0,0,0.005,0.025,4803,0,0,0.18904851134707473,True
1,4,6,60,25,0.001,0,0,0.005,0.025,4735,0,0,0.18965153115100317,True
1,4,7,60,25,0.001,0,0,0.005,0.025,4651,0,0,0.19157170500967532,True
1,4,8,60,25,0.001,0,0,0.005,0.025,4588,0,0,0.19202266782911945,True
1,4,9,60,25,0.001,0,0,0.005,0.025,4531,0,0,0.19465901566983007,True
1,4,10,60,25,0.001,0,0,0.005,0.025,4471,0,0,0.1959293222992619,True
1,4,11,60,25,0.001,0,0,0.005,0.025,4398,0,0,0.197362437471578,True
1,4,12,60,25,0.001,0,0,0.005,0.025,4332,0,0,0.20083102493074792,True
1,4,13,60,25,0.001,0,0,0.005,0.025,4287,0,0,0.20293911826452066,True
1,4,14,60,25,0.001,0,0,0.005,0.025,4235,0,0,0.20236127508854782,True
1,4,15,60,25,0.001,0,0,0.005,0.025,4177,0,0,0.20469236293990903,True
1,4,16,60,25,0.001,0,0,0.005,0.025,4124,0,0,0.20489815712900097,True
1,4,17,60,25,0.001,0,0,0.005,0.025,4076,0,0,0.20682041216879293,True
1,4,18,60,25,0.001,0,0,0.005,0.025,9042,0,0,0.0940057509400575,True
1,4,19,60,25,0.001,0,0,0.005,0.025,8878,0,0,0.09619283622437486,True
1,4,20,60,25,0.001,0,0,0.005,0.025,8704,0,0,0.09914981617647059,True
1,4,21,60,25,0.001,0,0,0.005,0.025,8511,0,0,0.10210316061567383,True
1,4,22,60,25,0.001,0,0,0.005,0.025,8252,0,0,0.10506543868153174,True
1,4,23,60,25,0.001,0,0,0.005,0.025,8019,0,0,0.10861703454296047,True
1,4,24,60,25,0.001,0,0,0.005,0.025,7790,0,0,0.1116816431322208,True
1,4,25,60,25,0.001,0,0,0.005,0.025,7590,0,0,0.11436100131752305,True
1,4,26,60,25,0.001,0,0,0.005,0.025,7403,0,0,0.1169796028637039,True
1,4,27,60,25,0.001,0,0,0.005,0.025,7233,0,0,0.12166459283837965,True
1,4,28,60,25,0.001,0,0,0.005,0.025,7038,0,0,0.12489343563512362,True
1,4,29,60,25,0.001,0,0,0.005,0.025,6860,0,0,0.12755102040816327,True
1,4,30,60,25,0.001,0,0,0.005,0.025,6702,0,0,0.13130408833184123,True
1,4,31,60,25,0.001,0,0,0.005,0.025,6559,0,0,0.13416679371855467,True
1,4,32,60,25,0.001,0,0,0.005,0.025,6397,0,0,0.13693919024542756,True
1,4,33,60,25,0.001,0,0,0.005,0.025,6264,0,0,0.13952745849297574,True
1,4,34,60,25,0.001,0,0,0.005,0.025,6147,0,0,0.14120709289084107,True
1,4,35,60,25,0.001,0,0,0.005,0.025,6036,0,0,0.1433068257123923,True
1,4,36,60,25,0.001,0,0,0.005,0.025,5922,0,0,0.14707868963188112,True
1,4,37,60,25,0.001,0,0,0.005,0.025,5809,0,0,0.151144775348597,True
1,4,38,60,25,0.001,0,0,0.005,0.025,5706,0,0,0.15334735366281108,True
1,4,39,60,25,0.001,0,0,0.005,0.025,5616,0,0,0.1550925925925926,True
1,4,40,60,25,0.001,0,0,0.005,0.025,5552,0,0,0.15796109510086456,True
1,4,41,60,25,0.001,0,0,0.005,0.025,6096,0,0,0.2053805774278215,True
1,4,42,60,25,0.001,0,0,0.005,0.025,6103,0,0,0.21595936424709158,True
1,4,43,60,25,0.001,0,0,0.005,0.025,6131,0,0,0.2210079921709346,True
1,4,44,60,25,0.001,0,0,0.005,0.025,6069,0,0,0.22046465645081562,True
1,4,45,60,25,0.001,0,0,0.005,0.025,6059,0,0,0.22412939428948672,True
1,4,46,60,25,0.001,0,0,0.005,0.025,5669,0,0,0.19968248368318928,True
1,4,47,60,25,0.001,0,0,0.005,0.025,5512,0,0,0.19230769230769232,True
1,4,48,60,25,0.001,0,0,0.005,0.025,5430,0,0,0.19226519337016573,True
1,4,49,60,25,0.001,0,0,0.005,0.025,5359,0,0,0.19369285314424334,True
1,4,50,60,25,0.001,0,0,0.005,0.025,5303,0,0,0.19611540637375072,True
1,4,51,60,25,0.001,0,0,0.005,0.025,5226,0,0,0.19747416762342135,True
1,4,52,60,25,0.001,0,0,0.005,0.025,5161,0,0,0.20112381321449332,True
1,5,1,60,25,0.001,0,0,0.005,0.025,5063,0,0,0.20146158404108236,True
1,5,2,60,25,0.001,0,0,0.005,0.025,4979,0,0,0.20345450893753766,True
1,5,3,60,25,0.001,0,0,0.005,0.025,4897,0,0,0.20400245047988563,True
1,5,4,60,25,0.001,0,0,0.005,0.025,4830,0,0,0.20559006211180125,True
1,5,5,60,25,0.001,0,0,0.005,0.025,4746,0,0,0.20648967551622419,True
1,5,6,60,25,0.001,0,0,0.005,0.025,4681,0,0,0.20551164281136508,True
1,5,7,60,25,0.001,0,0,0.005,0.025,4608,0,0,0.2092013888888889,True
1,5,8,60,25,0.001,0,0,0.005,0.025,4558,0,0,0.21127687582272928,True
1,5,9,60,25,0.001,0,0,0.005,0.025,4496,0,0,0.21330071174377224,True
1,5,10,60,25,0.001,0,0,0.005,0.025,4446,0,0,0.21704903283850652,True
1,5,11,60,25,0.001,0,0,0.005,0.025,4362,0,0,0.21939477303988997,True
1,5,12,60,25,0.001,0,0,0.005,0.025,4312,0,0,0.22031539888682747,True
1,5,13,60,25,0.001,0,0,0.005,0.025,4269,0,0,0.2213633169360506,True
1,5,14,60,25,0.001,0,0,0.005,0.025,4226,0,0,0.2252721249408424,True
1,5,15,60,25,0.001,0,0,0.005,0.025,4158,0,0,0.22582972582972582,True
1,5,16,60,25,0.001,0,0,0.005,0.025,4107,0,0,0.22887752617482346,True
1,5,17,60,25,0.001,0,0,0.005,0.025,4052,0,0,0.2295162882527147,True
1,5,18,60,25,0.001,0,0,0.005,0.025,8943,0,0,0.1039919490103992,True
1,5,19,60,25,0.001,0,0,0.005,0.025,8762,0,0,0.10808034695275051,True
1,5,20,60,25,0.001,0,0,0.005,0.025,8579,0,0,0.1115514628744609,True
1,5,21,60,25,0.001,0,0,0.005,0.025,8387,0,0,0.11446285918683677,True
1,5,22,60,25,0.001,0,0,0.005,0.025,8187,0,0,0.11677048980090388,True
1,5,23,60,25,0.001,0,0,0.005,0.025,7967,0,0,0.12099912137567466,True
1,5,24,60,25,0.001,0,0,0.005,0.025,7772,0,0,0.12364899639732373,True
1,5,25,60,25,0.001,0,0,0.005,0.025,7552,0,0,0.12672139830508475,True
1,5,26,60,25,0.001,0,0,0.005,0.025,7387,0,0,0.13049952619466632,True
1,5,27,60,25,0.001,0,0,0.005,0.025,7226,0,0,0.13340714088015498,True
1,5,28,60,25,0.001,0,0,0.005,0.025,7041,0,0,0.13648629456043176,True
1,5,29,60,25,0.001,0,0,0.005,0.025,6797,0,0,0.13991466823598647,True
1,5,30,60,25,0.001,0,0,0.005,0.025,6651,0,0,0.14313637047060593,True
1,5,31,60,25,0.001,0,0,0.005,0.025,6505,0,0,0.14711760184473482,True
1,5,32,60,25,0.001,0,0,0.005,0.025,6364,0,0,0.15006285355122564,True
1,5,33,60,25,0.001,0,0,0.005,0.025,6238,0,0,0.15405578711125362,True
1,5,34,60,25,0.001,0,0,0.005,0.025,6048,0,0,0.15889550264550265,True
1,5,35,60,25,0.001,0,0,0.005,0.025,5906,0,0,0.16237724348120555,True
1,5,36,60,25,0.001,0,0,0.005,0.025,5793,0,0,0.16537200069048852,True
1,5,37,60,25,0.001,0,0,0.005,0.025,5665,0,0,0.16875551632833186,True
1,5,38,60,25,0.001,0,0,0.005,0.025,5591,0,0,0.1718833840100161,True
1,5,39,60,25,0.001,0,0,0.005,0.025,5516,0,0,0.1747643219724438,True
1,5,40,60,25,0.001,0,0,0.005,0.025,5424,0,0,0.1786504424778761,True
1,5,41,60,25,0.001,0,0,0.005,0.025,5985,0,0,0.23057644110275688,True
1,5,42,60,25,0.001,0,0,0.005,0.025,6015,0,0,0.23574397339983374,True
1,5,43,60,25,0.001,0,0,0.005,0.025,5974,0,0,0.23987278205557416,True
1,5,44,60,25,0.001,0,0,0.005,0.025,5995,0,0,0.24186822351959966,True
1,5,45,60,25,0.001,0,0,0.005,0.025,5916,0,0,0.24104124408384042,True
1,5,46,60,25,0.001,0,0,0.005,0.025,5490,0,0,0.21584699453551912,True
1,5,47,60,25,0.001,0,0,0.005,0.025,5372,0,0,0.2114668652271035,True
1,5,48,60,25,0.001,0,0,0.005,0.025,5304,0,0,0.21059577677224736,True
1,5,49,60,25,0.001,0,0,0.005,0.025,5223,0,0,0.21041547003637756,True
1,5,50,60,25,0.001,0,0,0.005,0.025,5144,0,0,0.2115085536547434,True
1,5,51,60,25,0.001,0,0,0.005,0.025,5069,0,0,0.2138488853817321,True
1,5,52,60,25,0.001,0,0,0.005,0.025,4996,0,0,0.2155724579663731,True
1,6,1,60,25,0.001,0,0,0.005,0.025,4931,0,0,0.21861691340498884,True
1,6,2,60,25,0.001,0,0,0.005,0.025,4867,0,0,0.220464351756729,True
1,6,3,60,25,0.001,0,0,0.005,0.025,4819,0,0,0.2216227433077402,True
1,6,4,60,25,0.001,0,0,0.005,0.025,4763,0,0,0.22569808943942893,True
1,6,5,60,25,0.001,0,0,0.005,0.025,4703,0,0,0.22687646183287263,True
1,6,6,60,25,0.001,0,0,0.005,0.025,4631,0,0,0.22954005614338155,True
1,6,7,60,25,0.001,0,0,0.005,0.025,4567,0,0,0.23231880884606962,True
1,6,8,60,25,0.001,0,0,0.005,0.025,4511,0,0,0.2347594768344048,True
1,6,9,60,25,0.001,0,0,0.005,0.025,4447,0,0,0.23656397571396448,True
1,6,10,60,25,0.001,0,0,0.005,0.025,4390,0,0,0.23826879271070614,True
1,6,11,60,25,0.001,0,0,0.005,0.025,4337,0,0,0.2407193912842979,True
1,6,12,60,25,0.001,0,0,0.005,0.025,4267,0,0,0.24209046168268103,True
1,6,13,60,25,0.001,0,0,0.005,0.025,4220,0,0,0.24289099526066352,True
1,6,14,60,25,0.001,0,0,0.005,0.025,4176,0,0,0.2442528735632184,True
1,6,15,60,25,0.001,0,0,0.005,0.025,4133,0,0,0.24558432131623517,True
1,6,16,60,25,0.001,0,0,0.005,0.025,4071,0,0,0.2483419307295505,True
1,6,17,60,25,0.001,0,0,0.005,0.025,4015,0,0,0.25205479452054796,True
1,6,18,60,25,0.001,0,0,0.005,0.025,8916,0,0,0.11406460296096904,True
1,6,19,60,25,0.001,0,0,0.005,0.025,8735,0,0,0.11619919862621637,True
1,6,20,60,25,0.001,0,0,0.005,0.025,8521,0,0,0.11864804600399015,True
1,6,21,60,25,0.001,0,0,0.005,0.025,8307,0,0,0.12110268448296617,True
1,6,22,60,25,0.001,0,0,0.005,0.025,8088,0,0,0.12487636003956479,True
1,6,23,60,25,0.001,0,0,0.005,0.025,7894,0,0,0.1287053458322777,True
1,6,24,60,25,0.001,0,0,0.005,0.025,7722,0,0,0.13144263144263144,True
1,6,25,60,25,0.001,0,0,0.005,0.025,7526,0,0,0.1343343077331916,True
1,6,26,60,25,0.001,0,0,0.005,0.025,7300,0,0,0.13835616438356163,True
1,6,27,60,25,0.001,0,0,0.005,0.025,7118,0,0,0.14217476819331273,True
1,6,28,60,25,0.001,0,0,0.005,0.025,6953,0,0,0.1459801524521789,True
1,6,29,60,25,0.001,0,0,0.005,0.025,6769,0,0,0.1499482936918304,True
1,6,30,60,25,0.001,0,0,0.005,0.025,6587,0,0,0.15318050705935934,True
1,6,31,60,25,0.001,0,0,0.005,0.025,6443,0,0,0.1544311656060841,True
1,6,32,60,25,0.001,0,0,0.005,0.025,6296,0,0,0.15692503176620076,True
1,6,33,60,25,0.001,0,0,0.005,0.025,6157,0,0,0.16030534351145037,True
1,6,34,60,25,0.001,0,0,0.005,0.025,6041,0,0,0.1633835457705678,True
1,6,35,60,25,0.001,0,0,0.005,0.025,5858,0,0,0.16695117787640834,True
1,6,36,60,25,0.001,0,0,0.005,0.025,5710,0,0,0.1711033274956217,True
1,6,37,60,25,0.001,0,0,0.005,0.025,5575,0,0,0.17291479820627803,True
1,6,38,60,25,0.001,0,0,0.005,0.025,5496,0,0,0.17540029112081515,True
1,6,39,60,25,0.001,0,0,0.005,0.025,5432,0,0,0.17838733431516937,True
1,6,40,60,25,0.001,0,0,0.005,0.025,5369,0,0,0.1814118085304526,True
1,6,41,60,25,0.001,0,0,0.005,0.025,5974,0,0,0.23585537328423167,True
1,6,42,60,25,0.001,0,0,0.005,0.025,5973,0,0,0.23840616105809476,True
1,6,43,60,25,0.001,0,0,0.005,0.025,5986,0,0,0.24457066488473103,True
1,6,44,60,25,0.001,0,0,0.005,0.025,5930,0,0,0.2414839797639123,True
1,6,45,60,25,0.001,0,0,0.005,0.025,5887,0,0,0.24426702904705283,True
1,6,46,60,25,0.001,0,0,0.005,0.025,5479,0,0,0.21883555393319948,True
1,6,47,60,25,0.001,0,0,0.005,0.025,5349,0,0,0.2138717517292952,True
1,6,48,60,25,0.001,0,0,0.005,0.025,5278,0,0,0.2156119742326639,True
1,6,49,60,25,0.001,0,0,0.005,0.025,5206,0,0,0.21609681137149442,True
1,6,50,60,25,0.001,0,0,0.005,0.025,5143,0,0,0.21699397238965584,True
1,6,51,60,25,0.001,0,0,0.005,0.025,5086,0,0,0.21883602044828943,True
1,6,52,60,25,0.001,0,0,0.005,0.025,5006,0,0,0.21953655613264084,True
1,7,1,60,25,0.001,0,0,0.005,0.025,4940,0,0,0.2222672064777328,True
1,7,2,60,25,0.001,0,0,0.005,0.025,4879,0,0,0.22381635581061693,True
1,7,3,60,25,0.001,0,0,0.005,0.025,4814,0,0,0.22725384295803905,True
1,7,4,60,25,0.001,0,0,0.005,0.025,4760,0,0,0.2292016806722689,True
1,7,5,60,25,0.001,0,0,0.005,0.025,4701,0,0,0.23292916400765795,True
1,7,6,60,25,0.001,0,0,0.005,0.025,4632,0,0,0.23467184801381694,True
1,7,7,60,25,0.001,0,0,0.005,0.025,4584,0,0,0.23821989528795812,True
1,7,8,60,25,0.001,0,0,0.005,0.025,4532,0,0,0.23918799646954986,True
1,7,9,60,25,0.001,0,0,0.005,0.025,4482,0,0,0.2425256581883088,True
1,7,10,60,25,0.001,0,0,0.005,0.025,4428,0,0,0.245483288166215,True
1,7,11,60,25,0.001,0,0,0.005,0.025,4361,0,0,0.24764962164641138,True
1,7,12,60,25,0.001,0,0,0.005,0.025,4293,0,0,0.24901001630561378,True
1,7,13,60,25,0.001,0,0,0.005,0.025,4240,0,0,0.2518867924528302,True
1,7,14,60,25,0.001,0,0,0.005,0.025,4192,0,0,0.25405534351145037,True
1,7,15,60,25,0.001,0,0,0.005,0.025,4136,0,0,0.2567698259187621,True
1,7,16,60,25,0.001,0,0,0.005,0.025,4089,0,0,0.25972120322817316,True
1,7,17,60,25,0.001,0,0,0.005,0.025,4050,0,0,0.26222222222222225,True
1,7,18,60,25,0.001,0,0,0.005,0.025,9035,0,0,0.11842833425567238,True
1,7,19,60,25,0.001,0,0,0.005,0.025,8878,0,0,0.1213111061049786,True
1,7,20,60,25,0.001,0,0,0.005,0.025,8673,0,0,0.12394788423844114,True
1,7,21,60,25,0.001,0,0,0.005,0.025,8495,0,0,0.12772218952324896,True
1,7,22,60,25,0.001,0,0,0.005,0.025,8259,0,0,0.1313718367841143,True
1,7,23,60,25,0.001,0,0,0.005,0.025,8062,0,0,0.13483006698089803,True
1,7,24,60,25,0.001,0,0,0.005,0.025,7881,0,0,0.13843420885674407,True
1,7,25,60,25,0.001,0,0,0.005,0.025,7690,0,0,0.14187256176853055,True
1,7,26,60,25,0.001,0,0,0.005,0.025,7476,0,0,0.14553237025147137,True
1,7,27,60,25,0.001,0,0,0.005,0.025,7302,0,0,0.14941112024102984,True
1,7,28,60,25,0.001,0,0,0.005,0.025,7146,0,0,0.15127343968653792,True
1,7,29,60,25,0.001,0,0,0.005,0.025,6938,0,0,0.15465552032285962,True
1,7,30,60,25,0.001,0,0,0.005,0.025,6733,0,0,0.15862171394623495,True
1,7,31,60,25,0.001,0,0,0.005,0.025,6551,0,0,0.16226530300717448,True
1,7,32,60,25,0.001,0,0,0.005,0.025,6434,0,0,0.16521603978862295,True
1,7,33,60,25,0.001,0,0,0.005,0.025,6288,0,0,0.16793893129770993,True
1,7,34,60,25,0.001,0,0,0.005,0.025,6129,0,0,0.17115353238701256,True
1,7,35,60,25,0.001,0,0,0.005,0.025,5990,0,0,0.1742904841402337,True
1,7,36,60,25,0.001,0,0,0.005,0.025,5866,0,0,0.17848619161268325,True
1,7,37,60,25,0.001,0,0,0.005,0.025,5762,0,0,0.18240194376952448,True
1,7,38,60,25,0.001,0,0,0.005,0.025,5665,0,0,0.18287731685789937,True
1,7,39,60,25,0.001,0,0,0.005,0.025,5589,0,0,0.18572195383789586,True
1,7,40,60,25,0.001,0,0,0.005,0.025,5512,0,0,0.18958635703918722,True
1,7,41,60,25,0.001,0,0,0.005,0.025,6130,0,0,0.24159869494290376,True
1,7,42,60,25,0.001,0,0,0.005,0.025,6084,0,0,0.23783694937541092,True
1,7,43,60,25,0.001,0,0,0.005,0.025,6032,0,0,0.2437002652519894,True
1,7,44,60,25,0.001,0,0,0.005,0.025,6076,0,0,0.2523041474654378,True
1,7,45,60,25,0.001,0,0,0.005,0.025,6024,0,0,0.2495019920318725,True
1,7,46,60,25,0.001,0,0,0.005,0.025,5589,0,0,0.22472714260153873,True
1,7,47,60,25,0.001,0,0,0.005,0.025,5462,0,0,0.2209813255217869,True
1,7,48,60,25,0.001,0,0,0.005,0.025,5397,0,0,0.2206781545302946,True
1,7,49,60,25,0.001,0,0,0.005,0.025,5302,0,0,0.21953979630328177,True
1,7,50,60,25,0.001,0,0,0.005,0.025,5244,0,0,0.2215865751334859,True
1,7,51,60,25,0.001,0,0,0.005,0.025,5143,0,0,0.2214660703869337,True
1,7,52,60,25,0.001,0,0,0.005,0.025,5061,0,0,0.2220904959494171,True
1,8,1,60,25,0.001,0,0,0.005,0.025,5002,0,0,0.22351059576169532,True
1,8,2,60,25,0.001,0,0,0.005,0.025,4945,0,0,0.22588473205257836,True
1,8,3,60,25,0.001,0,0,0.005,0.025,4881,0,0,0.22987092808850645,True
1,8,4,60,25,0.001,0,0,0.005,0.025,4817,0,0,0.23105667427859664,True
1,8,5,60,25,0.001,0,0,0.005,0.025,4767,0,0,0.23368995175162577,True
1,8,6,60,25,0.001,0,0,0.005,0.025,4700,0,0,0.23595744680851063,True
1,8,7,60,25,0.001,0,0,0.005,0.025,4637,0,0,0.23851628207893033,True
1,8,8,60,25,0.001,0,0,0.005,0.025,4586,0,0,0.2409507195813345,True
1,8,9,60,25,0.001,0,0,0.005,0.025,4530,0,0,0.24260485651214128,True
1,8,10,60,25,0.001,0,0,0.005,0.025,4483,0,0,0.24604059781396387,True
1,8,11,60,25,0.001,0,0,0.005,0.025,4434,0,0,0.2483085250338295,True
1,8,12,60,25,0.001,0,0,0.005,0.025,4380,0,0,0.2513698630136986,True
1,8,13,60,25,0.001,0,0,0.005,0.025,4300,0,0,0.25232558139534883,True
1,8,14,60,25,0.001,0,0,0.005,0.025,4245,0,0,0.25559481743227325,True
1,8,15,60,25,0.001,0,0,0.005,0.025,4201,0,0,0.2566055701023566,True
1,8,16,60,25,0.001,0,0,0.005,0.025,4141,0,0,0.2595991306447718,True
1,8,17,60,25,0.001,0,0,0.005,0.025,4099,0,0,0.2632349353500854,True
1,8,18,60,25,0.001,0,0,0.005,0.025,9534,0,0,0.11411789385357668,True
1,8,19,60,25,0.001,0,0,0.005,0.025,9375,0,0,0.11722666666666667,True
1,8,20,60,25,0.001,0,0,0.005,0.025,9185,0,0,0.12030484485574305,True
1,8,21,60,25,0.001,0,0,0.005,0.025,8966,0,0,0.1238010260985947,True
1,8,22,60,25,0.001,0,0,0.005,0.025,8751,0,0,0.12775682779110958,True
1,8,23,60,25,0.001,0,0,0.005,0.025,8549,0,0,0.13089250204702305,True
1,8,24,60,25,0.001,0,0,0.005,0.025,8327,0,0,0.1334214002642008,True
1,8,25,60,25,0.001,0,0,0.005,0.025,8121,0,0,0.13717522472601895,True
1,8,26,60,25,0.001,0,0,0.005,0.025,7910,0,0,0.13893805309734514,True
1,8,27,60,25,0.001,0,0,0.005,0.025,7729,0,0,0.14219174537456333,True
1,8,28,60,25,0.001,0,0,0.005,0.025,7554,0,0,0.14707439767010855,True
1,8,29,60,25,0.001,0,0,0.005,0.025,7383,0,0,0.14953271028037382,True
1,8,30,60,25,0.001,0,0,0.005,0.025,7238,0,0,0.1525283227410887,True
1,8,31,60,25,0.001,0,0,0.005,0.025,7091,0,0,0.1549851924975321,True
1,8,32,60,25,0.001,0,0,0.005,0.025,6944,0,0,0.15826612903225806,True
1,8,33,60,25,0.001,0,0,0.005,0.025,6811,0,0,0.16238437821171633,True
1,8,34,60,25,0.001,0,0,0.005,0.025,6644,0,0,0.16631547260686333,True
1,8,35,60,25,0.001,0,0,0.005,0.025,6508,0,0,0.17055931161647203,True
1,8,36,60,25,0.001,0,0,0.005,0.025,6375,0,0,0.1731764705882353,True
1,8,37,60,25,0.001,0,0,0.005,0.025,6268,0,0,0.1769304403318443,True
1,8,38,60,25,0.001,0,0,0.005,0.025,6183,0,0,0.17952450266860748,True
1,8,39,60,25,0.001,0,0,0.005,0.025,6088,0,0,0.18232588699080157,True
1,8,40,60,25,0.001,0,0,0.005,0.025,5993,0,0,0.18554980810946103,True
1,8,41,60,25,0.001,0,0,0.005,0.025,6634,0,0,0.23726258667470607,True
1,8,42,60,25,0.001,0,0,0.005,0.025,6660,0,0,0.24294294294294294,True
1,8,43,60,25,0.001,0,0,0.005,0.025,6581,0,0,0.24692296003646863,True
1,8,44,60,25,0.001,0,0,0.005,0.025,6596,0,0,0.24893875075803518,True
1,8,45,60,25,0.001,0,0,0.005,0.025,6556,0,0,0.24816961561928005,True
1,8,46,60,25,0.001,0,0,0.005,0.025,6109,0,0,0.22360451792437389,True
1,8,47,60,25,0.001,0,0,0.005,0.025,5963,0,0,0.22069428140197886,True
1,8,48,60,25,0.001,0,0,0.005,0.025,5878,0,0,0.22082340932289896,True
1,8,49,60,25,0.001,0,0,0.005,0.025,5795,0,0,0.22174288179465057,True
1,8,50,60,25,0.001,0,0,0.005,0.025,5731,0,0,0.2238701797243064,True
1,8,51,60,25,0.001,0,0,0.005,0.025,5644,0,0,0.22554925584691707,True
1,8,52,60,25,0.001,0,0,0.005,0.025,5569,0,0,0.22768899263781647,True
1,9,1,60,25,0.001,0,0,0.005,0.025,5525,0,0,0.23004524886877828,True
1,9,2,60,25,0.001,0,0,0.005,0.025,5454,0,0,0.23377337733773376,True
1,9,3,60,25,0.001,0,0,0.005,0.025,5380,0,0,0.23698884758364314,True
1,9,4,60,25,0.001,0,0,0.005,0.025,5311,0,0,0.23931463001318018,True
1,9,5,60,25,0.001,0,0,0.005,0.025,5236,0,0,0.24255156608097786,True
1,9,6,60,25,0.001,0,0,0.005,0.025,5170,0,0,0.24332688588007736,True
1,9,7,60,25,0.001,0,0,0.005,0.025,5098,0,0,0.2448018830914084,True
1,9,8,60,25,0.001,0,0,0.005,0.025,5023,0,0,0.24626717101333864,True
1,9,9,60,25,0.001,0,0,0.005,0.025,4952,0,0,0.2506058158319871,True
1,9,10,60,25,0.001,0,0,0.005,0.025,4891,0,0,0.2510734001226743,True
1,9,11,60,25,0.001,0,0,0.005,0.025,4832,0,0,0.2547599337748344,True
1,9,12,60,25,0.001,0,0,0.005,0.025,4768,0,0,0.25671140939597314,True
1,9,13,60,25,0.001,0,0,0.005,0.025,4712,0,0,0.25891341256366723,True
1,9,14,60,25,0.001,0,0,0.005,0.025,4662,0,0,0.25997425997426,True
1,9,15,60,25,0.001,0,0,0.005,0.025,4607,0,0,0.26394616887345346,True
1,9,16,60,25,0.001,0,0,0.005,0.025,4551,0,0,0.26697429136453527,True
1,9,17,60,25,0.001,0,0,0.005,0.025,4506,0,0,0.2671992898357745,True
1,9,18,60,25,0.001,0,0,0.005,0.025,9678,0,0,0.11593304401735896,True
1,9,19,60,25,0.001,0,0,0.005,0.025,9511,0,0,0.11902008201030385,True
1,9,20,60,25,0.001,0,0,0.005,0.025,9337,0,0,0.12305879832922781,True
1,9,21,60,25,0.001,0,0,0.005,0.025,9159,0,0,0.1258871055792117,True
1,9,22,60,25,0.001,0,0,0.005,0.025,8990,0,0,0.128587319243604,True
1,9,23,60,25,0.001,0,0,0.005,0.025,8811,0,0,0.13142662580864828,True
1,9,24,60,25,0.001,0,0,0.005,0.025,8597,0,0,0.13586134698150518,True
1,9,25,60,25,0.001,0,0,0.005,0.025,8403,0,0,0.13983101273354753,True
1,9,26,60,25,0.001,0,0,0.005,0.025,8225,0,0,0.14346504559270518,True
1,9,27,60,25,0.001,0,0,0.005,0.025,8047,0,0,0.1457686094196595,True
1,9,28,60,25,0.001,0,0,0.005,0.025,7866,0,0,0.14924993643529114,True
1,9,29,60,25,0.001,0,0,0.005,0.025,7672,0,0,0.15276329509906153,True
1,9,30,60,25,0.001,0,0,0.005,0.025,7483,0,0,0.1555525858612856,True
1,9,31,60,25,0.001,0,0,0.005,0.025,7312,0,0,0.1598741794310722,True
1,9,32,60,25,0.001,0,0,0.005,0.025,7125,0,0,0.16449122807017544,True
1,9,33,60,25,0.001,0,0,0.005,0.025,6993,0,0,0.1675961675961676,True
1,9,34,60,25,0.001,0,0,0.005,0.025,6855,0,0,0.1712618526622903,True
1,9,35,60,25,0.001,0,0,0.005,0.025,6730,0,0,0.1738484398216939,True
1,9,36,60,25,0.001,0,0,0.005,0.025,6611,0,0,0.1778853426108002,True
1,9,37,60,25,0.001,0,0,0.005,0.025,6489,0,0,0.18153798736323007,True
1,9,38,60,25,0.001,0,0,0.005,0.025,6396,0,0,0.183552220137586,True
1,9,39,60,25,0.001,0,0,0.005,0.025,6302,0,0,0.18629006664550937,True
1,9,40,60,25,0.001,0,0,0.005,0.025,6220,0,0,0.18987138263665596,True
1,9,41,60,25,0.001,0,0,0.005,0.025,6849,0,0,0.2390129945977515,True
1,9,42,60,25,0.001,0,0,0.005,0.025,6866,0,0,0.2414797553160501,True
1,9,43,60,25,0.001,0,0,0.005,0.025,6837,0,0,0.24469796694456633,True
1,9,44,60,25,0.001,0,0,0.005,0.025,6733,0,0,0.23986335957225605,True
1,9,45,60,25,0.001,0,0,0.005,0.025,6730,0,0,0.2475482912332838,True
1,9,46,60,25,0.001,0,0,0.005,0.025,6271,0,0,0.22484452240472014,True
1,9,47,60,25,0.001,0,0,0.005,0.025,6093,0,0,0.2222222222222222,True
1,9,48,60,25,0.001,0,0,0.005,0.025,5995,0,0,0.22235195996663887,True
1,9,49,60,25,0.001,0,0,0.005,0.025,5924,0,0,0.22079675894665765,True
1,9,50,60,25,0.001,0,0,0.005,0.025,5836,0,0,0.22258396161754626,True
1,9,51,60,25,0.001,0,0,0.005,0.025,5738,0,0,0.22359707215057512,True
1,9,52,60,25,0.001,0,0,0.005,0.025,5660,0,0,0.22420494699646643,True
1,10,1,60,25,0.001,0,0,0.005,0.025,5591,0,0,0.22661420139509927,True
1,10,2,60,25,0.001,0,0,0.005,0.025,5520,0,0,0.2286231884057971,True
1,10,3,60,25,0.001,0,0,0.005,0.025,5454,0,0,0.23157315731573158,True
1,10,4,60,25,0.001,0,0,0.005,0.025,5390,0,0,0.23395176252319108,True
1,10,5,60,25,0.001,0,0,0.005,0.025,5328,0,0,0.23554804804804805,True
1,10,6,60,25,0.001,0,0,0.005,0.025,5275,0,0,0.23791469194312795,True
1,10,7,60,25,0.001,0,0,0.005,0.025,5204,0,0,0.24077632590315143,True
1,10,8,60,25,0.001,0,0,0.005,0.025,5139,0,0,0.24207044172017902,True
1,10,9,60,25,0.001,0,0,0.005,0.025,5084,0,0,0.24272226593233676,True
1,10,10,60,25,0.001,0,0,0.005,0.025,5025,0,0,0.2461691542288557,True
1,10,11,60,25,0.001,0,0,0.005,0.025,4959,0,0,0.24884049203468442,True
1,10,12,60,25,0.001,0,0,0.005,0.025,4882,0,0,0.25215075788611224,True
1,10,13,60,25,0.001,0,0,0.005,0.025,4828,0,0,0.2539353769676885,True
1,10,14,60,25,0.001,0,0,0.005,0.025,4765,0,0,0.25666316894018887,True
1,10,15,60,25,0.001,0,0,0.005,0.025,4706,0,0,0.25839354016149596,True
1,10,16,60,25,0.001,0,0,0.005,0.025,4658,0,0,0.26105624731644483,True
1,10,17,60,25,0.001,0,0,0.005,0.025,4602,0,0,0.2609734897870491,True
1,10,18,60,25,0.001,0,0,0.005,0.025,9931,0,0,0.11479206525022656,True
1,10,19,60,25,0.001,0,0,0.005,0.025,9752,0,0,0.1178219852337982,True
1,10,20,60,25,0.001,0,0,0.005,0.025,9521,0,0,0.12110072471379058,True
1,10,21,60,25,0.001,0,0,0.005,0.025,9288,0,0,0.125,True
1,10,22,60,25,0.001,0,0,0.005,0.025,9103,0,0,0.1277600790948039,True
1,10,23,60,25,0.001,0,0,0.005,0.025,8897,0,0,0.13015623243790042,True
1,10,24,60,25,0.001,0,0,0.005,0.025,8661,0,0,0.13381826578916983,True
1,10,25,60,25,0.001,0,0,0.005,0.025,8504,0,0,0.13687676387582315,True
1,10,26,60,25,0.001,0,0,0.005,0.025,8306,0,0,0.14001926318324104,True
1,10,27,60,25,0.001,0,0,0.005,0.025,8129,0,0,0.1425759626030262,True
1,10,28,60,25,0.001,0,0,0.005,0.025,7962,0,0,0.1451896508414971,True
1,10,29,60,25,0.001,0,0,0.005,0.025,7843,0,0,0.14764758383271706,True
1,10,30,60,25,0.001,0,0,0.005,0.025,7701,0,0,0.15153876119984416,True
1,10,31,60,25,0.001,0,0,0.005,0.025,7556,0,0,0.1540497617787189,True
1,10,32,60,25,0.001,0,0,0.005,0.025,7392,0,0,0.15746753246753248,True
1,10,33,60,25,0.001,0,0,0.005,0.025,7261,0,0,0.16196116237432862,True
1,10,34,60,25,0.001,0,0,0.005,0.025,7124,0,0,0.1656372824256036,True
1,10,35,60,25,0.001,0,0,0.005,0.025,6994,0,0,0.1691449814126394,True
1,10,36,60,25,0.001,0,0,0.005,0.025,6825,0,0,0.17142857142857143,True
1,10,37,60,25,0.001,0,0,0.005,0.025,6690,0,0,0.17533632286995515,True
1,10,38,60,25,0.001,0,0,0.005,0.025,6581,0,0,0.17854429418021578,True
1,10,39,60,25,0.001,0,0,0.005,0.025,6485,0,0,0.18257517347725521,True
1,10,40,60,25,0.001,0,0,0.005,0.025,6390,0,0,0.18560250391236308,True
1,10,41,60,25,0.001,0,0,0.005,0.025,7031,0,0,0.23623951073815957,True
1,10,42,60,25,0.001,0,0,0.005,0.025,7067,0,0,0.24055469081647093,True
1,10,43,60,25,0.001,0,0,0.005,0.025,6957,0,0,0.23788989506971395,True
1,10,44,60,25,0.001,0,0,0.005,0.025,6960,0,0,0.24281609195402298,True
1,10,45,60,25,0.001,0,0,0.005,0.025,6928,0,0,0.24826789838337182,True
1,10,46,60,25,0.001,0,0,0.005,0.025,6461,0,0,0.2256616622813806,True
1,10,47,60,25,0.001,0,0,0.005,0.025,6306,0,0,0.22137646685696163,True
1,10,48,60,25,0.001,0,0,0.005,0.025,6216,0,0,0.22136422136422138,True
1,10,49,60,25,0.001,0,0,0.005,0.025,6113,0,0,0.21969573041060037,True
1,10,50,60,25,0.001,0,0,0.005,0.025,6017,0,0,0.22203756024596974,True
1,10,51,60,25,0.001,0,0,0.005,0.025,5930,0,0,0.22445193929173693,True
1,10,52,60,25,0.001,0,0,0.005,0.025,5854,0,0,0.22582849333788863,True
1,11,1,60,25,0.001,0,0,0.005,0.025,5778,0,0,0.2284527518172378,True
1,11,2,60,25,0.001,0,0,0.005,0.025,5713,0,0,0.23105198669700683,True
1,11,3,60,25,0.001,0,0,0.005,0.025,5643,0,0,0.23374091795144428,True
1,11,4,60,25,0.001,0,0,0.005,0.025,5568,0,0,0.23670977011494254,True
1,11,5,60,25,0.001,0,0,0.005,0.025,5493,0,0,0.2373930456945203,True
1,11,6,60,25,0.001,0,0,0.005,0.025,5433,0,0,0.2401987852015461,True
1,11,7,60,25,0.001,0,0,0.005,0.025,5356,0,0,0.24141150112023899,True
1,11,8,60,25,0.001,0,0,0.005,0.025,5295,0,0,0.2441926345609065,True
1,11,9,60,25,0.001,0,0,0.005,0.025,5212,0,0,0.24673829623944743,True
1,11,10,60,25,0.001,0,0,0.005,0.025,5158,0,0,0.2471888328809616,True
1,11,11,60,25,0.001,0,0,0.005,0.025,5095,0,0,0.2494602551521099,True
1,11,12,60,25,0.001,0,0,0.005,0.025,5047,0,0,0.25123835942143846,True
1,11,13,60,25,0.001,0,0,0.005,0.025,4996,0,0,0.25380304243394713,True
1,11,14,60,25,0.001,0,0,0.005,0.025,4940,0,0,0.2550607287449393,True
1,11,15,60,25,0.001,0,0,0.005,0.025,4883,0,0,0.25803809133729266,True
1,11,16,60,25,0.001,0,0,0.005,0.025,4827,0,0,0.2597886886264761,True
1,11,17,60,25,0.001,0,0,0.005,0.025,4780,0,0,0.26380753138075314,True
1,11,18,60,25,0.001,0,0,0.005,0.025,10592,0,0,0.11121601208459214,True
1,11,19,60,25,0.001,0,0,0.005,0.025,10416,0,0,0.11319124423963134,True
1,11,20,60,25,0.001,0,0,0.005,0.025,10192,0,0,0.11666012558869701,True
1,11,21,60,25,0.001,0,0,0.005,0.025,9980,0,0,0.12004008016032064,True
1,11,22,60,25,0.001,0,0,0.005,0.025,9726,0,0,0.1235862636232778,True
1,11,23,60,25,0.001,0,0,0.005,0.025,9496,0,0,0.12615838247683234,True
1,11,24,60,25,0.001,0,0,0.005,0.025,9266,0,0,0.13036909130153249,True
1,11,25,60,25,0.001,0,0,0.005,0.025,9067,0,0,0.13334068600419102,True
1,11,26,60,25,0.001,0,0,0.005,0.025,8853,0,0,0.13645092059188976,True
1,11,27,60,25,0.001,0,0,0.005,0.025,8688,0,0,0.13984806629834254,True
1,11,28,60,25,0.001,0,0,0.005,0.025,8487,0,0,0.1438670908448215,True
1,11,29,60,25,0.001,0,0,0.005,0.025,8325,0,0,0.14786786786786787,True
1,11,30,60,25,0.001,0,0,0.005,0.025,8179,0,0,0.1509964543342707,True
1,11,31,60,25,0.001,0,0,0.005,0.025,8037,0,0,0.1541620007465472,True
1,11,32,60,25,0.001,0,0,0.005,0.025,7850,0,0,0.15745222929936306,True
1,11,33,60,25,0.001,0,0,0.005,0.025,7689,0,0,0.16022889842632332,True
1,11,34,60,25,0.001,0,0,0.005,0.025,7543,0,0,0.163727959697733,True
1,11,35,60,25,0.001,0,0,0.005,0.025,7393,0,0,0.16623833355877182,True
1,11,36,60,25,0.001,0,0,0.005,0.025,7247,0,0,0.1679315578860218,True
1,11,37,60,25,0.001,0,0,0.005,0.025,7126,0,0,0.17204602862756105,True
1,11,38,60,25,0.001,0,0,0.005,0.025,7013,0,0,0.1749607871096535,True
1,11,39,60,25,0.001,0,0,0.005,0.025,6908,0,0,0.17646207295888824,True
1,11,40,60,25,0.001,0,0,0.005,0.025,6807,0,0,0.1790803584545321,True
1,11,41,60,25,0.001,0,0,0.005,0.025,7473,0,0,0.22561220393416298,True
1,11,42,60,25,0.001,0,0,0.005,0.025,7468,0,0,0.23058382431708624,True
1,11,43,60,25,0.001,0,0,0.005,0.025,7392,0,0,0.22835497835497837,True
1,11,44,60,25,0.001,0,0,0.005,0.025,7333,0,0,0.23087413064230192,True
1,11,45,60,25,0.001,0,0,0.005,0.025,7291,0,0,0.22987244548072966,True
1,11,46,60,25,0.001,0,0,0.005,0.025,6821,0,0,0.21067292185896497,True
1,11,47,60,25,0.001,0,0,0.005,0.025,6653,0,0,0.20787614609950397,True
1,11,48,60,25,0.001,0,0,0.005,0.025,6553,0,0,0.20891194872577445,True
1,11,49,60,25,0.001,0,0,0.005,0.025,6457,0,0,0.21108874090134738,True
1,11,50,60,25,0.001,0,0,0.005,0.025,6372,0,0,0.21170747018204644,True
1,11,51,60,25,0.001,0,0,0.005,0.025,6279,0,0,0.21213569039655997,True
1,11,52,60,25,0.001,0,0,0.005,0.025,6213,0,0,0.21358441976500886,True
1,1,1,60,25,0.00188,0,0,0.005,0.025,5379,0,0,0.002044989775051125,True
1,1,2,60,25,0.00188,0,0,0.005,0.025,5234,0,0,0.004967520061138708,True
1,1,3,60,25,0.00188,0,0,0.005,0.025,5064,0,0,0.005924170616113744,True
1,1,4,60,25,0.00188,0,0,0.005,0.025,4913,0,0,0.007938123346224303,True
1,1,5,60,25,0.00188,0,0,0.005,0.025,4816,0,0,0.01058970099667774,True
1,1,6,60,25,0.00188,0,0,0.005,0.025,4702,0,0,0.013398553806890685,True
1,1,7,60,25,0.00188,0,0,0.005,0.025,4604,0,0,0.015204170286707211,True
1,1,8,60,25,0.00188,0,0,0.005,0.025,4522,0,0,0.01747014595311809,True
1,1,9,60,25,0.00188,0,0,0.005,0.025,4437,0,0,0.019382465629930134,True
1,1,10,60,25,0.00188,0,0,0.005,0.025,4368,0,0,0.020375457875457876,True
1,1,11,60,25,0.00188,0,0,0.005,0.025,4279,0,0,0.022902547324141154,True
1,1,12,60,25,0.00188,0,0,0.005,0.025,4202,0,0,0.023798191337458353,True
1,1,13,60,25,0.00188,0,0,0.005,0.025,4123,0,0,0.025466893039049237,True
1,1,14,60,25,0.00188,0,0,0.005,0.025,4052,0,0,0.027640671273445213,True
1,1,15,60,25,0.00188,0,0,0.005,0.025,3992,0,0,0.02930861723446894,True
1,1,16,60,25,0.00188,0,0,0.005,0.025,3893,0,0,0.03159517081941947,True
1,1,17,60,25,0.00188,0,0,0.005,0.025,3815,0,0,0.03328964613368283,True
1,1,18,60,25,0.00188,0,0,0.005,0.025,11011,0,0,0.013895195713377531,True
1,1,19,60,25,0.00188,0,0,0.005,0.025,10713,0,0,0.016428638103239055,True
1,1,20,60,25,0.00188,0,0,0.005,0.025,10363,0,0,0.01978191643346521,True
1,1,21,60,25,0.00188,0,0,0.005,0.025,10038,0,0,0.022016337915919507,True
1,1,22,60,25,0.00188,0,0,0.005,0.025,9738,0,0,0.024748408297391663,True
1,1,23,60,25,0.00188,0,0,0.005,0.025,9431,0,0,0.027568656558159262,True
1,1,24,60,25,0.00188,0,0,0.005,0.025,9069,0,0,0.03032307861947293,True
1,1,25,60,25,0.00188,0,0,0.005,0.025,8745,0,0,0.03293310463121784,True
1,1,26,60,25,0.00188,0,0,0.005,0.025,8441,0,0,0.035422343324250684,True
1,1,27,60,25,0.00188,0,0,0.005,0.025,8117,0,0,0.03856104472095602,True
1,1,28,60,25,0.00188,0,0,0.005,0.025,7904,0,0,0.04035931174089069,True
1,1,29,60,25,0.00188,0,0,0.005,0.025,7661,0,0,0.0425531914893617,True
1,1,30,60,25,0.00188,0,0,0.005,0.025,7397,0,0,0.045559010409625525,True
1,1,31,60,25,0.00188,0,0,0.005,0.025,7206,0,0,0.04773799611434915,True
1,1,32,60,25,0.00188,0,0,0.005,0.025,6976,0,0,0.04974197247706422,True
1,1,33,60,25,0.00188,0,0,0.005,0.025,6750,0,0,0.052,True
1,1,34,60,25,0.00188,0,0,0.005,0.025,6533,0,0,0.05510485228838206,True
1,1,35,60,25,0.00188,0,0,0.005,0.025,6350,0,0,0.0568503937007874,True
1,1,36,60,25,0.00188,0,0,0.005,0.025,6208,0,0,0.059278350515463915,True
1,1,37,60,25,0.00188,0,0,0.005,0.025,6052,0,0,0.061467283542630535,True
1,1,38,60,25,0.00188,0,0,0.005,0.025,5958,0,0,0.062269217858341726,True
1,1,39,60,25,0.00188,0,0,0.005,0.025,5849,0,0,0.06377158488630535,True
1,1,40,60,25,0.00188,0,0,0.005,0.025,5745,0,0,0.06753698868581375,True
1,1,41,60,25,0.00188,0,0,0.005,0.025,6244,0,0,0.10682254964766176,True
1,1,42,60,25,0.00188,0,0,0.005,0.025,6238,0,0,0.11429945495351074,True
1,1,43,60,25,0.00188,0,0,0.005,0.025,6227,0,0,0.1173920025694556,True
1,1,44,60,25,0.00188,0,0,0.005,0.025,6189,0,0,0.12166747455162386,True
1,1,45,60,25,0.00188,0,0,0.005,0.025,6128,0,0,0.12451044386422977,True
1,1,46,60,25,0.00188,0,0,0.005,0.025,5688,0,0,0.10495780590717299,True
1,1,47,60,25,0.00188,0,0,0.005,0.025,5538,0,0,0.10328638497652583,True
1,1,48,60,25,0.00188,0,0,0.005,0.025,5446,0,0,0.10356224752111641,True
1,1,49,60,25,0.00188,0,0,0.005,0.025,5369,0,0,0.10653753026634383,True
1,1,50,60,25,0.00188,0,0,0.005,0.025,5279,0,0,0.10759613563174844,True
1,1,51,60,25,0.00188,0,0,0.005,0.025,5197,0,0,0.10929382335963056,True
1,1,52,60,25,0.00188,0,0,0.005,0.025,5138,0,0,0.11093810821331257,True
1,2,1,60,25,0.00188,0,0,0.005,0.025,5070,0,0,0.11479289940828402,True
1,2,2,60,25,0.00188,0,0,0.005,0.025,4992,0,0,0.11798878205128205,True
1,2,3,60,25,0.00188,0,0,0.005,0.025,4903,0,0,0.11972261880481339,True
1,2,4,60,25,0.00188,0,0,0.005,0.025,4813,0,0,0.12154581342198213,True
1,2,5,60,25,0.00188,0,0,0.005,0.025,4733,0,0,0.1223325586308895,True
1,2,6,60,25,0.00188,0,0,0.005,0.025,4669,0,0,0.12486613835939173,True
1,2,7,60,25,0.00188,0,0,0.005,0.025,4598,0,0,0.12744671596346238,True
1,2,8,60,25,0.00188,0,0,0.005,0.025,4540,0,0,0.1290748898678414,True
1,2,9,60,25,0.00188,0,0,0.005,0.025,4466,0,0,0.13076578593819974,True
1,2,10,60,25,0.00188,0,0,0.005,0.025,4385,0,0,0.13340935005701254,True
1,2,11,60,25,0.00188,0,0,0.005,0.025,4291,0,0,0.13656490328594734,True
1,2,12,60,25,0.00188,0,0,0.005,0.025,4234,0,0,0.13816721776098254,True
1,2,13,60,25,0.00188,0,0,0.005,0.025,4180,0,0,0.1397129186602871,True
1,2,14,60,25,0.00188,0,0,0.005,0.025,4110,0,0,0.14087591240875913,True
1,2,15,60,25,0.00188,0,0,0.005,0.025,4052,0,0,0.14511352418558737,True
1,2,16,60,25,0.00188,0,0,0.005,0.025,3981,0,0,0.14719919618186386,True
1,2,17,60,25,0.00188,0,0,0.005,0.025,3920,0,0,0.14948979591836734,True
1,2,18,60,25,0.00188,0,0,0.005,0.025,8051,0,0,0.07340703018258601,True
1,2,19,60,25,0.00188,0,0,0.005,0.025,7897,0,0,0.0762314803089781,True
1,2,20,60,25,0.00188,0,0,0.005,0.025,7650,0,0,0.07947712418300654,True
1,2,21,60,25,0.00188,0,0,0.005,0.025,7485,0,0,0.0813627254509018,True
1,2,22,60,25,0.00188,0,0,0.005,0.025,7334,0,0,0.08358331060812653,True
1,2,23,60,25,0.00188,0,0,0.005,0.025,7178,0,0,0.08609640568403455,True
1,2,24,60,25,0.00188,0,0,0.005,0.025,7008,0,0,0.08889840182648402,True
1,2,25,60,25,0.00188,0,0,0.005,0.025,6851,0,0,0.09297912713472485,True
1,2,26,60,25,0.00188,0,0,0.005,0.025,6677,0,0,0.09465328740452299,True
1,2,27,60,25,0.00188,0,0,0.005,0.025,6560,0,0,0.09634146341463415,True
1,2,28,60,25,0.00188,0,0,0.005,0.025,6435,0,0,0.09976689976689977,True
1,2,29,60,25,0.00188,0,0,0.005,0.025,6311,0,0,0.1033116780225004,True
1,2,30,60,25,0.00188,0,0,0.005,0.025,6211,0,0,0.10610207696023184,True
1,2,31,60,25,0.00188,0,0,0.005,0.025,6076,0,0,0.10944700460829493,True
1,2,32,60,25,0.00188,0,0,0.005,0.025,5968,0,0,0.11209785522788204,True
1,2,33,60,25,0.00188,0,0,0.005,0.025,5839,0,0,0.11423188902209283,True
1,2,34,60,25,0.00188,0,0,0.005,0.025,5716,0,0,0.11634009797060882,True
1,2,35,60,25,0.00188,0,0,0.005,0.025,5604,0,0,0.12009279086366881,True
1,2,36,60,25,0.00188,0,0,0.005,0.025,5501,0,0,0.12125068169423742,True
1,2,37,60,25,0.00188,0,0,0.005,0.025,5414,0,0,0.12467676394532692,True
1,2,38,60,25,0.00188,0,0,0.005,0.025,5334,0,0,0.12635920509936258,True
1,2,39,60,25,0.00188,0,0,0.005,0.025,5256,0,0,0.12918569254185694,True
1,2,40,60,25,0.00188,0,0,0.005,0.025,5187,0,0,0.13302486986697512,True
1,2,41,60,25,0.00188,0,0,0.005,0.025,5805,0,0,0.1991386735572782,True
1,2,42,60,25,0.00188,0,0,0.005,0.025,5789,0,0,0.20245292796683365,True
1,2,43,60,25,0.00188,0,0,0.005,0.025,5750,0,0,0.20417391304347826,True
1,2,44,60,25,0.00188,0,0,0.005,0.025,5681,0,0,0.20806196092237284,True
1,2,45,60,25,0.00188,0,0,0.005,0.025,5596,0,0,0.2065761258041458,True
1,2,46,60,25,0.00188,0,0,0.005,0.025,5170,0,0,0.1781431334622824,True
1,2,47,60,25,0.00188,0,0,0.005,0.025,5030,0,0,0.17196819085487078,True
1,2,48,60,25,0.00188,0,0,0.005,0.025,4960,0,0,0.17278225806451614,True
1,2,49,60,25,0.00188,0,0,0.005,0.025,4901,0,0,0.17261783309528667,True
1,2,50,60,25,0.00188,0,0,0.005,0.025,4859,0,0,0.1774027577690883,True
1,2,51,60,25,0.00188,0,0,0.005,0.025,4825,0,0,0.18196891191709844,True
1,2,52,60,25,0.00188,0,0,0.005,0.025,4794,0,0,0.1869002920317063,True
1,3,1,60,25,0.00188,0,0,0.005,0.025,4749,0,0,0.1901452937460518,True
1,3,2,60,25,0.00188,0,0,0.005,0.025,4678,0,0,0.19217614365113297,True
1,3,3,60,25,0.00188,0,0,0.005,0.025,4627,0,0,0.19342986816511779,True
1,3,4,60,25,0.00188,0,0,0.005,0.025,4561,0,0,0.19579039684279764,True
1,3,5,60,25,0.00188,0,0,0.005,0.025,4493,0,0,0.19942132205653237,True
1,3,6,60,25,0.00188,0,0,0.005,0.025,4454,0,0,0.20004490345756623,True
1,3,7,60,25,0.00188,0,0,0.005,0.025,4400,0,0,0.20386363636363636,True
1,3,8,60,25,0.00188,0,0,0.005,0.025,4348,0,0,0.20653173873045078,True
1,3,9,60,25,0.00188,0,0,0.005,0.025,4291,0,0,0.20810999766954089,True
1,3,10,60,25,0.00188,0,0,0.005,0.025,4244,0,0,0.2094721960414703,True
1,3,11,60,25,0.00188,0,0,0.005,0.025,4191,0,0,0.2133142448103078,True
1,3,12,60,25,0.00188,0,0,0.005,0.025,4139,0,0,0.21696061850688572,True
1,3,13,60,25,0.00188,0,0,0.005,0.025,4093,0,0,0.21817737600781822,True
1,3,14,60,25,0.00188,0,0,0.005,0.025,4031,0,0,0.2200446539320268,True
1,3,15,60,25,0.00188,0,0,0.005,0.025,3966,0,0,0.2231467473524962,True
1,3,16,60,25,0.00188,0,0,0.005,0.025,3893,0,0,0.2257898792704855,True
1,3,17,60,25,0.00188,0,0,0.005,0.025,3831,0,0,0.22813886713651788,True
1,3,18,60,25,0.00188,0,0,0.005,0.025,8653,0,0,0.1004275973650757,True
1,3,19,60,25,0.00188,0,0,0.005,0.025,8471,0,0,0.10400188879707237,True
1,3,20,60,25,0.00188,0,0,0.005,0.025,8290,0,0,0.10566948130277443,True
1,3,21,60,25,0.00188,0,0,0.005,0.025,8065,0,0,0.10948543087414755,True
1,3,22,60,25,0.00188,0,0,0.005,0.025,7878,0,0,0.11297283574511298,True
1,3,23,60,25,0.00188,0,0,0.005,0.025,7708,0,0,0.11702127659574468,True
1,3,24,60,25,0.00188,0,0,0.005,0.025,7548,0,0,0.11963434022257552,True
1,3,25,60,25,0.00188,0,0,0.005,0.025,7360,0,0,0.1235054347826087,True
1,3,26,60,25,0.00188,0,0,0.005,0.025,7173,0,0,0.12686463125609926,True
1,3,27,60,25,0.00188,0,0,0.005,0.025,6999,0,0,0.13244749249892843,True
1,3,28,60,25,0.00188,0,0,0.005,0.025,6839,0,0,0.1362772335136716,True
1,3,29,60,25,0.00188,0,0,0.005,0.025,6712,0,0,0.13885578069129917,True
1,3,30,60,25,0.00188,0,0,0.005,0.025,6528,0,0,0.1403186274509804,True
1,3,31,60,25,0.00188,0,0,0.005,0.025,6432,0,0,0.142568407960199,True
1,3,32,60,25,0.00188,0,0,0.005,0.025,6248,0,0,0.14596670934699105,True
1,3,33,60,25,0.00188,0,0,0.005,0.025,6079,0,0,0.1483796677085047,True
1,3,34,60,25,0.00188,0,0,0.005,0.025,5941,0,0,0.15047971721932335,True
1,3,35,60,25,0.00188,0,0,0.005,0.025,5807,0,0,0.15309109695195453,True
1,3,36,60,25,0.00188,0,0,0.005,0.025,5663,0,0,0.15716051562775915,True
1,3,37,60,25,0.00188,0,0,0.005,0.025,5561,0,0,0.1591440388419349,True
1,3,38,60,25,0.00188,0,0,0.005,0.025,5503,0,0,0.1624568417226967,True
1,3,39,60,25,0.00188,0,0,0.005,0.025,5401,0,0,0.16478429920385113,True
1,3,40,60,25,0.00188,0,0,0.005,0.025,5325,0,0,0.16826291079812206,True
1,3,41,60,25,0.00188,0,0,0.005,0.025,5980,0,0,0.23060200668896322,True
1,3,42,60,25,0.00188,0,0,0.005,0.025,5931,0,0,0.2308211094250548,True
1,3,43,60,25,0.00188,0,0,0.005,0.025,5834,0,0,0.234658896126157,True
1,3,44,60,25,0.00188,0,0,0.005,0.025,5819,0,0,0.2393882110328235,True
1,3,45,60,25,0.00188,0,0,0.005,0.025,5692,0,0,0.23805340829234012,True
1,3,46,60,25,0.00188,0,0,0.005,0.025,5221,0,0,0.2083891974717487,True
1,3,47,60,25,0.00188,0,0,0.005,0.025,5071,0,0,0.20331295602445276,True
1,3,48,60,25,0.00188,0,0,0.005,0.025,4996,0,0,0.20616493194555643,True
1,3,49,60,25,0.00188,0,0,0.005,0.025,4924,0,0,0.20593013809910643,True
1,3,50,60,25,0.00188,0,0,0.005,0.025,4855,0,0,0.20659114315139032,True
1,3,51,60,25,0.00188,0,0,0.005,0.025,4793,0,0,0.20884623409138325,True
1,3,52,60,25,0.00188,0,0,0.005,0.025,4733,0,0,0.2098035072892457,True
1,4,1,60,25,0.00188,0,0,0.005,0.025,4695,0,0,0.21277955271565496,True
1,4,2,60,25,0.00188,0,0,0.005,0.025,4641,0,0,0.21439344968756732,True
1,4,3,60,25,0.00188,0,0,0.005,0.025,4591,0,0,0.21694619908516663,True
1,4,4,60,25,0.00188,0,0,0.005,0.025,4525,0,0,0.2196685082872928,True
1,4,5,60,25,0.00188,0,0,0.005,0.025,4477,0,0,0.2226937681483136,True
1,4,6,60,25,0.00188,0,0,0.005,0.025,4418,0,0,0.22476233589859665,True
1,4,7,60,25,0.00188,0,0,0.005,0.025,4363,0,0,0.2262204904881962,True
1,4,8,60,25,0.00188,0,0,0.005,0.025,4306,0,0,0.22851834649326522,True
1,4,9,60,25,0.00188,0,0,0.005,0.025,4260,0,0,0.2312206572769953,True
1,4,10,60,25,0.00188,0,0,0.005,0.025,4168,0,0,0.23248560460652593,True
1,4,11,60,25,0.00188,0,0,0.005,0.025,4108,0,0,0.23442064264849075,True
1,4,12,60,25,0.00188,0,0,0.005,0.025,4073,0,0,0.23741713724527375,True
1,4,13,60,25,0.00188,0,0,0.005,0.025,4030,0,0,0.23995037220843674,True
1,4,14,60,25,0.00188,0,0,0.005,0.025,3980,0,0,0.23969849246231156,True
1,4,15,60,25,0.00188,0,0,0.005,0.025,3941,0,0,0.2425780258817559,True
1,4,16,60,25,0.00188,0,0,0.005,0.025,3898,0,0,0.24191893278604412,True
1,4,17,60,25,0.00188,0,0,0.005,0.025,3835,0,0,0.2440677966101695,True
1,4,18,60,25,0.00188,0,0,0.005,0.025,8602,0,0,0.10927691234596605,True
1,4,19,60,25,0.00188,0,0,0.005,0.025,8447,0,0,0.11104534154137563,True
1,4,20,60,25,0.00188,0,0,0.005,0.025,8261,0,0,0.11451398135818908,True
1,4,21,60,25,0.00188,0,0,0.005,0.025,8072,0,0,0.1173191278493558,True
1,4,22,60,25,0.00188,0,0,0.005,0.025,7832,0,0,0.12002042900919306,True
1,4,23,60,25,0.00188,0,0,0.005,0.025,7659,0,0,0.12220916568742655,True
1,4,24,60,25,0.00188,0,0,0.005,0.025,7458,0,0,0.12416197371949585,True
1,4,25,60,25,0.00188,0,0,0.005,0.025,7257,0,0,0.12911671489596252,True
1,4,26,60,25,0.00188,0,0,0.005,0.025,7077,0,0,0.13169422071499223,True
1,4,27,60,25,0.00188,0,0,0.005,0.025,6904,0,0,0.13412514484356894,True
1,4,28,60,25,0.00188,0,0,0.005,0.025,6715,0,0,0.1377513030528667,True
1,4,29,60,25,0.00188,0,0,0.005,0.025,6529,0,0,0.14152243835196815,True
1,4,30,60,25,0.00188,0,0,0.005,0.025,6384,0,0,0.1450501253132832,True
1,4,31,60,25,0.00188,0,0,0.005,0.025,6233,0,0,0.14856409433659554,True
1,4,32,60,25,0.00188,0,0,0.005,0.025,6048,0,0,0.1527777777777778,True
1,4,33,60,25,0.00188,0,0,0.005,0.025,5909,0,0,0.15518700287696735,True
1,4,34,60,25,0.00188,0,0,0.005,0.025,5795,0,0,0.15858498705780846,True
1,4,35,60,25,0.00188,0,0,0.005,0.025,5646,0,0,0.16135317038611408,True
1,4,36,60,25,0.00188,0,0,0.005,0.025,5532,0,0,0.16558206796818511,True
1,4,37,60,25,0.00188,0,0,0.005,0.025,5363,0,0,0.16669774380011187,True
1,4,38,60,25,0.00188,0,0,0.005,0.025,5293,0,0,0.16984696769317967,True
1,4,39,60,25,0.00188,0,0,0.005,0.025,5215,0,0,0.17238734419942472,True
1,4,40,60,25,0.00188,0,0,0.005,0.025,5138,0,0,0.1745815492409498,True
1,4,41,60,25,0.00188,0,0,0.005,0.025,5810,0,0,0.23734939759036144,True
1,4,42,60,25,0.00188,0,0,0.005,0.025,5855,0,0,0.24406490179333903,True
1,4,43,60,25,0.00188,0,0,0.005,0.025,5763,0,0,0.24709352767655735,True
1,4,44,60,25,0.00188,0,0,0.005,0.025,5667,0,0,0.25304393859184754,True
1,4,45,60,25,0.00188,0,0,0.005,0.025,5607,0,0,0.250936329588015,True
1,4,46,60,25,0.00188,0,0,0.005,0.025,5107,0,0,0.22106912081456823,True
1,4,47,60,25,0.00188,0,0,0.005,0.025,4965,0,0,0.21450151057401812,True
1,4,48,60,25,0.00188,0,0,0.005,0.025,4904,0,0,0.21023654159869495,True
1,4,49,60,25,0.00188,0,0,0.005,0.025,4829,0,0,0.20873886933112445,True
1,4,50,60,25,0.00188,0,0,0.005,0.025,4774,0,0,0.21407624633431085,True
1,4,51,60,25,0.00188,0,0,0.005,0.025,4706,0,0,0.2156821079473013,True
1,4,52,60,25,0.00188,0,0,0.005,0.025,4653,0,0,0.21749408983451538,True
1,5,1,60,25,0.00188,0,0,0.005,0.025,4603,0,0,0.22007386487073646,True
1,5,2,60,25,0.00188,0,0,0.005,0.025,4535,0,0,0.2231532524807056,True
1,5,3,60,25,0.00188,0,0,0.005,0.025,4488,0,0,0.22571301247771836,True
1,5,4,60,25,0.00188,0,0,0.005,0.025,4422,0,0,0.22795115332428764,True
1,5,5,60,25,0.00188,0,0,0.005,0.025,4373,0,0,0.22936199405442487,True
1,5,6,60,25,0.00188,0,0,0.005,0.025,4322,0,0,0.23160573808422028,True
1,5,7,60,25,0.00188,0,0,0.005,0.025,4277,0,0,0.23521159691372456,True
1,5,8,60,25,0.00188,0,0,0.005,0.025,4209,0,0,0.23829888334521265,True
1,5,9,60,25,0.00188,0,0,0.005,0.025,4169,0,0,0.24058527224754137,True
1,5,10,60,25,0.00188,0,0,0.005,0.025,4098,0,0,0.24231332357247437,True
1,5,11,60,25,0.00188,0,0,0.005,0.025,4059,0,0,0.2448879034244888,True
1,5,12,60,25,0.00188,0,0,0.005,0.025,3984,0,0,0.24623493975903615,True
1,5,13,60,25,0.00188,0,0,0.005,0.025,3933,0,0,0.24993643529112636,True
1,5,14,60,25,0.00188,0,0,0.005,0.025,3873,0,0,0.2530338239091144,True
1,5,15,60,25,0.00188,0,0,0.005,0.025,3833,0,0,0.25489172971562746,True
1,5,16,60,25,0.00188,0,0,0.005,0.025,3788,0,0,0.2565997888067582,True
1,5,17,60,25,0.00188,0,0,0.005,0.025,3752,0,0,0.2603944562899787,True
1,5,18,60,25,0.00188,0,0,0.005,0.025,8436,0,0,0.11569464201043149,True
1,5,19,60,25,0.00188,0,0,0.005,0.025,8316,0,0,0.11952861952861953,True
1,5,20,60,25,0.00188,0,0,0.005,0.025,8133,0,0,0.12135743268166728,True
1,5,21,60,25,0.00188,0,0,0.005,0.025,7927,0,0,0.12501576889113158,True
1,5,22,60,25,0.00188,0,0,0.005,0.025,7705,0,0,0.12783906554185595,True
1,5,23,60,25,0.00188,0,0,0.005,0.025,7485,0,0,0.13159652638610556,True
1,5,24,60,25,0.00188,0,0,0.005,0.025,7254,0,0,0.13468431210366694,True
1,5,25,60,25,0.00188,0,0,0.005,0.025,7057,0,0,0.13872750460535638,True
1,5,26,60,25,0.00188,0,0,0.005,0.025,6860,0,0,0.1412536443148688,True
1,5,27,60,25,0.00188,0,0,0.005,0.025,6699,0,0,0.14539483505000747,True
1,5,28,60,25,0.00188,0,0,0.005,0.025,6543,0,0,0.1484028732997096,True
1,5,29,60,25,0.00188,0,0,0.005,0.025,6392,0,0,0.15316020025031288,True
1,5,30,60,25,0.00188,0,0,0.005,0.025,6263,0,0,0.15567619351748363,True
1,5,31,60,25,0.00188,0,0,0.005,0.025,6137,0,0,0.15968714355548314,True
1,5,32,60,25,0.00188,0,0,0.005,0.025,5996,0,0,0.16444296197464978,True
1,5,33,60,25,0.00188,0,0,0.005,0.025,5885,0,0,0.16686491079014443,True
1,5,34,60,25,0.00188,0,0,0.005,0.025,5699,0,0,0.170380768555887,True
1,5,35,60,25,0.00188,0,0,0.005,0.025,5532,0,0,0.17263195950831525,True
1,5,36,60,25,0.00188,0,0,0.005,0.025,5426,0,0,0.1763730187983782,True
1,5,37,60,25,0.00188,0,0,0.005,0.025,5324,0,0,0.17956423741547708,True
1,5,38,60,25,0.00188,0,0,0.005,0.025,5252,0,0,0.1824067022086824,True
1,5,39,60,25,0.00188,0,0,0.005,0.025,5162,0,0,0.1842309182487408,True
1,5,40,60,25,0.00188,0,0,0.005,0.025,5104,0,0,0.18730407523510972,True
1,5,41,60,25,0.00188,0,0,0.005,0.025,5773,0,0,0.2438939892603499,True
1,5,42,60,25,0.00188,0,0,0.005,0.025,5781,0,0,0.2471890676353572,True
1,5,43,60,25,0.00188,0,0,0.005,0.025,5728,0,0,0.2482541899441341,True
1,5,44,60,25,0.00188,0,0,0.005,0.025,5661,0,0,0.25030913266207383,True
1,5,45,60,25,0.00188,0,0,0.005,0.025,5646,0,0,0.25132837407013814,True
1,5,46,60,25,0.00188,0,0,0.005,0.025,5169,0,0,0.2253820855097698,True
1,5,47,60,25,0.00188,0,0,0.005,0.025,5008,0,0,0.22264376996805113,True
1,5,48,60,25,0.00188,0,0,0.005,0.025,4913,0,0,0.220435579075921,True
1,5,49,60,25,0.00188,0,0,0.005,0.025,4857,0,0,0.22318303479514104,True
1,5,50,60,25,0.00188,0,0,0.005,0.025,4776,0,0,0.22236180904522612,True
1,5,51,60,25,0.00188,0,0,0.005,0.025,4704,0,0,0.22363945578231292,True
1,5,52,60,25,0.00188,0,0,0.005,0.025,4653,0,0,0.22609069417580055,True
1,6,1,60,25,0.00188,0,0,0.005,0.025,4593,0,0,0.22773786196385803,True
1,6,2,60,25,0.00188,0,0,0.005,0.025,4526,0,0,0.22934158197083518,True
1,6,3,60,25,0.00188,0,0,0.005,0.025,4467,0,0,0.233266174166107,True
1,6,4,60,25,0.00188,0,0,0.005,0.025,4427,0,0,0.23379263609667947,True
1,6,5,60,25,0.00188,0,0,0.005,0.025,4378,0,0,0.23686614892645044,True
1,6,6,60,25,0.00188,0,0,0.005,0.025,4322,0,0,0.23993521517815827,True
1,6,7,60,25,0.00188,0,0,0.005,0.025,4270,0,0,0.24168618266978922,True
1,6,8,60,25,0.00188,0,0,0.005,0.025,4218,0,0,0.24371740161213845,True
1,6,9,60,25,0.00188,0,0,0.005,0.025,4155,0,0,0.24765342960288808,True
1,6,10,60,25,0.00188,0,0,0.005,0.025,4088,0,0,0.25,True
1,6,11,60,25,0.00188,0,0,0.005,0.025,4040,0,0,0.25222772277227723,True
1,6,12,60,25,0.00188,0,0,0.005,0.025,3982,0,0,0.2569060773480663,True
1,6,13,60,25,0.00188,0,0,0.005,0.025,3933,0,0,0.2598525298754132,True
1,6,14,60,25,0.00188,0,0,0.005,0.025,3886,0,0,0.2619660319094184,True
1,6,15,60,25,0.00188,0,0,0.005,0.025,3840,0,0,0.26536458333333335,True
1,6,16,60,25,0.00188,0,0,0.005,0.025,3790,0,0,0.2662269129287599,True
1,6,17,60,25,0.00188,0,0,0.005,0.025,3743,0,0,0.26850120224418916,True
1,6,18,60,25,0.00188,0,0,0.005,0.025,8324,0,0,0.1213358962037482,True
1,6,19,60,25,0.00188,0,0,0.005,0.025,8172,0,0,0.12322564855604504,True
1,6,20,60,25,0.00188,0,0,0.005,0.025,7985,0,0,0.12623669380087665,True
1,6,21,60,25,0.00188,0,0,0.005,0.025,7788,0,0,0.12942989214175654,True
1,6,22,60,25,0.00188,0,0,0.005,0.025,7585,0,0,0.13302570863546473,True
1,6,23,60,25,0.00188,0,0,0.005,0.025,7388,0,0,0.13576069301570115,True
1,6,24,60,25,0.00188,0,0,0.005,0.025,7220,0,0,0.13795013850415513,True
1,6,25,60,25,0.00188,0,0,0.005,0.025,7029,0,0,0.14184094465784608,True
1,6,26,60,25,0.00188,0,0,0.005,0.025,6842,0,0,0.14454837766734874,True
1,6,27,60,25,0.00188,0,0,0.005,0.025,6682,0,0,0.14741095480395092,True
1,6,28,60,25,0.00188,0,0,0.005,0.025,6524,0,0,0.1499080318822808,True
1,6,29,60,25,0.00188,0,0,0.005,0.025,6369,0,0,0.15308525671219972,True
1,6,30,60,25,0.00188,0,0,0.005,0.025,6210,0,0,0.15619967793880837,True
1,6,31,60,25,0.00188,0,0,0.005,0.025,6063,0,0,0.16048160976414316,True
1,6,32,60,25,0.00188,0,0,0.005,0.025,5917,0,0,0.16258238972452257,True
1,6,33,60,25,0.00188,0,0,0.005,0.025,5780,0,0,0.16539792387543253,True
1,6,34,60,25,0.00188,0,0,0.005,0.025,5674,0,0,0.1691928093056045,True
1,6,35,60,25,0.00188,0,0,0.005,0.025,5594,0,0,0.1714336789417233,True
1,6,36,60,25,0.00188,0,0,0.005,0.025,5501,0,0,0.1739683693873841,True
1,6,37,60,25,0.00188,0,0,0.005,0.025,5354,0,0,0.17650354874859916,True
1,6,38,60,25,0.00188,0,0,0.005,0.025,5275,0,0,0.17933649289099526,True
1,6,39,60,25,0.00188,0,0,0.005,0.025,5215,0,0,0.18274209012464046,True
1,6,40,60,25,0.00188,0,0,0.005,0.025,5148,0,0,0.18492618492618493,True
1,6,41,60,25,0.00188,0,0,0.005,0.025,5855,0,0,0.24423569598633646,True
1,6,42,60,25,0.00188,0,0,0.005,0.025,5847,0,0,0.2483324781939456,True
1,6,43,60,25,0.00188,0,0,0.005,0.025,5767,0,0,0.24744234437315762,True
1,6,44,60,25,0.00188,0,0,0.005,0.025,5716,0,0,0.25,True
1,6,45,60,25,0.00188,0,0,0.005,0.025,5624,0,0,0.25177809388335703,True
1,6,46,60,25,0.00188,0,0,0.005,0.025,5116,0,0,0.22243940578577012,True
1,6,47,60,25,0.00188,0,0,0.005,0.025,4942,0,0,0.2150951031970862,True
1,6,48,60,25,0.00188,0,0,0.005,0.025,4845,0,0,0.21465428276573786,True
1,6,49,60,25,0.00188,0,0,0.005,0.025,4776,0,0,0.2162897822445561,True
1,6,50,60,25,0.00188,0,0,0.005,0.025,4714,0,0,0.2178616885871871,True
1,6,51,60,25,0.00188,0,0,0.005,0.025,4625,0,0,0.21945945945945947,True
1,6,52,60,25,0.00188,0,0,0.005,0.025,4567,0,0,0.22027589227063718,True
1,7,1,60,25,0.00188,0,0,0.005,0.025,4497,0,0,0.2201467645096731,True
1,7,2,60,25,0.00188,0,0,0.005,0.025,4411,0,0,0.22217184311947405,True
1,7,3,60,25,0.00188,0,0,0.005,0.025,4381,0,0,0.22597580461081945,True
1,7,4,60,25,0.00188,0,0,0.005,0.025,4316,0,0,0.22798887859128822,True
1,7,5,60,25,0.00188,0,0,0.005,0.025,4270,0,0,0.23138173302107728,True
1,7,6,60,25,0.00188,0,0,0.005,0.025,4227,0,0,0.23255263780458954,True
1,7,7,60,25,0.00188,0,0,0.005,0.025,4173,0,0,0.2350826743350108,True
1,7,8,60,25,0.00188,0,0,0.005,0.025,4112,0,0,0.23662451361867703,True
1,7,9,60,25,0.00188,0,0,0.005,0.025,4062,0,0,0.2375677006400788,True
1,7,10,60,25,0.00188,0,0,0.005,0.025,4009,0,0,0.23946121227238712,True
1,7,11,60,25,0.00188,0,0,0.005,0.025,3969,0,0,0.24111866969009826,True
1,7,12,60,25,0.00188,0,0,0.005,0.025,3925,0,0,0.24407643312101912,True
1,7,13,60,25,0.00188,0,0,0.005,0.025,3888,0,0,0.2456275720164609,True
1,7,14,60,25,0.00188,0,0,0.005,0.025,3836,0,0,0.24713242961418144,True
1,7,15,60,25,0.00188,0,0,0.005,0.025,3801,0,0,0.2499342278347803,True
1,7,16,60,25,0.00188,0,0,0.005,0.025,3767,0,0,0.252190071675073,True
1,7,17,60,25,0.00188,0,0,0.005,0.025,3721,0,0,0.25584520290244556,True
1,7,18,60,25,0.00188,0,0,0.005,0.025,8050,0,0,0.11813664596273292,True
1,7,19,60,25,0.00188,0,0,0.005,0.025,7903,0,0,0.12084018727065671,True
1,7,20,60,25,0.00188,0,0,0.005,0.025,7751,0,0,0.12462908011869436,True
1,7,21,60,25,0.00188,0,0,0.005,0.025,7568,0,0,0.12790697674418605,True
1,7,22,60,25,0.00188,0,0,0.005,0.025,7386,0,0,0.13132954237747088,True
1,7,23,60,25,0.00188,0,0,0.005,0.025,7151,0,0,0.13522584253950495,True
1,7,24,60,25,0.00188,0,0,0.005,0.025,6941,0,0,0.14061374441723096,True
1,7,25,60,25,0.00188,0,0,0.005,0.025,6787,0,0,0.14336231029910124,True
1,7,26,60,25,0.00188,0,0,0.005,0.025,6617,0,0,0.14674323711651807,True
1,7,27,60,25,0.00188,0,0,0.005,0.025,6469,0,0,0.1491729788220745,True
1,7,28,60,25,0.00188,0,0,0.005,0.025,6338,0,0,0.15209845377090564,True
1,7,29,60,25,0.00188,0,0,0.005,0.025,6212,0,0,0.15550547327752737,True
1,7,30,60,25,0.00188,0,0,0.005,0.025,6058,0,0,0.1589633542423242,True
1,7,31,60,25,0.00188,0,0,0.005,0.025,5934,0,0,0.16177957532861476,True
1,7,32,60,25,0.00188,0,0,0.005,0.025,5813,0,0,0.1644589712712885,True
1,7,33,60,25,0.00188,0,0,0.005,0.025,5693,0,0,0.16845248550851924,True
1,7,34,60,25,0.00188,0,0,0.005,0.025,5553,0,0,0.17143886187646318,True
1,7,35,60,25,0.00188,0,0,0.005,0.025,5458,0,0,0.1738732136313668,True
1,7,36,60,25,0.00188,0,0,0.005,0.025,5351,0,0,0.17753690898897403,True
1,7,37,60,25,0.00188,0,0,0.005,0.025,5258,0,0,0.18181818181818182,True
1,7,38,60,25,0.00188,0,0,0.005,0.025,5190,0,0,0.18516377649325627,True
1,7,39,60,25,0.00188,0,0,0.005,0.025,5103,0,0,0.18773270625122476,True
1,7,40,60,25,0.00188,0,0,0.005,0.025,5052,0,0,0.18903404592240697,True
1,7,41,60,25,0.00188,0,0,0.005,0.025,5734,0,0,0.24747122427624696,True
1,7,42,60,25,0.00188,0,0,0.005,0.025,5759,0,0,0.25421080048619554,True
1,7,43,60,25,0.00188,0,0,0.005,0.025,5732,0,0,0.25715282623866015,True
1,7,44,60,25,0.00188,0,0,0.005,0.025,5626,0,0,0.25613224315677213,True
1,7,45,60,25,0.00188,0,0,0.005,0.025,5560,0,0,0.26151079136690647,True
1,7,46,60,25,0.00188,0,0,0.005,0.025,5042,0,0,0.2318524395081317,True
1,7,47,60,25,0.00188,0,0,0.005,0.025,4893,0,0,0.22665031677907213,True
1,7,48,60,25,0.00188,0,0,0.005,0.025,4770,0,0,0.2238993710691824,True
1,7,49,60,25,0.00188,0,0,0.005,0.025,4674,0,0,0.22186563970902867,True
1,7,50,60,25,0.00188,0,0,0.005,0.025,4619,0,0,0.22364148084000865,True
1,7,51,60,25,0.00188,0,0,0.005,0.025,4543,0,0,0.22672243011226062,True
1,7,52,60,25,0.00188,0,0,0.005,0.025,4496,0,0,0.22909252669039146,True
1,8,1,60,25,0.00188,0,0,0.005,0.025,4452,0,0,0.23158131176999103,True
1,8,2,60,25,0.00188,0,0,0.005,0.025,4407,0,0,0.23485364193328795,True
1,8,3,60,25,0.00188,0,0,0.005,0.025,4366,0,0,0.23751717819514429,True
1,8,4,60,25,0.00188,0,0,0.005,0.025,4311,0,0,0.23869171885873347,True
1,8,5,60,25,0.00188,0,0,0.005,0.025,4265,0,0,0.24079718640093786,True
1,8,6,60,25,0.00188,0,0,0.005,0.025,4224,0,0,0.24266098484848486,True
1,8,7,60,25,0.00188,0,0,0.005,0.025,4174,0,0,0.24580737901293723,True
1,8,8,60,25,0.00188,0,0,0.005,0.025,4131,0,0,0.24788186879690147,True
1,8,9,60,25,0.00188,0,0,0.005,0.025,4080,0,0,0.2502450980392157,True
1,8,10,60,25,0.00188,0,0,0.005,0.025,4026,0,0,0.2531048186785892,True
1,8,11,60,25,0.00188,0,0,0.005,0.025,3979,0,0,0.25383262126162354,True
1,8,12,60,25,0.00188,0,0,0.005,0.025,3938,0,0,0.25622143219908583,True
1,8,13,60,25,0.00188,0,0,0.005,0.025,3897,0,0,0.25789068514241725,True
1,8,14,60,25,0.00188,0,0,0.005,0.025,3845,0,0,0.25851755526658,True
1,8,15,60,25,0.00188,0,0,0.005,0.025,3806,0,0,0.26221755123489227,True
1,8,16,60,25,0.00188,0,0,0.005,0.025,3772,0,0,0.26537645811240723,True
1,8,17,60,25,0.00188,0,0,0.005,0.025,3726,0,0,0.2659688674181428,True
1,8,18,60,25,0.00188,0,0,0.005,0.025,8333,0,0,0.11928477139085564,True
1,8,19,60,25,0.00188,0,0,0.005,0.025,8205,0,0,0.12260816575258988,True
1,8,20,60,25,0.00188,0,0,0.005,0.025,8031,0,0,0.12563815216037855,True
1,8,21,60,25,0.00188,0,0,0.005,0.025,7836,0,0,0.12901990811638592,True
1,8,22,60,25,0.00188,0,0,0.005,0.025,7662,0,0,0.13286348211955104,True
1,8,23,60,25,0.00188,0,0,0.005,0.025,7470,0,0,0.13534136546184738,True
1,8,24,60,25,0.00188,0,0,0.005,0.025,7273,0,0,0.13845730785095559,True
1,8,25,60,25,0.00188,0,0,0.005,0.025,7094,0,0,0.14011840992387933,True
1,8,26,60,25,0.00188,0,0,0.005,0.025,6954,0,0,0.14351452401495543,True
1,8,27,60,25,0.00188,0,0,0.005,0.025,6853,0,0,0.147380709178462,True
1,8,28,60,25,0.00188,0,0,0.005,0.025,6677,0,0,0.15051669911636964,True
1,8,29,60,25,0.00188,0,0,0.005,0.025,6515,0,0,0.15518035303146585,True
1,8,30,60,25,0.00188,0,0,0.005,0.025,6405,0,0,0.15831381733021077,True
1,8,31,60,25,0.00188,0,0,0.005,0.025,6276,0,0,0.1615678776290631,True
1,8,32,60,25,0.00188,0,0,0.005,0.025,6126,0,0,0.16552399608227228,True
1,8,33,60,25,0.00188,0,0,0.005,0.025,5999,0,0,0.1695282547091182,True
1,8,34,60,25,0.00188,0,0,0.005,0.025,5858,0,0,0.17258449982929328,True
1,8,35,60,25,0.00188,0,0,0.005,0.025,5765,0,0,0.1753686036426713,True
1,8,36,60,25,0.00188,0,0,0.005,0.025,5636,0,0,0.17814052519517387,True
1,8,37,60,25,0.00188,0,0,0.005,0.025,5535,0,0,0.18193315266486,True
1,8,38,60,25,0.00188,0,0,0.005,0.025,5462,0,0,0.18564628341266934,True
1,8,39,60,25,0.00188,0,0,0.005,0.025,5381,0,0,0.18899832744842965,True
1,8,40,60,25,0.00188,0,0,0.005,0.025,5321,0,0,0.19319676752490134,True
1,8,41,60,25,0.00188,0,0,0.005,0.025,6126,0,0,0.2564479268690826,True
1,8,42,60,25,0.00188,0,0,0.005,0.025,6113,0,0,0.26271879600850645,True
1,8,43,60,25,0.00188,0,0,0.005,0.025,6069,0,0,0.26379963750205965,True
1,8,44,60,25,0.00188,0,0,0.005,0.025,5978,0,0,0.2648042823686852,True
1,8,45,60,25,0.00188,0,0,0.005,0.025,5894,0,0,0.26263997285374957,True
1,8,46,60,25,0.00188,0,0,0.005,0.025,5354,0,0,0.23608516996638026,True
1,8,47,60,25,0.00188,0,0,0.005,0.025,5166,0,0,0.22919086333720481,True
1,8,48,60,25,0.00188,0,0,0.005,0.025,5054,0,0,0.2297190344281757,True
1,8,49,60,25,0.00188,0,0,0.005,0.025,4953,0,0,0.22915404805168585,True
1,8,50,60,25,0.00188,0,0,0.005,0.025,4865,0,0,0.22918807810894143,True
1,8,51,60,25,0.00188,0,0,0.005,0.025,4787,0,0,0.23334029663672445,True
1,8,52,60,25,0.00188,0,0,0.005,0.025,4738,0,0,0.23448712536935415,True
1,9,1,60,25,0.00188,0,0,0.005,0.025,4691,0,0,0.2368364954167555,True
1,9,2,60,25,0.00188,0,0,0.005,0.025,4617,0,0,0.23803335499241932,True
1,9,3,60,25,0.00188,0,0,0.005,0.025,4566,0,0,0.2387209811651336,True
1,9,4,60,25,0.00188,0,0,0.005,0.025,4510,0,0,0.24368070953436807,True
1,9,5,60,25,0.00188,0,0,0.005,0.025,4441,0,0,0.2447646926367935,True
1,9,6,60,25,0.00188,0,0,0.005,0.025,4388,0,0,0.24749316317228806,True
1,9,7,60,25,0.00188,0,0,0.005,0.025,4323,0,0,0.2505204718945177,True
1,9,8,60,25,0.00188,0,0,0.005,0.025,4267,0,0,0.2531052261542067,True
1,9,9,60,25,0.00188,0,0,0.005,0.025,4222,0,0,0.25580293699668405,True
1,9,10,60,25,0.00188,0,0,0.005,0.025,4168,0,0,0.2591170825335892,True
1,9,11,60,25,0.00188,0,0,0.005,0.025,4122,0,0,0.2627365356622999,True
1,9,12,60,25,0.00188,0,0,0.005,0.025,4077,0,0,0.2656364974245769,True
1,9,13,60,25,0.00188,0,0,0.005,0.025,4020,0,0,0.2664179104477612,True
1,9,14,60,25,0.00188,0,0,0.005,0.025,3974,0,0,0.26874685455460495,True
1,9,15,60,25,0.00188,0,0,0.005,0.025,3938,0,0,0.2722194007110208,True
1,9,16,60,25,0.00188,0,0,0.005,0.025,3891,0,0,0.2744795682343871,True
1,9,17,60,25,0.00188,0,0,0.005,0.025,3848,0,0,0.2757276507276507,True
1,9,18,60,25,0.00188,0,0,0.005,0.025,8297,0,0,0.1138965891286007,True
1,9,19,60,25,0.00188,0,0,0.005,0.025,8125,0,0,0.11704615384615384,True
1,9,20,60,25,0.00188,0,0,0.005,0.025,7959,0,0,0.1212463877371529,True
1,9,21,60,25,0.00188,0,0,0.005,0.025,7777,0,0,0.1236980840941237,True
1,9,22,60,25,0.00188,0,0,0.005,0.025,7578,0,0,0.1264185801002903,True
1,9,23,60,25,0.00188,0,0,0.005,0.025,7403,0,0,0.12981223828177765,True
1,9,24,60,25,0.00188,0,0,0.005,0.025,7254,0,0,0.13206506754893851,True
1,9,25,60,25,0.00188,0,0,0.005,0.025,7107,0,0,0.13578162375123118,True
1,9,26,60,25,0.00188,0,0,0.005,0.025,6951,0,0,0.13926053805207883,True
1,9,27,60,25,0.00188,0,0,0.005,0.025,6834,0,0,0.1420836991513023,True
1,9,28,60,25,0.00188,0,0,0.005,0.025,6688,0,0,0.14668062200956938,True
1,9,29,60,25,0.00188,0,0,0.005,0.025,6521,0,0,0.14844349026222972,True
1,9,30,60,25,0.00188,0,0,0.005,0.025,6360,0,0,0.15125786163522012,True
1,9,31,60,25,0.00188,0,0,0.005,0.025,6225,0,0,0.1540562248995984,True
1,9,32,60,25,0.00188,0,0,0.005,0.025,6069,0,0,0.15719228868017796,True
1,9,33,60,25,0.00188,0,0,0.005,0.025,5937,0,0,0.16085565100218965,True
1,9,34,60,25,0.00188,0,0,0.005,0.025,5832,0,0,0.16443758573388204,True
1,9,35,60,25,0.00188,0,0,0.005,0.025,5725,0,0,0.16786026200873364,True
1,9,36,60,25,0.00188,0,0,0.005,0.025,5625,0,0,0.17048888888888888,True
1,9,37,60,25,0.00188,0,0,0.005,0.025,5527,0,0,0.173149990953501,True
1,9,38,60,25,0.00188,0,0,0.005,0.025,5454,0,0,0.17583425009167583,True
1,9,39,60,25,0.00188,0,0,0.005,0.025,5387,0,0,0.17857805828847226,True
1,9,40,60,25,0.00188,0,0,0.005,0.025,5299,0,0,0.18229854689564068,True
1,9,41,60,25,0.00188,0,0,0.005,0.025,6129,0,0,0.25305922662750857,True
1,9,42,60,25,0.00188,0,0,0.005,0.025,6191,0,0,0.2597318688418672,True
1,9,43,60,25,0.00188,0,0,0.005,0.025,6183,0,0,0.26993368914766297,True
1,9,44,60,25,0.00188,0,0,0.005,0.025,6105,0,0,0.265028665028665,True
1,9,45,60,25,0.00188,0,0,0.005,0.025,6096,0,0,0.27116141732283466,True
1,9,46,60,25,0.00188,0,0,0.005,0.025,5426,0,0,0.23313674898636197,True
1,9,47,60,25,0.00188,0,0,0.005,0.025,5261,0,0,0.22904390800228094,True
1,9,48,60,25,0.00188,0,0,0.005,0.025,5156,0,0,0.2265321955003879,True
1,9,49,60,25,0.00188,0,0,0.005,0.025,5052,0,0,0.2252573238321457,True
1,9,50,60,25,0.00188,0,0,0.005,0.025,4994,0,0,0.2274729675610733,True
1,9,51,60,25,0.00188,0,0,0.005,0.025,4938,0,0,0.2292426083434589,True
1,9,52,60,25,0.00188,0,0,0.005,0.025,4882,0,0,0.2322818517001229,True
1,10,1,60,25,0.00188,0,0,0.005,0.025,4821,0,0,0.23459863098942127,True
1,10,2,60,25,0.00188,0,0,0.005,0.025,4763,0,0,0.2380852403947092,True
1,10,3,60,25,0.00188,0,0,0.005,0.025,4703,0,0,0.24069742717414416,True
1,10,4,60,25,0.00188,0,0,0.005,0.025,4631,0,0,0.244439645864824,True
1,10,5,60,25,0.00188,0,0,0.005,0.025,4563,0,0,0.24611001534078458,True
1,10,6,60,25,0.00188,0,0,0.005,0.025,4513,0,0,0.24905827609129183,True
1,10,7,60,25,0.00188,0,0,0.005,0.025,4449,0,0,0.2528658125421443,True
1,10,8,60,25,0.00188,0,0,0.005,0.025,4392,0,0,0.2552367941712204,True
1,10,9,60,25,0.00188,0,0,0.005,0.025,4341,0,0,0.25777470628887356,True
1,10,10,60,25,0.00188,0,0,0.005,0.025,4294,0,0,0.260130414531905,True
1,10,11,60,25,0.00188,0,0,0.005,0.025,4245,0,0,0.26007067137809187,True
1,10,12,60,25,0.00188,0,0,0.005,0.025,4194,0,0,0.26275631855030995,True
1,10,13,60,25,0.00188,0,0,0.005,0.025,4127,0,0,0.26338744850981344,True
1,10,14,60,25,0.00188,0,0,0.005,0.025,4087,0,0,0.2659652556887693,True
1,10,15,60,25,0.00188,0,0,0.005,0.025,4048,0,0,0.26803359683794464,True
1,10,16,60,25,0.00188,0,0,0.005,0.025,4003,0,0,0.2715463402448164,True
1,10,17,60,25,0.00188,0,0,0.005,0.025,3957,0,0,0.27470305787212534,True
1,10,18,60,25,0.00188,0,0,0.005,0.025,8556,0,0,0.12014960261804582,True
1,10,19,60,25,0.00188,0,0,0.005,0.025,8412,0,0,0.12256300523062293,True
1,10,20,60,25,0.00188,0,0,0.005,0.025,8209,0,0,0.12449750274089413,True
1,10,21,60,25,0.00188,0,0,0.005,0.025,8007,0,0,0.1277632071937055,True
1,10,22,60,25,0.00188,0,0,0.005,0.025,7816,0,0,0.13037359263050152,True
1,10,23,60,25,0.00188,0,0,0.005,0.025,7644,0,0,0.13291470434327576,True
1,10,24,60,25,0.00188,0,0,0.005,0.025,7450,0,0,0.13731543624161074,True
1,10,25,60,25,0.00188,0,0,0.005,0.025,7278,0,0,0.14179719703215168,True
1,10,26,60,25,0.00188,0,0,0.005,0.025,7132,0,0,0.14582164890633764,True
1,10,27,60,25,0.00188,0,0,0.005,0.025,6981,0,0,0.1498352671537029,True
1,10,28,60,25,0.00188,0,0,0.005,0.025,6848,0,0,0.15201518691588786,True
1,10,29,60,25,0.00188,0,0,0.005,0.025,6724,0,0,0.15571088637715647,True
1,10,30,60,25,0.00188,0,0,0.005,0.025,6577,0,0,0.15903907556636765,True
1,10,31,60,25,0.00188,0,0,0.005,0.025,6459,0,0,0.16039634618361975,True
1,10,32,60,25,0.00188,0,0,0.005,0.025,6310,0,0,0.16323296354992076,True
1,10,33,60,25,0.00188,0,0,0.005,0.025,6202,0,0,0.16607545952918412,True
1,10,34,60,25,0.00188,0,0,0.005,0.025,6075,0,0,0.16987654320987655,True
1,10,35,60,25,0.00188,0,0,0.005,0.025,5969,0,0,0.1740660077064835,True
1,10,36,60,25,0.00188,0,0,0.005,0.025,5879,0,0,0.1782616091171968,True
1,10,37,60,25,0.00188,0,0,0.005,0.025,5806,0,0,0.18119187047881502,True
1,10,38,60,25,0.00188,0,0,0.005,0.025,5704,0,0,0.18513323983169705,True
1,10,39,60,25,0.00188,0,0,0.005,0.025,5609,0,0,0.18844713852736672,True
1,10,40,60,25,0.00188,0,0,0.005,0.025,5513,0,0,0.19009613640486123,True
1,10,41,60,25,0.00188,0,0,0.005,0.025,6370,0,0,0.2576138147566719,True
1,10,42,60,25,0.00188,0,0,0.005,0.025,6383,0,0,0.2663324455585148,True
1,10,43,60,25,0.00188,0,0,0.005,0.025,6322,0,0,0.2695349572919962,True
1,10,44,60,25,0.00188,0,0,0.005,0.025,6262,0,0,0.268604279782817,True
1,10,45,60,25,0.00188,0,0,0.005,0.025,6177,0,0,0.26598672494738546,True
1,10,46,60,25,0.00188,0,0,0.005,0.025,5566,0,0,0.234099892202659,True
1,10,47,60,25,0.00188,0,0,0.005,0.025,5391,0,0,0.22927100723427934,True
1,10,48,60,25,0.00188,0,0,0.005,0.025,5281,0,0,0.23025942056428705,True
1,10,49,60,25,0.00188,0,0,0.005,0.025,5191,0,0,0.23059140820651128,True
1,10,50,60,25,0.00188,0,0,0.005,0.025,5118,0,0,0.23075420085971082,True
1,10,51,60,25,0.00188,0,0,0.005,0.025,5049,0,0,0.23410576351752824,True
1,10,52,60,25,0.00188,0,0,0.005,0.025,4973,0,0,0.23808566257792077,True
1,11,1,60,25,0.00188,0,0,0.005,0.025,4917,0,0,0.2397803538743136,True
1,11,2,60,25,0.00188,0,0,0.005,0.025,4878,0,0,0.24354243542435425,True
1,11,3,60,25,0.00188,0,0,0.005,0.025,4823,0,0,0.24694173750777523,True
1,11,4,60,25,0.00188,0,0,0.005,0.025,4769,0,0,0.2478507024533445,True
1,11,5,60,25,0.00188,0,0,0.005,0.025,4713,0,0,0.24888605983450032,True
1,11,6,60,25,0.00188,0,0,0.005,0.025,4659,0,0,0.25198540459326035,True
1,11,7,60,25,0.00188,0,0,0.005,0.025,4593,0,0,0.25190507293707814,True
1,11,8,60,25,0.00188,0,0,0.005,0.025,4551,0,0,0.25752581850142825,True
1,11,9,60,25,0.00188,0,0,0.005,0.025,4507,0,0,0.26070556911471043,True
1,11,10,60,25,0.00188,0,0,0.005,0.025,4458,0,0,0.2617765814266487,True
1,11,11,60,25,0.00188,0,0,0.005,0.025,4406,0,0,0.2625964593735815,True
1,11,12,60,25,0.00188,0,0,0.005,0.025,4352,0,0,0.26516544117647056,True
1,11,13,60,25,0.00188,0,0,0.005,0.025,4308,0,0,0.2667130919220056,True
1,11,14,60,25,0.00188,0,0,0.005,0.025,4253,0,0,0.2694568539854221,True
1,11,15,60,25,0.00188,0,0,0.005,0.025,4221,0,0,0.2712627339493011,True
1,11,16,60,25,0.00188,0,0,0.005,0.025,4178,0,0,0.273336524652944,True
1,11,17,60,25,0.00188,0,0,0.005,0.025,4138,0,0,0.27573707104881584,True
1,11,18,60,25,0.00188,0,0,0.005,0.025,9041,0,0,0.12011945581241013,True
1,11,19,60,25,0.00188,0,0,0.005,0.025,8859,0,0,0.12337735636076307,True
1,11,20,60,25,0.00188,0,0,0.005,0.025,8661,0,0,0.1259669784089597,True
1,11,21,60,25,0.00188,0,0,0.005,0.025,8436,0,0,0.1300379326695116,True
1,11,22,60,25,0.00188,0,0,0.005,0.025,8234,0,0,0.13237794510565945,True
1,11,23,60,25,0.00188,0,0,0.005,0.025,8034,0,0,0.13704256908140403,True
1,11,24,60,25,0.00188,0,0,0.005,0.025,7843,0,0,0.14012495218666327,True
1,11,25,60,25,0.00188,0,0,0.005,0.025,7641,0,0,0.143698468786808,True
1,11,26,60,25,0.00188,0,0,0.005,0.025,7501,0,0,0.14718037594987335,True
1,11,27,60,25,0.00188,0,0,0.005,0.025,7360,0,0,0.15013586956521738,True
1,11,28,60,25,0.00188,0,0,0.005,0.025,7197,0,0,0.15478671668750868,True
1,11,29,60,25,0.00188,0,0,0.005,0.025,7051,0,0,0.1585590696355127,True
1,11,30,60,25,0.00188,0,0,0.005,0.025,6925,0,0,0.1624548736462094,True
1,11,31,60,25,0.00188,0,0,0.005,0.025,6783,0,0,0.16615067079463364,True
1,11,32,60,25,0.00188,0,0,0.005,0.025,6645,0,0,0.16960120391271633,True
1,11,33,60,25,0.00188,0,0,0.005,0.025,6509,0,0,0.17314487632508835,True
1,11,34,60,25,0.00188,0,0,0.005,0.025,6382,0,0,0.17580695706675023,True
1,11,35,60,25,0.00188,0,0,0.005,0.025,6284,0,0,0.17759388924252067,True
1,11,36,60,25,0.00188,0,0,0.005,0.025,6151,0,0,0.181433913184848,True
1,11,37,60,25,0.00188,0,0,0.005,0.025,6032,0,0,0.1848474801061008,True
1,11,38,60,25,0.00188,0,0,0.005,0.025,5945,0,0,0.18805719091673676,True
1,11,39,60,25,0.00188,0,0,0.005,0.025,5859,0,0,0.19030551288615805,True
1,11,40,60,25,0.00188,0,0,0.005,0.025,5767,0,0,0.19247442344373158,True
1,11,41,60,25,0.00188,0,0,0.005,0.025,6681,0,0,0.2613381230354737,True
1,11,42,60,25,0.00188,0,0,0.005,0.025,6658,0,0,0.2649444277560829,True
1,11,43,60,25,0.00188,0,0,0.005,0.025,6636,0,0,0.27139843279083786,True
1,11,44,60,25,0.00188,0,0,0.005,0.025,6530,0,0,0.276416539050536,True
1,11,45,60,25,0.00188,0,0,0.005,0.025,6429,0,0,0.2743817078861409,True
1,11,46,60,25,0.00188,0,0,0.005,0.025,5784,0,0,0.23616874135546334,True
1,11,47,60,25,0.00188,0,0,0.005,0.025,5593,0,0,0.22993026998033256,True
1,11,48,60,25,0.00188,0,0,0.005,0.025,5502,0,0,0.23227917121046893,True
1,11,49,60,25,0.00188,0,0,0.005,0.025,5417,0,0,0.23407790289828317,True
1,11,50,60,25,0.00188,0,0,0.005,0.025,5336,0,0,0.23369565217391305,True
1,11,51,60,25,0.00188,0,0,0.005,0.025,5250,0,0,0.23733333333333334,True
1,11,52,60,25,0.00188,0,0,0.005,0.025,5176,0,0,0.23956723338485317,True
1,1,1,60,25,0.00355,0,0,0.005,0.025,5447,0,0,0.002019460253350468,True
1,1,2,60,25,0.00355,0,0,0.005,0.025,5337,0,0,0.0039347948285553686,True
1,1,3,60,25,0.00355,0,0,0.005,0.025,5238,0,0,0.0061092019854906456,True
1,1,4,60,25,0.00355,0,0,0.005,0.025,5164,0,0,0.008326878388845856,True
1,1,5,60,25,0.00355,0,0,0.005,0.025,5066,0,0,0.010856691669956573,True
1,1,6,60,25,0.00355,0,0,0.005,0.025,5000,0,0,0.0126,True
1,1,7,60,25,0.00355,0,0,0.005,0.025,4929,0,0,0.014607425441265977,True
1,1,8,60,25,0.00355,0,0,0.005,0.025,4859,0,0,0.015435274747890512,True
1,1,9,60,25,0.00355,0,0,0.005,0.025,4809,0,0,0.01684341859014348,True
1,1,10,60,25,0.00355,0,0,0.005,0.025,4767,0,0,0.01867002307530942,True
1,1,11,60,25,0.00355,0,0,0.005,0.025,4705,0,0,0.01997874601487779,True
1,1,12,60,25,0.00355,0,0,0.005,0.025,4686,0,0,0.022193768672641914,True
1,1,13,60,25,0.00355,0,0,0.005,0.025,4647,0,0,0.023886378308586184,True
1,1,14,60,25,0.00355,0,0,0.005,0.025,4610,0,0,0.024945770065075923,True
1,1,15,60,25,0.00355,0,0,0.005,0.025,4563,0,0,0.02717510409818102,True
1,1,16,60,25,0.00355,0,0,0.005,0.025,4541,0,0,0.028187623871393966,True
1,1,17,60,25,0.00355,0,0,0.005,0.025,4498,0,0,0.030902623388172522,True
1,1,18,60,25,0.00355,0,0,0.005,0.025,12656,0,0,0.013195322376738306,True
1,1,19,60,25,0.00355,0,0,0.005,0.025,12362,0,0,0.014884322925093027,True
1,1,20,60,25,0.00355,0,0,0.005,0.025,12049,0,0,0.01676487675325753,True
1,1,21,60,25,0.00355,0,0,0.005,0.025,11745,0,0,0.018901660280970626,True
1,1,22,60,25,0.00355,0,0,0.005,0.025,11467,0,0,0.02058079706985262,True
1,1,23,60,25,0.00355,0,0,0.005,0.025,11177,0,0,0.022546300438400287,True
1,1,24,60,25,0.00355,0,0,0.005,0.025,10917,0,0,0.0247320692497939,True
1,1,25,60,25,0.00355,0,0,0.005,0.025,10673,0,0,0.02717136700084325,True
1,1,26,60,25,0.00355,0,0,0.005,0.025,10446,0,0,0.02986789201608271,True
1,1,27,60,25,0.00355,0,0,0.005,0.025,10220,0,0,0.03131115459882583,True
1,1,28,60,25,0.00355,0,0,0.005,0.025,9947,0,0,0.033477430381019406,True
1,1,29,60,25,0.00355,0,0,0.005,0.025,9735,0,0,0.036466358500256806,True
1,1,30,60,25,0.00355,0,0,0.005,0.025,9496,0,0,0.037489469250210614,True
1,1,31,60,25,0.00355,0,0,0.005,0.025,9267,0,0,0.03873961368296105,True
1,1,32,60,25,0.00355,0,0,0.005,0.025,9022,0,0,0.041121702504987805,True
1,1,33,60,25,0.00355,0,0,0.005,0.025,8878,0,0,0.043365622888037844,True
1,1,34,60,25,0.00355,0,0,0.005,0.025,8677,0,0,0.044946410049556296,True
1,1,35,60,25,0.00355,0,0,0.005,0.025,8472,0,0,0.04733238904627007,True
1,1,36,60,25,0.00355,0,0,0.005,0.025,8265,0,0,0.049606775559588624,True
1,1,37,60,25,0.00355,0,0,0.005,0.025,8098,0,0,0.05062978513213139,True
1,1,38,60,25,0.00355,0,0,0.005,0.025,7925,0,0,0.05236593059936909,True
1,1,39,60,25,0.00355,0,0,0.005,0.025,7792,0,0,0.0550564681724846,True
1,1,40,60,25,0.00355,0,0,0.005,0.025,7645,0,0,0.05703073904512754,True
1,1,41,60,25,0.00355,0,0,0.005,0.025,7739,0,0,0.0726192014472154,True
1,1,42,60,25,0.00355,0,0,0.005,0.025,7727,0,0,0.07777921573702601,True
1,1,43,60,25,0.00355,0,0,0.005,0.025,7663,0,0,0.08156074644395145,True
1,1,44,60,25,0.00355,0,0,0.005,0.025,7605,0,0,0.08560157790927021,True
1,1,45,60,25,0.00355,0,0,0.005,0.025,7558,0,0,0.0889124106906589,True
1,1,46,60,25,0.00355,0,0,0.005,0.025,7362,0,0,0.08557457212713937,True
1,1,47,60,25,0.00355,0,0,0.005,0.025,7283,0,0,0.08622820266373747,True
1,1,48,60,25,0.00355,0,0,0.005,0.025,7209,0,0,0.08780690803162713,True
1,1,49,60,25,0.00355,0,0,0.005,0.025,7140,0,0,0.09061624649859944,True
1,1,50,60,25,0.00355,0,0,0.005,0.025,7073,0,0,0.09175738724727839,True
1,1,51,60,25,0.00355,0,0,0.005,0.025,6979,0,0,0.0965754406075369,True
1,1,52,60,25,0.00355,0,0,0.005,0.025,6858,0,0,0.09798775153105861,True
1,2,1,60,25,0.00355,0,0,0.005,0.025,6768,0,0,0.09988179669030733,True
1,2,2,60,25,0.00355,0,0,0.005,0.025,6674,0,0,0.10338627509739287,True
1,2,3,60,25,0.00355,0,0,0.005,0.025,6594,0,0,0.10555050045495905,True
1,2,4,60,25,0.00355,0,0,0.005,0.025,6498,0,0,0.10803324099722991,True
1,2,5,60,25,0.00355,0,0,0.005,0.025,6429,0,0,0.11043708197231296,True
1,2,6,60,25,0.00355,0,0,0.005,0.025,6371,0,0,0.11332600847590645,True
1,2,7,60,25,0.00355,0,0,0.005,0.025,6283,0,0,0.11491325799777176,True
1,2,8,60,25,0.00355,0,0,0.005,0.025,6213,0,0,0.11813938516014807,True
1,2,9,60,25,0.00355,0,0,0.005,0.025,6124,0,0,0.1201828870019595,True
1,2,10,60,25,0.00355,0,0,0.005,0.025,6038,0,0,0.12206028486253727,True
1,2,11,60,25,0.00355,0,0,0.005,0.025,5942,0,0,0.12234937731403568,True
1,2,12,60,25,0.00355,0,0,0.005,0.025,5880,0,0,0.12687074829931974,True
1,2,13,60,25,0.00355,0,0,0.005,0.025,5814,0,0,0.12882696938424493,True
1,2,14,60,25,0.00355,0,0,0.005,0.025,5730,0,0,0.13106457242582897,True
1,2,15,60,25,0.00355,0,0,0.005,0.025,5655,0,0,0.13244916003536694,True
1,2,16,60,25,0.00355,0,0,0.005,0.025,5565,0,0,0.1349505840071878,True
1,2,17,60,25,0.00355,0,0,0.005,0.025,5492,0,0,0.13710852148579752,True
1,2,18,60,25,0.00355,0,0,0.005,0.025,10937,0,0,0.06884886166224742,True
1,2,19,60,25,0.00355,0,0,0.005,0.025,10737,0,0,0.07218031107385675,True
1,2,20,60,25,0.00355,0,0,0.005,0.025,10498,0,0,0.07515717279481807,True
1,2,21,60,25,0.00355,0,0,0.005,0.025,10242,0,0,0.07693809802772895,True
1,2,22,60,25,0.00355,0,0,0.005,0.025,10070,0,0,0.0788480635551142,True
1,2,23,60,25,0.00355,0,0,0.005,0.025,9822,0,0,0.08195886784768887,True
1,2,24,60,25,0.00355,0,0,0.005,0.025,9620,0,0,0.08503118503118504,True
1,2,25,60,25,0.00355,0,0,0.005,0.025,9419,0,0,0.08684573733942032,True
1,2,26,60,25,0.00355,0,0,0.005,0.025,9227,0,0,0.08854448899967486,True
1,2,27,60,25,0.00355,0,0,0.005,0.025,9078,0,0,0.0908790482485129,True
1,2,28,60,25,0.00355,0,0,0.005,0.025,8909,0,0,0.09293972387473341,True
1,2,29,60,25,0.00355,0,0,0.005,0.025,8733,0,0,0.09515630367571282,True
1,2,30,60,25,0.00355,0,0,0.005,0.025,8590,0,0,0.09813736903376019,True
1,2,31,60,25,0.00355,0,0,0.005,0.025,8425,0,0,0.10183976261127596,True
1,2,32,60,25,0.00355,0,0,0.005,0.025,8240,0,0,0.10315533980582524,True
1,2,33,60,25,0.00355,0,0,0.005,0.025,8094,0,0,0.10538670620212504,True
1,2,34,60,25,0.00355,0,0,0.005,0.025,7933,0,0,0.10828186058237742,True
1,2,35,60,25,0.00355,0,0,0.005,0.025,7816,0,0,0.11156601842374617,True
1,2,36,60,25,0.00355,0,0,0.005,0.025,7644,0,0,0.11486132914704343,True
1,2,37,60,25,0.00355,0,0,0.005,0.025,7497,0,0,0.11764705882352941,True
1,2,38,60,25,0.00355,0,0,0.005,0.025,7374,0,0,0.12150800108489286,True
1,2,39,60,25,0.00355,0,0,0.005,0.025,7262,0,0,0.12365739465711925,True
1,2,40,60,25,0.00355,0,0,0.005,0.025,7174,0,0,0.12559241706161137,True
1,2,41,60,25,0.00355,0,0,0.005,0.025,7339,0,0,0.15070173048099197,True
1,2,42,60,25,0.00355,0,0,0.005,0.025,7260,0,0,0.153168044077135,True
1,2,43,60,25,0.00355,0,0,0.005,0.025,7230,0,0,0.15892116182572613,True
1,2,44,60,25,0.00355,0,0,0.005,0.025,7186,0,0,0.16490397996103534,True
1,2,45,60,25,0.00355,0,0,0.005,0.025,7143,0,0,0.16757664846703066,True
1,2,46,60,25,0.00355,0,0,0.005,0.025,6949,0,0,0.1594474025039574,True
1,2,47,60,25,0.00355,0,0,0.005,0.025,6905,0,0,0.16335988414192615,True
1,2,48,60,25,0.00355,0,0,0.005,0.025,6881,0,0,0.1659642493823572,True
1,2,49,60,25,0.00355,0,0,0.005,0.025,6844,0,0,0.17051431911163062,True
1,2,50,60,25,0.00355,0,0,0.005,0.025,6776,0,0,0.17355371900826447,True
1,2,51,60,25,0.00355,0,0,0.005,0.025,6709,0,0,0.17662840959904605,True
1,2,52,60,25,0.00355,0,0,0.005,0.025,6663,0,0,0.1814497973885637,True
1,3,1,60,25,0.00355,0,0,0.005,0.025,6621,0,0,0.18426219604289382,True
1,3,2,60,25,0.00355,0,0,0.005,0.025,6546,0,0,0.18713718301252674,True
1,3,3,60,25,0.00355,0,0,0.005,0.025,6484,0,0,0.19123997532387416,True
1,3,4,60,25,0.00355,0,0,0.005,0.025,6422,0,0,0.19448769853628153,True
1,3,5,60,25,0.00355,0,0,0.005,0.025,6344,0,0,0.19514501891551073,True
1,3,6,60,25,0.00355,0,0,0.005,0.025,6264,0,0,0.19923371647509577,True
1,3,7,60,25,0.00355,0,0,0.005,0.025,6179,0,0,0.20294546043049036,True
1,3,8,60,25,0.00355,0,0,0.005,0.025,6111,0,0,0.20454917362133856,True
1,3,9,60,25,0.00355,0,0,0.005,0.025,6014,0,0,0.20768207515796475,True
1,3,10,60,25,0.00355,0,0,0.005,0.025,5944,0,0,0.2097913862718708,True
1,3,11,60,25,0.00355,0,0,0.005,0.025,5867,0,0,0.21066984830407362,True
1,3,12,60,25,0.00355,0,0,0.005,0.025,5817,0,0,0.21419975932611313,True
1,3,13,60,25,0.00355,0,0,0.005,0.025,5728,0,0,0.21508379888268156,True
1,3,14,60,25,0.00355,0,0,0.005,0.025,5674,0,0,0.21906943954881916,True
1,3,15,60,25,0.00355,0,0,0.005,0.025,5612,0,0,0.22202423378474698,True
1,3,16,60,25,0.00355,0,0,0.005,0.025,5545,0,0,0.224346257889991,True
1,3,17,60,25,0.00355,0,0,0.005,0.025,5489,0,0,0.22572417562397523,True
1,3,18,60,25,0.00355,0,0,0.005,0.025,12301,0,0,0.10096740102430697,True
1,3,19,60,25,0.00355,0,0,0.005,0.025,12037,0,0,0.10318185594417213,True
1,3,20,60,25,0.00355,0,0,0.005,0.025,11702,0,0,0.10587933686549308,True
1,3,21,60,25,0.00355,0,0,0.005,0.025,11370,0,0,0.10949868073878628,True
1,3,22,60,25,0.00355,0,0,0.005,0.025,11049,0,0,0.1120463390352068,True
1,3,23,60,25,0.00355,0,0,0.005,0.025,10763,0,0,0.11530242497444951,True
1,3,24,60,25,0.00355,0,0,0.005,0.025,10514,0,0,0.11888910024728933,True
1,3,25,60,25,0.00355,0,0,0.005,0.025,10211,0,0,0.12153559886397022,True
1,3,26,60,25,0.00355,0,0,0.005,0.025,9968,0,0,0.1239967897271268,True
1,3,27,60,25,0.00355,0,0,0.005,0.025,9672,0,0,0.12748138957816377,True
1,3,28,60,25,0.00355,0,0,0.005,0.025,9472,0,0,0.12985641891891891,True
1,3,29,60,25,0.00355,0,0,0.005,0.025,9234,0,0,0.13309508338748105,True
1,3,30,60,25,0.00355,0,0,0.005,0.025,9019,0,0,0.13560261669808182,True
1,3,31,60,25,0.00355,0,0,0.005,0.025,8817,0,0,0.1370080526256096,True
1,3,32,60,25,0.00355,0,0,0.005,0.025,8596,0,0,0.13994881340158213,True
1,3,33,60,25,0.00355,0,0,0.005,0.025,8398,0,0,0.14360562038580615,True
1,3,34,60,25,0.00355,0,0,0.005,0.025,8186,0,0,0.1458587832885414,True
1,3,35,60,25,0.00355,0,0,0.005,0.025,8023,0,0,0.14944534463417675,True
1,3,36,60,25,0.00355,0,0,0.005,0.025,7855,0,0,0.1567154678548695,True
1,3,37,60,25,0.00355,0,0,0.005,0.025,7697,0,0,0.15889307522411328,True
1,3,38,60,25,0.00355,0,0,0.005,0.025,7585,0,0,0.16150296638101516,True
1,3,39,60,25,0.00355,0,0,0.005,0.025,7463,0,0,0.16266916789494842,True
1,3,40,60,25,0.00355,0,0,0.005,0.025,7353,0,0,0.16510267917856658,True
1,3,41,60,25,0.00355,0,0,0.005,0.025,7461,0,0,0.18415761962203459,True
1,3,42,60,25,0.00355,0,0,0.005,0.025,7351,0,0,0.18555298598830092,True
1,3,43,60,25,0.00355,0,0,0.005,0.025,7281,0,0,0.18816096690015108,True
1,3,44,60,25,0.00355,0,0,0.005,0.025,7250,0,0,0.19558620689655173,True
1,3,45,60,25,0.00355,0,0,0.005,0.025,7167,0,0,0.1947816380633459,True
1,3,46,60,25,0.00355,0,0,0.005,0.025,6949,0,0,0.18822852208950927,True
1,3,47,60,25,0.00355,0,0,0.005,0.025,6911,0,0,0.18984228042251483,True
1,3,48,60,25,0.00355,0,0,0.005,0.025,6851,0,0,0.19106699751861042,True
1,3,49,60,25,0.00355,0,0,0.005,0.025,6790,0,0,0.19322533136966127,True
1,3,50,60,25,0.00355,0,0,0.005,0.025,6765,0,0,0.19719142645971915,True
1,3,51,60,25,0.00355,0,0,0.005,0.025,6682,0,0,0.19889254714157437,True
1,3,52,60,25,0.00355,0,0,0.005,0.025,6626,0,0,0.20193178388167823,True
1,4,1,60,25,0.00355,0,0,0.005,0.025,6549,0,0,0.20293174530462665,True
1,4,2,60,25,0.00355,0,0,0.005,0.025,6476,0,0,0.20583693638048178,True
1,4,3,60,25,0.00355,0,0,0.005,0.025,6405,0,0,0.20655737704918034,True
1,4,4,60,25,0.00355,0,0,0.005,0.025,6327,0,0,0.20862968231389284,True
1,4,5,60,25,0.00355,0,0,0.005,0.025,6242,0,0,0.21050945209868632,True
1,4,6,60,25,0.00355,0,0,0.005,0.025,6167,0,0,0.21274525701313443,True
1,4,7,60,25,0.00355,0,0,0.005,0.025,6086,0,0,0.21344068353598422,True
1,4,8,60,25,0.00355,0,0,0.005,0.025,6019,0,0,0.21664728360192723,True
1,4,9,60,25,0.00355,0,0,0.005,0.025,5956,0,0,0.21709200805910006,True
1,4,10,60,25,0.00355,0,0,0.005,0.025,5894,0,0,0.22056328469630132,True
1,4,11,60,25,0.00355,0,0,0.005,0.025,5833,0,0,0.22235556317503857,True
1,4,12,60,25,0.00355,0,0,0.005,0.025,5741,0,0,0.22504790106253267,True
1,4,13,60,25,0.00355,0,0,0.005,0.025,5651,0,0,0.22739338170235357,True
1,4,14,60,25,0.00355,0,0,0.005,0.025,5588,0,0,0.22959914101646386,True
1,4,15,60,25,0.00355,0,0,0.005,0.025,5532,0,0,0.23246565437454808,True
1,4,16,60,25,0.00355,0,0,0.005,0.025,5474,0,0,0.23438070880526124,True
1,4,17,60,25,0.00355,0,0,0.005,0.025,5408,0,0,0.23613165680473372,True
1,4,18,60,25,0.00355,0,0,0.005,0.025,11583,0,0,0.11128377795044461,True
1,4,19,60,25,0.00355,0,0,0.005,0.025,11393,0,0,0.11392960589835864,True
1,4,20,60,25,0.00355,0,0,0.005,0.025,11111,0,0,0.11745117451174512,True
1,4,21,60,25,0.00355,0,0,0.005,0.025,10878,0,0,0.1199669056811914,True
1,4,22,60,25,0.00355,0,0,0.005,0.025,10601,0,0,0.12319592491274409,True
1,4,23,60,25,0.00355,0,0,0.005,0.025,10332,0,0,0.1259194734804491,True
1,4,24,60,25,0.00355,0,0,0.005,0.025,10081,0,0,0.12865787124293224,True
1,4,25,60,25,0.00355,0,0,0.005,0.025,9855,0,0,0.13140537798072044,True
1,4,26,60,25,0.00355,0,0,0.005,0.025,9641,0,0,0.1341147183902085,True
1,4,27,60,25,0.00355,0,0,0.005,0.025,9428,0,0,0.13820534577853202,True
1,4,28,60,25,0.00355,0,0,0.005,0.025,9166,0,0,0.14161029893083132,True
1,4,29,60,25,0.00355,0,0,0.005,0.025,8983,0,0,0.14482912167427361,True
1,4,30,60,25,0.00355,0,0,0.005,0.025,8773,0,0,0.14749800524336032,True
1,4,31,60,25,0.00355,0,0,0.005,0.025,8588,0,0,0.1507918025151374,True
1,4,32,60,25,0.00355,0,0,0.005,0.025,8396,0,0,0.15376369699857076,True
1,4,33,60,25,0.00355,0,0,0.005,0.025,8232,0,0,0.1576773566569485,True
1,4,34,60,25,0.00355,0,0,0.005,0.025,8050,0,0,0.1604968944099379,True
1,4,35,60,25,0.00355,0,0,0.005,0.025,7900,0,0,0.16278481012658227,True
1,4,36,60,25,0.00355,0,0,0.005,0.025,7745,0,0,0.16668818592640414,True
1,4,37,60,25,0.00355,0,0,0.005,0.025,7588,0,0,0.1698734844491302,True
1,4,38,60,25,0.00355,0,0,0.005,0.025,7482,0,0,0.17161186848436247,True
1,4,39,60,25,0.00355,0,0,0.005,0.025,7372,0,0,0.17525773195876287,True
1,4,40,60,25,0.00355,0,0,0.005,0.025,7241,0,0,0.17773788150807898,True
1,4,41,60,25,0.00355,0,0,0.005,0.025,7392,0,0,0.20427489177489178,True
1,4,42,60,25,0.00355,0,0,0.005,0.025,7276,0,0,0.2028587135788895,True
1,4,43,60,25,0.00355,0,0,0.005,0.025,7197,0,0,0.2055022926219258,True
1,4,44,60,25,0.00355,0,0,0.005,0.025,7117,0,0,0.20739075453140368,True
1,4,45,60,25,0.00355,0,0,0.005,0.025,7079,0,0,0.20977539200452042,True
1,4,46,60,25,0.00355,0,0,0.005,0.025,6881,0,0,0.20302281645109724,True
1,4,47,60,25,0.00355,0,0,0.005,0.025,6829,0,0,0.20486161956362572,True
1,4,48,60,25,0.00355,0,0,0.005,0.025,6762,0,0,0.20689145223306715,True
1,4,49,60,25,0.00355,0,0,0.005,0.025,6693,0,0,0.20812789481547886,True
1,4,50,60,25,0.00355,0,0,0.005,0.025,6649,0,0,0.20845239885697098,True
1,4,51,60,25,0.00355,0,0,0.005,0.025,6597,0,0,0.21297559496740942,True
1,4,52,60,25,0.00355,0,0,0.005,0.025,6522,0,0,0.21527138914443422,True
1,5,1,60,25,0.00355,0,0,0.005,0.025,6439,0,0,0.2175803696226122,True
1,5,2,60,25,0.00355,0,0,0.005,0.025,6379,0,0,0.22135130898259917,True
1,5,3,60,25,0.00355,0,0,0.005,0.025,6302,0,0,0.22342113614725484,True
1,5,4,60,25,0.00355,0,0,0.005,0.025,6235,0,0,0.22774659182036888,True
1,5,5,60,25,0.00355,0,0,0.005,0.025,6161,0,0,0.23242980035708488,True
1,5,6,60,25,0.00355,0,0,0.005,0.025,6095,0,0,0.23412633305988514,True
1,5,7,60,25,0.00355,0,0,0.005,0.025,6033,0,0,0.23653240510525445,True
1,5,8,60,25,0.00355,0,0,0.005,0.025,5955,0,0,0.23879093198992443,True
1,5,9,60,25,0.00355,0,0,0.005,0.025,5895,0,0,0.24173027989821882,True
1,5,10,60,25,0.00355,0,0,0.005,0.025,5837,0,0,0.2439609388384444,True
1,5,11,60,25,0.00355,0,0,0.005,0.025,5754,0,0,0.2464372610358012,True
1,5,12,60,25,0.00355,0,0,0.005,0.025,5695,0,0,0.24776119402985075,True
1,5,13,60,25,0.00355,0,0,0.005,0.025,5625,0,0,0.2510222222222222,True
1,5,14,60,25,0.00355,0,0,0.005,0.025,5565,0,0,0.2517520215633423,True
1,5,15,60,25,0.00355,0,0,0.005,0.025,5508,0,0,0.25508351488743647,True
1,5,16,60,25,0.00355,0,0,0.005,0.025,5426,0,0,0.2563582749723553,True
1,5,17,60,25,0.00355,0,0,0.005,0.025,5374,0,0,0.2605135839225903,True
1,5,18,60,25,0.00355,0,0,0.005,0.025,12245,0,0,0.114822376480196,True
1,5,19,60,25,0.00355,0,0,0.005,0.025,12025,0,0,0.11792099792099792,True
1,5,20,60,25,0.00355,0,0,0.005,0.025,11759,0,0,0.12092865039544179,True
1,5,21,60,25,0.00355,0,0,0.005,0.025,11463,0,0,0.12431300706621304,True
1,5,22,60,25,0.00355,0,0,0.005,0.025,11207,0,0,0.12831266172927636,True
1,5,23,60,25,0.00355,0,0,0.005,0.025,10962,0,0,0.13227513227513227,True
1,5,24,60,25,0.00355,0,0,0.005,0.025,10720,0,0,0.13582089552238805,True
1,5,25,60,25,0.00355,0,0,0.005,0.025,10424,0,0,0.1388142747505756,True
1,5,26,60,25,0.00355,0,0,0.005,0.025,10130,0,0,0.14146100691016783,True
1,5,27,60,25,0.00355,0,0,0.005,0.025,9880,0,0,0.14665991902834008,True
1,5,28,60,25,0.00355,0,0,0.005,0.025,9649,0,0,0.14965281376308426,True
1,5,29,60,25,0.00355,0,0,0.005,0.025,9431,0,0,0.1535362103700562,True
1,5,30,60,25,0.00355,0,0,0.005,0.025,9234,0,0,0.15616200996317955,True
1,5,31,60,25,0.00355,0,0,0.005,0.025,9047,0,0,0.1593898529899414,True
1,5,32,60,25,0.00355,0,0,0.005,0.025,8805,0,0,0.16252129471890972,True
1,5,33,60,25,0.00355,0,0,0.005,0.025,8565,0,0,0.16625802685347343,True
1,5,34,60,25,0.00355,0,0,0.005,0.025,8412,0,0,0.16975748930099857,True
1,5,35,60,25,0.00355,0,0,0.005,0.025,8185,0,0,0.1727550397067807,True
1,5,36,60,25,0.00355,0,0,0.005,0.025,8011,0,0,0.17600798901510423,True
1,5,37,60,25,0.00355,0,0,0.005,0.025,7866,0,0,0.18001525553012968,True
1,5,38,60,25,0.00355,0,0,0.005,0.025,7775,0,0,0.182508038585209,True
1,5,39,60,25,0.00355,0,0,0.005,0.025,7639,0,0,0.18615001963607802,True
1,5,40,60,25,0.00355,0,0,0.005,0.025,7534,0,0,0.18887709052296256,True
1,5,41,60,25,0.00355,0,0,0.005,0.025,7710,0,0,0.2151750972762646,True
1,5,42,60,25,0.00355,0,0,0.005,0.025,7578,0,0,0.21390868302982316,True
1,5,43,60,25,0.00355,0,0,0.005,0.025,7504,0,0,0.21668443496801706,True
1,5,44,60,25,0.00355,0,0,0.005,0.025,7421,0,0,0.22018595876566502,True
1,5,45,60,25,0.00355,0,0,0.005,0.025,7331,0,0,0.2215250306915837,True
1,5,46,60,25,0.00355,0,0,0.005,0.025,7169,0,0,0.21509276049658252,True
1,5,47,60,25,0.00355,0,0,0.005,0.025,7111,0,0,0.216706511039235,True
1,5,48,60,25,0.00355,0,0,0.005,0.025,7028,0,0,0.21770062606715992,True
1,5,49,60,25,0.00355,0,0,0.005,0.025,6966,0,0,0.22049956933677864,True
1,5,50,60,25,0.00355,0,0,0.005,0.025,6903,0,0,0.2245400550485296,True
1,5,51,60,25,0.00355,0,0,0.005,0.025,6828,0,0,0.22876391329818394,True
1,5,52,60,25,0.00355,0,0,0.005,0.025,6737,0,0,0.23155707288110436,True
1,6,1,60,25,0.00355,0,0,0.005,0.025,6659,0,0,0.23336837362967414,True
1,6,2,60,25,0.00355,0,0,0.005,0.025,6576,0,0,0.23813868613138686,True
1,6,3,60,25,0.00355,0,0,0.005,0.025,6504,0,0,0.23969864698646987,True
1,6,4,60,25,0.00355,0,0,0.005,0.025,6401,0,0,0.24168098734572724,True
1,6,5,60,25,0.00355,0,0,0.005,0.025,6335,0,0,0.24404104183109707,True
1,6,6,60,25,0.00355,0,0,0.005,0.025,6273,0,0,0.24661246612466126,True
1,6,7,60,25,0.00355,0,0,0.005,0.025,6191,0,0,0.2484251332579551,True
1,6,8,60,25,0.00355,0,0,0.005,0.025,6118,0,0,0.2508989865969271,True
1,6,9,60,25,0.00355,0,0,0.005,0.025,6038,0,0,0.2538920172242464,True
1,6,10,60,25,0.00355,0,0,0.005,0.025,5981,0,0,0.25681324193278715,True
1,6,11,60,25,0.00355,0,0,0.005,0.025,5884,0,0,0.2591774303195105,True
1,6,12,60,25,0.00355,0,0,0.005,0.025,5813,0,0,0.2604507139170824,True
1,6,13,60,25,0.00355,0,0,0.005,0.025,5749,0,0,0.2621325447903983,True
1,6,14,60,25,0.00355,0,0,0.005,0.025,5691,0,0,0.2653312247408188,True
1,6,15,60,25,0.00355,0,0,0.005,0.025,5618,0,0,0.2668209327162691,True
1,6,16,60,25,0.00355,0,0,0.005,0.025,5556,0,0,0.26979841612670985,True
1,6,17,60,25,0.00355,0,0,0.005,0.025,5479,0,0,0.2726774958934112,True
1,6,18,60,25,0.00355,0,0,0.005,0.025,12033,0,0,0.12415856394913986,True
1,6,19,60,25,0.00355,0,0,0.005,0.025,11826,0,0,0.12700828682563842,True
1,6,20,60,25,0.00355,0,0,0.005,0.025,11555,0,0,0.13085244482907832,True
1,6,21,60,25,0.00355,0,0,0.005,0.025,11264,0,0,0.1337890625,True
1,6,22,60,25,0.00355,0,0,0.005,0.025,11006,0,0,0.1373796111212066,True
1,6,23,60,25,0.00355,0,0,0.005,0.025,10718,0,0,0.14032468744168689,True
1,6,24,60,25,0.00355,0,0,0.005,0.025,10464,0,0,0.14420871559633028,True
1,6,25,60,25,0.00355,0,0,0.005,0.025,10178,0,0,0.14885046178031047,True
1,6,26,60,25,0.00355,0,0,0.005,0.025,9965,0,0,0.15253386853988962,True
1,6,27,60,25,0.00355,0,0,0.005,0.025,9771,0,0,0.15586940947702385,True
1,6,28,60,25,0.00355,0,0,0.005,0.025,9547,0,0,0.16005027757410706,True
1,6,29,60,25,0.00355,0,0,0.005,0.025,9379,0,0,0.16259729182215588,True
1,6,30,60,25,0.00355,0,0,0.005,0.025,9194,0,0,0.166521644550794,True
1,6,31,60,25,0.00355,0,0,0.005,0.025,9030,0,0,0.16899224806201552,True
1,6,32,60,25,0.00355,0,0,0.005,0.025,8842,0,0,0.17201990499886904,True
1,6,33,60,25,0.00355,0,0,0.005,0.025,8670,0,0,0.1750865051903114,True
1,6,34,60,25,0.00355,0,0,0.005,0.025,8496,0,0,0.17855461393596986,True
1,6,35,60,25,0.00355,0,0,0.005,0.025,8280,0,0,0.18345410628019324,True
1,6,36,60,25,0.00355,0,0,0.005,0.025,8096,0,0,0.18700592885375494,True
1,6,37,60,25,0.00355,0,0,0.005,0.025,7922,0,0,0.19174450896238324,True
1,6,38,60,25,0.00355,0,0,0.005,0.025,7813,0,0,0.19518750799948803,True
1,6,39,60,25,0.00355,0,0,0.005,0.025,7708,0,0,0.19862480539699015,True
1,6,40,60,25,0.00355,0,0,0.005,0.025,7588,0,0,0.20137058513442277,True
1,6,41,60,25,0.00355,0,0,0.005,0.025,7725,0,0,0.223042071197411,True
1,6,42,60,25,0.00355,0,0,0.005,0.025,7654,0,0,0.2257643062451006,True
1,6,43,60,25,0.00355,0,0,0.005,0.025,7563,0,0,0.2286129842655031,True
1,6,44,60,25,0.00355,0,0,0.005,0.025,7460,0,0,0.23190348525469168,True
1,6,45,60,25,0.00355,0,0,0.005,0.025,7398,0,0,0.23263044065963773,True
1,6,46,60,25,0.00355,0,0,0.005,0.025,7200,0,0,0.2247222222222222,True
1,6,47,60,25,0.00355,0,0,0.005,0.025,7118,0,0,0.2260466423152571,True
1,6,48,60,25,0.00355,0,0,0.005,0.025,7054,0,0,0.22795576977601362,True
1,6,49,60,25,0.00355,0,0,0.005,0.025,6969,0,0,0.2318840579710145,True
1,6,50,60,25,0.00355,0,0,0.005,0.025,6891,0,0,0.23363807865331593,True
1,6,51,60,25,0.00355,0,0,0.005,0.025,6801,0,0,0.23614174386119688,True
1,6,52,60,25,0.00355,0,0,0.005,0.025,6733,0,0,0.2388237041437695,True
1,7,1,60,25,0.00355,0,0,0.005,0.025,6662,0,0,0.24031822275592915,True
1,7,2,60,25,0.00355,0,0,0.005,0.025,6571,0,0,0.2419723025414701,True
1,7,3,60,25,0.00355,0,0,0.005,0.025,6479,0,0,0.24463651798116992,True
1,7,4,60,25,0.00355,0,0,0.005,0.025,6399,0,0,0.24706985466479137,True
1,7,5,60,25,0.00355,0,0,0.005,0.025,6336,0,0,0.24889520202020202,True
1,7,6,60,25,0.00355,0,0,0.005,0.025,6247,0,0,0.2511605570673924,True
1,7,7,60,25,0.00355,0,0,0.005,0.025,6187,0,0,0.2534346209794731,True
1,7,8,60,25,0.00355,0,0,0.005,0.025,6115,0,0,0.25739983646770237,True
1,7,9,60,25,0.00355,0,0,0.005,0.025,6047,0,0,0.2596328758061849,True
1,7,10,60,25,0.00355,0,0,0.005,0.025,5977,0,0,0.26100050192404217,True
1,7,11,60,25,0.00355,0,0,0.005,0.025,5920,0,0,0.2633445945945946,True
1,7,12,60,25,0.00355,0,0,0.005,0.025,5850,0,0,0.2664957264957265,True
1,7,13,60,25,0.00355,0,0,0.005,0.025,5785,0,0,0.268971477960242,True
1,7,14,60,25,0.00355,0,0,0.005,0.025,5722,0,0,0.270534778049633,True
1,7,15,60,25,0.00355,0,0,0.005,0.025,5648,0,0,0.27354815864022664,True
1,7,16,60,25,0.00355,0,0,0.005,0.025,5593,0,0,0.2755229751475058,True
1,7,17,60,25,0.00355,0,0,0.005,0.025,5527,0,0,0.2788130993305591,True
1,7,18,60,25,0.00355,0,0,0.005,0.025,12353,0,0,0.12434226503683316,True
1,7,19,60,25,0.00355,0,0,0.005,0.025,12128,0,0,0.127061345646438,True
1,7,20,60,25,0.00355,0,0,0.005,0.025,11885,0,0,0.13134202776609172,True
1,7,21,60,25,0.00355,0,0,0.005,0.025,11568,0,0,0.13545988934993083,True
1,7,22,60,25,0.00355,0,0,0.005,0.025,11279,0,0,0.13893075627271922,True
1,7,23,60,25,0.00355,0,0,0.005,0.025,11026,0,0,0.1421186286958099,True
1,7,24,60,25,0.00355,0,0,0.005,0.025,10721,0,0,0.1460684637627087,True
1,7,25,60,25,0.00355,0,0,0.005,0.025,10506,0,0,0.1503902531886541,True
1,7,26,60,25,0.00355,0,0,0.005,0.025,10207,0,0,0.15469775644165767,True
1,7,27,60,25,0.00355,0,0,0.005,0.025,10018,0,0,0.15821521261728888,True
1,7,28,60,25,0.00355,0,0,0.005,0.025,9859,0,0,0.16147682320722181,True
1,7,29,60,25,0.00355,0,0,0.005,0.025,9640,0,0,0.1646265560165975,True
1,7,30,60,25,0.00355,0,0,0.005,0.025,9443,0,0,0.168378693211903,True
1,7,31,60,25,0.00355,0,0,0.005,0.025,9258,0,0,0.17293151868654136,True
1,7,32,60,25,0.00355,0,0,0.005,0.025,8987,0,0,0.17725603649716257,True
1,7,33,60,25,0.00355,0,0,0.005,0.025,8733,0,0,0.18160998511393564,True
1,7,34,60,25,0.00355,0,0,0.005,0.025,8551,0,0,0.1850076014501228,True
1,7,35,60,25,0.00355,0,0,0.005,0.025,8396,0,0,0.18901858027632207,True
1,7,36,60,25,0.00355,0,0,0.005,0.025,8223,0,0,0.1938465280311322,True
1,7,37,60,25,0.00355,0,0,0.005,0.025,8052,0,0,0.19523099850968703,True
1,7,38,60,25,0.00355,0,0,0.005,0.025,7940,0,0,0.19798488664987404,True
1,7,39,60,25,0.00355,0,0,0.005,0.025,7822,0,0,0.20033239580669907,True
1,7,40,60,25,0.00355,0,0,0.005,0.025,7693,0,0,0.20252177304042637,True
1,7,41,60,25,0.00355,0,0,0.005,0.025,7881,0,0,0.22344880091358965,True
1,7,42,60,25,0.00355,0,0,0.005,0.025,7833,0,0,0.22609472743521,True
1,7,43,60,25,0.00355,0,0,0.005,0.025,7749,0,0,0.22957801006581494,True
1,7,44,60,25,0.00355,0,0,0.005,0.025,7612,0,0,0.22858644245927484,True
1,7,45,60,25,0.00355,0,0,0.005,0.025,7581,0,0,0.23466561139691333,True
1,7,46,60,25,0.00355,0,0,0.005,0.025,7353,0,0,0.2254861961104311,True
1,7,47,60,25,0.00355,0,0,0.005,0.025,7295,0,0,0.22782727895819055,True
1,7,48,60,25,0.00355,0,0,0.005,0.025,7192,0,0,0.22956062291434928,True
1,7,49,60,25,0.00355,0,0,0.005,0.025,7126,0,0,0.23309009261857985,True
1,7,50,60,25,0.00355,0,0,0.005,0.025,7075,0,0,0.23618374558303887,True
1,7,51,60,25,0.00355,0,0,0.005,0.025,6977,0,0,0.23692131288519422,True
1,7,52,60,25,0.00355,0,0,0.005,0.025,6908,0,0,0.2395773016792125,True
1,8,1,60,25,0.00355,0,0,0.005,0.025,6829,0,0,0.23942012007614585,True
1,8,2,60,25,0.00355,0,0,0.005,0.025,6750,0,0,0.24133333333333334,True
1,8,3,60,25,0.00355,0,0,0.005,0.025,6676,0,0,0.24715398442180947,True
1,8,4,60,25,0.00355,0,0,0.005,0.025,6613,0,0,0.2493573264781491,True
1,8,5,60,25,0.00355,0,0,0.005,0.025,6528,0,0,0.2493872549019608,True
1,8,6,60,25,0.00355,0,0,0.005,0.025,6422,0,0,0.252569293055123,True
1,8,7,60,25,0.00355,0,0,0.005,0.025,6332,0,0,0.2552116234996841,True
1,8,8,60,25,0.00355,0,0,0.005,0.025,6271,0,0,0.2553021846595439,True
1,8,9,60,25,0.00355,0,0,0.005,0.025,6186,0,0,0.2575169738118332,True
1,8,10,60,25,0.00355,0,0,0.005,0.025,6122,0,0,0.25922901012740934,True
1,8,11,60,25,0.00355,0,0,0.005,0.025,6059,0,0,0.2614292787588711,True
1,8,12,60,25,0.00355,0,0,0.005,0.025,5988,0,0,0.2638610554442218,True
1,8,13,60,25,0.00355,0,0,0.005,0.025,5919,0,0,0.26507856056766343,True
1,8,14,60,25,0.00355,0,0,0.005,0.025,5842,0,0,0.2677165354330709,True
1,8,15,60,25,0.00355,0,0,0.005,0.025,5754,0,0,0.27042057698992006,True
1,8,16,60,25,0.00355,0,0,0.005,0.025,5685,0,0,0.273702726473175,True
1,8,17,60,25,0.00355,0,0,0.005,0.025,5611,0,0,0.2757084298698984,True
1,8,18,60,25,0.00355,0,0,0.005,0.025,12592,0,0,0.12388818297331639,True
1,8,19,60,25,0.00355,0,0,0.005,0.025,12352,0,0,0.12597150259067358,True
1,8,20,60,25,0.00355,0,0,0.005,0.025,12106,0,0,0.1301833801420783,True
1,8,21,60,25,0.00355,0,0,0.005,0.025,11867,0,0,0.13364793123788657,True
1,8,22,60,25,0.00355,0,0,0.005,0.025,11671,0,0,0.13666352497643733,True
1,8,23,60,25,0.00355,0,0,0.005,0.025,11458,0,0,0.13998952696805725,True
1,8,24,60,25,0.00355,0,0,0.005,0.025,11270,0,0,0.14374445430346053,True
1,8,25,60,25,0.00355,0,0,0.005,0.025,11022,0,0,0.14643440391943385,True
1,8,26,60,25,0.00355,0,0,0.005,0.025,10767,0,0,0.15055261447014023,True
1,8,27,60,25,0.00355,0,0,0.005,0.025,10507,0,0,0.15494432283239745,True
1,8,28,60,25,0.00355,0,0,0.005,0.025,10309,0,0,0.1581142690852653,True
1,8,29,60,25,0.00355,0,0,0.005,0.025,10133,0,0,0.16243955393269516,True
1,8,30,60,25,0.00355,0,0,0.005,0.025,9938,0,0,0.16582813443348762,True
1,8,31,60,25,0.00355,0,0,0.005,0.025,9722,0,0,0.16992388397449085,True
1,8,32,60,25,0.00355,0,0,0.005,0.025,9519,0,0,0.17386280071436075,True
1,8,33,60,25,0.00355,0,0,0.005,0.025,9318,0,0,0.17900837089504185,True
1,8,34,60,25,0.00355,0,0,0.005,0.025,9163,0,0,0.1805085670631889,True
1,8,35,60,25,0.00355,0,0,0.005,0.025,8995,0,0,0.18354641467481933,True
1,8,36,60,25,0.00355,0,0,0.005,0.025,8827,0,0,0.1879460745440127,True
1,8,37,60,25,0.00355,0,0,0.005,0.025,8661,0,0,0.19143285994688836,True
1,8,38,60,25,0.00355,0,0,0.005,0.025,8543,0,0,0.19372585742713333,True
1,8,39,60,25,0.00355,0,0,0.005,0.025,8421,0,0,0.19617622610141314,True
1,8,40,60,25,0.00355,0,0,0.005,0.025,8295,0,0,0.19855334538878844,True
1,8,41,60,25,0.00355,0,0,0.005,0.025,8546,0,0,0.2212731102270068,True
1,8,42,60,25,0.00355,0,0,0.005,0.025,8527,0,0,0.2272780579336226,True
1,8,43,60,25,0.00355,0,0,0.005,0.025,8447,0,0,0.22741801823132474,True
1,8,44,60,25,0.00355,0,0,0.005,0.025,8400,0,0,0.23142857142857143,True
1,8,45,60,25,0.00355,0,0,0.005,0.025,8297,0,0,0.23201157044714957,True
1,8,46,60,25,0.00355,0,0,0.005,0.025,8037,0,0,0.22607938285429888,True
1,8,47,60,25,0.00355,0,0,0.005,0.025,7946,0,0,0.2261515227787566,True
1,8,48,60,25,0.00355,0,0,0.005,0.025,7851,0,0,0.2300343905235002,True
1,8,49,60,25,0.00355,0,0,0.005,0.025,7744,0,0,0.23192148760330578,True
1,8,50,60,25,0.00355,0,0,0.005,0.025,7659,0,0,0.23475649562606085,True
1,8,51,60,25,0.00355,0,0,0.005,0.025,7583,0,0,0.23697744955822234,True
1,8,52,60,25,0.00355,0,0,0.005,0.025,7475,0,0,0.24013377926421406,True
1,9,1,60,25,0.00355,0,0,0.005,0.025,7397,0,0,0.24320670542111666,True
1,9,2,60,25,0.00355,0,0,0.005,0.025,7291,0,0,0.24591962693731997,True
1,9,3,60,25,0.00355,0,0,0.005,0.025,7215,0,0,0.2494802494802495,True
1,9,4,60,25,0.00355,0,0,0.005,0.025,7124,0,0,0.2525266704098821,True
1,9,5,60,25,0.00355,0,0,0.005,0.025,7055,0,0,0.25457122608079374,True
1,9,6,60,25,0.00355,0,0,0.005,0.025,6958,0,0,0.25697039379131936,True
1,9,7,60,25,0.00355,0,0,0.005,0.025,6894,0,0,0.2581955323469684,True
1,9,8,60,25,0.00355,0,0,0.005,0.025,6829,0,0,0.26036022843754575,True
1,9,9,60,25,0.00355,0,0,0.005,0.025,6747,0,0,0.26263524529420484,True
1,9,10,60,25,0.00355,0,0,0.005,0.025,6652,0,0,0.2648827420324714,True
1,9,11,60,25,0.00355,0,0,0.005,0.025,6582,0,0,0.2695229413552112,True
1,9,12,60,25,0.00355,0,0,0.005,0.025,6494,0,0,0.27194333230674467,True
1,9,13,60,25,0.00355,0,0,0.005,0.025,6425,0,0,0.2753307392996109,True
1,9,14,60,25,0.00355,0,0,0.005,0.025,6354,0,0,0.2769908718917217,True
1,9,15,60,25,0.00355,0,0,0.005,0.025,6282,0,0,0.2787328876154091,True
1,9,16,60,25,0.00355,0,0,0.005,0.025,6216,0,0,0.28008365508365507,True
1,9,17,60,25,0.00355,0,0,0.005,0.025,6138,0,0,0.28185076572173345,True
1,9,18,60,25,0.00355,0,0,0.005,0.025,13081,0,0,0.12078587263970644,True
1,9,19,60,25,0.00355,0,0,0.005,0.025,12874,0,0,0.12373776604008078,True
1,9,20,60,25,0.00355,0,0,0.005,0.025,12605,0,0,0.12685442284807616,True
1,9,21,60,25,0.00355,0,0,0.005,0.025,12301,0,0,0.12974554914234615,True
1,9,22,60,25,0.00355,0,0,0.005,0.025,12038,0,0,0.1334939358697458,True
1,9,23,60,25,0.00355,0,0,0.005,0.025,11811,0,0,0.1368216069765473,True
1,9,24,60,25,0.00355,0,0,0.005,0.025,11537,0,0,0.14015775331541996,True
1,9,25,60,25,0.00355,0,0,0.005,0.025,11293,0,0,0.14495705304170725,True
1,9,26,60,25,0.00355,0,0,0.005,0.025,10999,0,0,0.14855895990544596,True
1,9,27,60,25,0.00355,0,0,0.005,0.025,10764,0,0,0.1525455221107395,True
1,9,28,60,25,0.00355,0,0,0.005,0.025,10556,0,0,0.15630920803334597,True
1,9,29,60,25,0.00355,0,0,0.005,0.025,10358,0,0,0.1590075304112763,True
1,9,30,60,25,0.00355,0,0,0.005,0.025,10162,0,0,0.16197598897854754,True
1,9,31,60,25,0.00355,0,0,0.005,0.025,9969,0,0,0.16521215768883538,True
1,9,32,60,25,0.00355,0,0,0.005,0.025,9768,0,0,0.167997542997543,True
1,9,33,60,25,0.00355,0,0,0.005,0.025,9567,0,0,0.17142259851573116,True
1,9,34,60,25,0.00355,0,0,0.005,0.025,9384,0,0,0.17529838022165387,True
1,9,35,60,25,0.00355,0,0,0.005,0.025,9196,0,0,0.17855589386689866,True
1,9,36,60,25,0.00355,0,0,0.005,0.025,9014,0,0,0.1824938983802973,True
1,9,37,60,25,0.00355,0,0,0.005,0.025,8838,0,0,0.18714641321565964,True
1,9,38,60,25,0.00355,0,0,0.005,0.025,8691,0,0,0.1898515705902658,True
1,9,39,60,25,0.00355,0,0,0.005,0.025,8585,0,0,0.19266161910308677,True
1,9,40,60,25,0.00355,0,0,0.005,0.025,8487,0,0,0.19523977848474136,True
1,9,41,60,25,0.00355,0,0,0.005,0.025,8769,0,0,0.21781274945831908,True
1,9,42,60,25,0.00355,0,0,0.005,0.025,8728,0,0,0.22307516040329972,True
1,9,43,60,25,0.00355,0,0,0.005,0.025,8640,0,0,0.2255787037037037,True
1,9,44,60,25,0.00355,0,0,0.005,0.025,8547,0,0,0.22733122733122732,True
1,9,45,60,25,0.00355,0,0,0.005,0.025,8483,0,0,0.2322291642107745,True
1,9,46,60,25,0.00355,0,0,0.005,0.025,8181,0,0,0.22234445666788902,True
1,9,47,60,25,0.00355,0,0,0.005,0.025,8087,0,0,0.22492889823172993,True
1,9,48,60,25,0.00355,0,0,0.005,0.025,7999,0,0,0.22640330041255158,True
1,9,49,60,25,0.00355,0,0,0.005,0.025,7918,0,0,0.22682495579691841,True
1,9,50,60,25,0.00355,0,0,0.005,0.025,7827,0,0,0.2301009326689664,True
1,9,51,60,25,0.00355,0,0,0.005,0.025,7726,0,0,0.23440331348692725,True
1,9,52,60,25,0.00355,0,0,0.005,0.025,7641,0,0,0.2345242769271038,True
1,10,1,60,25,0.00355,0,0,0.005,0.025,7561,0,0,0.2379314905435789,True
1,10,2,60,25,0.00355,0,0,0.005,0.025,7485,0,0,0.23994655978623913,True
1,10,3,60,25,0.00355,0,0,0.005,0.025,7403,0,0,0.243279751452114,True
1,10,4,60,25,0.00355,0,0,0.005,0.025,7290,0,0,0.2448559670781893,True
1,10,5,60,25,0.00355,0,0,0.005,0.025,7218,0,0,0.24785259074535881,True
1,10,6,60,25,0.00355,0,0,0.005,0.025,7133,0,0,0.2517874667040516,True
1,10,7,60,25,0.00355,0,0,0.005,0.025,7033,0,0,0.2540878714631025,True
1,10,8,60,25,0.00355,0,0,0.005,0.025,6940,0,0,0.25778097982708936,True
1,10,9,60,25,0.00355,0,0,0.005,0.025,6858,0,0,0.26217556138815984,True
1,10,10,60,25,0.00355,0,0,0.005,0.025,6782,0,0,0.26437629017988795,True
1,10,11,60,25,0.00355,0,0,0.005,0.025,6676,0,0,0.26722588376273215,True
1,10,12,60,25,0.00355,0,0,0.005,0.025,6601,0,0,0.2704135737009544,True
1,10,13,60,25,0.00355,0,0,0.005,0.025,6536,0,0,0.2724908200734394,True
1,10,14,60,25,0.00355,0,0,0.005,0.025,6454,0,0,0.2754880694143167,True
1,10,15,60,25,0.00355,0,0,0.005,0.025,6382,0,0,0.27969288624255717,True
1,10,16,60,25,0.00355,0,0,0.005,0.025,6320,0,0,0.28227848101265823,True
1,10,17,60,25,0.00355,0,0,0.005,0.025,6236,0,0,0.286241180243746,True
1,10,18,60,25,0.00355,0,0,0.005,0.025,13441,0,0,0.12543709545420728,True
1,10,19,60,25,0.00355,0,0,0.005,0.025,13197,0,0,0.12866560581950442,True
1,10,20,60,25,0.00355,0,0,0.005,0.025,12961,0,0,0.13286011881799245,True
1,10,21,60,25,0.00355,0,0,0.005,0.025,12675,0,0,0.13609467455621302,True
1,10,22,60,25,0.00355,0,0,0.005,0.025,12380,0,0,0.1401453957996769,True
1,10,23,60,25,0.00355,0,0,0.005,0.025,12132,0,0,0.14432904714803824,True
1,10,24,60,25,0.00355,0,0,0.005,0.025,11877,0,0,0.1475119979792877,True
1,10,25,60,25,0.00355,0,0,0.005,0.025,11627,0,0,0.1508557667498065,True
1,10,26,60,25,0.00355,0,0,0.005,0.025,11361,0,0,0.15447583839450751,True
1,10,27,60,25,0.00355,0,0,0.005,0.025,11106,0,0,0.1580226904376013,True
1,10,28,60,25,0.00355,0,0,0.005,0.025,10890,0,0,0.16152433425160698,True
1,10,29,60,25,0.00355,0,0,0.005,0.025,10678,0,0,0.16435662109009178,True
1,10,30,60,25,0.00355,0,0,0.005,0.025,10479,0,0,0.16795495753411585,True
1,10,31,60,25,0.00355,0,0,0.005,0.025,10260,0,0,0.17163742690058478,True
1,10,32,60,25,0.00355,0,0,0.005,0.025,10065,0,0,0.17536015896671633,True
1,10,33,60,25,0.00355,0,0,0.005,0.025,9881,0,0,0.17913166683534054,True
1,10,34,60,25,0.00355,0,0,0.005,0.025,9687,0,0,0.18261587694848766,True
1,10,35,60,25,0.00355,0,0,0.005,0.025,9528,0,0,0.18629303106633083,True
1,10,36,60,25,0.00355,0,0,0.005,0.025,9341,0,0,0.19002248153302645,True
1,10,37,60,25,0.00355,0,0,0.005,0.025,9167,0,0,0.19352023562779536,True
1,10,38,60,25,0.00355,0,0,0.005,0.025,9051,0,0,0.19600044194011712,True
1,10,39,60,25,0.00355,0,0,0.005,0.025,8924,0,0,0.2001344688480502,True
1,10,40,60,25,0.00355,0,0,0.005,0.025,8793,0,0,0.20288866143523257,True
1,10,41,60,25,0.00355,0,0,0.005,0.025,9077,0,0,0.226947229260769,True
1,10,42,60,25,0.00355,0,0,0.005,0.025,8971,0,0,0.2297402742169212,True
1,10,43,60,25,0.00355,0,0,0.005,0.025,8890,0,0,0.23239595050618672,True
1,10,44,60,25,0.00355,0,0,0.005,0.025,8806,0,0,0.23552123552123552,True
1,10,45,60,25,0.00355,0,0,0.005,0.025,8743,0,0,0.23939151321056845,True
1,10,46,60,25,0.00355,0,0,0.005,0.025,8441,0,0,0.230422935671129,True
1,10,47,60,25,0.00355,0,0,0.005,0.025,8355,0,0,0.23123877917414723,True
1,10,48,60,25,0.00355,0,0,0.005,0.025,8268,0,0,0.23427672955974843,True
1,10,49,60,25,0.00355,0,0,0.005,0.025,8164,0,0,0.236281234688878,True
1,10,50,60,25,0.00355,0,0,0.005,0.025,8076,0,0,0.23935116394254582,True
1,10,51,60,25,0.00355,0,0,0.005,0.025,7977,0,0,0.2425723956374577,True
1,10,52,60,25,0.00355,0,0,0.005,0.025,7878,0,0,0.24587458745874588,True
1,11,1,60,25,0.00355,0,0,0.005,0.025,7793,0,0,0.24855639676632876,True
1,11,2,60,25,0.00355,0,0,0.005,0.025,7683,0,0,0.2519849017310946,True
1,11,3,60,25,0.00355,0,0,0.005,0.025,7622,0,0,0.25413277355024927,True
1,11,4,60,25,0.00355,0,0,0.005,0.025,7544,0,0,0.2568928950159067,True
1,11,5,60,25,0.00355,0,0,0.005,0.025,7469,0,0,0.26027580666755923,True
1,11,6,60,25,0.00355,0,0,0.005,0.025,7391,0,0,0.2632931944256528,True
1,11,7,60,25,0.00355,0,0,0.005,0.025,7312,0,0,0.26709518599562365,True
1,11,8,60,25,0.00355,0,0,0.005,0.025,7206,0,0,0.26894254787676936,True
1,11,9,60,25,0.00355,0,0,0.005,0.025,7124,0,0,0.27049410443571026,True
1,11,10,60,25,0.00355,0,0,0.005,0.025,7048,0,0,0.2745459704880817,True
1,11,11,60,25,0.00355,0,0,0.005,0.025,6968,0,0,0.27540183696900117,True
1,11,12,60,25,0.00355,0,0,0.005,0.025,6892,0,0,0.2781485780615206,True
1,11,13,60,25,0.00355,0,0,0.005,0.025,6805,0,0,0.2811168258633358,True
1,11,14,60,25,0.00355,0,0,0.005,0.025,6740,0,0,0.28264094955489616,True
1,11,15,60,25,0.00355,0,0,0.005,0.025,6681,0,0,0.285136955545577,True
1,11,16,60,25,0.00355,0,0,0.005,0.025,6598,0,0,0.28811761139739317,True
1,11,17,60,25,0.00355,0,0,0.005,0.025,6551,0,0,0.29140589223019386,True
1,11,18,60,25,0.00355,0,0,0.005,0.025,14517,0,0,0.12468140800440862,True
1,11,19,60,25,0.00355,0,0,0.005,0.025,14279,0,0,0.1276700049023041,True
1,11,20,60,25,0.00355,0,0,0.005,0.025,13944,0,0,0.13152610441767068,True
1,11,21,60,25,0.00355,0,0,0.005,0.025,13712,0,0,0.1350641773628938,True
1,11,22,60,25,0.00355,0,0,0.005,0.025,13418,0,0,0.13943955880160977,True
1,11,23,60,25,0.00355,0,0,0.005,0.025,13118,0,0,0.14232352492758044,True
1,11,24,60,25,0.00355,0,0,0.005,0.025,12805,0,0,0.14720812182741116,True
1,11,25,60,25,0.00355,0,0,0.005,0.025,12531,0,0,0.1503471390950443,True
1,11,26,60,25,0.00355,0,0,0.005,0.025,12286,0,0,0.15415920559986976,True
1,11,27,60,25,0.00355,0,0,0.005,0.025,12078,0,0,0.15888392117900316,True
1,11,28,60,25,0.00355,0,0,0.005,0.025,11863,0,0,0.16100480485543286,True
1,11,29,60,25,0.00355,0,0,0.005,0.025,11630,0,0,0.16491831470335339,True
1,11,30,60,25,0.00355,0,0,0.005,0.025,11368,0,0,0.16942294159042928,True
1,11,31,60,25,0.00355,0,0,0.005,0.025,11119,0,0,0.17321701591869773,True
1,11,32,60,25,0.00355,0,0,0.005,0.025,10909,0,0,0.17792648272068934,True
1,11,33,60,25,0.00355,0,0,0.005,0.025,10675,0,0,0.1822950819672131,True
1,11,34,60,25,0.00355,0,0,0.005,0.025,10485,0,0,0.18569384835479255,True
1,11,35,60,25,0.00355,0,0,0.005,0.025,10304,0,0,0.1891498447204969,True
1,11,36,60,25,0.00355,0,0,0.005,0.025,10140,0,0,0.19289940828402366,True
1,11,37,60,25,0.00355,0,0,0.005,0.025,9959,0,0,0.19700773169996988,True
1,11,38,60,25,0.00355,0,0,0.005,0.025,9796,0,0,0.19926500612494896,True
1,11,39,60,25,0.00355,0,0,0.005,0.025,9647,0,0,0.20275733388618222,True
1,11,40,60,25,0.00355,0,0,0.005,0.025,9505,0,0,0.20494476591267755,True
1,11,41,60,25,0.00355,0,0,0.005,0.025,9674,0,0,0.22627661773826752,True
1,11,42,60,25,0.00355,0,0,0.005,0.025,9496,0,0,0.22935973041280538,True
1,11,43,60,25,0.00355,0,0,0.005,0.025,9425,0,0,0.23246684350132626,True
1,11,44,60,25,0.00355,0,0,0.005,0.025,9289,0,0,0.23274841210033373,True
1,11,45,60,25,0.00355,0,0,0.005,0.025,9203,0,0,0.2360099967401934,True
1,11,46,60,25,0.00355,0,0,0.005,0.025,8957,0,0,0.22853634029250866,True
1,11,47,60,25,0.00355,0,0,0.005,0.025,8841,0,0,0.2307431286053614,True
1,11,48,60,25,0.00355,0,0,0.005,0.025,8765,0,0,0.2316029663434113,True
1,11,49,60,25,0.00355,0,0,0.005,0.025,8693,0,0,0.23708731163004718,True
1,11,50,60,25,0.00355,0,0,0.005,0.025,8597,0,0,0.23868791438874026,True
1,11,51,60,25,0.00355,0,0,0.005,0.025,8497,0,0,0.24208544192067788,True
1,11,52,60,25,0.00355,0,0,0.005,0.025,8423,0,0,0.2462305591831889,True
