rep,year,week,land_size,maxK,lambda1,lambda2,starting_cases,a_mort,j_mort,total_pop,n_infected,n_symptomatic,actual_sero,elim
1,1,1,60,25,0.001,0,10,0.005,0.025,5360,0,0,0.0018656716417910447,True
1,1,2,60,25,0.001,0,10,0.005,0.025,5264,0,0,0.003799392097264438,True
1,1,3,60,25,0.001,0,10,0.005,0.025,5178,0,0,0.005214368482039398,True
1,1,4,60,25,0.001,0,10,0.005,0.025,5088,0,0,0.0076650943396226415,True
1,1,5,60,25,0.001,0,10,0.005,0.025,5019,0,0,0.008766686590954373,True
1,1,6,60,25,0.001,0,10,0.005,0.025,4907,0,0,0.011819849195027512,True
1,1,7,60,25,0.001,0,10,0.005,0.025,4856,0,0,0.012973640856672158,True
1,1,8,60,25,0.001,0,10,0.005,0.025,4772,0,0,0.014878457669740152,True
1,1,9,60,25,0.001,0,10,0.005,0.025,4702,0,0,0.01637601020842195,True
1,1,10,60,25,0.001,0,10,0.005,0.025,4654,0,0,0.01826385904598195,True
1,1,11,60,25,0.001,0,10,0.005,0.025,4608,0,0,0.020833333333333332,True
1,1,12,60,25,0.001,0,10,0.005,0.025,4553,0,0,0.02174390511750494,True
1,1,13,60,25,0.001,0,10,0.005,0.025,4497,0,0,0.02312652879697576,True
1,1,14,60,25,0.001,0,10,0.005,0.025,4457,0,0,0.02490464437962755,True
1,1,15,60,25,0.001,0,10,0.005,0.025,4418,0,0,0.026029877772747848,True
1,1,16,60,25,0.001,0,10,0.005,0.025,4385,0,0,0.027366020524515394,True
1,1,17,60,25,0.001,0,10,0.005,0.025,4329,0,0,0.029337029337029336,True
1,1,18,60,25,0.001,0,10,0.005,0.025,12466,0,0,0.011711856248997272,True
1,1,19,60,25,0.001,0,10,0.005,0.025,12236,0,0,0.013403072899640406,True
1,1,20,60,25,0.001,0,10,0.005,0.025,11958,0,0,0.016056196688409432,True
1,1,21,60,25,0.001,0,10,0.005,0.025,11674,0,0,0.017389069727599793,True
1,1,22,60,25,0.001,0,10,0.005,0.025,11368,0,0,0.019440534834623505,True
1,1,23,60,25,0.001,0,10,0.005,0.025,11073,0,0,0.021584033233992595,True
1,1,24,60,25,0.001,0,10,0.005,0.025,10844,0,0,0.023238657322021395,True
1,1,25,60,25,0.001,0,10,0.005,0.025,10613,0,0,0.025346273438236127,True
1,1,26,60,25,0.001,0,10,0.005,0.025,10331,0,0,0.027296486303358822,True
1,1,27,60,25,0.001,0,10,0.005,0.025,10109,0,0,0.029082995350677612,True
1,1,28,60,25,0.001,0,10,0.005,0.025,9879,0,0,0.03269561696527989,True
1,1,29,60,25,0.001,0,10,0.005,0.025,9633,0,0,0.034983909477836604,True
1,1,30,60,25,0.001,0,10,0.005,0.025,9373,0,0,0.03798143603968847,True
1,1,31,60,25,0.001,0,10,0.005,0.025,9150,0,0,0.039781420765027324,True
1,1,32,60,25,0.001,0,10,0.005,0.025,8964,0,0,0.04183400267737617,True
1,1,33,60,25,0.001,0,10,0.005,0.025,8797,0,0,0.04376491985904286,True
1,1,34,60,25,0.001,0,10,0.005,0.025,8574,0,0,0.04641940751108001,True
1,1,35,60,25,0.001,0,10,0.005,0.025,8420,0,0,0.04809976247030879,True
1,1,36,60,25,0.001,0,10,0.005,0.025,8215,0,0,0.050882531953743156,True
1,1,37,60,25,0.001,0,10,0.005,0.025,8036,0,0,0.05226480836236934,True
1,1,38,60,25,0.001,0,10,0.005,0.025,7892,0,0,0.05435884439939179,True
1,1,39,60,25,0.001,0,10,0.005,0.025,7750,0,0,0.05561290322580645,True
1,1,40,60,25,0.001,0,10,0.005,0.025,7616,0,0,0.05777310924369748,True
1,1,41,60,25,0.001,0,10,0.005,0.025,7694,0,0,0.06901481674031713,True
1,1,42,60,25,0.001,0,10,0.005,0.025,7641,0,0,0.0794398638921607,True
1,1,43,60,25,0.001,0,10,0.005,0.025,7613,0,0,0.08288453960331013,True
1,1,44,60,25,0.001,0,10,0.005,0.025,7539,0,0,0.08595304417031437,True
1,1,45,60,25,0.001,0,10,0.005,0.025,7537,0,0,0.0902215735703861,True
1,1,46,60,25,0.001,0,10,0.005,0.025,7345,0,0,0.0852280462899932,True
1,1,47,60,25,0.001,0,10,0.005,0.025,7305,0,0,0.08692676249144421,True
1,1,48,60,25,0.001,0,10,0.005,0.025,7215,0,0,0.08690228690228691,True
1,1,49,60,25,0.001,0,10,0.005,0.025,7128,0,0,0.0893658810325477,True
1,1,50,60,25,0.001,0,10,0.005,0.025,7038,0,0,0.09093492469451549,True
1,1,51,60,25,0.001,0,10,0.005,0.025,6939,0,0,0.09208819714656291,True
1,1,52,60,25,0.001,0,10,0.005,0.025,6842,0,0,0.09456299327681965,True
1,2,1,60,25,0.001,0,10,0.005,0.025,6754,9,0,0.0950547823511993,False
1,2,2,60,25,0.001,0,10,0.005,0.025,6653,9,0,0.09679843679543064,False
1,2,3,60,25,0.001,0,10,0.005,0.025,6556,9,2,0.09807809640024405,False
1,2,4,60,25,0.001,0,10,0.005,0.025,6461,9,4,0.10044884692772017,False
1,2,5,60,25,0.001,0,10,0.005,0.025,6385,7,4,0.10289741581832419,False
1,2,6,60,25,0.001,0,10,0.005,0.025,6287,5,4,0.10370606012406554,False
1,2,7,60,25,0.001,0,10,0.005,0.025,6188,3,3,0.10681965093729799,False
1,2,8,60,25,0.001,0,10,0.005,0.025,6081,2,1,0.1080414405525407,False
1,2,9,60,25,0.001,0,10,0.005,0.025,5998,1,0,0.11170390130043348,False
1,2,10,60,25,0.001,0,10,0.005,0.025,5896,1,0,0.11261872455902307,False
1,2,11,60,25,0.001,0,10,0.005,0.025,5812,1,0,0.11493461803165864,False
1,2,12,60,25,0.001,0,10,0.005,0.025,5722,1,0,0.11551904928346732,False
1,2,13,60,25,0.001,0,10,0.005,0.025,5631,0,0,0.11756348783519802,True
1,2,14,60,25,0.001,0,10,0.005,0.025,5528,0,0,0.11884949348769899,True
1,2,15,60,25,0.001,0,10,0.005,0.025,5458,0,0,0.12019054598754123,True
1,2,16,60,25,0.001,0,10,0.005,0.025,5397,0,0,0.12395775430794886,True
1,2,17,60,25,0.001,0,10,0.005,0.025,5292,0,0,0.12377173091458805,True
1,2,18,60,25,0.001,0,10,0.005,0.025,10807,0,0,0.0623669843619876,True
1,2,19,60,25,0.001,0,10,0.005,0.025,10590,0,0,0.06411709159584514,True
1,2,20,60,25,0.001,0,10,0.005,0.025,10317,0,0,0.06697683435107105,True
1,2,21,60,25,0.001,0,10,0.005,0.025,10100,0,0,0.06950495049504951,True
1,2,22,60,25,0.001,0,10,0.005,0.025,9866,0,0,0.07236975471315629,True
1,2,23,60,25,0.001,0,10,0.005,0.025,9669,0,0,0.07498190092046747,True
1,2,24,60,25,0.001,0,10,0.005,0.025,9496,0,0,0.07813816343723673,True
1,2,25,60,25,0.001,0,10,0.005,0.025,9286,0,0,0.08098212362696533,True
1,2,26,60,25,0.001,0,10,0.005,0.025,9070,0,0,0.08379272326350606,True
1,2,27,60,25,0.001,0,10,0.005,0.025,8896,0,0,0.0866681654676259,True
1,2,28,60,25,0.001,0,10,0.005,0.025,8731,0,0,0.08842057038139961,True
1,2,29,60,25,0.001,0,10,0.005,0.025,8494,0,0,0.09171179656227925,True
1,2,30,60,25,0.001,0,10,0.005,0.025,8339,0,0,0.09413598752848064,True
1,2,31,60,25,0.001,0,10,0.005,0.025,8173,0,0,0.0962926709898446,True
1,2,32,60,25,0.001,0,10,0.005,0.025,8044,0,0,0.09858279462953755,True
1,2,33,60,25,0.001,0,10,0.005,0.025,7869,0,0,0.10001270809505655,True
1,2,34,60,25,0.001,0,10,0.005,0.025,7711,0,0,0.10284009856049799,True
1,2,35,60,25,0.001,0,10,0.005,0.025,7531,0,0,0.10689151507103971,True
1,2,36,60,25,0.001,0,10,0.005,0.025,7355,0,0,0.11121685927940177,True
1,2,37,60,25,0.001,0,10,0.005,0.025,7203,0,0,0.11439677911981119,True
1,2,38,60,25,0.001,0,10,0.005,0.025,7096,0,0,0.11583990980834273,True
1,2,39,60,25,0.001,0,10,0.005,0.025,7008,0,0,0.11857876712328767,True
1,2,40,60,25,0.001,0,10,0.005,0.025,6910,0,0,0.12112879884225759,True
1,2,41,60,25,0.001,0,10,0.005,0.025,7146,0,0,0.14903442485306465,True
1,2,42,60,25,0.001,0,10,0.005,0.025,7083,0,0,0.1521953974304673,True
1,2,43,60,25,0.001,0,10,0.005,0.025,7061,0,0,0.1553604305339187,True
1,2,44,60,25,0.001,0,10,0.005,0.025,6999,0,0,0.16016573796256608,True
1,2,45,60,25,0.001,0,10,0.005,0.025,6977,0,0,0.16712053891357317,True
1,2,46,60,25,0.001,0,10,0.005,0.025,6767,0,0,0.15752918575439634,True
1,2,47,60,25,0.001,0,10,0.005,0.025,6700,0,0,0.16,True
1,2,48,60,25,0.001,0,10,0.005,0.025,6618,0,0,0.15986702931399213,True
1,2,49,60,25,0.001,0,10,0.005,0.025,6530,0,0,0.16324655436447166,True
1,2,50,60,25,0.001,0,10,0.005,0.025,6424,0,0,0.16220423412204235,True
1,2,51,60,25,0.001,0,10,0.005,0.025,6344,0,0,0.16629886506935687,True
1,2,52,60,25,0.001,0,10,0.005,0.025,6259,0,0,0.1664802684134846,True
1,3,1,60,25,0.001,0,10,0.005,0.025,6168,0,0,0.16780155642023345,True
1,3,2,60,25,0.001,0,10,0.005,0.025,6111,0,0,0.16985763377515956,True
1,3,3,60,25,0.001,0,10,0.005,0.025,6037,0,0,0.17193970515156534,True
1,3,4,60,25,0.001,0,10,0.005,0.025,5983,0,0,0.17666722380076885,True
1,3,5,60,25,0.001,0,10,0.005,0.025,5925,0,0,0.17957805907172997,True
1,3,6,60,25,0.001,0,10,0.005,0.025,5818,0,0,0.18064627019594362,True
1,3,7,60,25,0.001,0,10,0.005,0.025,5736,0,0,0.1823570432357043,True
1,3,8,60,25,0.001,0,10,0.005,0.025,5691,0,0,0.18538042523282375,True
1,3,9,60,25,0.001,0,10,0.005,0.025,5602,0,0,0.18654052124241344,True
1,3,10,60,25,0.001,0,10,0.005,0.025,5526,0,0,0.18874411871154542,True
1,3,11,60,25,0.001,0,10,0.005,0.025,5466,0,0,0.19045005488474204,True
1,3,12,60,25,0.001,0,10,0.005,0.025,5408,0,0,0.19249260355029585,True
1,3,13,60,25,0.001,0,10,0.005,0.025,5340,0,0,0.1960674157303371,True
1,3,14,60,25,0.001,0,10,0.005,0.025,5277,0,0,0.19651317036194807,True
1,3,15,60,25,0.001,0,10,0.005,0.025,5222,0,0,0.20049789352738415,True
1,3,16,60,25,0.001,0,10,0.005,0.025,5159,0,0,0.20333397945338244,True
1,3,17,60,25,0.001,0,10,0.005,0.025,5096,0,0,0.20604395604395603,True
1,3,18,60,25,0.001,0,10,0.005,0.025,11783,0,0,0.08826275142153951,True
1,3,19,60,25,0.001,0,10,0.005,0.025,11575,0,0,0.09071274298056156,True
1,3,20,60,25,0.001,0,10,0.005,0.025,11246,0,0,0.09363329183709763,True
1,3,21,60,25,0.001,0,10,0.005,0.025,10994,0,0,0.09641622703292706,True
1,3,22,60,25,0.001,0,10,0.005,0.025,10716,0,0,0.09966405375139978,True
1,3,23,60,25,0.001,0,10,0.005,0.025,10416,0,0,0.1028225806451613,True
1,3,24,60,25,0.001,0,10,0.005,0.025,10181,0,0,0.10617817503192221,True
1,3,25,60,25,0.001,0,10,0.005,0.025,9922,0,0,0.1102600282201169,True
1,3,26,60,25,0.001,0,10,0.005,0.025,9727,0,0,0.11370412254549193,True
1,3,27,60,25,0.001,0,10,0.005,0.025,9563,0,0,0.11701348949074558,True
1,3,28,60,25,0.001,0,10,0.005,0.025,9360,0,0,0.11987179487179488,True
1,3,29,60,25,0.001,0,10,0.005,0.025,9130,0,0,0.12365826944140197,True
1,3,30,60,25,0.001,0,10,0.005,0.025,8933,0,0,0.12638531288480914,True
1,3,31,60,25,0.001,0,10,0.005,0.025,8709,0,0,0.13147318865541394,True
1,3,32,60,25,0.001,0,10,0.005,0.025,8542,0,0,0.13416061812221963,True
1,3,33,60,25,0.001,0,10,0.005,0.025,8385,0,0,0.13655336911150864,True
1,3,34,60,25,0.001,0,10,0.005,0.025,8186,0,0,0.1390178353286098,True
1,3,35,60,25,0.001,0,10,0.005,0.025,8000,0,0,0.1415,True
1,3,36,60,25,0.001,0,10,0.005,0.025,7788,0,0,0.14586543400102722,True
1,3,37,60,25,0.001,0,10,0.005,0.025,7606,0,0,0.15053904811990534,True
1,3,38,60,25,0.001,0,10,0.005,0.025,7487,0,0,0.15319887805529583,True
1,3,39,60,25,0.001,0,10,0.005,0.025,7371,0,0,0.15778049111382444,True
1,3,40,60,25,0.001,0,10,0.005,0.025,7250,0,0,0.15986206896551725,True
1,3,41,60,25,0.001,0,10,0.005,0.025,7478,0,0,0.18173308371222252,True
1,3,42,60,25,0.001,0,10,0.005,0.025,7419,0,0,0.1842566383609651,True
1,3,43,60,25,0.001,0,10,0.005,0.025,7386,0,0,0.1899539669645275,True
1,3,44,60,25,0.001,0,10,0.005,0.025,7362,0,0,0.19627818527574029,True
1,3,45,60,25,0.001,0,10,0.005,0.025,7274,0,0,0.19837778388781963,True
1,3,46,60,25,0.001,0,10,0.005,0.025,7018,0,0,0.19136506127101738,True
1,3,47,60,25,0.001,0,10,0.005,0.025,6943,0,0,0.19213596428057036,True
1,3,48,60,25,0.001,0,10,0.005,0.025,6887,0,0,0.19573108755626542,True
1,3,49,60,25,0.001,0,10,0.005,0.025,6828,0,0,0.19976567076742824,True
1,3,50,60,25,0.001,0,10,0.005,0.025,6761,0,0,0.20352018932110635,True
1,3,51,60,25,0.001,0,10,0.005,0.025,6679,0,0,0.209163048360533,True
1,3,52,60,25,0.001,0,10,0.005,0.025,6620,0,0,0.2095166163141994,True
1,4,1,60,25,0.001,0,10,0.005,0.025,6536,0,0,0.21282129742962055,True
1,4,2,60,25,0.001,0,10,0.005,0.025,6463,0,0,0.21615348909175305,True
1,4,3,60,25,0.001,0,10,0.005,0.025,6395,0,0,0.21939014855355746,True
1,4,4,60,25,0.001,0,10,0.005,0.025,6281,0,0,0.22321286419359976,True
1,4,5,60,25,0.001,0,10,0.005,0.025,6201,0,0,0.22496371552975328,True
1,4,6,60,25,0.001,0,10,0.005,0.025,6103,0,0,0.22808454858266428,True
1,4,7,60,25,0.001,0,10,0.005,0.025,6007,0,0,0.22906608956217747,True
1,4,8,60,25,0.001,0,10,0.005,0.025,5929,0,0,0.22954967110811267,True
1,4,9,60,25,0.001,0,10,0.005,0.025,5870,0,0,0.23339011925042588,True
1,4,10,60,25,0.001,0,10,0.005,0.025,5781,0,0,0.23750216225566512,True
1,4,11,60,25,0.001,0,10,0.005,0.025,5730,0,0,0.23979057591623038,True
1,4,12,60,25,0.001,0,10,0.005,0.025,5671,0,0,0.24193263974607654,True
1,4,13,60,25,0.001,0,10,0.005,0.025,5598,0,0,0.24455162558056448,True
1,4,14,60,25,0.001,0,10,0.005,0.025,5526,0,0,0.24791892870068766,True
1,4,15,60,25,0.001,0,10,0.005,0.025,5461,0,0,0.24940487090276506,True
1,4,16,60,25,0.001,0,10,0.005,0.025,5383,0,0,0.25301876277168867,True
1,4,17,60,25,0.001,0,10,0.005,0.025,5319,0,0,0.2568151908253431,True
1,4,18,60,25,0.001,0,10,0.005,0.025,11919,0,0,0.1142713314875409,True
1,4,19,60,25,0.001,0,10,0.005,0.025,11731,0,0,0.11695507629358111,True
1,4,20,60,25,0.001,0,10,0.005,0.025,11500,0,0,0.12043478260869565,True
1,4,21,60,25,0.001,0,10,0.005,0.025,11135,0,0,0.12528064660978896,True
1,4,22,60,25,0.001,0,10,0.005,0.025,10897,0,0,0.12774158025144536,True
1,4,23,60,25,0.001,0,10,0.005,0.025,10606,0,0,0.13115217801244577,True
1,4,24,60,25,0.001,0,10,0.005,0.025,10352,0,0,0.1346599690880989,True
1,4,25,60,25,0.001,0,10,0.005,0.025,10119,0,0,0.13874888823006226,True
1,4,26,60,25,0.001,0,10,0.005,0.025,9867,0,0,0.1420897942637073,True
1,4,27,60,25,0.001,0,10,0.005,0.025,9567,0,0,0.14487300094073377,True
1,4,28,60,25,0.001,0,10,0.005,0.025,9332,0,0,0.1477711101585941,True
1,4,29,60,25,0.001,0,10,0.005,0.025,9131,0,0,0.1503668820501588,True
1,4,30,60,25,0.001,0,10,0.005,0.025,8902,0,0,0.15356099752864524,True
1,4,31,60,25,0.001,0,10,0.005,0.025,8673,0,0,0.15726968753603135,True
1,4,32,60,25,0.001,0,10,0.005,0.025,8486,0,0,0.1609710110770681,True
1,4,33,60,25,0.001,0,10,0.005,0.025,8304,0,0,0.16317437379576108,True
1,4,34,60,25,0.001,0,10,0.005,0.025,8136,0,0,0.16592920353982302,True
1,4,35,60,25,0.001,0,10,0.005,0.025,7941,0,0,0.16811484699659993,True
1,4,36,60,25,0.001,0,10,0.005,0.025,7779,0,0,0.17187299138706774,True
1,4,37,60,25,0.001,0,10,0.005,0.025,7601,0,0,0.17668727798973818,True
1,4,38,60,25,0.001,0,10,0.005,0.025,7500,0,0,0.17853333333333332,True
1,4,39,60,25,0.001,0,10,0.005,0.025,7375,0,0,0.18128813559322035,True
1,4,40,60,25,0.001,0,10,0.005,0.025,7279,0,0,0.18519027338920183,True
1,4,41,60,25,0.001,0,10,0.005,0.025,7419,0,0,0.20986655883542257,True
1,4,42,60,25,0.001,0,10,0.005,0.025,7328,0,0,0.21451965065502182,True
1,4,43,60,25,0.001,0,10,0.005,0.025,7254,0,0,0.2178108629721533,True
1,4,44,60,25,0.001,0,10,0.005,0.025,7206,0,0,0.22106577851790174,True
1,4,45,60,25,0.001,0,10,0.005,0.025,7192,0,0,0.22552836484983316,True
1,4,46,60,25,0.001,0,10,0.005,0.025,6964,0,0,0.21855255600229753,True
1,4,47,60,25,0.001,0,10,0.005,0.025,6902,0,0,0.2197913648217908,True
1,4,48,60,25,0.001,0,10,0.005,0.025,6823,0,0,0.21984464311886268,True
1,4,49,60,25,0.001,0,10,0.005,0.025,6754,0,0,0.22223867337873854,True
1,4,50,60,25,0.001,0,10,0.005,0.025,6676,0,0,0.2237866986219293,True
1,4,51,60,25,0.001,0,10,0.005,0.025,6625,0,0,0.22732075471698113,True
1,4,52,60,25,0.001,0,10,0.005,0.025,6538,0,0,0.2288161517283573,True
1,5,1,60,25,0.001,0,10,0.005,0.025,6477,0,0,0.23205187586845763,True
1,5,2,60,25,0.001,0,10,0.005,0.025,6400,0,0,0.23578125,True
1,5,3,60,25,0.001,0,10,0.005,0.025,6350,0,0,0.23669291338582676,True
1,5,4,60,25,0.001,0,10,0.005,0.025,6258,0,0,0.23793544263342922,True
1,5,5,60,25,0.001,0,10,0.005,0.025,6171,0,0,0.23983146977799386,True
1,5,6,60,25,0.001,0,10,0.005,0.025,6117,0,0,0.24194866764753964,True
1,5,7,60,25,0.001,0,10,0.005,0.025,6051,0,0,0.24673607668154024,True
1,5,8,60,25,0.001,0,10,0.005,0.025,5982,0,0,0.2480775660314276,True
1,5,9,60,25,0.001,0,10,0.005,0.025,5874,0,0,0.24855294518215867,True
1,5,10,60,25,0.001,0,10,0.005,0.025,5818,0,0,0.2511172224132004,True
1,5,11,60,25,0.001,0,10,0.005,0.025,5745,0,0,0.25274151436031334,True
1,5,12,60,25,0.001,0,10,0.005,0.025,5691,0,0,0.25443683008258655,True
1,5,13,60,25,0.001,0,10,0.005,0.025,5635,0,0,0.25785270629991125,True
1,5,14,60,25,0.001,0,10,0.005,0.025,5581,0,0,0.2608851460311772,True
1,5,15,60,25,0.001,0,10,0.005,0.025,5495,0,0,0.26333030027297544,True
1,5,16,60,25,0.001,0,10,0.005,0.025,5434,0,0,0.2651821862348178,True
1,5,17,60,25,0.001,0,10,0.005,0.025,5381,0,0,0.2670507340643003,True
1,5,18,60,25,0.001,0,10,0.005,0.025,12270,0,0,0.11768541157294214,True
1,5,19,60,25,0.001,0,10,0.005,0.025,12022,0,0,0.12061221094659791,True
1,5,20,60,25,0.001,0,10,0.005,0.025,11769,0,0,0.12388478205455009,True
1,5,21,60,25,0.001,0,10,0.005,0.025,11409,0,0,0.12805679726531685,True
1,5,22,60,25,0.001,0,10,0.005,0.025,11066,0,0,0.13112235676848003,True
1,5,23,60,25,0.001,0,10,0.005,0.025,10818,0,0,0.1349602514327972,True
1,5,24,60,25,0.001,0,10,0.005,0.025,10547,0,0,0.13852280269270884,True
1,5,25,60,25,0.001,0,10,0.005,0.025,10299,0,0,0.1409845616079231,True
1,5,26,60,25,0.001,0,10,0.005,0.025,10097,0,0,0.144102208576805,True
1,5,27,60,25,0.001,0,10,0.005,0.025,9865,0,0,0.14668018246325393,True
1,5,28,60,25,0.001,0,10,0.005,0.025,9633,0,0,0.15208138689920067,True
1,5,29,60,25,0.001,0,10,0.005,0.025,9443,0,0,0.15545907021073813,True
1,5,30,60,25,0.001,0,10,0.005,0.025,9218,0,0,0.1586027337817314,True
1,5,31,60,25,0.001,0,10,0.005,0.025,9022,0,0,0.16182664597650187,True
1,5,32,60,25,0.001,0,10,0.005,0.025,8820,0,0,0.16621315192743763,True
1,5,33,60,25,0.001,0,10,0.005,0.025,8640,0,0,0.1693287037037037,True
1,5,34,60,25,0.001,0,10,0.005,0.025,8458,0,0,0.17273587136438875,True
1,5,35,60,25,0.001,0,10,0.005,0.025,8254,0,0,0.17579355464017446,True
1,5,36,60,25,0.001,0,10,0.005,0.025,8112,0,0,0.1807199211045365,True
1,5,37,60,25,0.001,0,10,0.005,0.025,7939,0,0,0.1839022546920267,True
1,5,38,60,25,0.001,0,10,0.005,0.025,7814,0,0,0.18722805221397493,True
1,5,39,60,25,0.001,0,10,0.005,0.025,7690,0,0,0.1892067620286086,True
1,5,40,60,25,0.001,0,10,0.005,0.025,7587,0,0,0.19203901410307103,True
1,5,41,60,25,0.001,0,10,0.005,0.025,7750,0,0,0.21754838709677418,True
1,5,42,60,25,0.001,0,10,0.005,0.025,7619,0,0,0.22194513715710723,True
1,5,43,60,25,0.001,0,10,0.005,0.025,7551,0,0,0.22407628128724671,True
1,5,44,60,25,0.001,0,10,0.005,0.025,7473,0,0,0.2260136491368928,True
1,5,45,60,25,0.001,0,10,0.005,0.025,7435,0,0,0.2324142568930733,True
1,5,46,60,25,0.001,0,10,0.005,0.025,7197,0,0,0.22342642767819926,True
1,5,47,60,25,0.001,0,10,0.005,0.025,7136,0,0,0.22323430493273544,True
1,5,48,60,25,0.001,0,10,0.005,0.025,7065,0,0,0.22533616418966737,True
1,5,49,60,25,0.001,0,10,0.005,0.025,6972,0,0,0.2274813539873781,True
1,5,50,60,25,0.001,0,10,0.005,0.025,6868,0,0,0.22932440302853815,True
1,5,51,60,25,0.001,0,10,0.005,0.025,6818,0,0,0.23085948958638897,True
1,5,52,60,25,0.001,0,10,0.005,0.025,6728,0,0,0.23409631391200952,True
1,6,1,60,25,0.001,0,10,0.005,0.025,6651,0,0,0.23515260863028117,True
1,6,2,60,25,0.001,0,10,0.005,0.025,6576,0,0,0.23768248175182483,True
1,6,3,60,25,0.001,0,10,0.005,0.025,6510,0,0,0.23840245775729646,True
1,6,4,60,25,0.001,0,10,0.005,0.025,6417,0,0,0.24139005765934238,True
1,6,5,60,25,0.001,0,10,0.005,0.025,6331,0,0,0.24372137103143263,True
1,6,6,60,25,0.001,0,10,0.005,0.025,6252,0,0,0.24744081893793987,True
1,6,7,60,25,0.001,0,10,0.005,0.025,6167,0,0,0.2506891519377331,True
1,6,8,60,25,0.001,0,10,0.005,0.025,6088,0,0,0.2519710906701708,True
1,6,9,60,25,0.001,0,10,0.005,0.025,6018,0,0,0.2540711199734131,True
1,6,10,60,25,0.001,0,10,0.005,0.025,5962,0,0,0.2572962093257296,True
1,6,11,60,25,0.001,0,10,0.005,0.025,5885,0,0,0.2594732370433305,True
1,6,12,60,25,0.001,0,10,0.005,0.025,5819,0,0,0.26224437188520366,True
1,6,13,60,25,0.001,0,10,0.005,0.025,5752,0,0,0.26477746870653684,True
1,6,14,60,25,0.001,0,10,0.005,0.025,5686,0,0,0.26679563841013015,True
1,6,15,60,25,0.001,0,10,0.005,0.025,5613,0,0,0.2695528238018885,True
1,6,16,60,25,0.001,0,10,0.005,0.025,5548,0,0,0.27108868060562363,True
1,6,17,60,25,0.001,0,10,0.005,0.025,5465,0,0,0.27319304666056726,True
1,6,18,60,25,0.001,0,10,0.005,0.025,12361,0,0,0.12126850578432166,True
1,6,19,60,25,0.001,0,10,0.005,0.025,12110,0,0,0.1245251857968621,True
1,6,20,60,25,0.001,0,10,0.005,0.025,11794,0,0,0.12845514668475497,True
1,6,21,60,25,0.001,0,10,0.005,0.025,11405,0,0,0.1318719859710653,True
1,6,22,60,25,0.001,0,10,0.005,0.025,11095,0,0,0.13618747183415952,True
1,6,23,60,25,0.001,0,10,0.005,0.025,10875,0,0,0.13829885057471264,True
1,6,24,60,25,0.001,0,10,0.005,0.025,10621,0,0,0.1417945579512287,True
1,6,25,60,25,0.001,0,10,0.005,0.025,10352,0,0,0.14605873261205565,True
1,6,26,60,25,0.001,0,10,0.005,0.025,10097,0,0,0.15004456769337426,True
1,6,27,60,25,0.001,0,10,0.005,0.025,9818,0,0,0.1532898757384396,True
1,6,28,60,25,0.001,0,10,0.005,0.025,9585,0,0,0.1560772039645279,True
1,6,29,60,25,0.001,0,10,0.005,0.025,9306,0,0,0.16054158607350097,True
1,6,30,60,25,0.001,0,10,0.005,0.025,9047,0,0,0.1651376146788991,True
1,6,31,60,25,0.001,0,10,0.005,0.025,8840,0,0,0.1671945701357466,True
1,6,32,60,25,0.001,0,10,0.005,0.025,8658,0,0,0.17082467082467082,True
1,6,33,60,25,0.001,0,10,0.005,0.025,8482,0,0,0.17377976892242394,True
1,6,34,60,25,0.001,0,10,0.005,0.025,8335,0,0,0.17708458308338332,True
1,6,35,60,25,0.001,0,10,0.005,0.025,8113,0,0,0.18057438678663873,True
1,6,36,60,25,0.001,0,10,0.005,0.025,7933,0,0,0.18378923484180007,True
1,6,37,60,25,0.001,0,10,0.005,0.025,7765,0,0,0.18660656793303285,True
1,6,38,60,25,0.001,0,10,0.005,0.025,7646,0,0,0.1908187287470573,True
1,6,39,60,25,0.001,0,10,0.005,0.025,7525,0,0,0.19481727574750832,True
1,6,40,60,25,0.001,0,10,0.005,0.025,7437,0,0,0.19712249562995832,True
1,6,41,60,25,0.001,0,10,0.005,0.025,7568,0,0,0.2194767441860465,True
1,6,42,60,25,0.001,0,10,0.005,0.025,7498,0,0,0.22485996265670846,True
1,6,43,60,25,0.001,0,10,0.005,0.025,7421,0,0,0.22759735884651663,True
1,6,44,60,25,0.001,0,10,0.005,0.025,7357,0,0,0.22916949843686285,True
1,6,45,60,25,0.001,0,10,0.005,0.025,7277,0,0,0.23003985158719253,True
1,6,46,60,25,0.001,0,10,0.005,0.025,7053,0,0,0.22444349922019,True
1,6,47,60,25,0.001,0,10,0.005,0.025,6974,0,0,0.22411815314023517,True
1,6,48,60,25,0.001,0,10,0.005,0.025,6878,0,0,0.22564699040418726,True
1,6,49,60,25,0.001,0,10,0.005,0.025,6773,0,0,0.22944042521777647,True
1,6,50,60,25,0.001,0,10,0.005,0.025,6702,0,0,0.2294837361981498,True
1,6,51,60,25,0.001,0,10,0.005,0.025,6640,0,0,0.23147590361445783,True
1,6,52,60,25,0.001,0,10,0.005,0.025,6582,0,0,0.23503494378608325,True
1,7,1,60,25,0.001,0,10,0.005,0.025,6500,0,0,0.2373846153846154,True
1,7,2,60,25,0.001,0,10,0.005,0.025,6432,0,0,0.23973880597014927,True
1,7,3,60,25,0.001,0,10,0.005,0.025,6356,0,0,0.24181875393329139,True
1,7,4,60,25,0.001,0,10,0.005,0.025,6291,0,0,0.24590685105706564,True
1,7,5,60,25,0.001,0,10,0.005,0.025,6195,0,0,0.24761904761904763,True
1,7,6,60,25,0.001,0,10,0.005,0.025,6119,0,0,0.2508579833306096,True
1,7,7,60,25,0.001,0,10,0.005,0.025,6040,0,0,0.25248344370860926,True
1,7,8,60,25,0.001,0,10,0.005,0.025,5957,0,0,0.2546583850931677,True
1,7,9,60,25,0.001,0,10,0.005,0.025,5889,0,0,0.2575989132280523,True
1,7,10,60,25,0.001,0,10,0.005,0.025,5807,0,0,0.260375408989151,True
1,7,11,60,25,0.001,0,10,0.005,0.025,5751,0,0,0.2622152669101026,True
1,7,12,60,25,0.001,0,10,0.005,0.025,5664,0,0,0.2634180790960452,True
1,7,13,60,25,0.001,0,10,0.005,0.025,5599,0,0,0.26594034649044473,True
1,7,14,60,25,0.001,0,10,0.005,0.025,5526,0,0,0.2678248280854144,True
1,7,15,60,25,0.001,0,10,0.005,0.025,5479,0,0,0.26939222485855085,True
1,7,16,60,25,0.001,0,10,0.005,0.025,5399,0,0,0.27171698462678273,True
1,7,17,60,25,0.001,0,10,0.005,0.025,5333,0,0,0.2747046690418151,True
1,7,18,60,25,0.001,0,10,0.005,0.025,12154,0,0,0.12127694586144479,True
1,7,19,60,25,0.001,0,10,0.005,0.025,11912,0,0,0.1239926124916051,True
1,7,20,60,25,0.001,0,10,0.005,0.025,11669,0,0,0.1276887479646928,True
1,7,21,60,25,0.001,0,10,0.005,0.025,11359,0,0,0.1309094110397042,True
1,7,22,60,25,0.001,0,10,0.005,0.025,11086,0,0,0.13440375248060618,True
1,7,23,60,25,0.001,0,10,0.005,0.025,10838,0,0,0.13766377560435505,True
1,7,24,60,25,0.001,0,10,0.005,0.025,10571,0,0,0.14123545549143884,True
1,7,25,60,25,0.001,0,10,0.005,0.025,10351,0,0,0.14529997101729303,True
1,7,26,60,25,0.001,0,10,0.005,0.025,10104,0,0,0.1491488519398258,True
1,7,27,60,25,0.001,0,10,0.005,0.025,9872,0,0,0.15255267423014587,True
1,7,28,60,25,0.001,0,10,0.005,0.025,9669,0,0,0.15523839073327128,True
1,7,29,60,25,0.001,0,10,0.005,0.025,9473,0,0,0.1585558957035786,True
1,7,30,60,25,0.001,0,10,0.005,0.025,9259,0,0,0.16103250891024948,True
1,7,31,60,25,0.001,0,10,0.005,0.025,9037,0,0,0.16554166205599202,True
1,7,32,60,25,0.001,0,10,0.005,0.025,8883,0,0,0.16964989305414838,True
1,7,33,60,25,0.001,0,10,0.005,0.025,8755,0,0,0.17338663620788122,True
1,7,34,60,25,0.001,0,10,0.005,0.025,8577,0,0,0.1769849597761455,True
1,7,35,60,25,0.001,0,10,0.005,0.025,8370,0,0,0.17968936678614097,True
1,7,36,60,25,0.001,0,10,0.005,0.025,8202,0,0,0.18312606681297244,True
1,7,37,60,25,0.001,0,10,0.005,0.025,8038,0,0,0.18536949489922866,True
1,7,38,60,25,0.001,0,10,0.005,0.025,7904,0,0,0.18851214574898786,True
1,7,39,60,25,0.001,0,10,0.005,0.025,7793,0,0,0.1904273065571667,True
1,7,40,60,25,0.001,0,10,0.005,0.025,7693,0,0,0.19251267385935267,True
1,7,41,60,25,0.001,0,10,0.005,0.025,7848,0,0,0.21444954128440366,True
1,7,42,60,25,0.001,0,10,0.005,0.025,7755,0,0,0.21792392005157962,True
1,7,43,60,25,0.001,0,10,0.005,0.025,7635,0,0,0.21611001964636542,True
1,7,44,60,25,0.001,0,10,0.005,0.025,7594,0,0,0.22149065051356334,True
1,7,45,60,25,0.001,0,10,0.005,0.025,7531,0,0,0.22653034125614127,True
1,7,46,60,25,0.001,0,10,0.005,0.025,7307,0,0,0.2210209388257835,True
1,7,47,60,25,0.001,0,10,0.005,0.025,7234,0,0,0.22352778545756152,True
1,7,48,60,25,0.001,0,10,0.005,0.025,7141,0,0,0.22321803668953927,True
1,7,49,60,25,0.001,0,10,0.005,0.025,7067,0,0,0.22527239281165984,True
1,7,50,60,25,0.001,0,10,0.005,0.025,6991,0,0,0.22729223287083392,True
1,7,51,60,25,0.001,0,10,0.005,0.025,6886,0,0,0.23017717107173977,True
1,7,52,60,25,0.001,0,10,0.005,0.025,6821,0,0,0.23310365049113033,True
1,8,1,60,25,0.001,0,10,0.005,0.025,6719,0,0,0.23321922905194226,True
1,8,2,60,25,0.001,0,10,0.005,0.025,6629,0,0,0.23608387388746419,True
1,8,3,60,25,0.001,0,10,0.005,0.025,6567,0,0,0.23983554134307902,True
1,8,4,60,25,0.001,0,10,0.005,0.025,6499,0,0,0.24249884597630406,True
1,8,5,60,25,0.001,0,10,0.005,0.025,6459,0,0,0.24322650565102957,True
1,8,6,60,25,0.001,0,10,0.005,0.025,6395,0,0,0.24487881157154026,True
1,8,7,60,25,0.001,0,10,0.005,0.025,6334,0,0,0.2480265235238396,True
1,8,8,60,25,0.001,0,10,0.005,0.025,6260,0,0,0.2520766773162939,True
1,8,9,60,25,0.001,0,10,0.005,0.025,6196,0,0,0.2543576500968367,True
1,8,10,60,25,0.001,0,10,0.005,0.025,6115,0,0,0.25641864268192965,True
1,8,11,60,25,0.001,0,10,0.005,0.025,6053,0,0,0.2577234429208657,True
1,8,12,60,25,0.001,0,10,0.005,0.025,5994,0,0,0.26076076076076077,True
1,8,13,60,25,0.001,0,10,0.005,0.025,5934,0,0,0.2627232895180317,True
1,8,14,60,25,0.001,0,10,0.005,0.025,5862,0,0,0.2659501876492665,True
1,8,15,60,25,0.001,0,10,0.005,0.025,5794,0,0,0.26803589920607523,True
1,8,16,60,25,0.001,0,10,0.005,0.025,5728,0,0,0.2702513966480447,True
1,8,17,60,25,0.001,0,10,0.005,0.025,5668,0,0,0.2725829216654905,True
1,8,18,60,25,0.001,0,10,0.005,0.025,12830,0,0,0.12182385035074045,True
1,8,19,60,25,0.001,0,10,0.005,0.025,12557,0,0,0.12455204268535479,True
1,8,20,60,25,0.001,0,10,0.005,0.025,12264,0,0,0.1288323548597521,True
1,8,21,60,25,0.001,0,10,0.005,0.025,11961,0,0,0.13251400384583228,True
1,8,22,60,25,0.001,0,10,0.005,0.025,11695,0,0,0.1360410431808465,True
1,8,23,60,25,0.001,0,10,0.005,0.025,11453,0,0,0.13970138828254605,True
1,8,24,60,25,0.001,0,10,0.005,0.025,11212,0,0,0.14243667499108098,True
1,8,25,60,25,0.001,0,10,0.005,0.025,10996,0,0,0.14687158966897054,True
1,8,26,60,25,0.001,0,10,0.005,0.025,10728,0,0,0.15082028337061895,True
1,8,27,60,25,0.001,0,10,0.005,0.025,10491,0,0,0.1537508340482318,True
1,8,28,60,25,0.001,0,10,0.005,0.025,10297,0,0,0.1572302612411382,True
1,8,29,60,25,0.001,0,10,0.005,0.025,10087,0,0,0.16010706850401507,True
1,8,30,60,25,0.001,0,10,0.005,0.025,9899,0,0,0.16294575209617132,True
1,8,31,60,25,0.001,0,10,0.005,0.025,9671,0,0,0.1673043118602006,True
1,8,32,60,25,0.001,0,10,0.005,0.025,9497,0,0,0.17026429398757503,True
1,8,33,60,25,0.001,0,10,0.005,0.025,9272,0,0,0.17493528904227781,True
1,8,34,60,25,0.001,0,10,0.005,0.025,9041,0,0,0.17807764627806658,True
1,8,35,60,25,0.001,0,10,0.005,0.025,8819,0,0,0.18131307404467625,True
1,8,36,60,25,0.001,0,10,0.005,0.025,8603,0,0,0.18598163431361153,True
1,8,37,60,25,0.001,0,10,0.005,0.025,8476,0,0,0.18924020764511562,True
1,8,38,60,25,0.001,0,10,0.005,0.025,8360,0,0,0.1923444976076555,True
1,8,39,60,25,0.001,0,10,0.005,0.025,8245,0,0,0.1952698605215282,True
1,8,40,60,25,0.001,0,10,0.005,0.025,8133,0,0,0.19832780031968522,True
1,8,41,60,25,0.001,0,10,0.005,0.025,8266,0,0,0.22030002419549963,True
1,8,42,60,25,0.001,0,10,0.005,0.025,8219,0,0,0.2270349190899136,True
1,8,43,60,25,0.001,0,10,0.005,0.025,8171,0,0,0.2310610696365194,True
1,8,44,60,25,0.001,0,10,0.005,0.025,8049,0,0,0.23183004099888185,True
1,8,45,60,25,0.001,0,10,0.005,0.025,7981,0,0,0.23643653677484025,True
1,8,46,60,25,0.001,0,10,0.005,0.025,7730,0,0,0.2314359637774903,True
1,8,47,60,25,0.001,0,10,0.005,0.025,7623,0,0,0.23140495867768596,True
1,8,48,60,25,0.001,0,10,0.005,0.025,7510,0,0,0.23422103861517976,True
1,8,49,60,25,0.001,0,10,0.005,0.025,7434,0,0,0.23621199892386333,True
1,8,50,60,25,0.001,0,10,0.005,0.025,7359,0,0,0.23712460932191873,True
1,8,51,60,25,0.001,0,10,0.005,0.025,7273,0,0,0.2403409872129795,True
1,8,52,60,25,0.001,0,10,0.005,0.025,7190,0,0,0.2415855354659249,True
1,9,1,60,25,0.001,0,10,0.005,0.025,7087,0,0,0.24340341470297727,True
1,9,2,60,25,0.001,0,10,0.005,0.025,7029,0,0,0.24598093612178118,True
1,9,3,60,25,0.001,0,10,0.005,0.025,6921,0,0,0.24880797572605115,True
1,9,4,60,25,0.001,0,10,0.005,0.025,6831,0,0,0.25193968672229544,True
1,9,5,60,25,0.001,0,10,0.005,0.025,6755,0,0,0.2528497409326425,True
1,9,6,60,25,0.001,0,10,0.005,0.025,6685,0,0,0.25579655946148094,True
1,9,7,60,25,0.001,0,10,0.005,0.025,6612,0,0,0.2560496067755596,True
1,9,8,60,25,0.001,0,10,0.005,0.025,6527,0,0,0.2593840968285583,True
1,9,9,60,25,0.001,0,10,0.005,0.025,6459,0,0,0.2627341693760644,True
1,9,10,60,25,0.001,0,10,0.005,0.025,6388,0,0,0.2648716343143394,True
1,9,11,60,25,0.001,0,10,0.005,0.025,6343,0,0,0.2673813652845657,True
1,9,12,60,25,0.001,0,10,0.005,0.025,6268,0,0,0.2696234843650287,True
1,9,13,60,25,0.001,0,10,0.005,0.025,6206,0,0,0.27231711247180146,True
1,9,14,60,25,0.001,0,10,0.005,0.025,6140,0,0,0.2734527687296417,True
1,9,15,60,25,0.001,0,10,0.005,0.025,6058,0,0,0.2735226147243315,True
1,9,16,60,25,0.001,0,10,0.005,0.025,6002,0,0,0.2749083638787071,True
1,9,17,60,25,0.001,0,10,0.005,0.025,5950,0,0,0.2783193277310924,True
1,9,18,60,25,0.001,0,10,0.005,0.025,12484,0,0,0.12079461710990068,True
1,9,19,60,25,0.001,0,10,0.005,0.025,12319,0,0,0.12444191898693076,True
1,9,20,60,25,0.001,0,10,0.005,0.025,12072,0,0,0.12765076209410206,True
1,9,21,60,25,0.001,0,10,0.005,0.025,11794,0,0,0.13150754620993726,True
1,9,22,60,25,0.001,0,10,0.005,0.025,11489,0,0,0.1350857341805205,True
1,9,23,60,25,0.001,0,10,0.005,0.025,11193,0,0,0.1392834807468954,True
1,9,24,60,25,0.001,0,10,0.005,0.025,10982,0,0,0.1447823711527955,True
1,9,25,60,25,0.001,0,10,0.005,0.025,10780,0,0,0.14721706864564008,True
1,9,26,60,25,0.001,0,10,0.005,0.025,10582,0,0,0.1509166509166509,True
1,9,27,60,25,0.001,0,10,0.005,0.025,10386,0,0,0.154053533602927,True
1,9,28,60,25,0.001,0,10,0.005,0.025,10169,0,0,0.1576359524043662,True
1,9,29,60,25,0.001,0,10,0.005,0.025,9987,0,0,0.1615099629518374,True
1,9,30,60,25,0.001,0,10,0.005,0.025,9784,0,0,0.16506541291905152,True
1,9,31,60,25,0.001,0,10,0.005,0.025,9563,0,0,0.1696120464289449,True
1,9,32,60,25,0.001,0,10,0.005,0.025,9350,0,0,0.17283422459893047,True
1,9,33,60,25,0.001,0,10,0.005,0.025,9142,0,0,0.1754539488077007,True
1,9,34,60,25,0.001,0,10,0.005,0.025,8947,0,0,0.17927797026936404,True
1,9,35,60,25,0.001,0,10,0.005,0.025,8768,0,0,0.18362226277372262,True
1,9,36,60,25,0.001,0,10,0.005,0.025,8614,0,0,0.187369398653355,True
1,9,37,60,25,0.001,0,10,0.005,0.025,8441,0,0,0.19109110294988746,True
1,9,38,60,25,0.001,0,10,0.005,0.025,8322,0,0,0.19418409036289352,True
1,9,39,60,25,0.001,0,10,0.005,0.025,8224,0,0,0.19734922178988326,True
1,9,40,60,25,0.001,0,10,0.005,0.025,8109,0,0,0.19928474534467874,True
1,9,41,60,25,0.001,0,10,0.005,0.025,8311,0,0,0.21898688485140175,True
1,9,42,60,25,0.001,0,10,0.005,0.025,8248,0,0,0.22453928225024247,True
1,9,43,60,25,0.001,0,10,0.005,0.025,8141,0,0,0.22835032551283627,True
1,9,44,60,25,0.001,0,10,0.005,0.025,8024,0,0,0.23043369890329013,True
1,9,45,60,25,0.001,0,10,0.005,0.025,7974,0,0,0.23702031602708803,True
1,9,46,60,25,0.001,0,10,0.005,0.025,7713,0,0,0.22974199403604303,True
1,9,47,60,25,0.001,0,10,0.005,0.025,7611,0,0,0.23058730784391013,True
1,9,48,60,25,0.001,0,10,0.005,0.025,7522,0,0,0.2319861738899229,True
1,9,49,60,25,0.001,0,10,0.005,0.025,7450,0,0,0.23463087248322148,True
1,9,50,60,25,0.001,0,10,0.005,0.025,7377,0,0,0.23735936017351228,True
1,9,51,60,25,0.001,0,10,0.005,0.025,7297,0,0,0.2409209264081129,True
1,9,52,60,25,0.001,0,10,0.005,0.025,7190,0,0,0.24144645340751042,True
1,10,1,60,25,0.001,0,10,0.005,0.025,7113,0,0,0.24209194432728806,True
1,10,2,60,25,0.001,0,10,0.005,0.025,7023,0,0,0.24547913996867435,True
1,10,3,60,25,0.001,0,10,0.005,0.025,6953,0,0,0.24780670214295988,True
1,10,4,60,25,0.001,0,10,0.005,0.025,6874,0,0,0.24978178644166424,True
1,10,5,60,25,0.001,0,10,0.005,0.025,6807,0,0,0.25282797120611133,True
1,10,6,60,25,0.001,0,10,0.005,0.025,6724,0,0,0.25594883997620466,True
1,10,7,60,25,0.001,0,10,0.005,0.025,6674,0,0,0.2569673359304765,True
1,10,8,60,25,0.001,0,10,0.005,0.025,6600,0,0,0.26015151515151513,True
1,10,9,60,25,0.001,0,10,0.005,0.025,6544,0,0,0.2622249388753056,True
1,10,10,60,25,0.001,0,10,0.005,0.025,6481,0,0,0.2646196574602685,True
1,10,11,60,25,0.001,0,10,0.005,0.025,6421,0,0,0.26522348543840524,True
1,10,12,60,25,0.001,0,10,0.005,0.025,6356,0,0,0.2665198237885463,True
1,10,13,60,25,0.001,0,10,0.005,0.025,6278,0,0,0.26744186046511625,True
1,10,14,60,25,0.001,0,10,0.005,0.025,6223,0,0,0.26964486582034386,True
1,10,15,60,25,0.001,0,10,0.005,0.025,6159,0,0,0.2716350056827407,True
1,10,16,60,25,0.001,0,10,0.005,0.025,6074,0,0,0.2737899242673691,True
1,10,17,60,25,0.001,0,10,0.005,0.025,6007,0,0,0.2760113201265191,True
1,10,18,60,25,0.001,0,10,0.005,0.025,13154,0,0,0.11920328417211494,True
1,10,19,60,25,0.001,0,10,0.005,0.025,12925,0,0,0.12208897485493231,True
1,10,20,60,25,0.001,0,10,0.005,0.025,12656,0,0,0.1247629582806574,True
1,10,21,60,25,0.001,0,10,0.005,0.025,12358,0,0,0.12817608027188865,True
1,10,22,60,25,0.001,0,10,0.005,0.025,12114,0,0,0.13100544824170382,True
1,10,23,60,25,0.001,0,10,0.005,0.025,11859,0,0,0.13466565477696266,True
1,10,24,60,25,0.001,0,10,0.005,0.025,11637,0,0,0.13809401048380165,True
1,10,25,60,25,0.001,0,10,0.005,0.025,11423,0,0,0.14181913682920425,True
1,10,26,60,25,0.001,0,10,0.005,0.025,11196,0,0,0.14567702750982495,True
1,10,27,60,25,0.001,0,10,0.005,0.025,10959,0,0,0.1501049365818049,True
1,10,28,60,25,0.001,0,10,0.005,0.025,10741,0,0,0.15315147565403595,True
1,10,29,60,25,0.001,0,10,0.005,0.025,10557,0,0,0.15534716301979729,True
1,10,30,60,25,0.001,0,10,0.005,0.025,10343,0,0,0.1603016532920816,True
1,10,31,60,25,0.001,0,10,0.005,0.025,10114,0,0,0.16403005734625273,True
1,10,32,60,25,0.001,0,10,0.005,0.025,9916,0,0,0.16710367083501412,True
1,10,33,60,25,0.001,0,10,0.005,0.025,9720,0,0,0.17037037037037037,True
1,10,34,60,25,0.001,0,10,0.005,0.025,9516,0,0,0.17328709541824297,True
1,10,35,60,25,0.001,0,10,0.005,0.025,9346,0,0,0.17633212069334475,True
1,10,36,60,25,0.001,0,10,0.005,0.025,9178,0,0,0.17836129875789933,True
1,10,37,60,25,0.001,0,10,0.005,0.025,9010,0,0,0.18235294117647058,True
1,10,38,60,25,0.001,0,10,0.005,0.025,8879,0,0,0.18493073544318053,True
1,10,39,60,25,0.001,0,10,0.005,0.025,8764,0,0,0.18667275216795984,True
1,10,40,60,25,0.001,0,10,0.005,0.025,8667,0,0,0.1899157724702896,True
1,10,41,60,25,0.001,0,10,0.005,0.025,8847,0,0,0.21340567423985532,True
1,10,42,60,25,0.001,0,10,0.005,0.025,8725,0,0,0.2179942693409742,True
1,10,43,60,25,0.001,0,10,0.005,0.025,8634,0,0,0.22341904100069493,True
1,10,44,60,25,0.001,0,10,0.005,0.025,8582,0,0,0.22745280820321603,True
1,10,45,60,25,0.001,0,10,0.005,0.025,8488,0,0,0.23150329877474082,True
1,10,46,60,25,0.001,0,10,0.005,0.025,8241,0,0,0.22424463050600654,True
1,10,47,60,25,0.001,0,10,0.005,0.025,8140,0,0,0.22628992628992628,True
1,10,48,60,25,0.001,0,10,0.005,0.025,8063,0,0,0.22795485551283642,True
1,10,49,60,25,0.001,0,10,0.005,0.025,7985,0,0,0.22905447714464622,True
1,10,50,60,25,0.001,0,10,0.005,0.025,7910,0,0,0.23312262958280658,True
1,10,51,60,25,0.001,0,10,0.005,0.025,7837,0,0,0.2361873165752201,True
1,10,52,60,25,0.001,0,10,0.005,0.025,7756,0,0,0.23916967509025272,True
1,11,1,60,25,0.001,0,10,0.005,0.025,7684,0,0,0.24167100468505986,True
1,11,2,60,25,0.001,0,10,0.005,0.025,7585,0,0,0.24363876071193144,True
1,11,3,60,25,0.001,0,10,0.005,0.025,7491,0,0,0.24642904819116274,True
1,11,4,60,25,0.001,0,10,0.005,0.025,7420,0,0,0.2495956873315364,True
1,11,5,60,25,0.001,0,10,0.005,0.025,7333,0,0,0.25473885176598937,True
1,11,6,60,25,0.001,0,10,0.005,0.025,7250,0,0,0.25613793103448274,True
1,11,7,60,25,0.001,0,10,0.005,0.025,7170,0,0,0.2594142259414226,True
1,11,8,60,25,0.001,0,10,0.005,0.025,7092,0,0,0.2609983079526227,True
1,11,9,60,25,0.001,0,10,0.005,0.025,7030,0,0,0.26372688477951634,True
1,11,10,60,25,0.001,0,10,0.005,0.025,6962,0,0,0.2665900603274921,True
1,11,11,60,25,0.001,0,10,0.005,0.025,6891,0,0,0.268320998403715,True
1,11,12,60,25,0.001,0,10,0.005,0.025,6820,0,0,0.268475073313783,True
1,11,13,60,25,0.001,0,10,0.005,0.025,6744,0,0,0.2732799525504152,True
1,11,14,60,25,0.001,0,10,0.005,0.025,6674,0,0,0.27554689841174707,True
1,11,15,60,25,0.001,0,10,0.005,0.025,6597,0,0,0.2778535698044566,True
1,11,16,60,25,0.001,0,10,0.005,0.025,6535,0,0,0.28018362662586077,True
1,11,17,60,25,0.001,0,10,0.005,0.025,6444,0,0,0.28212290502793297,True
1,11,18,60,25,0.001,0,10,0.005,0.025,14309,0,0,0.12090292822699,True
1,11,19,60,25,0.001,0,10,0.005,0.025,14065,0,0,0.12328474937788837,True
1,11,20,60,25,0.001,0,10,0.005,0.025,13770,0,0,0.1259259259259259,True
1,11,21,60,25,0.001,0,10,0.005,0.025,13430,0,0,0.12978406552494415,True
1,11,22,60,25,0.001,0,10,0.005,0.025,13114,0,0,0.13367393625133445,True
1,11,23,60,25,0.001,0,10,0.005,0.025,12818,0,0,0.13683882040880013,True
1,11,24,60,25,0.001,0,10,0.005,0.025,12517,0,0,0.14052888072221778,True
1,11,25,60,25,0.001,0,10,0.005,0.025,12266,0,0,0.14348605902494702,True
1,11,26,60,25,0.001,0,10,0.005,0.025,12026,0,0,0.14693164809579246,True
1,11,27,60,25,0.001,0,10,0.005,0.025,11774,0,0,0.15041617122473247,True
1,11,28,60,25,0.001,0,10,0.005,0.025,11503,0,0,0.1556115795879336,True
1,11,29,60,25,0.001,0,10,0.005,0.025,11259,0,0,0.1596056488142819,True
1,11,30,60,25,0.001,0,10,0.005,0.025,11023,0,0,0.1616619794974145,True
1,11,31,60,25,0.001,0,10,0.005,0.025,10749,0,0,0.1658758954321332,True
1,11,32,60,25,0.001,0,10,0.005,0.025,10505,0,0,0.16858638743455498,True
1,11,33,60,25,0.001,0,10,0.005,0.025,10283,0,0,0.17232325196926968,True
1,11,34,60,25,0.001,0,10,0.005,0.025,10076,0,0,0.17635966653433902,True
1,11,35,60,25,0.001,0,10,0.005,0.025,9848,0,0,0.179731925264013,True
1,11,36,60,25,0.001,0,10,0.005,0.025,9664,0,0,0.18294701986754966,True
1,11,37,60,25,0.001,0,10,0.005,0.025,9488,0,0,0.18602445193929174,True
1,11,38,60,25,0.001,0,10,0.005,0.025,9354,0,0,0.18858242463117383,True
1,11,39,60,25,0.001,0,10,0.005,0.025,9220,0,0,0.19143167028199568,True
1,11,40,60,25,0.001,0,10,0.005,0.025,9087,0,0,0.19434356773412567,True
1,11,41,60,25,0.001,0,10,0.005,0.025,9176,0,0,0.21501743679163035,True
1,11,42,60,25,0.001,0,10,0.005,0.025,9033,0,0,0.21930698549761984,True
1,11,43,60,25,0.001,0,10,0.005,0.025,8898,0,0,0.22353337828725556,True
1,11,44,60,25,0.001,0,10,0.005,0.025,8821,0,0,0.2266182972452103,True
1,11,45,60,25,0.001,0,10,0.005,0.025,8737,0,0,0.2307428179008813,True
1,11,46,60,25,0.001,0,10,0.005,0.025,8502,0,0,0.22629969418960244,True
1,11,47,60,25,0.001,0,10,0.005,0.025,8367,0,0,0.22923389506394168,True
1,11,48,60,25,0.001,0,10,0.005,0.025,8251,0,0,0.2317294873348685,True
1,11,49,60,25,0.001,0,10,0.005,0.025,8150,0,0,0.23570552147239263,True
1,11,50,60,25,0.001,0,10,0.005,0.025,8090,0,0,0.23671199011124847,True
1,11,51,60,25,0.001,0,10,0.005,0.025,7973,0,0,0.239307663363853,True
1,11,52,60,25,0.001,0,10,0.005,0.025,7889,0,0,0.24210926606667513,True
1,1,1,60,25,0.00188,0,10,0.005,0.025,5519,0,0,0.002717883674578728,True
1,1,2,60,25,0.00188,0,10,0.005,0.025,5366,0,0,0.00540439806187104,True
1,1,3,60,25,0.00188,0,10,0.005,0.025,5191,0,0,0.007513003274898863,True
1,1,4,60,25,0.00188,0,10,0.005,0.025,5063,0,0,0.008690499703732965,True
1,1,5,60,25,0.00188,0,10,0.005,0.025,4939,0,0,0.01133832759667949,True
1,1,6,60,25,0.00188,0,10,0.005,0.025,4800,0,0,0.014166666666666666,True
1,1,7,60,25,0.00188,0,10,0.005,0.025,4692,0,0,0.016837169650468883,True
1,1,8,60,25,0.00188,0,10,0.005,0.025,4550,0,0,0.018461538461538463,True
1,1,9,60,25,0.00188,0,10,0.005,0.025,4455,0,0,0.020875420875420877,True
1,1,10,60,25,0.00188,0,10,0.005,0.025,4338,0,0,0.02120792992162287,True
1,1,11,60,25,0.00188,0,10,0.005,0.025,4243,0,0,0.024039594626443554,True
1,1,12,60,25,0.00188,0,10,0.005,0.025,4151,0,0,0.026740544447121175,True
1,1,13,60,25,0.00188,0,10,0.005,0.025,4054,0,0,0.02836704489393192,True
1,1,14,60,25,0.00188,0,10,0.005,0.025,3944,0,0,0.030425963488843813,True
1,1,15,60,25,0.00188,0,10,0.005,0.025,3883,0,0,0.03296420293587433,True
1,1,16,60,25,0.00188,0,10,0.005,0.025,3831,0,0,0.03497781258157139,True
1,1,17,60,25,0.00188,0,10,0.005,0.025,3787,0,0,0.037760760496435175,True
1,1,18,60,25,0.00188,0,10,0.005,0.025,10641,0,0,0.015412085330326097,True
1,1,19,60,25,0.00188,0,10,0.005,0.025,10298,0,0,0.018255972033404545,True
1,1,20,60,25,0.00188,0,10,0.005,0.025,9885,0,0,0.019828022255943347,True
1,1,21,60,25,0.00188,0,10,0.005,0.025,9614,0,0,0.020907010609527772,True
1,1,22,60,25,0.00188,0,10,0.005,0.025,9386,0,0,0.02365224802897933,True
1,1,23,60,25,0.00188,0,10,0.005,0.025,9157,0,0,0.025117396527246916,True
1,1,24,60,25,0.00188,0,10,0.005,0.025,8932,0,0,0.027205553067622033,True
1,1,25,60,25,0.00188,0,10,0.005,0.025,8724,0,0,0.029688216414488766,True
1,1,26,60,25,0.00188,0,10,0.005,0.025,8481,0,0,0.0314821365405023,True
1,1,27,60,25,0.00188,0,10,0.005,0.025,8231,0,0,0.03328878629571134,True
1,1,28,60,25,0.00188,0,10,0.005,0.025,7991,0,0,0.034789137780002505,True
1,1,29,60,25,0.00188,0,10,0.005,0.025,7777,0,0,0.03716085894303716,True
1,1,30,60,25,0.00188,0,10,0.005,0.025,7556,0,0,0.03930651138168343,True
1,1,31,60,25,0.00188,0,10,0.005,0.025,7394,0,0,0.04179064106031918,True
1,1,32,60,25,0.00188,0,10,0.005,0.025,7227,0,0,0.043586550435865505,True
1,1,33,60,25,0.00188,0,10,0.005,0.025,7032,0,0,0.04664391353811149,True
1,1,34,60,25,0.00188,0,10,0.005,0.025,6871,0,0,0.04890117886770485,True
1,1,35,60,25,0.00188,0,10,0.005,0.025,6702,0,0,0.051924798567591766,True
1,1,36,60,25,0.00188,0,10,0.005,0.025,6561,0,0,0.05502210028959,True
1,1,37,60,25,0.00188,0,10,0.005,0.025,6390,0,0,0.056181533646322376,True
1,1,38,60,25,0.00188,0,10,0.005,0.025,6294,0,0,0.05989831585637115,True
1,1,39,60,25,0.00188,0,10,0.005,0.025,6194,0,0,0.06134969325153374,True
1,1,40,60,25,0.00188,0,10,0.005,0.025,6068,0,0,0.06476598549769282,True
1,1,41,60,25,0.00188,0,10,0.005,0.025,6489,0,0,0.10433040530127909,True
1,1,42,60,25,0.00188,0,10,0.005,0.025,6448,0,0,0.11073200992555832,True
1,1,43,60,25,0.00188,0,10,0.005,0.025,6370,0,0,0.11444270015698588,True
1,1,44,60,25,0.00188,0,10,0.005,0.025,6274,0,0,0.11858463500159389,True
1,1,45,60,25,0.00188,0,10,0.005,0.025,6191,0,0,0.1209820707478598,True
1,1,46,60,25,0.00188,0,10,0.005,0.025,5771,0,0,0.10552763819095477,True
1,1,47,60,25,0.00188,0,10,0.005,0.025,5621,0,0,0.10229496530866394,True
1,1,48,60,25,0.00188,0,10,0.005,0.025,5563,0,0,0.10587812331475822,True
1,1,49,60,25,0.00188,0,10,0.005,0.025,5489,0,0,0.1062124248496994,True
1,1,50,60,25,0.00188,0,10,0.005,0.025,5403,0,0,0.10808809920414585,True
1,1,51,60,25,0.00188,0,10,0.005,0.025,5354,0,0,0.11169219275308181,True
1,1,52,60,25,0.00188,0,10,0.005,0.025,5309,0,0,0.11489922772650217,True
1,2,1,60,25,0.00188,0,10,0.005,0.025,5275,7,0,0.11829383886255924,False
1,2,2,60,25,0.00188,0,10,0.005,0.025,5232,7,0,0.12175076452599388,False
1,2,3,60,25,0.00188,0,10,0.005,0.025,5163,7,1,0.12376525276002324,False
1,2,4,60,25,0.00188,0,10,0.005,0.025,5084,7,3,0.12686860739575137,False
1,2,5,60,25,0.00188,0,10,0.005,0.025,5021,6,3,0.12826130252937662,False
1,2,6,60,25,0.00188,0,10,0.005,0.025,4938,4,2,0.13163223977318753,False
1,2,7,60,25,0.00188,0,10,0.005,0.025,4842,3,2,0.13176373399421726,False
1,2,8,60,25,0.00188,0,10,0.005,0.025,4755,2,1,0.13417455310199788,False
1,2,9,60,25,0.00188,0,10,0.005,0.025,4676,1,1,0.13366124893071002,False
1,2,10,60,25,0.00188,0,10,0.005,0.025,4623,1,1,0.13670776552022496,False
1,2,11,60,25,0.00188,0,10,0.005,0.025,4537,0,0,0.13907868635662332,True
1,2,12,60,25,0.00188,0,10,0.005,0.025,4455,0,0,0.1405162738496072,True
1,2,13,60,25,0.00188,0,10,0.005,0.025,4372,0,0,0.1413540713632205,True
1,2,14,60,25,0.00188,0,10,0.005,0.025,4311,0,0,0.14358617490141498,True
1,2,15,60,25,0.00188,0,10,0.005,0.025,4248,0,0,0.14500941619585686,True
1,2,16,60,25,0.00188,0,10,0.005,0.025,4187,0,0,0.14616670647241461,True
1,2,17,60,25,0.00188,0,10,0.005,0.025,4136,0,0,0.14676015473887816,True
1,2,18,60,25,0.00188,0,10,0.005,0.025,8309,0,0,0.07485858707425683,True
1,2,19,60,25,0.00188,0,10,0.005,0.025,8094,0,0,0.07647640227328886,True
1,2,20,60,25,0.00188,0,10,0.005,0.025,7917,0,0,0.08008083870152835,True
1,2,21,60,25,0.00188,0,10,0.005,0.025,7705,0,0,0.08267358857884491,True
1,2,22,60,25,0.00188,0,10,0.005,0.025,7528,0,0,0.08647715196599362,True
1,2,23,60,25,0.00188,0,10,0.005,0.025,7368,0,0,0.08916938110749185,True
1,2,24,60,25,0.00188,0,10,0.005,0.025,7204,0,0,0.09133814547473626,True
1,2,25,60,25,0.00188,0,10,0.005,0.025,7046,0,0,0.09310246948623332,True
1,2,26,60,25,0.00188,0,10,0.005,0.025,6903,0,0,0.09647979139504563,True
1,2,27,60,25,0.00188,0,10,0.005,0.025,6753,0,0,0.09965941063231157,True
1,2,28,60,25,0.00188,0,10,0.005,0.025,6603,0,0,0.10252915341511434,True
1,2,29,60,25,0.00188,0,10,0.005,0.025,6412,0,0,0.1041796631316282,True
1,2,30,60,25,0.00188,0,10,0.005,0.025,6257,0,0,0.10739971232219914,True
1,2,31,60,25,0.00188,0,10,0.005,0.025,6106,0,0,0.11005568293481821,True
1,2,32,60,25,0.00188,0,10,0.005,0.025,5983,0,0,0.11131539361524319,True
1,2,33,60,25,0.00188,0,10,0.005,0.025,5841,0,0,0.11350796096558809,True
1,2,34,60,25,0.00188,0,10,0.005,0.025,5709,0,0,0.11595726046593098,True
1,2,35,60,25,0.00188,0,10,0.005,0.025,5595,0,0,0.11903485254691688,True
1,2,36,60,25,0.00188,0,10,0.005,0.025,5432,0,0,0.12389543446244478,True
1,2,37,60,25,0.00188,0,10,0.005,0.025,5338,0,0,0.12607718246534283,True
1,2,38,60,25,0.00188,0,10,0.005,0.025,5263,0,0,0.12825384761542846,True
1,2,39,60,25,0.00188,0,10,0.005,0.025,5201,0,0,0.12997500480676794,True
1,2,40,60,25,0.00188,0,10,0.005,0.025,5121,0,0,0.13200546768209334,True
1,2,41,60,25,0.00188,0,10,0.005,0.025,5738,0,0,0.1969327291739282,True
1,2,42,60,25,0.00188,0,10,0.005,0.025,5741,0,0,0.19613307786099982,True
1,2,43,60,25,0.00188,0,10,0.005,0.025,5680,0,0,0.2063380281690141,True
1,2,44,60,25,0.00188,0,10,0.005,0.025,5651,0,0,0.20438860378694038,True
1,2,45,60,25,0.00188,0,10,0.005,0.025,5564,0,0,0.20614665708123653,True
1,2,46,60,25,0.00188,0,10,0.005,0.025,5122,0,0,0.1772745021475986,True
1,2,47,60,25,0.00188,0,10,0.005,0.025,4990,0,0,0.1743486973947896,True
1,2,48,60,25,0.00188,0,10,0.005,0.025,4904,0,0,0.17230831973898858,True
1,2,49,60,25,0.00188,0,10,0.005,0.025,4869,0,0,0.17642226329841856,True
1,2,50,60,25,0.00188,0,10,0.005,0.025,4789,0,0,0.17644602213405722,True
1,2,51,60,25,0.00188,0,10,0.005,0.025,4751,0,0,0.18101452325826142,True
1,2,52,60,25,0.00188,0,10,0.005,0.025,4673,0,0,0.17868606890648406,True
1,3,1,60,25,0.00188,0,10,0.005,0.025,4617,0,0,0.18171973142733377,True
1,3,2,60,25,0.00188,0,10,0.005,0.025,4565,0,0,0.18488499452354873,True
1,3,3,60,25,0.00188,0,10,0.005,0.025,4504,0,0,0.1858348134991119,True
1,3,4,60,25,0.00188,0,10,0.005,0.025,4488,0,0,0.1913992869875223,True
1,3,5,60,25,0.00188,0,10,0.005,0.025,4441,0,0,0.1913983337086242,True
1,3,6,60,25,0.00188,0,10,0.005,0.025,4418,0,0,0.19624264373019465,True
1,3,7,60,25,0.00188,0,10,0.005,0.025,4380,0,0,0.1997716894977169,True
1,3,8,60,25,0.00188,0,10,0.005,0.025,4329,0,0,0.20027720027720028,True
1,3,9,60,25,0.00188,0,10,0.005,0.025,4287,0,0,0.20177280149288546,True
1,3,10,60,25,0.00188,0,10,0.005,0.025,4230,0,0,0.2049645390070922,True
1,3,11,60,25,0.00188,0,10,0.005,0.025,4186,0,0,0.20592451027233635,True
1,3,12,60,25,0.00188,0,10,0.005,0.025,4140,0,0,0.20942028985507247,True
1,3,13,60,25,0.00188,0,10,0.005,0.025,4077,0,0,0.21118469462840322,True
1,3,14,60,25,0.00188,0,10,0.005,0.025,4037,0,0,0.21203864255635374,True
1,3,15,60,25,0.00188,0,10,0.005,0.025,3976,0,0,0.2130281690140845,True
1,3,16,60,25,0.00188,0,10,0.005,0.025,3937,0,0,0.21640843281686564,True
1,3,17,60,25,0.00188,0,10,0.005,0.025,3883,0,0,0.21607004893123874,True
1,3,18,60,25,0.00188,0,10,0.005,0.025,8860,0,0,0.09627539503386004,True
1,3,19,60,25,0.00188,0,10,0.005,0.025,8646,0,0,0.09888965995836224,True
1,3,20,60,25,0.00188,0,10,0.005,0.025,8460,0,0,0.10153664302600472,True
1,3,21,60,25,0.00188,0,10,0.005,0.025,8262,0,0,0.10481723553618978,True
1,3,22,60,25,0.00188,0,10,0.005,0.025,8036,0,0,0.10900945744151319,True
1,3,23,60,25,0.00188,0,10,0.005,0.025,7873,0,0,0.1130445827511749,True
1,3,24,60,25,0.00188,0,10,0.005,0.025,7671,0,0,0.11680354582192674,True
1,3,25,60,25,0.00188,0,10,0.005,0.025,7463,0,0,0.11845102505694761,True
1,3,26,60,25,0.00188,0,10,0.005,0.025,7303,0,0,0.12118307544844585,True
1,3,27,60,25,0.00188,0,10,0.005,0.025,7047,0,0,0.12331488576699305,True
1,3,28,60,25,0.00188,0,10,0.005,0.025,6905,0,0,0.12599565532223025,True
1,3,29,60,25,0.00188,0,10,0.005,0.025,6736,0,0,0.12989904988123516,True
1,3,30,60,25,0.00188,0,10,0.005,0.025,6588,0,0,0.1323618700667881,True
1,3,31,60,25,0.00188,0,10,0.005,0.025,6420,0,0,0.13473520249221183,True
1,3,32,60,25,0.00188,0,10,0.005,0.025,6257,0,0,0.13856480741569444,True
1,3,33,60,25,0.00188,0,10,0.005,0.025,6118,0,0,0.14138607388035307,True
1,3,34,60,25,0.00188,0,10,0.005,0.025,5981,0,0,0.14562782143454273,True
1,3,35,60,25,0.00188,0,10,0.005,0.025,5821,0,0,0.14842810513657448,True
1,3,36,60,25,0.00188,0,10,0.005,0.025,5660,0,0,0.1519434628975265,True
1,3,37,60,25,0.00188,0,10,0.005,0.025,5533,0,0,0.1552503162841135,True
1,3,38,60,25,0.00188,0,10,0.005,0.025,5439,0,0,0.15811730097444382,True
1,3,39,60,25,0.00188,0,10,0.005,0.025,5356,0,0,0.16131441374159822,True
1,3,40,60,25,0.00188,0,10,0.005,0.025,5283,0,0,0.1635434412265758,True
1,3,41,60,25,0.00188,0,10,0.005,0.025,5917,0,0,0.22376204157512253,True
1,3,42,60,25,0.00188,0,10,0.005,0.025,5870,0,0,0.22657580919931858,True
1,3,43,60,25,0.00188,0,10,0.005,0.025,5843,0,0,0.23361287010097553,True
1,3,44,60,25,0.00188,0,10,0.005,0.025,5755,0,0,0.23023457862728064,True
1,3,45,60,25,0.00188,0,10,0.005,0.025,5697,0,0,0.23345620502018608,True
1,3,46,60,25,0.00188,0,10,0.005,0.025,5246,0,0,0.20167746854746474,True
1,3,47,60,25,0.00188,0,10,0.005,0.025,5104,0,0,0.19494514106583072,True
1,3,48,60,25,0.00188,0,10,0.005,0.025,5007,0,0,0.19472738166566805,True
1,3,49,60,25,0.00188,0,10,0.005,0.025,4923,0,0,0.1954093032703636,True
1,3,50,60,25,0.00188,0,10,0.005,0.025,4844,0,0,0.19467382328654004,True
1,3,51,60,25,0.00188,0,10,0.005,0.025,4800,0,0,0.19479166666666667,True
1,3,52,60,25,0.00188,0,10,0.005,0.025,4745,0,0,0.19747102212855638,True
1,4,1,60,25,0.00188,0,10,0.005,0.025,4676,0,0,0.19867408041060736,True
1,4,2,60,25,0.00188,0,10,0.005,0.025,4611,0,0,0.20190847972240294,True
1,4,3,60,25,0.00188,0,10,0.005,0.025,4551,0,0,0.2017139090309822,True
1,4,4,60,25,0.00188,0,10,0.005,0.025,4469,0,0,0.20452002685164467,True
1,4,5,60,25,0.00188,0,10,0.005,0.025,4402,0,0,0.20717855520218081,True
1,4,6,60,25,0.00188,0,10,0.005,0.025,4343,0,0,0.21022334791618696,True
1,4,7,60,25,0.00188,0,10,0.005,0.025,4292,0,0,0.21225535880708293,True
1,4,8,60,25,0.00188,0,10,0.005,0.025,4245,0,0,0.21554770318021202,True
1,4,9,60,25,0.00188,0,10,0.005,0.025,4197,0,0,0.21777460090540862,True
1,4,10,60,25,0.00188,0,10,0.005,0.025,4152,0,0,0.21965317919075145,True
1,4,11,60,25,0.00188,0,10,0.005,0.025,4112,0,0,0.22154669260700388,True
1,4,12,60,25,0.00188,0,10,0.005,0.025,4050,0,0,0.22296296296296297,True
1,4,13,60,25,0.00188,0,10,0.005,0.025,3998,0,0,0.22386193096548274,True
1,4,14,60,25,0.00188,0,10,0.005,0.025,3953,0,0,0.22463951429294207,True
1,4,15,60,25,0.00188,0,10,0.005,0.025,3899,0,0,0.22723775327006926,True
1,4,16,60,25,0.00188,0,10,0.005,0.025,3848,0,0,0.22972972972972974,True
1,4,17,60,25,0.00188,0,10,0.005,0.025,3808,0,0,0.23214285714285715,True
1,4,18,60,25,0.00188,0,10,0.005,0.025,8502,0,0,0.10468125147024229,True
1,4,19,60,25,0.00188,0,10,0.005,0.025,8349,0,0,0.10719846688226135,True
1,4,20,60,25,0.00188,0,10,0.005,0.025,8125,0,0,0.10978461538461538,True
1,4,21,60,25,0.00188,0,10,0.005,0.025,7922,0,0,0.11310275183034588,True
1,4,22,60,25,0.00188,0,10,0.005,0.025,7689,0,0,0.1160098842502276,True
1,4,23,60,25,0.00188,0,10,0.005,0.025,7524,0,0,0.11855396065922381,True
1,4,24,60,25,0.00188,0,10,0.005,0.025,7328,0,0,0.12240720524017468,True
1,4,25,60,25,0.00188,0,10,0.005,0.025,7165,0,0,0.12630844382414516,True
1,4,26,60,25,0.00188,0,10,0.005,0.025,6984,0,0,0.1311569301260023,True
1,4,27,60,25,0.00188,0,10,0.005,0.025,6814,0,0,0.13354857646022894,True
1,4,28,60,25,0.00188,0,10,0.005,0.025,6657,0,0,0.13639777677632567,True
1,4,29,60,25,0.00188,0,10,0.005,0.025,6493,0,0,0.1390728476821192,True
1,4,30,60,25,0.00188,0,10,0.005,0.025,6322,0,0,0.14220183486238533,True
1,4,31,60,25,0.00188,0,10,0.005,0.025,6149,0,0,0.14555212229630834,True
1,4,32,60,25,0.00188,0,10,0.005,0.025,6009,0,0,0.1491096688300882,True
1,4,33,60,25,0.00188,0,10,0.005,0.025,5854,0,0,0.15322856166723609,True
1,4,34,60,25,0.00188,0,10,0.005,0.025,5734,0,0,0.1567840948726892,True
1,4,35,60,25,0.00188,0,10,0.005,0.025,5619,0,0,0.1601708489054992,True
1,4,36,60,25,0.00188,0,10,0.005,0.025,5501,0,0,0.1626976913288493,True
1,4,37,60,25,0.00188,0,10,0.005,0.025,5378,0,0,0.16586091483822982,True
1,4,38,60,25,0.00188,0,10,0.005,0.025,5280,0,0,0.16893939393939394,True
1,4,39,60,25,0.00188,0,10,0.005,0.025,5191,0,0,0.1720285108842227,True
1,4,40,60,25,0.00188,0,10,0.005,0.025,5106,0,0,0.1754798276537407,True
1,4,41,60,25,0.00188,0,10,0.005,0.025,5760,0,0,0.24027777777777778,True
1,4,42,60,25,0.00188,0,10,0.005,0.025,5777,0,0,0.24182101436731868,True
1,4,43,60,25,0.00188,0,10,0.005,0.025,5733,0,0,0.2442002442002442,True
1,4,44,60,25,0.00188,0,10,0.005,0.025,5695,0,0,0.247585601404741,True
1,4,45,60,25,0.00188,0,10,0.005,0.025,5619,0,0,0.24826481580352375,True
1,4,46,60,25,0.00188,0,10,0.005,0.025,5157,0,0,0.21892573201473725,True
1,4,47,60,25,0.00188,0,10,0.005,0.025,5032,0,0,0.21323529411764705,True
1,4,48,60,25,0.00188,0,10,0.005,0.025,4970,0,0,0.21488933601609658,True
1,4,49,60,25,0.00188,0,10,0.005,0.025,4884,0,0,0.21253071253071254,True
1,4,50,60,25,0.00188,0,10,0.005,0.025,4822,0,0,0.213604313562837,True
1,4,51,60,25,0.00188,0,10,0.005,0.025,4762,0,0,0.21293574128517428,True
1,4,52,60,25,0.00188,0,10,0.005,0.025,4690,0,0,0.21641791044776118,True
1,5,1,60,25,0.00188,0,10,0.005,0.025,4628,0,0,0.21802074330164217,True
1,5,2,60,25,0.00188,0,10,0.005,0.025,4581,0,0,0.221567343374809,True
1,5,3,60,25,0.00188,0,10,0.005,0.025,4532,0,0,0.22616946160635482,True
1,5,4,60,25,0.00188,0,10,0.005,0.025,4472,0,0,0.226520572450805,True
1,5,5,60,25,0.00188,0,10,0.005,0.025,4399,0,0,0.22914298704250965,True
1,5,6,60,25,0.00188,0,10,0.005,0.025,4341,0,0,0.2312831144897489,True
1,5,7,60,25,0.00188,0,10,0.005,0.025,4308,0,0,0.23467966573816157,True
1,5,8,60,25,0.00188,0,10,0.005,0.025,4265,0,0,0.23751465416178194,True
1,5,9,60,25,0.00188,0,10,0.005,0.025,4208,0,0,0.24049429657794677,True
1,5,10,60,25,0.00188,0,10,0.005,0.025,4153,0,0,0.24175294967493377,True
1,5,11,60,25,0.00188,0,10,0.005,0.025,4105,0,0,0.2443361753958587,True
1,5,12,60,25,0.00188,0,10,0.005,0.025,4053,0,0,0.2452504317789292,True
1,5,13,60,25,0.00188,0,10,0.005,0.025,4013,0,0,0.24520308995763768,True
1,5,14,60,25,0.00188,0,10,0.005,0.025,3978,0,0,0.24710910005027653,True
1,5,15,60,25,0.00188,0,10,0.005,0.025,3915,0,0,0.24853128991060025,True
1,5,16,60,25,0.00188,0,10,0.005,0.025,3855,0,0,0.2508430609597925,True
1,5,17,60,25,0.00188,0,10,0.005,0.025,3819,0,0,0.25346949463210267,True
1,5,18,60,25,0.00188,0,10,0.005,0.025,8458,0,0,0.11563017261764011,True
1,5,19,60,25,0.00188,0,10,0.005,0.025,8290,0,0,0.11809408926417371,True
1,5,20,60,25,0.00188,0,10,0.005,0.025,8106,0,0,0.12065136935603257,True
1,5,21,60,25,0.00188,0,10,0.005,0.025,7907,0,0,0.12305552042493993,True
1,5,22,60,25,0.00188,0,10,0.005,0.025,7695,0,0,0.12748538011695906,True
1,5,23,60,25,0.00188,0,10,0.005,0.025,7499,0,0,0.13161754900653422,True
1,5,24,60,25,0.00188,0,10,0.005,0.025,7312,0,0,0.1363512035010941,True
1,5,25,60,25,0.00188,0,10,0.005,0.025,7187,0,0,0.1401140948935578,True
1,5,26,60,25,0.00188,0,10,0.005,0.025,7000,0,0,0.14342857142857143,True
1,5,27,60,25,0.00188,0,10,0.005,0.025,6814,0,0,0.14822424420311126,True
1,5,28,60,25,0.00188,0,10,0.005,0.025,6684,0,0,0.1497606223818073,True
1,5,29,60,25,0.00188,0,10,0.005,0.025,6553,0,0,0.1532122691896841,True
1,5,30,60,25,0.00188,0,10,0.005,0.025,6415,0,0,0.1558846453624318,True
1,5,31,60,25,0.00188,0,10,0.005,0.025,6287,0,0,0.1603308414188007,True
1,5,32,60,25,0.00188,0,10,0.005,0.025,6110,0,0,0.1630114566284779,True
1,5,33,60,25,0.00188,0,10,0.005,0.025,5951,0,0,0.16652663417912955,True
1,5,34,60,25,0.00188,0,10,0.005,0.025,5802,0,0,0.16873491899345053,True
1,5,35,60,25,0.00188,0,10,0.005,0.025,5685,0,0,0.17291116974494283,True
1,5,36,60,25,0.00188,0,10,0.005,0.025,5560,0,0,0.17428057553956836,True
1,5,37,60,25,0.00188,0,10,0.005,0.025,5435,0,0,0.17773689052437902,True
1,5,38,60,25,0.00188,0,10,0.005,0.025,5361,0,0,0.1800037306472673,True
1,5,39,60,25,0.00188,0,10,0.005,0.025,5282,0,0,0.18364255963650133,True
1,5,40,60,25,0.00188,0,10,0.005,0.025,5209,0,0,0.18640813975811096,True
1,5,41,60,25,0.00188,0,10,0.005,0.025,5810,0,0,0.24543889845094666,True
1,5,42,60,25,0.00188,0,10,0.005,0.025,5780,0,0,0.2453287197231834,True
1,5,43,60,25,0.00188,0,10,0.005,0.025,5693,0,0,0.24732127173722115,True
1,5,44,60,25,0.00188,0,10,0.005,0.025,5611,0,0,0.24986633398681163,True
1,5,45,60,25,0.00188,0,10,0.005,0.025,5573,0,0,0.2512111968419164,True
1,5,46,60,25,0.00188,0,10,0.005,0.025,5143,0,0,0.22360489986389268,True
1,5,47,60,25,0.00188,0,10,0.005,0.025,5011,0,0,0.2149271602474556,True
1,5,48,60,25,0.00188,0,10,0.005,0.025,4948,0,0,0.21523848019401778,True
1,5,49,60,25,0.00188,0,10,0.005,0.025,4890,0,0,0.21697341513292434,True
1,5,50,60,25,0.00188,0,10,0.005,0.025,4833,0,0,0.21829091661493896,True
1,5,51,60,25,0.00188,0,10,0.005,0.025,4779,0,0,0.22054823184766686,True
1,5,52,60,25,0.00188,0,10,0.005,0.025,4716,0,0,0.2222222222222222,True
1,6,1,60,25,0.00188,0,10,0.005,0.025,4674,0,0,0.22528883183568676,True
1,6,2,60,25,0.00188,0,10,0.005,0.025,4597,0,0,0.22753969980422015,True
1,6,3,60,25,0.00188,0,10,0.005,0.025,4551,0,0,0.22918039991210723,True
1,6,4,60,25,0.00188,0,10,0.005,0.025,4503,0,0,0.23006884299355984,True
1,6,5,60,25,0.00188,0,10,0.005,0.025,4443,0,0,0.23340085527796534,True
1,6,6,60,25,0.00188,0,10,0.005,0.025,4376,0,0,0.2340036563071298,True
1,6,7,60,25,0.00188,0,10,0.005,0.025,4317,0,0,0.23558026407227242,True
1,6,8,60,25,0.00188,0,10,0.005,0.025,4249,0,0,0.23864438691456813,True
1,6,9,60,25,0.00188,0,10,0.005,0.025,4194,0,0,0.24153552694325225,True
1,6,10,60,25,0.00188,0,10,0.005,0.025,4132,0,0,0.24056147144240078,True
1,6,11,60,25,0.00188,0,10,0.005,0.025,4098,0,0,0.2449975597852611,True
1,6,12,60,25,0.00188,0,10,0.005,0.025,4032,0,0,0.24702380952380953,True
1,6,13,60,25,0.00188,0,10,0.005,0.025,3982,0,0,0.25037669512807637,True
1,6,14,60,25,0.00188,0,10,0.005,0.025,3925,0,0,0.2529936305732484,True
1,6,15,60,25,0.00188,0,10,0.005,0.025,3892,0,0,0.2551387461459404,True
1,6,16,60,25,0.00188,0,10,0.005,0.025,3854,0,0,0.25739491437467565,True
1,6,17,60,25,0.00188,0,10,0.005,0.025,3819,0,0,0.25896831631317097,True
1,6,18,60,25,0.00188,0,10,0.005,0.025,8360,0,0,0.11889952153110048,True
1,6,19,60,25,0.00188,0,10,0.005,0.025,8184,0,0,0.12206744868035191,True
1,6,20,60,25,0.00188,0,10,0.005,0.025,7971,0,0,0.1268347760632292,True
1,6,21,60,25,0.00188,0,10,0.005,0.025,7799,0,0,0.12911911783561994,True
1,6,22,60,25,0.00188,0,10,0.005,0.025,7599,0,0,0.13225424397947097,True
1,6,23,60,25,0.00188,0,10,0.005,0.025,7420,0,0,0.1353099730458221,True
1,6,24,60,25,0.00188,0,10,0.005,0.025,7255,0,0,0.13880082701585114,True
1,6,25,60,25,0.00188,0,10,0.005,0.025,7095,0,0,0.1427766032417195,True
1,6,26,60,25,0.00188,0,10,0.005,0.025,6900,0,0,0.1455072463768116,True
1,6,27,60,25,0.00188,0,10,0.005,0.025,6694,0,0,0.14938751120406335,True
1,6,28,60,25,0.00188,0,10,0.005,0.025,6548,0,0,0.1513439218081857,True
1,6,29,60,25,0.00188,0,10,0.005,0.025,6422,0,0,0.1543132980379944,True
1,6,30,60,25,0.00188,0,10,0.005,0.025,6306,0,0,0.15715191880748494,True
1,6,31,60,25,0.00188,0,10,0.005,0.025,6170,0,0,0.16094003241491087,True
1,6,32,60,25,0.00188,0,10,0.005,0.025,6051,0,0,0.16393984465377623,True
1,6,33,60,25,0.00188,0,10,0.005,0.025,5916,0,0,0.1678498985801217,True
1,6,34,60,25,0.00188,0,10,0.005,0.025,5801,0,0,0.169970694707809,True
1,6,35,60,25,0.00188,0,10,0.005,0.025,5650,0,0,0.17380530973451327,True
1,6,36,60,25,0.00188,0,10,0.005,0.025,5541,0,0,0.1774048005775131,True
1,6,37,60,25,0.00188,0,10,0.005,0.025,5409,0,0,0.17970049916805325,True
1,6,38,60,25,0.00188,0,10,0.005,0.025,5333,0,0,0.18301143821488844,True
1,6,39,60,25,0.00188,0,10,0.005,0.025,5257,0,0,0.18584744150656268,True
1,6,40,60,25,0.00188,0,10,0.005,0.025,5178,0,0,0.18984163769795287,True
1,6,41,60,25,0.00188,0,10,0.005,0.025,5747,0,0,0.2425613363493997,True
1,6,42,60,25,0.00188,0,10,0.005,0.025,5785,0,0,0.2513396715643907,True
1,6,43,60,25,0.00188,0,10,0.005,0.025,5741,0,0,0.2546594669918133,True
1,6,44,60,25,0.00188,0,10,0.005,0.025,5664,0,0,0.2510593220338983,True
1,6,45,60,25,0.00188,0,10,0.005,0.025,5643,0,0,0.2555378344852029,True
1,6,46,60,25,0.00188,0,10,0.005,0.025,5169,0,0,0.2249951634745599,True
1,6,47,60,25,0.00188,0,10,0.005,0.025,5014,0,0,0.2177901874750698,True
1,6,48,60,25,0.00188,0,10,0.005,0.025,4918,0,0,0.2167547783651891,True
1,6,49,60,25,0.00188,0,10,0.005,0.025,4849,0,0,0.21839554547329346,True
1,6,50,60,25,0.00188,0,10,0.005,0.025,4780,0,0,0.2198744769874477,True
1,6,51,60,25,0.00188,0,10,0.005,0.025,4719,0,0,0.22144522144522144,True
1,6,52,60,25,0.00188,0,10,0.005,0.025,4646,0,0,0.22298751614291865,True
1,7,1,60,25,0.00188,0,10,0.005,0.025,4596,0,0,0.22410791993037424,True
1,7,2,60,25,0.00188,0,10,0.005,0.025,4550,0,0,0.2243956043956044,True
1,7,3,60,25,0.00188,0,10,0.005,0.025,4503,0,0,0.22807017543859648,True
1,7,4,60,25,0.00188,0,10,0.005,0.025,4451,0,0,0.22826331161536734,True
1,7,5,60,25,0.00188,0,10,0.005,0.025,4404,0,0,0.22842870118074476,True
1,7,6,60,25,0.00188,0,10,0.005,0.025,4332,0,0,0.23084025854108955,True
1,7,7,60,25,0.00188,0,10,0.005,0.025,4275,0,0,0.23157894736842105,True
1,7,8,60,25,0.00188,0,10,0.005,0.025,4221,0,0,0.23312011371712865,True
1,7,9,60,25,0.00188,0,10,0.005,0.025,4173,0,0,0.2350826743350108,True
1,7,10,60,25,0.00188,0,10,0.005,0.025,4113,0,0,0.2387551665451009,True
1,7,11,60,25,0.00188,0,10,0.005,0.025,4065,0,0,0.24206642066420664,True
1,7,12,60,25,0.00188,0,10,0.005,0.025,4006,0,0,0.2433849226160759,True
1,7,13,60,25,0.00188,0,10,0.005,0.025,3962,0,0,0.24432104997476023,True
1,7,14,60,25,0.00188,0,10,0.005,0.025,3904,0,0,0.24820696721311475,True
1,7,15,60,25,0.00188,0,10,0.005,0.025,3863,0,0,0.2492881180429718,True
1,7,16,60,25,0.00188,0,10,0.005,0.025,3810,0,0,0.25065616797900264,True
1,7,17,60,25,0.00188,0,10,0.005,0.025,3766,0,0,0.25172596919808815,True
1,7,18,60,25,0.00188,0,10,0.005,0.025,8360,0,0,0.11375598086124401,True
1,7,19,60,25,0.00188,0,10,0.005,0.025,8205,0,0,0.11651432053625838,True
1,7,20,60,25,0.00188,0,10,0.005,0.025,8021,0,0,0.11943647924198977,True
1,7,21,60,25,0.00188,0,10,0.005,0.025,7837,0,0,0.1217302539236953,True
1,7,22,60,25,0.00188,0,10,0.005,0.025,7642,0,0,0.12483643025386025,True
1,7,23,60,25,0.00188,0,10,0.005,0.025,7462,0,0,0.12784776199410347,True
1,7,24,60,25,0.00188,0,10,0.005,0.025,7298,0,0,0.13058372156755274,True
1,7,25,60,25,0.00188,0,10,0.005,0.025,7119,0,0,0.1341480545020368,True
1,7,26,60,25,0.00188,0,10,0.005,0.025,6958,0,0,0.1371083644725496,True
1,7,27,60,25,0.00188,0,10,0.005,0.025,6796,0,0,0.1403766921718658,True
1,7,28,60,25,0.00188,0,10,0.005,0.025,6605,0,0,0.1441332323996972,True
1,7,29,60,25,0.00188,0,10,0.005,0.025,6493,0,0,0.14661943631603266,True
1,7,30,60,25,0.00188,0,10,0.005,0.025,6352,0,0,0.14987405541561713,True
1,7,31,60,25,0.00188,0,10,0.005,0.025,6158,0,0,0.15313413445924,True
1,7,32,60,25,0.00188,0,10,0.005,0.025,6018,0,0,0.15702891326021934,True
1,7,33,60,25,0.00188,0,10,0.005,0.025,5871,0,0,0.1599386816555953,True
1,7,34,60,25,0.00188,0,10,0.005,0.025,5728,0,0,0.16201117318435754,True
1,7,35,60,25,0.00188,0,10,0.005,0.025,5575,0,0,0.16573991031390134,True
1,7,36,60,25,0.00188,0,10,0.005,0.025,5463,0,0,0.17005308438586858,True
1,7,37,60,25,0.00188,0,10,0.005,0.025,5349,0,0,0.17405122452794916,True
1,7,38,60,25,0.00188,0,10,0.005,0.025,5272,0,0,0.17678300455235205,True
1,7,39,60,25,0.00188,0,10,0.005,0.025,5216,0,0,0.17925613496932516,True
1,7,40,60,25,0.00188,0,10,0.005,0.025,5148,0,0,0.18181818181818182,True
1,7,41,60,25,0.00188,0,10,0.005,0.025,5822,0,0,0.2368601855032635,True
1,7,42,60,25,0.00188,0,10,0.005,0.025,5834,0,0,0.24528625299965717,True
1,7,43,60,25,0.00188,0,10,0.005,0.025,5764,0,0,0.24514226231783484,True
1,7,44,60,25,0.00188,0,10,0.005,0.025,5709,0,0,0.2443510246978455,True
1,7,45,60,25,0.00188,0,10,0.005,0.025,5625,0,0,0.24284444444444445,True
1,7,46,60,25,0.00188,0,10,0.005,0.025,5185,0,0,0.21967213114754097,True
1,7,47,60,25,0.00188,0,10,0.005,0.025,5011,0,0,0.21213330672520456,True
1,7,48,60,25,0.00188,0,10,0.005,0.025,4918,0,0,0.21085807238714924,True
1,7,49,60,25,0.00188,0,10,0.005,0.025,4858,0,0,0.2099629477151091,True
1,7,50,60,25,0.00188,0,10,0.005,0.025,4800,0,0,0.210625,True
1,7,51,60,25,0.00188,0,10,0.005,0.025,4731,0,0,0.2134855210314944,True
1,7,52,60,25,0.00188,0,10,0.005,0.025,4681,0,0,0.217474898525956,True
1,8,1,60,25,0.00188,0,10,0.005,0.025,4620,0,0,0.21774891774891775,True
1,8,2,60,25,0.00188,0,10,0.005,0.025,4569,0,0,0.22083606916174217,True
1,8,3,60,25,0.00188,0,10,0.005,0.025,4511,0,0,0.22145865661715805,True
1,8,4,60,25,0.00188,0,10,0.005,0.025,4467,0,0,0.2238638907544213,True
1,8,5,60,25,0.00188,0,10,0.005,0.025,4412,0,0,0.22620126926563916,True
1,8,6,60,25,0.00188,0,10,0.005,0.025,4346,0,0,0.22894615738610216,True
1,8,7,60,25,0.00188,0,10,0.005,0.025,4292,0,0,0.22949673811742777,True
1,8,8,60,25,0.00188,0,10,0.005,0.025,4248,0,0,0.2318738229755179,True
1,8,9,60,25,0.00188,0,10,0.005,0.025,4185,0,0,0.23440860215053763,True
1,8,10,60,25,0.00188,0,10,0.005,0.025,4125,0,0,0.23563636363636364,True
1,8,11,60,25,0.00188,0,10,0.005,0.025,4072,0,0,0.2387033398821218,True
1,8,12,60,25,0.00188,0,10,0.005,0.025,4017,0,0,0.2417226786158825,True
1,8,13,60,25,0.00188,0,10,0.005,0.025,3980,0,0,0.24447236180904522,True
1,8,14,60,25,0.00188,0,10,0.005,0.025,3933,0,0,0.2471395881006865,True
1,8,15,60,25,0.00188,0,10,0.005,0.025,3886,0,0,0.2498713329902213,True
1,8,16,60,25,0.00188,0,10,0.005,0.025,3846,0,0,0.25273010920436817,True
1,8,17,60,25,0.00188,0,10,0.005,0.025,3805,0,0,0.2554533508541393,True
1,8,18,60,25,0.00188,0,10,0.005,0.025,8622,0,0,0.11331477615402459,True
1,8,19,60,25,0.00188,0,10,0.005,0.025,8453,0,0,0.11593517094522654,True
1,8,20,60,25,0.00188,0,10,0.005,0.025,8255,0,0,0.11956390066626287,True
1,8,21,60,25,0.00188,0,10,0.005,0.025,8059,0,0,0.12346444968358357,True
1,8,22,60,25,0.00188,0,10,0.005,0.025,7904,0,0,0.1262651821862348,True
1,8,23,60,25,0.00188,0,10,0.005,0.025,7718,0,0,0.13034464887276498,True
1,8,24,60,25,0.00188,0,10,0.005,0.025,7521,0,0,0.13335992554181625,True
1,8,25,60,25,0.00188,0,10,0.005,0.025,7368,0,0,0.13667209554831705,True
1,8,26,60,25,0.00188,0,10,0.005,0.025,7199,0,0,0.13988053896374497,True
1,8,27,60,25,0.00188,0,10,0.005,0.025,7069,0,0,0.14330173999151224,True
1,8,28,60,25,0.00188,0,10,0.005,0.025,6914,0,0,0.14622505062192653,True
1,8,29,60,25,0.00188,0,10,0.005,0.025,6752,0,0,0.14928909952606634,True
1,8,30,60,25,0.00188,0,10,0.005,0.025,6602,0,0,0.15192365949712208,True
1,8,31,60,25,0.00188,0,10,0.005,0.025,6488,0,0,0.15536374845869297,True
1,8,32,60,25,0.00188,0,10,0.005,0.025,6370,0,0,0.15934065934065933,True
1,8,33,60,25,0.00188,0,10,0.005,0.025,6258,0,0,0.16251198465963568,True
1,8,34,60,25,0.00188,0,10,0.005,0.025,6112,0,0,0.1655759162303665,True
1,8,35,60,25,0.00188,0,10,0.005,0.025,5992,0,0,0.1692256341789052,True
1,8,36,60,25,0.00188,0,10,0.005,0.025,5895,0,0,0.17201017811704836,True
1,8,37,60,25,0.00188,0,10,0.005,0.025,5773,0,0,0.17547202494370345,True
1,8,38,60,25,0.00188,0,10,0.005,0.025,5683,0,0,0.17842688720746086,True
1,8,39,60,25,0.00188,0,10,0.005,0.025,5611,0,0,0.17964712172518268,True
1,8,40,60,25,0.00188,0,10,0.005,0.025,5515,0,0,0.18349954669084315,True
1,8,41,60,25,0.00188,0,10,0.005,0.025,6219,0,0,0.24071394114809455,True
1,8,42,60,25,0.00188,0,10,0.005,0.025,6216,0,0,0.24404761904761904,True
1,8,43,60,25,0.00188,0,10,0.005,0.025,6201,0,0,0.2528624415416868,True
1,8,44,60,25,0.00188,0,10,0.005,0.025,6104,0,0,0.2562254259501966,True
1,8,45,60,25,0.00188,0,10,0.005,0.025,6053,0,0,0.25342805220551795,True
1,8,46,60,25,0.00188,0,10,0.005,0.025,5513,0,0,0.2251042989298023,True
1,8,47,60,25,0.00188,0,10,0.005,0.025,5358,0,0,0.21817842478536767,True
1,8,48,60,25,0.00188,0,10,0.005,0.025,5254,0,0,0.21659687856870954,True
1,8,49,60,25,0.00188,0,10,0.005,0.025,5170,0,0,0.21547388781431334,True
1,8,50,60,25,0.00188,0,10,0.005,0.025,5104,0,0,0.21845611285266459,True
1,8,51,60,25,0.00188,0,10,0.005,0.025,5036,0,0,0.22220015885623512,True
1,8,52,60,25,0.00188,0,10,0.005,0.025,4984,0,0,0.22431781701444622,True
1,9,1,60,25,0.00188,0,10,0.005,0.025,4896,0,0,0.22508169934640523,True
1,9,2,60,25,0.00188,0,10,0.005,0.025,4838,0,0,0.22819346837536172,True
1,9,3,60,25,0.00188,0,10,0.005,0.025,4787,0,0,0.2314602047211197,True
1,9,4,60,25,0.00188,0,10,0.005,0.025,4731,0,0,0.23483407313464383,True
1,9,5,60,25,0.00188,0,10,0.005,0.025,4697,0,0,0.2388758782201405,True
1,9,6,60,25,0.00188,0,10,0.005,0.025,4633,0,0,0.2417440103604576,True
1,9,7,60,25,0.00188,0,10,0.005,0.025,4600,0,0,0.24347826086956523,True
1,9,8,60,25,0.00188,0,10,0.005,0.025,4549,0,0,0.24400967245548472,True
1,9,9,60,25,0.00188,0,10,0.005,0.025,4491,0,0,0.2467156535292808,True
1,9,10,60,25,0.00188,0,10,0.005,0.025,4444,0,0,0.24932493249324933,True
1,9,11,60,25,0.00188,0,10,0.005,0.025,4384,0,0,0.25136861313868614,True
1,9,12,60,25,0.00188,0,10,0.005,0.025,4329,0,0,0.2541002541002541,True
1,9,13,60,25,0.00188,0,10,0.005,0.025,4274,0,0,0.25549836218998595,True
1,9,14,60,25,0.00188,0,10,0.005,0.025,4221,0,0,0.25823264629234777,True
1,9,15,60,25,0.00188,0,10,0.005,0.025,4180,0,0,0.2602870813397129,True
1,9,16,60,25,0.00188,0,10,0.005,0.025,4134,0,0,0.26197387518142234,True
1,9,17,60,25,0.00188,0,10,0.005,0.025,4082,0,0,0.26482116609505146,True
1,9,18,60,25,0.00188,0,10,0.005,0.025,8812,0,0,0.11370857921016796,True
1,9,19,60,25,0.00188,0,10,0.005,0.025,8660,0,0,0.11685912240184758,True
1,9,20,60,25,0.00188,0,10,0.005,0.025,8511,0,0,0.12031488661731876,True
1,9,21,60,25,0.00188,0,10,0.005,0.025,8331,0,0,0.12315448325531149,True
1,9,22,60,25,0.00188,0,10,0.005,0.025,8106,0,0,0.12706637058968664,True
1,9,23,60,25,0.00188,0,10,0.005,0.025,7921,0,0,0.13053907334932457,True
1,9,24,60,25,0.00188,0,10,0.005,0.025,7736,0,0,0.13391933815925544,True
1,9,25,60,25,0.00188,0,10,0.005,0.025,7537,0,0,0.13798593604882578,True
1,9,26,60,25,0.00188,0,10,0.005,0.025,7304,0,0,0.14129244249726178,True
1,9,27,60,25,0.00188,0,10,0.005,0.025,7114,0,0,0.14633117795895417,True
1,9,28,60,25,0.00188,0,10,0.005,0.025,6965,0,0,0.15003589375448673,True
1,9,29,60,25,0.00188,0,10,0.005,0.025,6819,0,0,0.15310162780466344,True
1,9,30,60,25,0.00188,0,10,0.005,0.025,6695,0,0,0.15698282300224048,True
1,9,31,60,25,0.00188,0,10,0.005,0.025,6564,0,0,0.16042047531992687,True
1,9,32,60,25,0.00188,0,10,0.005,0.025,6426,0,0,0.16355431061313414,True
1,9,33,60,25,0.00188,0,10,0.005,0.025,6284,0,0,0.16740929344366645,True
1,9,34,60,25,0.00188,0,10,0.005,0.025,6155,0,0,0.17010560519902518,True
1,9,35,60,25,0.00188,0,10,0.005,0.025,5996,0,0,0.17511674449633088,True
1,9,36,60,25,0.00188,0,10,0.005,0.025,5887,0,0,0.1780193647018855,True
1,9,37,60,25,0.00188,0,10,0.005,0.025,5793,0,0,0.18125323666494045,True
1,9,38,60,25,0.00188,0,10,0.005,0.025,5703,0,0,0.1841136244082062,True
1,9,39,60,25,0.00188,0,10,0.005,0.025,5627,0,0,0.18535631775368758,True
1,9,40,60,25,0.00188,0,10,0.005,0.025,5547,0,0,0.18857039841355688,True
1,9,41,60,25,0.00188,0,10,0.005,0.025,6284,0,0,0.2503182686187142,True
1,9,42,60,25,0.00188,0,10,0.005,0.025,6302,0,0,0.256902570612504,True
1,9,43,60,25,0.00188,0,10,0.005,0.025,6217,0,0,0.25285507479491715,True
1,9,44,60,25,0.00188,0,10,0.005,0.025,6133,0,0,0.2605576390021197,True
1,9,45,60,25,0.00188,0,10,0.005,0.025,6032,0,0,0.25862068965517243,True
1,9,46,60,25,0.00188,0,10,0.005,0.025,5483,0,0,0.22505927412000729,True
1,9,47,60,25,0.00188,0,10,0.005,0.025,5321,0,0,0.21875587295621124,True
1,9,48,60,25,0.00188,0,10,0.005,0.025,5225,0,0,0.21913875598086124,True
1,9,49,60,25,0.00188,0,10,0.005,0.025,5129,0,0,0.21758627412751025,True
1,9,50,60,25,0.00188,0,10,0.005,0.025,5074,0,0,0.21935356720536067,True
1,9,51,60,25,0.00188,0,10,0.005,0.025,5011,0,0,0.21971662342845738,True
1,9,52,60,25,0.00188,0,10,0.005,0.025,4949,0,0,0.22065063649222066,True
1,10,1,60,25,0.00188,0,10,0.005,0.025,4885,0,0,0.22313203684749233,True
1,10,2,60,25,0.00188,0,10,0.005,0.025,4827,0,0,0.2258131344520406,True
1,10,3,60,25,0.00188,0,10,0.005,0.025,4762,0,0,0.2261654766904662,True
1,10,4,60,25,0.00188,0,10,0.005,0.025,4707,0,0,0.22817080943275972,True
1,10,5,60,25,0.00188,0,10,0.005,0.025,4658,0,0,0.23057106054100474,True
1,10,6,60,25,0.00188,0,10,0.005,0.025,4613,0,0,0.23260351181443745,True
1,10,7,60,25,0.00188,0,10,0.005,0.025,4563,0,0,0.23449484987946526,True
1,10,8,60,25,0.00188,0,10,0.005,0.025,4500,0,0,0.23866666666666667,True
1,10,9,60,25,0.00188,0,10,0.005,0.025,4454,0,0,0.24113156713066905,True
1,10,10,60,25,0.00188,0,10,0.005,0.025,4411,0,0,0.243708909544321,True
1,10,11,60,25,0.00188,0,10,0.005,0.025,4369,0,0,0.2460517280842298,True
1,10,12,60,25,0.00188,0,10,0.005,0.025,4317,0,0,0.24855223534862173,True
1,10,13,60,25,0.00188,0,10,0.005,0.025,4275,0,0,0.2509941520467836,True
1,10,14,60,25,0.00188,0,10,0.005,0.025,4225,0,0,0.2539644970414201,True
1,10,15,60,25,0.00188,0,10,0.005,0.025,4183,0,0,0.2565144633038489,True
1,10,16,60,25,0.00188,0,10,0.005,0.025,4137,0,0,0.26057529610829105,True
1,10,17,60,25,0.00188,0,10,0.005,0.025,4098,0,0,0.26110297706198143,True
1,10,18,60,25,0.00188,0,10,0.005,0.025,8901,0,0,0.11189753960229187,True
1,10,19,60,25,0.00188,0,10,0.005,0.025,8740,0,0,0.11441647597254005,True
1,10,20,60,25,0.00188,0,10,0.005,0.025,8525,0,0,0.11847507331378299,True
1,10,21,60,25,0.00188,0,10,0.005,0.025,8363,0,0,0.12160707879947387,True
1,10,22,60,25,0.00188,0,10,0.005,0.025,8177,0,0,0.12474012474012475,True
1,10,23,60,25,0.00188,0,10,0.005,0.025,7987,0,0,0.12695630399399024,True
1,10,24,60,25,0.00188,0,10,0.005,0.025,7824,0,0,0.13049591002044988,True
1,10,25,60,25,0.00188,0,10,0.005,0.025,7654,0,0,0.13313300235171152,True
1,10,26,60,25,0.00188,0,10,0.005,0.025,7488,0,0,0.13701923076923078,True
1,10,27,60,25,0.00188,0,10,0.005,0.025,7299,0,0,0.1391971502945609,True
1,10,28,60,25,0.00188,0,10,0.005,0.025,7151,0,0,0.14221787162634597,True
1,10,29,60,25,0.00188,0,10,0.005,0.025,7024,0,0,0.14578587699316628,True
1,10,30,60,25,0.00188,0,10,0.005,0.025,6827,0,0,0.14955324447048485,True
1,10,31,60,25,0.00188,0,10,0.005,0.025,6673,0,0,0.15375393376292523,True
1,10,32,60,25,0.00188,0,10,0.005,0.025,6513,0,0,0.1566098572086596,True
1,10,33,60,25,0.00188,0,10,0.005,0.025,6364,0,0,0.1596480201131364,True
1,10,34,60,25,0.00188,0,10,0.005,0.025,6195,0,0,0.162227602905569,True
1,10,35,60,25,0.00188,0,10,0.005,0.025,6054,0,0,0.16501486620416253,True
1,10,36,60,25,0.00188,0,10,0.005,0.025,5961,0,0,0.16742157356148296,True
1,10,37,60,25,0.00188,0,10,0.005,0.025,5830,0,0,0.17015437392795885,True
1,10,38,60,25,0.00188,0,10,0.005,0.025,5743,0,0,0.17255789656973708,True
1,10,39,60,25,0.00188,0,10,0.005,0.025,5657,0,0,0.17535796358493902,True
1,10,40,60,25,0.00188,0,10,0.005,0.025,5583,0,0,0.17786136485760343,True
1,10,41,60,25,0.00188,0,10,0.005,0.025,6321,0,0,0.2406264831514001,True
1,10,42,60,25,0.00188,0,10,0.005,0.025,6359,0,0,0.24595062116685013,True
1,10,43,60,25,0.00188,0,10,0.005,0.025,6303,0,0,0.2517848643503094,True
1,10,44,60,25,0.00188,0,10,0.005,0.025,6163,0,0,0.25004056466006813,True
1,10,45,60,25,0.00188,0,10,0.005,0.025,6055,0,0,0.24938067712634188,True
1,10,46,60,25,0.00188,0,10,0.005,0.025,5527,0,0,0.2165731861769495,True
1,10,47,60,25,0.00188,0,10,0.005,0.025,5335,0,0,0.20955951265229616,True
1,10,48,60,25,0.00188,0,10,0.005,0.025,5245,0,0,0.21048617731172545,True
1,10,49,60,25,0.00188,0,10,0.005,0.025,5148,0,0,0.21173271173271174,True
1,10,50,60,25,0.00188,0,10,0.005,0.025,5073,0,0,0.20973782771535582,True
1,10,51,60,25,0.00188,0,10,0.005,0.025,5009,0,0,0.21341585146735875,True
1,10,52,60,25,0.00188,0,10,0.005,0.025,4947,0,0,0.21568627450980393,True
1,11,1,60,25,0.00188,0,10,0.005,0.025,4873,0,0,0.21855120049250976,True
1,11,2,60,25,0.00188,0,10,0.005,0.025,4821,0,0,0.22049367351171956,True
1,11,3,60,25,0.00188,0,10,0.005,0.025,4792,0,0,0.22328881469115192,True
1,11,4,60,25,0.00188,0,10,0.005,0.025,4737,0,0,0.22524804728731265,True
1,11,5,60,25,0.00188,0,10,0.005,0.025,4692,0,0,0.22783461210571185,True
1,11,6,60,25,0.00188,0,10,0.005,0.025,4631,0,0,0.23018786439213992,True
1,11,7,60,25,0.00188,0,10,0.005,0.025,4579,0,0,0.23149159205066608,True
1,11,8,60,25,0.00188,0,10,0.005,0.025,4529,0,0,0.23470964892912344,True
1,11,9,60,25,0.00188,0,10,0.005,0.025,4468,0,0,0.2374664279319606,True
1,11,10,60,25,0.00188,0,10,0.005,0.025,4429,0,0,0.23955746218107926,True
1,11,11,60,25,0.00188,0,10,0.005,0.025,4370,0,0,0.240045766590389,True
1,11,12,60,25,0.00188,0,10,0.005,0.025,4320,0,0,0.2439814814814815,True
1,11,13,60,25,0.00188,0,10,0.005,0.025,4261,0,0,0.24571696784792302,True
1,11,14,60,25,0.00188,0,10,0.005,0.025,4208,0,0,0.24809885931558937,True
1,11,15,60,25,0.00188,0,10,0.005,0.025,4163,0,0,0.24861878453038674,True
1,11,16,60,25,0.00188,0,10,0.005,0.025,4121,0,0,0.25090997330744963,True
1,11,17,60,25,0.00188,0,10,0.005,0.025,4078,0,0,0.25380088278567925,True
1,11,18,60,25,0.00188,0,10,0.005,0.025,8852,0,0,0.10935381834613647,True
1,11,19,60,25,0.00188,0,10,0.005,0.025,8688,0,0,0.11199355432780847,True
1,11,20,60,25,0.00188,0,10,0.005,0.025,8472,0,0,0.11508498583569406,True
1,11,21,60,25,0.00188,0,10,0.005,0.025,8285,0,0,0.11792395896197948,True
1,11,22,60,25,0.00188,0,10,0.005,0.025,8130,0,0,0.12115621156211562,True
1,11,23,60,25,0.00188,0,10,0.005,0.025,7970,0,0,0.12434127979924718,True
1,11,24,60,25,0.00188,0,10,0.005,0.025,7786,0,0,0.12638068327767787,True
1,11,25,60,25,0.00188,0,10,0.005,0.025,7587,0,0,0.12995914063529723,True
1,11,26,60,25,0.00188,0,10,0.005,0.025,7392,0,0,0.13392857142857142,True
1,11,27,60,25,0.00188,0,10,0.005,0.025,7244,0,0,0.1372170071783545,True
1,11,28,60,25,0.00188,0,10,0.005,0.025,7098,0,0,0.14088475626937166,True
1,11,29,60,25,0.00188,0,10,0.005,0.025,6932,0,0,0.1449798038084247,True
1,11,30,60,25,0.00188,0,10,0.005,0.025,6765,0,0,0.14737620103473761,True
1,11,31,60,25,0.00188,0,10,0.005,0.025,6620,0,0,0.15090634441087614,True
1,11,32,60,25,0.00188,0,10,0.005,0.025,6492,0,0,0.15557609365372765,True
1,11,33,60,25,0.00188,0,10,0.005,0.025,6340,0,0,0.15772870662460567,True
1,11,34,60,25,0.00188,0,10,0.005,0.025,6203,0,0,0.16137352893761084,True
1,11,35,60,25,0.00188,0,10,0.005,0.025,6066,0,0,0.16501813386086384,True
1,11,36,60,25,0.00188,0,10,0.005,0.025,5909,0,0,0.16889490607547808,True
1,11,37,60,25,0.00188,0,10,0.005,0.025,5783,0,0,0.17274770880166004,True
1,11,38,60,25,0.00188,0,10,0.005,0.025,5689,0,0,0.17665670592371244,True
1,11,39,60,25,0.00188,0,10,0.005,0.025,5629,0,0,0.17800675075501865,True
1,11,40,60,25,0.00188,0,10,0.005,0.025,5549,0,0,0.18039286357902326,True
1,11,41,60,25,0.00188,0,10,0.005,0.025,6412,0,0,0.24516531503431066,True
1,11,42,60,25,0.00188,0,10,0.005,0.025,6394,0,0,0.2514857679074132,True
1,11,43,60,25,0.00188,0,10,0.005,0.025,6311,0,0,0.24988115987957535,True
1,11,44,60,25,0.00188,0,10,0.005,0.025,6257,0,0,0.2518778967556337,True
1,11,45,60,25,0.00188,0,10,0.005,0.025,6241,0,0,0.2549270950168242,True
1,11,46,60,25,0.00188,0,10,0.005,0.025,5627,0,0,0.21876666074284698,True
1,11,47,60,25,0.00188,0,10,0.005,0.025,5415,0,0,0.21034164358264082,True
1,11,48,60,25,0.00188,0,10,0.005,0.025,5319,0,0,0.21131791690167326,True
1,11,49,60,25,0.00188,0,10,0.005,0.025,5221,0,0,0.20896380003830684,True
1,11,50,60,25,0.00188,0,10,0.005,0.025,5147,0,0,0.21099669710510977,True
1,11,51,60,25,0.00188,0,10,0.005,0.025,5086,0,0,0.21274085725521039,True
1,11,52,60,25,0.00188,0,10,0.005,0.025,5016,0,0,0.21471291866028708,True
1,1,1,60,25,0.00355,0,10,0.005,0.025,5475,0,0,0.002374429223744292,True
1,1,2,60,25,0.00355,0,10,0.005,0.025,5319,0,0,0.0052641473961270915,True
1,1,3,60,25,0.00355,0,10,0.005,0.025,5214,0,0,0.008438818565400843,True
1,1,4,60,25,0.00355,0,10,0.005,0.025,5111,0,0,0.010369790647622775,True
1,1,5,60,25,0.00355,0,10,0.005,0.025,5017,0,0,0.012557305162447678,True
1,1,6,60,25,0.00355,0,10,0.005,0.025,4937,0,0,0.01377354668827223,True
1,1,7,60,25,0.00355,0,10,0.005,0.025,4878,0,0,0.016810168101681018,True
1,1,8,60,25,0.00355,0,10,0.005,0.025,4794,0,0,0.018564872757613683,True
1,1,9,60,25,0.00355,0,10,0.005,0.025,4705,0,0,0.01891604675876727,True
1,1,10,60,25,0.00355,0,10,0.005,0.025,4624,0,0,0.020761245674740483,True
1,1,11,60,25,0.00355,0,10,0.005,0.025,4540,0,0,0.02356828193832599,True
1,1,12,60,25,0.00355,0,10,0.005,0.025,4494,0,0,0.024699599465954607,True
1,1,13,60,25,0.00355,0,10,0.005,0.025,4403,0,0,0.026118555530320237,True
1,1,14,60,25,0.00355,0,10,0.005,0.025,4355,0,0,0.029161882893226177,True
1,1,15,60,25,0.00355,0,10,0.005,0.025,4310,0,0,0.031090487238979118,True
1,1,16,60,25,0.00355,0,10,0.005,0.025,4234,0,0,0.033301842229570146,True
1,1,17,60,25,0.00355,0,10,0.005,0.025,4166,0,0,0.03456553048487758,True
1,1,18,60,25,0.00355,0,10,0.005,0.025,11946,0,0,0.013812154696132596,True
1,1,19,60,25,0.00355,0,10,0.005,0.025,11562,0,0,0.01617367237502162,True
1,1,20,60,25,0.00355,0,10,0.005,0.025,11277,0,0,0.019242706393544383,True
1,1,21,60,25,0.00355,0,10,0.005,0.025,10927,0,0,0.021231811110094263,True
1,1,22,60,25,0.00355,0,10,0.005,0.025,10612,0,0,0.02289860535243121,True
1,1,23,60,25,0.00355,0,10,0.005,0.025,10340,0,0,0.02437137330754352,True
1,1,24,60,25,0.00355,0,10,0.005,0.025,10050,0,0,0.026169154228855723,True
1,1,25,60,25,0.00355,0,10,0.005,0.025,9816,0,0,0.028219233903830482,True
1,1,26,60,25,0.00355,0,10,0.005,0.025,9566,0,0,0.030733849048714196,True
1,1,27,60,25,0.00355,0,10,0.005,0.025,9363,0,0,0.032254619245968175,True
1,1,28,60,25,0.00355,0,10,0.005,0.025,9111,0,0,0.034354077488749864,True
1,1,29,60,25,0.00355,0,10,0.005,0.025,8739,0,0,0.03696075065797002,True
1,1,30,60,25,0.00355,0,10,0.005,0.025,8538,0,0,0.03911923167018037,True
1,1,31,60,25,0.00355,0,10,0.005,0.025,8309,0,0,0.04212299915754002,True
1,1,32,60,25,0.00355,0,10,0.005,0.025,8084,0,0,0.04490351311232063,True
1,1,33,60,25,0.00355,0,10,0.005,0.025,7886,0,0,0.04755262490489475,True
1,1,34,60,25,0.00355,0,10,0.005,0.025,7659,0,0,0.04922313617965792,True
1,1,35,60,25,0.00355,0,10,0.005,0.025,7438,0,0,0.05189567087926862,True
1,1,36,60,25,0.00355,0,10,0.005,0.025,7283,0,0,0.055471646299601815,True
1,1,37,60,25,0.00355,0,10,0.005,0.025,7091,0,0,0.056973628543223805,True
1,1,38,60,25,0.00355,0,10,0.005,0.025,6957,0,0,0.05979588903262901,True
1,1,39,60,25,0.00355,0,10,0.005,0.025,6849,0,0,0.06103080741714119,True
1,1,40,60,25,0.00355,0,10,0.005,0.025,6734,0,0,0.061330561330561334,True
1,1,41,60,25,0.00355,0,10,0.005,0.025,7119,0,0,0.09313105773282765,True
1,1,42,60,25,0.00355,0,10,0.005,0.025,7005,0,0,0.09878658101356175,True
1,1,43,60,25,0.00355,0,10,0.005,0.025,6870,0,0,0.1,True
1,1,44,60,25,0.00355,0,10,0.005,0.025,6771,0,0,0.10500664599025254,True
1,1,45,60,25,0.00355,0,10,0.005,0.025,6646,0,0,0.10728257598555523,True
1,1,46,60,25,0.00355,0,10,0.005,0.025,6209,0,0,0.09019165727170236,True
1,1,47,60,25,0.00355,0,10,0.005,0.025,6078,0,0,0.0886804870023034,True
1,1,48,60,25,0.00355,0,10,0.005,0.025,5978,0,0,0.0896620943459351,True
1,1,49,60,25,0.00355,0,10,0.005,0.025,5893,0,0,0.09112506363482098,True
1,1,50,60,25,0.00355,0,10,0.005,0.025,5801,0,0,0.09205309429408723,True
1,1,51,60,25,0.00355,0,10,0.005,0.025,5713,0,0,0.09294591283038683,True
1,1,52,60,25,0.00355,0,10,0.005,0.025,5627,0,0,0.09312244535276346,True
1,2,1,60,25,0.00355,0,10,0.005,0.025,5557,7,0,0.09519524923519884,False
1,2,2,60,25,0.00355,0,10,0.005,0.025,5475,7,0,0.09680365296803653,False
1,2,3,60,25,0.00355,0,10,0.005,0.025,5408,7,2,0.09837278106508876,False
1,2,4,60,25,0.00355,0,10,0.005,0.025,5338,10,4,0.1005994754589734,False
1,2,5,60,25,0.00355,0,10,0.005,0.025,5264,9,3,0.10258358662613981,False
1,2,6,60,25,0.00355,0,10,0.005,0.025,5179,7,3,0.10523267039969106,False
1,2,7,60,25,0.00355,0,10,0.005,0.025,5112,7,5,0.10876369327073553,False
1,2,8,60,25,0.00355,0,10,0.005,0.025,5033,6,3,0.10908007152791575,False
1,2,9,60,25,0.00355,0,10,0.005,0.025,4954,5,1,0.11102139685102948,False
1,2,10,60,25,0.00355,0,10,0.005,0.025,4864,4,1,0.11369243421052631,False
1,2,11,60,25,0.00355,0,10,0.005,0.025,4811,6,1,0.1166077738515901,False
1,2,12,60,25,0.00355,0,10,0.005,0.025,4745,5,2,0.11886195995785037,False
1,2,13,60,25,0.00355,0,10,0.005,0.025,4683,5,3,0.11958146487294469,False
1,2,14,60,25,0.00355,0,10,0.005,0.025,4590,5,1,0.12026143790849673,False
1,2,15,60,25,0.00355,0,10,0.005,0.025,4503,4,2,0.12391738840772819,False
1,2,16,60,25,0.00355,0,10,0.005,0.025,4425,4,3,0.12293785310734463,False
1,2,17,60,25,0.00355,0,10,0.005,0.025,4350,2,2,0.1257471264367816,False
1,2,18,60,25,0.00355,0,10,0.005,0.025,8583,1,1,0.06431317721076546,False
1,2,19,60,25,0.00355,0,10,0.005,0.025,8377,0,0,0.06720783096573953,True
1,2,20,60,25,0.00355,0,10,0.005,0.025,8206,0,0,0.06970509383378017,True
1,2,21,60,25,0.00355,0,10,0.005,0.025,7986,0,0,0.07212622088655146,True
1,2,22,60,25,0.00355,0,10,0.005,0.025,7821,0,0,0.0759493670886076,True
1,2,23,60,25,0.00355,0,10,0.005,0.025,7636,0,0,0.07778941854374018,True
1,2,24,60,25,0.00355,0,10,0.005,0.025,7486,0,0,0.08014961261020571,True
1,2,25,60,25,0.00355,0,10,0.005,0.025,7270,0,0,0.08266850068775791,True
1,2,26,60,25,0.00355,0,10,0.005,0.025,7126,0,0,0.08518102722424922,True
1,2,27,60,25,0.00355,0,10,0.005,0.025,7008,0,0,0.08718607305936073,True
1,2,28,60,25,0.00355,0,10,0.005,0.025,6841,0,0,0.09033766993129659,True
1,2,29,60,25,0.00355,0,10,0.005,0.025,6698,0,0,0.09361003284562557,True
1,2,30,60,25,0.00355,0,10,0.005,0.025,6552,0,0,0.09615384615384616,True
1,2,31,60,25,0.00355,0,10,0.005,0.025,6374,0,0,0.09727016002510197,True
1,2,32,60,25,0.00355,0,10,0.005,0.025,6235,0,0,0.0995990376904571,True
1,2,33,60,25,0.00355,0,10,0.005,0.025,6110,0,0,0.10130932896890343,True
1,2,34,60,25,0.00355,0,10,0.005,0.025,5993,0,0,0.10478892040714166,True
1,2,35,60,25,0.00355,0,10,0.005,0.025,5875,0,0,0.1068936170212766,True
1,2,36,60,25,0.00355,0,10,0.005,0.025,5758,0,0,0.11045501910385551,True
1,2,37,60,25,0.00355,0,10,0.005,0.025,5658,0,0,0.11311417462000707,True
1,2,38,60,25,0.00355,0,10,0.005,0.025,5559,0,0,0.11422917790969599,True
1,2,39,60,25,0.00355,0,10,0.005,0.025,5475,0,0,0.11689497716894977,True
1,2,40,60,25,0.00355,0,10,0.005,0.025,5394,0,0,0.11865035224323323,True
1,2,41,60,25,0.00355,0,10,0.005,0.025,5863,0,0,0.1669793621013133,True
1,2,42,60,25,0.00355,0,10,0.005,0.025,5847,0,0,0.1694886266461433,True
1,2,43,60,25,0.00355,0,10,0.005,0.025,5769,0,0,0.1764603917490033,True
1,2,44,60,25,0.00355,0,10,0.005,0.025,5719,0,0,0.18132540653960483,True
1,2,45,60,25,0.00355,0,10,0.005,0.025,5637,0,0,0.1798829164449175,True
1,2,46,60,25,0.00355,0,10,0.005,0.025,5204,0,0,0.15103766333589547,True
1,2,47,60,25,0.00355,0,10,0.005,0.025,5122,0,0,0.14974619289340102,True
1,2,48,60,25,0.00355,0,10,0.005,0.025,5063,0,0,0.1497136085324906,True
1,2,49,60,25,0.00355,0,10,0.005,0.025,4978,0,0,0.15186822016874246,True
1,2,50,60,25,0.00355,0,10,0.005,0.025,4894,0,0,0.15161422149570902,True
1,2,51,60,25,0.00355,0,10,0.005,0.025,4846,0,0,0.15352868345026827,True
1,2,52,60,25,0.00355,0,10,0.005,0.025,4774,0,0,0.15710096355257647,True
1,3,1,60,25,0.00355,0,10,0.005,0.025,4694,0,0,0.1567959096719216,True
1,3,2,60,25,0.00355,0,10,0.005,0.025,4650,0,0,0.16043010752688172,True
1,3,3,60,25,0.00355,0,10,0.005,0.025,4593,0,0,0.16067929457870672,True
1,3,4,60,25,0.00355,0,10,0.005,0.025,4550,0,0,0.16197802197802197,True
1,3,5,60,25,0.00355,0,10,0.005,0.025,4502,0,0,0.16459351399378055,True
1,3,6,60,25,0.00355,0,10,0.005,0.025,4459,0,0,0.16595649248710473,True
1,3,7,60,25,0.00355,0,10,0.005,0.025,4414,0,0,0.16900770276393295,True
1,3,8,60,25,0.00355,0,10,0.005,0.025,4365,0,0,0.1711340206185567,True
1,3,9,60,25,0.00355,0,10,0.005,0.025,4303,0,0,0.174297002091564,True
1,3,10,60,25,0.00355,0,10,0.005,0.025,4261,0,0,0.17789251349448487,True
1,3,11,60,25,0.00355,0,10,0.005,0.025,4214,0,0,0.18130042714760322,True
1,3,12,60,25,0.00355,0,10,0.005,0.025,4157,0,0,0.1828241520327159,True
1,3,13,60,25,0.00355,0,10,0.005,0.025,4112,0,0,0.18531128404669261,True
1,3,14,60,25,0.00355,0,10,0.005,0.025,4062,0,0,0.18660758247168882,True
1,3,15,60,25,0.00355,0,10,0.005,0.025,4027,0,0,0.18847777501862428,True
1,3,16,60,25,0.00355,0,10,0.005,0.025,3978,0,0,0.19130216189039717,True
1,3,17,60,25,0.00355,0,10,0.005,0.025,3945,0,0,0.19340937896070975,True
1,3,18,60,25,0.00355,0,10,0.005,0.025,9390,0,0,0.0825346112886049,True
1,3,19,60,25,0.00355,0,10,0.005,0.025,9191,0,0,0.08497443150908497,True
1,3,20,60,25,0.00355,0,10,0.005,0.025,8972,0,0,0.08682567989300044,True
1,3,21,60,25,0.00355,0,10,0.005,0.025,8772,0,0,0.0899452804377565,True
1,3,22,60,25,0.00355,0,10,0.005,0.025,8545,0,0,0.0930368636629608,True
1,3,23,60,25,0.00355,0,10,0.005,0.025,8365,0,0,0.0958756724447101,True
1,3,24,60,25,0.00355,0,10,0.005,0.025,8151,0,0,0.09925162556741504,True
1,3,25,60,25,0.00355,0,10,0.005,0.025,7927,0,0,0.10104705437113662,True
1,3,26,60,25,0.00355,0,10,0.005,0.025,7771,0,0,0.10410500579076051,True
1,3,27,60,25,0.00355,0,10,0.005,0.025,7519,0,0,0.1061311344593696,True
1,3,28,60,25,0.00355,0,10,0.005,0.025,7331,0,0,0.10912563088255355,True
1,3,29,60,25,0.00355,0,10,0.005,0.025,7171,0,0,0.11197880351415423,True
1,3,30,60,25,0.00355,0,10,0.005,0.025,7010,0,0,0.11398002853067048,True
1,3,31,60,25,0.00355,0,10,0.005,0.025,6837,0,0,0.11701038467163961,True
1,3,32,60,25,0.00355,0,10,0.005,0.025,6705,0,0,0.12184936614466815,True
1,3,33,60,25,0.00355,0,10,0.005,0.025,6580,0,0,0.12522796352583587,True
1,3,34,60,25,0.00355,0,10,0.005,0.025,6422,0,0,0.12862036748676425,True
1,3,35,60,25,0.00355,0,10,0.005,0.025,6239,0,0,0.13319442218304214,True
1,3,36,60,25,0.00355,0,10,0.005,0.025,6101,0,0,0.1368628093755122,True
1,3,37,60,25,0.00355,0,10,0.005,0.025,5958,0,0,0.1383014434373951,True
1,3,38,60,25,0.00355,0,10,0.005,0.025,5874,0,0,0.14061967994552263,True
1,3,39,60,25,0.00355,0,10,0.005,0.025,5771,0,0,0.1408767977820135,True
1,3,40,60,25,0.00355,0,10,0.005,0.025,5698,0,0,0.14373464373464373,True
1,3,41,60,25,0.00355,0,10,0.005,0.025,6215,0,0,0.19404666130329848,True
1,3,42,60,25,0.00355,0,10,0.005,0.025,6201,0,0,0.20190291888405096,True
1,3,43,60,25,0.00355,0,10,0.005,0.025,6113,0,0,0.2028463929330934,True
1,3,44,60,25,0.00355,0,10,0.005,0.025,6052,0,0,0.20703899537343026,True
1,3,45,60,25,0.00355,0,10,0.005,0.025,5952,0,0,0.20766129032258066,True
1,3,46,60,25,0.00355,0,10,0.005,0.025,5519,0,0,0.18427251313643775,True
1,3,47,60,25,0.00355,0,10,0.005,0.025,5368,0,0,0.18070044709388972,True
1,3,48,60,25,0.00355,0,10,0.005,0.025,5273,0,0,0.1797838042859852,True
1,3,49,60,25,0.00355,0,10,0.005,0.025,5194,0,0,0.17963034270311898,True
1,3,50,60,25,0.00355,0,10,0.005,0.025,5107,0,0,0.18112394752300764,True
1,3,51,60,25,0.00355,0,10,0.005,0.025,5035,0,0,0.18411122144985104,True
1,3,52,60,25,0.00355,0,10,0.005,0.025,4968,0,0,0.18538647342995168,True
1,4,1,60,25,0.00355,0,10,0.005,0.025,4905,0,0,0.18837920489296636,True
1,4,2,60,25,0.00355,0,10,0.005,0.025,4842,0,0,0.19083023543990088,True
1,4,3,60,25,0.00355,0,10,0.005,0.025,4790,0,0,0.1941544885177453,True
1,4,4,60,25,0.00355,0,10,0.005,0.025,4740,0,0,0.19556962025316454,True
1,4,5,60,25,0.00355,0,10,0.005,0.025,4688,0,0,0.19859215017064846,True
1,4,6,60,25,0.00355,0,10,0.005,0.025,4634,0,0,0.2013379369874838,True
1,4,7,60,25,0.00355,0,10,0.005,0.025,4576,0,0,0.20148601398601398,True
1,4,8,60,25,0.00355,0,10,0.005,0.025,4525,0,0,0.20441988950276244,True
1,4,9,60,25,0.00355,0,10,0.005,0.025,4477,0,0,0.20638820638820637,True
1,4,10,60,25,0.00355,0,10,0.005,0.025,4425,0,0,0.20926553672316384,True
1,4,11,60,25,0.00355,0,10,0.005,0.025,4364,0,0,0.2115032080659945,True
1,4,12,60,25,0.00355,0,10,0.005,0.025,4324,0,0,0.21345975948196114,True
1,4,13,60,25,0.00355,0,10,0.005,0.025,4269,0,0,0.21527289763410634,True
1,4,14,60,25,0.00355,0,10,0.005,0.025,4210,0,0,0.2178147268408551,True
1,4,15,60,25,0.00355,0,10,0.005,0.025,4164,0,0,0.21853986551392893,True
1,4,16,60,25,0.00355,0,10,0.005,0.025,4112,0,0,0.2193579766536965,True
1,4,17,60,25,0.00355,0,10,0.005,0.025,4058,0,0,0.2220305569245934,True
1,4,18,60,25,0.00355,0,10,0.005,0.025,8875,0,0,0.1016338028169014,True
1,4,19,60,25,0.00355,0,10,0.005,0.025,8739,0,0,0.10493191440668269,True
1,4,20,60,25,0.00355,0,10,0.005,0.025,8577,0,0,0.1074967937507287,True
1,4,21,60,25,0.00355,0,10,0.005,0.025,8390,0,0,0.11108462455303933,True
1,4,22,60,25,0.00355,0,10,0.005,0.025,8186,0,0,0.11360860004886392,True
1,4,23,60,25,0.00355,0,10,0.005,0.025,7995,0,0,0.11607254534083802,True
1,4,24,60,25,0.00355,0,10,0.005,0.025,7813,0,0,0.11852041469345961,True
1,4,25,60,25,0.00355,0,10,0.005,0.025,7611,0,0,0.12258573117855735,True
1,4,26,60,25,0.00355,0,10,0.005,0.025,7377,0,0,0.12633862003524468,True
1,4,27,60,25,0.00355,0,10,0.005,0.025,7197,0,0,0.1290815617618452,True
1,4,28,60,25,0.00355,0,10,0.005,0.025,7013,0,0,0.13303864252103237,True
1,4,29,60,25,0.00355,0,10,0.005,0.025,6844,0,0,0.13617767387492694,True
1,4,30,60,25,0.00355,0,10,0.005,0.025,6674,0,0,0.13904704824692837,True
1,4,31,60,25,0.00355,0,10,0.005,0.025,6520,0,0,0.14202453987730063,True
1,4,32,60,25,0.00355,0,10,0.005,0.025,6352,0,0,0.1445214105793451,True
1,4,33,60,25,0.00355,0,10,0.005,0.025,6247,0,0,0.14759084360493036,True
1,4,34,60,25,0.00355,0,10,0.005,0.025,6087,0,0,0.15114177755873173,True
1,4,35,60,25,0.00355,0,10,0.005,0.025,5948,0,0,0.1558507061197041,True
1,4,36,60,25,0.00355,0,10,0.005,0.025,5800,0,0,0.15862068965517243,True
1,4,37,60,25,0.00355,0,10,0.005,0.025,5686,0,0,0.1625043967639817,True
1,4,38,60,25,0.00355,0,10,0.005,0.025,5597,0,0,0.16544577452206538,True
1,4,39,60,25,0.00355,0,10,0.005,0.025,5518,0,0,0.16799565059804278,True
1,4,40,60,25,0.00355,0,10,0.005,0.025,5449,0,0,0.17085703798862176,True
1,4,41,60,25,0.00355,0,10,0.005,0.025,6064,0,0,0.2262532981530343,True
1,4,42,60,25,0.00355,0,10,0.005,0.025,6051,0,0,0.22954883490332176,True
1,4,43,60,25,0.00355,0,10,0.005,0.025,5978,0,0,0.23770491803278687,True
1,4,44,60,25,0.00355,0,10,0.005,0.025,5881,0,0,0.2365244006121408,True
1,4,45,60,25,0.00355,0,10,0.005,0.025,5808,0,0,0.23536501377410468,True
1,4,46,60,25,0.00355,0,10,0.005,0.025,5323,0,0,0.20777756904001504,True
1,4,47,60,25,0.00355,0,10,0.005,0.025,5209,0,0,0.2048377807640622,True
1,4,48,60,25,0.00355,0,10,0.005,0.025,5150,0,0,0.20466019417475728,True
1,4,49,60,25,0.00355,0,10,0.005,0.025,5052,0,0,0.2058590657165479,True
1,4,50,60,25,0.00355,0,10,0.005,0.025,4987,0,0,0.20693803890114298,True
1,4,51,60,25,0.00355,0,10,0.005,0.025,4923,0,0,0.21084704448507008,True
1,4,52,60,25,0.00355,0,10,0.005,0.025,4869,0,0,0.21318545902649413,True
1,5,1,60,25,0.00355,0,10,0.005,0.025,4804,0,0,0.21523730224812657,True
1,5,2,60,25,0.00355,0,10,0.005,0.025,4747,0,0,0.2165578259953655,True
1,5,3,60,25,0.00355,0,10,0.005,0.025,4690,0,0,0.21812366737739872,True
1,5,4,60,25,0.00355,0,10,0.005,0.025,4635,0,0,0.2202804746494067,True
1,5,5,60,25,0.00355,0,10,0.005,0.025,4585,0,0,0.22290076335877862,True
1,5,6,60,25,0.00355,0,10,0.005,0.025,4513,0,0,0.2244626634167959,True
1,5,7,60,25,0.00355,0,10,0.005,0.025,4462,0,0,0.22702823845809053,True
1,5,8,60,25,0.00355,0,10,0.005,0.025,4416,0,0,0.23029891304347827,True
1,5,9,60,25,0.00355,0,10,0.005,0.025,4348,0,0,0.23045078196872126,True
1,5,10,60,25,0.00355,0,10,0.005,0.025,4309,0,0,0.2334648410304015,True
1,5,11,60,25,0.00355,0,10,0.005,0.025,4268,0,0,0.23500468603561386,True
1,5,12,60,25,0.00355,0,10,0.005,0.025,4214,0,0,0.23777883246321785,True
1,5,13,60,25,0.00355,0,10,0.005,0.025,4182,0,0,0.2415112386417982,True
1,5,14,60,25,0.00355,0,10,0.005,0.025,4118,0,0,0.24210781932977174,True
1,5,15,60,25,0.00355,0,10,0.005,0.025,4075,0,0,0.2463803680981595,True
1,5,16,60,25,0.00355,0,10,0.005,0.025,4028,0,0,0.24801390268123139,True
1,5,17,60,25,0.00355,0,10,0.005,0.025,3981,0,0,0.24993720170811354,True
1,5,18,60,25,0.00355,0,10,0.005,0.025,8746,0,0,0.11239423736565286,True
1,5,19,60,25,0.00355,0,10,0.005,0.025,8577,0,0,0.11519179200186545,True
1,5,20,60,25,0.00355,0,10,0.005,0.025,8356,0,0,0.1179990426041168,True
1,5,21,60,25,0.00355,0,10,0.005,0.025,8157,0,0,0.11989702096358955,True
1,5,22,60,25,0.00355,0,10,0.005,0.025,7986,0,0,0.12359128474830954,True
1,5,23,60,25,0.00355,0,10,0.005,0.025,7791,0,0,0.12668463611859837,True
1,5,24,60,25,0.00355,0,10,0.005,0.025,7634,0,0,0.13020696882368352,True
1,5,25,60,25,0.00355,0,10,0.005,0.025,7464,0,0,0.1327706323687031,True
1,5,26,60,25,0.00355,0,10,0.005,0.025,7279,0,0,0.1361450748729221,True
1,5,27,60,25,0.00355,0,10,0.005,0.025,7114,0,0,0.13817824008996346,True
1,5,28,60,25,0.00355,0,10,0.005,0.025,6928,0,0,0.14073325635103925,True
1,5,29,60,25,0.00355,0,10,0.005,0.025,6772,0,0,0.1445658594211459,True
1,5,30,60,25,0.00355,0,10,0.005,0.025,6594,0,0,0.14710342735820442,True
1,5,31,60,25,0.00355,0,10,0.005,0.025,6434,0,0,0.14843021448554555,True
1,5,32,60,25,0.00355,0,10,0.005,0.025,6305,0,0,0.15178429817605074,True
1,5,33,60,25,0.00355,0,10,0.005,0.025,6137,0,0,0.1546358155450546,True
1,5,34,60,25,0.00355,0,10,0.005,0.025,6032,0,0,0.15716180371352786,True
1,5,35,60,25,0.00355,0,10,0.005,0.025,5899,0,0,0.16138328530259366,True
1,5,36,60,25,0.00355,0,10,0.005,0.025,5730,0,0,0.16457242582897033,True
1,5,37,60,25,0.00355,0,10,0.005,0.025,5608,0,0,0.16672610556348075,True
1,5,38,60,25,0.00355,0,10,0.005,0.025,5524,0,0,0.17016654598117306,True
1,5,39,60,25,0.00355,0,10,0.005,0.025,5435,0,0,0.17111315547378106,True
1,5,40,60,25,0.00355,0,10,0.005,0.025,5350,0,0,0.17345794392523364,True
1,5,41,60,25,0.00355,0,10,0.005,0.025,5993,0,0,0.2329384281661939,True
1,5,42,60,25,0.00355,0,10,0.005,0.025,5974,0,0,0.23200535654502846,True
1,5,43,60,25,0.00355,0,10,0.005,0.025,5904,0,0,0.23323170731707318,True
1,5,44,60,25,0.00355,0,10,0.005,0.025,5853,0,0,0.23919357594396037,True
1,5,45,60,25,0.00355,0,10,0.005,0.025,5765,0,0,0.2404163052905464,True
1,5,46,60,25,0.00355,0,10,0.005,0.025,5315,0,0,0.21392285983066792,True
1,5,47,60,25,0.00355,0,10,0.005,0.025,5184,0,0,0.20929783950617284,True
1,5,48,60,25,0.00355,0,10,0.005,0.025,5091,0,0,0.20938911805146337,True
1,5,49,60,25,0.00355,0,10,0.005,0.025,5011,0,0,0.20913989223707843,True
1,5,50,60,25,0.00355,0,10,0.005,0.025,4953,0,0,0.21078134463961234,True
1,5,51,60,25,0.00355,0,10,0.005,0.025,4894,0,0,0.21087045361667348,True
1,5,52,60,25,0.00355,0,10,0.005,0.025,4824,0,0,0.21393034825870647,True
1,6,1,60,25,0.00355,0,10,0.005,0.025,4786,0,0,0.2158378604262432,True
1,6,2,60,25,0.00355,0,10,0.005,0.025,4731,0,0,0.21940393151553583,True
1,6,3,60,25,0.00355,0,10,0.005,0.025,4689,0,0,0.21966304116016208,True
1,6,4,60,25,0.00355,0,10,0.005,0.025,4642,0,0,0.22124084446359327,True
1,6,5,60,25,0.00355,0,10,0.005,0.025,4584,0,0,0.22360383944153578,True
1,6,6,60,25,0.00355,0,10,0.005,0.025,4542,0,0,0.22611184500220166,True
1,6,7,60,25,0.00355,0,10,0.005,0.025,4476,0,0,0.22654155495978553,True
1,6,8,60,25,0.00355,0,10,0.005,0.025,4423,0,0,0.230838797196473,True
1,6,9,60,25,0.00355,0,10,0.005,0.025,4367,0,0,0.23242500572475383,True
1,6,10,60,25,0.00355,0,10,0.005,0.025,4308,0,0,0.23467966573816157,True
1,6,11,60,25,0.00355,0,10,0.005,0.025,4255,0,0,0.23760282021151585,True
1,6,12,60,25,0.00355,0,10,0.005,0.025,4193,0,0,0.24016217505366086,True
1,6,13,60,25,0.00355,0,10,0.005,0.025,4126,0,0,0.24478914202617547,True
1,6,14,60,25,0.00355,0,10,0.005,0.025,4066,0,0,0.24643384161337925,True
1,6,15,60,25,0.00355,0,10,0.005,0.025,4017,0,0,0.25093353248693057,True
1,6,16,60,25,0.00355,0,10,0.005,0.025,3963,0,0,0.25309109260661117,True
1,6,17,60,25,0.00355,0,10,0.005,0.025,3928,0,0,0.2556008146639511,True
1,6,18,60,25,0.00355,0,10,0.005,0.025,8696,0,0,0.11603035878564857,True
1,6,19,60,25,0.00355,0,10,0.005,0.025,8553,0,0,0.11984099146498305,True
1,6,20,60,25,0.00355,0,10,0.005,0.025,8346,0,0,0.12353223100886652,True
1,6,21,60,25,0.00355,0,10,0.005,0.025,8163,0,0,0.1255665809138797,True
1,6,22,60,25,0.00355,0,10,0.005,0.025,7911,0,0,0.12868158260649729,True
1,6,23,60,25,0.00355,0,10,0.005,0.025,7723,0,0,0.1336268289524796,True
1,6,24,60,25,0.00355,0,10,0.005,0.025,7589,0,0,0.13572275662142574,True
1,6,25,60,25,0.00355,0,10,0.005,0.025,7453,0,0,0.13712598953441568,True
1,6,26,60,25,0.00355,0,10,0.005,0.025,7308,0,0,0.13998357963875205,True
1,6,27,60,25,0.00355,0,10,0.005,0.025,7176,0,0,0.14283723522853958,True
1,6,28,60,25,0.00355,0,10,0.005,0.025,6997,0,0,0.14563384307560384,True
1,6,29,60,25,0.00355,0,10,0.005,0.025,6855,0,0,0.14792122538293218,True
1,6,30,60,25,0.00355,0,10,0.005,0.025,6715,0,0,0.15160089352196573,True
1,6,31,60,25,0.00355,0,10,0.005,0.025,6515,0,0,0.15518035303146585,True
1,6,32,60,25,0.00355,0,10,0.005,0.025,6273,0,0,0.15877570540411287,True
1,6,33,60,25,0.00355,0,10,0.005,0.025,6147,0,0,0.16170489669757607,True
1,6,34,60,25,0.00355,0,10,0.005,0.025,5987,0,0,0.16452313345582095,True
1,6,35,60,25,0.00355,0,10,0.005,0.025,5814,0,0,0.16907464740282077,True
1,6,36,60,25,0.00355,0,10,0.005,0.025,5654,0,0,0.17350548284400424,True
1,6,37,60,25,0.00355,0,10,0.005,0.025,5558,0,0,0.17704210147535085,True
1,6,38,60,25,0.00355,0,10,0.005,0.025,5465,0,0,0.17767612076852698,True
1,6,39,60,25,0.00355,0,10,0.005,0.025,5387,0,0,0.18117690736959347,True
1,6,40,60,25,0.00355,0,10,0.005,0.025,5297,0,0,0.18255616386633944,True
1,6,41,60,25,0.00355,0,10,0.005,0.025,5867,0,0,0.23657746718936423,True
1,6,42,60,25,0.00355,0,10,0.005,0.025,5900,0,0,0.25033898305084745,True
1,6,43,60,25,0.00355,0,10,0.005,0.025,5799,0,0,0.24418003103983446,True
1,6,44,60,25,0.00355,0,10,0.005,0.025,5720,0,0,0.24423076923076922,True
1,6,45,60,25,0.00355,0,10,0.005,0.025,5647,0,0,0.2470338232689924,True
1,6,46,60,25,0.00355,0,10,0.005,0.025,5197,0,0,0.22051183375024053,True
1,6,47,60,25,0.00355,0,10,0.005,0.025,5067,0,0,0.21748569173080717,True
1,6,48,60,25,0.00355,0,10,0.005,0.025,4979,0,0,0.21671018276762402,True
1,6,49,60,25,0.00355,0,10,0.005,0.025,4922,0,0,0.21921982933766762,True
1,6,50,60,25,0.00355,0,10,0.005,0.025,4861,0,0,0.2190907220736474,True
1,6,51,60,25,0.00355,0,10,0.005,0.025,4807,0,0,0.2225920532556688,True
1,6,52,60,25,0.00355,0,10,0.005,0.025,4743,0,0,0.2262281256588657,True
1,7,1,60,25,0.00355,0,10,0.005,0.025,4668,0,0,0.2275064267352185,True
1,7,2,60,25,0.00355,0,10,0.005,0.025,4601,0,0,0.23038469897848293,True
1,7,3,60,25,0.00355,0,10,0.005,0.025,4549,0,0,0.2323587601670697,True
1,7,4,60,25,0.00355,0,10,0.005,0.025,4502,0,0,0.2356730342070191,True
1,7,5,60,25,0.00355,0,10,0.005,0.025,4464,0,0,0.23790322580645162,True
1,7,6,60,25,0.00355,0,10,0.005,0.025,4412,0,0,0.23889392565729828,True
1,7,7,60,25,0.00355,0,10,0.005,0.025,4357,0,0,0.2409915079182924,True
1,7,8,60,25,0.00355,0,10,0.005,0.025,4304,0,0,0.2437267657992565,True
1,7,9,60,25,0.00355,0,10,0.005,0.025,4249,0,0,0.24735231819251588,True
1,7,10,60,25,0.00355,0,10,0.005,0.025,4204,0,0,0.25023786869647957,True
1,7,11,60,25,0.00355,0,10,0.005,0.025,4139,0,0,0.2532012563421116,True
1,7,12,60,25,0.00355,0,10,0.005,0.025,4087,0,0,0.2554440910203083,True
1,7,13,60,25,0.00355,0,10,0.005,0.025,4039,0,0,0.2560039613765784,True
1,7,14,60,25,0.00355,0,10,0.005,0.025,4001,0,0,0.26118470382404396,True
1,7,15,60,25,0.00355,0,10,0.005,0.025,3969,0,0,0.26253464348702443,True
1,7,16,60,25,0.00355,0,10,0.005,0.025,3920,0,0,0.2653061224489796,True
1,7,17,60,25,0.00355,0,10,0.005,0.025,3888,0,0,0.268261316872428,True
1,7,18,60,25,0.00355,0,10,0.005,0.025,8739,0,0,0.12026547659915322,True
1,7,19,60,25,0.00355,0,10,0.005,0.025,8588,0,0,0.12307871448532837,True
1,7,20,60,25,0.00355,0,10,0.005,0.025,8402,0,0,0.12508926446084265,True
1,7,21,60,25,0.00355,0,10,0.005,0.025,8146,0,0,0.12963417628283821,True
1,7,22,60,25,0.00355,0,10,0.005,0.025,7963,0,0,0.1339947256059274,True
1,7,23,60,25,0.00355,0,10,0.005,0.025,7767,0,0,0.13634607956740055,True
1,7,24,60,25,0.00355,0,10,0.005,0.025,7600,0,0,0.14078947368421052,True
1,7,25,60,25,0.00355,0,10,0.005,0.025,7439,0,0,0.1446430971904826,True
1,7,26,60,25,0.00355,0,10,0.005,0.025,7250,0,0,0.14951724137931036,True
1,7,27,60,25,0.00355,0,10,0.005,0.025,7076,0,0,0.15319389485585078,True
1,7,28,60,25,0.00355,0,10,0.005,0.025,6882,0,0,0.15693112467306017,True
1,7,29,60,25,0.00355,0,10,0.005,0.025,6678,0,0,0.16112608565438755,True
1,7,30,60,25,0.00355,0,10,0.005,0.025,6520,0,0,0.1647239263803681,True
1,7,31,60,25,0.00355,0,10,0.005,0.025,6368,0,0,0.16834170854271358,True
1,7,32,60,25,0.00355,0,10,0.005,0.025,6245,0,0,0.1710168134507606,True
1,7,33,60,25,0.00355,0,10,0.005,0.025,6146,0,0,0.17474780344939797,True
1,7,34,60,25,0.00355,0,10,0.005,0.025,5985,0,0,0.17761069340016708,True
1,7,35,60,25,0.00355,0,10,0.005,0.025,5875,0,0,0.1807659574468085,True
1,7,36,60,25,0.00355,0,10,0.005,0.025,5747,0,0,0.18305202714459717,True
1,7,37,60,25,0.00355,0,10,0.005,0.025,5612,0,0,0.18799002138275125,True
1,7,38,60,25,0.00355,0,10,0.005,0.025,5523,0,0,0.19101937352887924,True
1,7,39,60,25,0.00355,0,10,0.005,0.025,5446,0,0,0.19482188762394417,True
1,7,40,60,25,0.00355,0,10,0.005,0.025,5352,0,0,0.1961883408071749,True
1,7,41,60,25,0.00355,0,10,0.005,0.025,5969,0,0,0.2472776009381806,True
1,7,42,60,25,0.00355,0,10,0.005,0.025,5899,0,0,0.25377182573317514,True
1,7,43,60,25,0.00355,0,10,0.005,0.025,5845,0,0,0.25919589392643283,True
1,7,44,60,25,0.00355,0,10,0.005,0.025,5765,0,0,0.25897658282740676,True
1,7,45,60,25,0.00355,0,10,0.005,0.025,5650,0,0,0.25557522123893806,True
1,7,46,60,25,0.00355,0,10,0.005,0.025,5190,0,0,0.22890173410404624,True
1,7,47,60,25,0.00355,0,10,0.005,0.025,5062,0,0,0.22718293164757014,True
1,7,48,60,25,0.00355,0,10,0.005,0.025,4967,0,0,0.2250855647271995,True
1,7,49,60,25,0.00355,0,10,0.005,0.025,4896,0,0,0.22834967320261437,True
1,7,50,60,25,0.00355,0,10,0.005,0.025,4835,0,0,0.23061013443640124,True
1,7,51,60,25,0.00355,0,10,0.005,0.025,4780,0,0,0.23347280334728032,True
1,7,52,60,25,0.00355,0,10,0.005,0.025,4728,0,0,0.23413705583756345,True
1,8,1,60,25,0.00355,0,10,0.005,0.025,4681,0,0,0.23862422559282204,True
1,8,2,60,25,0.00355,0,10,0.005,0.025,4632,0,0,0.24050086355785838,True
1,8,3,60,25,0.00355,0,10,0.005,0.025,4574,0,0,0.24223874070835155,True
1,8,4,60,25,0.00355,0,10,0.005,0.025,4512,0,0,0.24601063829787234,True
1,8,5,60,25,0.00355,0,10,0.005,0.025,4444,0,0,0.24707470747074708,True
1,8,6,60,25,0.00355,0,10,0.005,0.025,4408,0,0,0.24886569872958259,True
1,8,7,60,25,0.00355,0,10,0.005,0.025,4342,0,0,0.25149700598802394,True
1,8,8,60,25,0.00355,0,10,0.005,0.025,4292,0,0,0.255358807082945,True
1,8,9,60,25,0.00355,0,10,0.005,0.025,4225,0,0,0.25893491124260354,True
1,8,10,60,25,0.00355,0,10,0.005,0.025,4175,0,0,0.2613173652694611,True
1,8,11,60,25,0.00355,0,10,0.005,0.025,4121,0,0,0.2642562484833778,True
1,8,12,60,25,0.00355,0,10,0.005,0.025,4089,0,0,0.2665688432379555,True
1,8,13,60,25,0.00355,0,10,0.005,0.025,4032,0,0,0.2690972222222222,True
1,8,14,60,25,0.00355,0,10,0.005,0.025,3990,0,0,0.2704260651629073,True
1,8,15,60,25,0.00355,0,10,0.005,0.025,3938,0,0,0.2732351447435246,True
1,8,16,60,25,0.00355,0,10,0.005,0.025,3893,0,0,0.2735679424608271,True
1,8,17,60,25,0.00355,0,10,0.005,0.025,3854,0,0,0.2755578619615983,True
1,8,18,60,25,0.00355,0,10,0.005,0.025,8619,0,0,0.12414433228912868,True
1,8,19,60,25,0.00355,0,10,0.005,0.025,8456,0,0,0.12689214758751183,True
1,8,20,60,25,0.00355,0,10,0.005,0.025,8278,0,0,0.130103889828461,True
1,8,21,60,25,0.00355,0,10,0.005,0.025,8098,0,0,0.13348975055569276,True
1,8,22,60,25,0.00355,0,10,0.005,0.025,7945,0,0,0.1370673379483952,True
1,8,23,60,25,0.00355,0,10,0.005,0.025,7784,0,0,0.1397738951695786,True
1,8,24,60,25,0.00355,0,10,0.005,0.025,7596,0,0,0.14349657714586625,True
1,8,25,60,25,0.00355,0,10,0.005,0.025,7406,0,0,0.14650283553875237,True
1,8,26,60,25,0.00355,0,10,0.005,0.025,7224,0,0,0.14991694352159468,True
1,8,27,60,25,0.00355,0,10,0.005,0.025,7058,0,0,0.15287616888637007,True
1,8,28,60,25,0.00355,0,10,0.005,0.025,6882,0,0,0.15547805870386516,True
1,8,29,60,25,0.00355,0,10,0.005,0.025,6755,0,0,0.15810510732790525,True
1,8,30,60,25,0.00355,0,10,0.005,0.025,6643,0,0,0.1631792864669577,True
1,8,31,60,25,0.00355,0,10,0.005,0.025,6529,0,0,0.16556899984683718,True
1,8,32,60,25,0.00355,0,10,0.005,0.025,6420,0,0,0.167601246105919,True
1,8,33,60,25,0.00355,0,10,0.005,0.025,6263,0,0,0.16972696790675396,True
1,8,34,60,25,0.00355,0,10,0.005,0.025,6133,0,0,0.17250937550953857,True
1,8,35,60,25,0.00355,0,10,0.005,0.025,5989,0,0,0.17565536817498748,True
1,8,36,60,25,0.00355,0,10,0.005,0.025,5844,0,0,0.1798425735797399,True
1,8,37,60,25,0.00355,0,10,0.005,0.025,5711,0,0,0.1826300122570478,True
1,8,38,60,25,0.00355,0,10,0.005,0.025,5637,0,0,0.18662409082845485,True
1,8,39,60,25,0.00355,0,10,0.005,0.025,5569,0,0,0.19069850960675166,True
1,8,40,60,25,0.00355,0,10,0.005,0.025,5486,0,0,0.19212541013488882,True
1,8,41,60,25,0.00355,0,10,0.005,0.025,6149,0,0,0.24361684826801105,True
1,8,42,60,25,0.00355,0,10,0.005,0.025,6124,0,0,0.24967341606792945,True
1,8,43,60,25,0.00355,0,10,0.005,0.025,6023,0,0,0.25269799103436824,True
1,8,44,60,25,0.00355,0,10,0.005,0.025,5950,0,0,0.25495798319327734,True
1,8,45,60,25,0.00355,0,10,0.005,0.025,5851,0,0,0.2577337207314989,True
1,8,46,60,25,0.00355,0,10,0.005,0.025,5402,0,0,0.22676786375416513,True
1,8,47,60,25,0.00355,0,10,0.005,0.025,5258,0,0,0.22556104982883227,True
1,8,48,60,25,0.00355,0,10,0.005,0.025,5170,0,0,0.2276595744680851,True
1,8,49,60,25,0.00355,0,10,0.005,0.025,5110,0,0,0.22876712328767124,True
1,8,50,60,25,0.00355,0,10,0.005,0.025,5029,0,0,0.2320540862994631,True
1,8,51,60,25,0.00355,0,10,0.005,0.025,4959,0,0,0.2351280500100827,True
1,8,52,60,25,0.00355,0,10,0.005,0.025,4879,0,0,0.23611395777823324,True
1,9,1,60,25,0.00355,0,10,0.005,0.025,4837,0,0,0.23775067190407279,True
1,9,2,60,25,0.00355,0,10,0.005,0.025,4786,0,0,0.24300041788549936,True
1,9,3,60,25,0.00355,0,10,0.005,0.025,4736,0,0,0.24429898648648649,True
1,9,4,60,25,0.00355,0,10,0.005,0.025,4679,0,0,0.24663389613165207,True
1,9,5,60,25,0.00355,0,10,0.005,0.025,4604,0,0,0.24804517810599477,True
1,9,6,60,25,0.00355,0,10,0.005,0.025,4568,0,0,0.24956217162872155,True
1,9,7,60,25,0.00355,0,10,0.005,0.025,4512,0,0,0.25177304964539005,True
1,9,8,60,25,0.00355,0,10,0.005,0.025,4474,0,0,0.25413500223513635,True
1,9,9,60,25,0.00355,0,10,0.005,0.025,4416,0,0,0.2583786231884058,True
1,9,10,60,25,0.00355,0,10,0.005,0.025,4370,0,0,0.2613272311212815,True
1,9,11,60,25,0.00355,0,10,0.005,0.025,4321,0,0,0.26243925017357095,True
1,9,12,60,25,0.00355,0,10,0.005,0.025,4278,0,0,0.26390836839644694,True
1,9,13,60,25,0.00355,0,10,0.005,0.025,4232,0,0,0.26724952741020797,True
1,9,14,60,25,0.00355,0,10,0.005,0.025,4183,0,0,0.26870666985417163,True
1,9,15,60,25,0.00355,0,10,0.005,0.025,4148,0,0,0.2707328833172613,True
1,9,16,60,25,0.00355,0,10,0.005,0.025,4094,0,0,0.27259404005862237,True
1,9,17,60,25,0.00355,0,10,0.005,0.025,4056,0,0,0.27638067061143984,True
1,9,18,60,25,0.00355,0,10,0.005,0.025,8698,0,0,0.11577374108990572,True
1,9,19,60,25,0.00355,0,10,0.005,0.025,8505,0,0,0.11887125220458554,True
1,9,20,60,25,0.00355,0,10,0.005,0.025,8293,0,0,0.12227179549017243,True
1,9,21,60,25,0.00355,0,10,0.005,0.025,8119,0,0,0.12550806749599705,True
1,9,22,60,25,0.00355,0,10,0.005,0.025,7950,0,0,0.12767295597484277,True
1,9,23,60,25,0.00355,0,10,0.005,0.025,7781,0,0,0.13198817632695026,True
1,9,24,60,25,0.00355,0,10,0.005,0.025,7626,0,0,0.13545764489902964,True
1,9,25,60,25,0.00355,0,10,0.005,0.025,7479,0,0,0.13878860810268753,True
1,9,26,60,25,0.00355,0,10,0.005,0.025,7318,0,0,0.14225198141568735,True
1,9,27,60,25,0.00355,0,10,0.005,0.025,7189,0,0,0.14536096814577829,True
1,9,28,60,25,0.00355,0,10,0.005,0.025,7054,0,0,0.14927700595406862,True
1,9,29,60,25,0.00355,0,10,0.005,0.025,6927,0,0,0.15316875992493142,True
1,9,30,60,25,0.00355,0,10,0.005,0.025,6795,0,0,0.1557027225901398,True
1,9,31,60,25,0.00355,0,10,0.005,0.025,6676,0,0,0.1590772917914919,True
1,9,32,60,25,0.00355,0,10,0.005,0.025,6576,0,0,0.16164841849148417,True
1,9,33,60,25,0.00355,0,10,0.005,0.025,6454,0,0,0.16439417415556243,True
1,9,34,60,25,0.00355,0,10,0.005,0.025,6316,0,0,0.16798606713109562,True
1,9,35,60,25,0.00355,0,10,0.005,0.025,6161,0,0,0.1702645674403506,True
1,9,36,60,25,0.00355,0,10,0.005,0.025,6055,0,0,0.17423616845582163,True
1,9,37,60,25,0.00355,0,10,0.005,0.025,5957,0,0,0.17743830787309048,True
1,9,38,60,25,0.00355,0,10,0.005,0.025,5859,0,0,0.1793821471240826,True
1,9,39,60,25,0.00355,0,10,0.005,0.025,5788,0,0,0.18192812715964063,True
1,9,40,60,25,0.00355,0,10,0.005,0.025,5704,0,0,0.1844319775596073,True
1,9,41,60,25,0.00355,0,10,0.005,0.025,6395,0,0,0.24190774042220484,True
1,9,42,60,25,0.00355,0,10,0.005,0.025,6283,0,0,0.2401718924080853,True
1,9,43,60,25,0.00355,0,10,0.005,0.025,6184,0,0,0.2409443725743855,True
1,9,44,60,25,0.00355,0,10,0.005,0.025,6080,0,0,0.24177631578947367,True
1,9,45,60,25,0.00355,0,10,0.005,0.025,5944,0,0,0.24091520861372812,True
1,9,46,60,25,0.00355,0,10,0.005,0.025,5474,0,0,0.21739130434782608,True
1,9,47,60,25,0.00355,0,10,0.005,0.025,5362,0,0,0.21279373368146215,True
1,9,48,60,25,0.00355,0,10,0.005,0.025,5264,0,0,0.2135258358662614,True
1,9,49,60,25,0.00355,0,10,0.005,0.025,5198,0,0,0.2183532127741439,True
1,9,50,60,25,0.00355,0,10,0.005,0.025,5135,0,0,0.21908471275559882,True
1,9,51,60,25,0.00355,0,10,0.005,0.025,5067,0,0,0.22320899940793368,True
1,9,52,60,25,0.00355,0,10,0.005,0.025,5001,0,0,0.22595480903819237,True
1,10,1,60,25,0.00355,0,10,0.005,0.025,4948,0,0,0.22877930476960387,True
1,10,2,60,25,0.00355,0,10,0.005,0.025,4895,0,0,0.2316649642492339,True
1,10,3,60,25,0.00355,0,10,0.005,0.025,4849,0,0,0.23406888018148073,True
1,10,4,60,25,0.00355,0,10,0.005,0.025,4782,0,0,0.2381848598912589,True
1,10,5,60,25,0.00355,0,10,0.005,0.025,4706,0,0,0.2384190395240119,True
1,10,6,60,25,0.00355,0,10,0.005,0.025,4645,0,0,0.24198062432723358,True
1,10,7,60,25,0.00355,0,10,0.005,0.025,4594,0,0,0.24444928167174576,True
1,10,8,60,25,0.00355,0,10,0.005,0.025,4563,0,0,0.24567170721016876,True
1,10,9,60,25,0.00355,0,10,0.005,0.025,4498,0,0,0.24899955535793686,True
1,10,10,60,25,0.00355,0,10,0.005,0.025,4445,0,0,0.2512935883014623,True
1,10,11,60,25,0.00355,0,10,0.005,0.025,4393,0,0,0.253357614386524,True
1,10,12,60,25,0.00355,0,10,0.005,0.025,4343,0,0,0.2546626755698826,True
1,10,13,60,25,0.00355,0,10,0.005,0.025,4275,0,0,0.2554385964912281,True
1,10,14,60,25,0.00355,0,10,0.005,0.025,4237,0,0,0.258909605853198,True
1,10,15,60,25,0.00355,0,10,0.005,0.025,4185,0,0,0.26140979689366783,True
1,10,16,60,25,0.00355,0,10,0.005,0.025,4152,0,0,0.26565510597302505,True
1,10,17,60,25,0.00355,0,10,0.005,0.025,4097,0,0,0.2660483280449109,True
1,10,18,60,25,0.00355,0,10,0.005,0.025,8782,0,0,0.120018219084491,True
1,10,19,60,25,0.00355,0,10,0.005,0.025,8606,0,0,0.12247269346967232,True
1,10,20,60,25,0.00355,0,10,0.005,0.025,8420,0,0,0.12577197149643707,True
1,10,21,60,25,0.00355,0,10,0.005,0.025,8244,0,0,0.13124696749150896,True
1,10,22,60,25,0.00355,0,10,0.005,0.025,8115,0,0,0.13419593345656192,True
1,10,23,60,25,0.00355,0,10,0.005,0.025,7977,0,0,0.13689356901090635,True
1,10,24,60,25,0.00355,0,10,0.005,0.025,7757,0,0,0.1401314941343303,True
1,10,25,60,25,0.00355,0,10,0.005,0.025,7608,0,0,0.143664563617245,True
1,10,26,60,25,0.00355,0,10,0.005,0.025,7431,0,0,0.14681738662360383,True
1,10,27,60,25,0.00355,0,10,0.005,0.025,7284,0,0,0.15046677649643053,True
1,10,28,60,25,0.00355,0,10,0.005,0.025,7154,0,0,0.1529214425496226,True
1,10,29,60,25,0.00355,0,10,0.005,0.025,7004,0,0,0.15705311250713877,True
1,10,30,60,25,0.00355,0,10,0.005,0.025,6867,0,0,0.1600407747196738,True
1,10,31,60,25,0.00355,0,10,0.005,0.025,6744,0,0,0.16355278766310793,True
1,10,32,60,25,0.00355,0,10,0.005,0.025,6612,0,0,0.16787658802177857,True
1,10,33,60,25,0.00355,0,10,0.005,0.025,6488,0,0,0.17046855733662145,True
1,10,34,60,25,0.00355,0,10,0.005,0.025,6350,0,0,0.17401574803149605,True
1,10,35,60,25,0.00355,0,10,0.005,0.025,6191,0,0,0.17783879825553223,True
1,10,36,60,25,0.00355,0,10,0.005,0.025,6038,0,0,0.18267638290824775,True
1,10,37,60,25,0.00355,0,10,0.005,0.025,5924,0,0,0.18517893315327483,True
1,10,38,60,25,0.00355,0,10,0.005,0.025,5840,0,0,0.1875,True
1,10,39,60,25,0.00355,0,10,0.005,0.025,5753,0,0,0.1913784112636885,True
1,10,40,60,25,0.00355,0,10,0.005,0.025,5672,0,0,0.192524682651622,True
1,10,41,60,25,0.00355,0,10,0.005,0.025,6338,0,0,0.24928999684443043,True
1,10,42,60,25,0.00355,0,10,0.005,0.025,6291,0,0,0.25210618343665553,True
1,10,43,60,25,0.00355,0,10,0.005,0.025,6219,0,0,0.25727608940344104,True
1,10,44,60,25,0.00355,0,10,0.005,0.025,6076,0,0,0.2554312047399605,True
1,10,45,60,25,0.00355,0,10,0.005,0.025,5935,0,0,0.2500421229991575,True
1,10,46,60,25,0.00355,0,10,0.005,0.025,5446,0,0,0.22658832170400295,True
1,10,47,60,25,0.00355,0,10,0.005,0.025,5326,0,0,0.22437101013894103,True
1,10,48,60,25,0.00355,0,10,0.005,0.025,5266,0,0,0.2257880744398025,True
1,10,49,60,25,0.00355,0,10,0.005,0.025,5188,0,0,0.22706245181187357,True
1,10,50,60,25,0.00355,0,10,0.005,0.025,5137,0,0,0.2316527155927584,True
1,10,51,60,25,0.00355,0,10,0.005,0.025,5064,0,0,0.23400473933649288,True
1,10,52,60,25,0.00355,0,10,0.005,0.025,5002,0,0,0.2383046781287485,True
1,11,1,60,25,0.00355,0,10,0.005,0.025,4966,0,0,0.2396294804671768,True
1,11,2,60,25,0.00355,0,10,0.005,0.025,4902,0,0,0.24153406772745817,True
1,11,3,60,25,0.00355,0,10,0.005,0.025,4828,0,0,0.24502899751449875,True
1,11,4,60,25,0.00355,0,10,0.005,0.025,4777,0,0,0.24785430186309398,True
1,11,5,60,25,0.00355,0,10,0.005,0.025,4733,0,0,0.25015846186351154,True
1,11,6,60,25,0.00355,0,10,0.005,0.025,4676,0,0,0.2517108639863131,True
1,11,7,60,25,0.00355,0,10,0.005,0.025,4620,0,0,0.2538961038961039,True
1,11,8,60,25,0.00355,0,10,0.005,0.025,4558,0,0,0.25471698113207547,True
1,11,9,60,25,0.00355,0,10,0.005,0.025,4502,0,0,0.25655264326965793,True
1,11,10,60,25,0.00355,0,10,0.005,0.025,4452,0,0,0.2587601078167116,True
1,11,11,60,25,0.00355,0,10,0.005,0.025,4406,0,0,0.26123467998184297,True
1,11,12,60,25,0.00355,0,10,0.005,0.025,4342,0,0,0.2643942883463842,True
1,11,13,60,25,0.00355,0,10,0.005,0.025,4298,0,0,0.2659376454164728,True
1,11,14,60,25,0.00355,0,10,0.005,0.025,4234,0,0,0.2697213037316958,True
1,11,15,60,25,0.00355,0,10,0.005,0.025,4180,0,0,0.2720095693779904,True
1,11,16,60,25,0.00355,0,10,0.005,0.025,4136,0,0,0.27393617021276595,True
1,11,17,60,25,0.00355,0,10,0.005,0.025,4082,0,0,0.27633512983831454,True
1,11,18,60,25,0.00355,0,10,0.005,0.025,8823,0,0,0.120367222033322,True
1,11,19,60,25,0.00355,0,10,0.005,0.025,8651,0,0,0.12345393596116055,True
1,11,20,60,25,0.00355,0,10,0.005,0.025,8477,0,0,0.1270496637961543,True
1,11,21,60,25,0.00355,0,10,0.005,0.025,8285,0,0,0.13059746529873265,True
1,11,22,60,25,0.00355,0,10,0.005,0.025,8081,0,0,0.13500804355896548,True
1,11,23,60,25,0.00355,0,10,0.005,0.025,7871,0,0,0.13759369838648203,True
1,11,24,60,25,0.00355,0,10,0.005,0.025,7704,0,0,0.1413551401869159,True
1,11,25,60,25,0.00355,0,10,0.005,0.025,7568,0,0,0.14482029598308668,True
1,11,26,60,25,0.00355,0,10,0.005,0.025,7419,0,0,0.14867232780698209,True
1,11,27,60,25,0.00355,0,10,0.005,0.025,7298,0,0,0.1518224171005755,True
1,11,28,60,25,0.00355,0,10,0.005,0.025,7177,0,0,0.15493938971715202,True
1,11,29,60,25,0.00355,0,10,0.005,0.025,7028,0,0,0.15836653386454183,True
1,11,30,60,25,0.00355,0,10,0.005,0.025,6843,0,0,0.16235569194797603,True
1,11,31,60,25,0.00355,0,10,0.005,0.025,6711,0,0,0.1659961257636716,True
1,11,32,60,25,0.00355,0,10,0.005,0.025,6562,0,0,0.16976531545260592,True
1,11,33,60,25,0.00355,0,10,0.005,0.025,6459,0,0,0.1727821644217371,True
1,11,34,60,25,0.00355,0,10,0.005,0.025,6292,0,0,0.1757787666878576,True
1,11,35,60,25,0.00355,0,10,0.005,0.025,6188,0,0,0.18002585649644473,True
1,11,36,60,25,0.00355,0,10,0.005,0.025,6034,0,0,0.18279748094133244,True
1,11,37,60,25,0.00355,0,10,0.005,0.025,5921,0,0,0.18628610032089174,True
1,11,38,60,25,0.00355,0,10,0.005,0.025,5841,0,0,0.19072076699195342,True
1,11,39,60,25,0.00355,0,10,0.005,0.025,5771,0,0,0.19234101542193727,True
1,11,40,60,25,0.00355,0,10,0.005,0.025,5687,0,0,0.19518199402145245,True
1,11,41,60,25,0.00355,0,10,0.005,0.025,6390,0,0,0.24851330203442878,True
1,11,42,60,25,0.00355,0,10,0.005,0.025,6383,0,0,0.25802913990286697,True
1,11,43,60,25,0.00355,0,10,0.005,0.025,6281,0,0,0.25728387199490527,True
1,11,44,60,25,0.00355,0,10,0.005,0.025,6152,0,0,0.25975292587776333,True
1,11,45,60,25,0.00355,0,10,0.005,0.025,6034,0,0,0.25870069605568446,True
1,11,46,60,25,0.00355,0,10,0.005,0.025,5522,0,0,0.23560304237595076,True
1,11,47,60,25,0.00355,0,10,0.005,0.025,5358,0,0,0.22993654348637552,True
1,11,48,60,25,0.00355,0,10,0.005,0.025,5282,0,0,0.23097311624384703,True
1,11,49,60,25,0.00355,0,10,0.005,0.025,5195,0,0,0.23214629451395571,True
1,11,50,60,25,0.00355,0,10,0.005,0.025,5131,0,0,0.2358214772948743,True
1,11,51,60,25,0.00355,0,10,0.005,0.025,5054,0,0,0.2372378314206569,True
1,11,52,60,25,0.00355,0,10,0.005,0.025,4993,0,0,0.23933506909673544,True
1,1,1,60,25,0.00669,0,10,0.005,0.025,5423,0,0,0.00165959800848239,True
1,1,2,60,25,0.00669,0,10,0.005,0.025,5362,0,0,0.0039164490861618795,True
1,1,3,60,25,0.00669,0,10,0.005,0.025,5282,0,0,0.006436955698599016,True
1,1,4,60,25,0.00669,0,10,0.005,0.025,5213,0,0,0.008248609246115481,True
1,1,5,60,25,0.00669,0,10,0.005,0.025,5155,0,0,0.01008729388942774,True
1,1,6,60,25,0.00669,0,10,0.005,0.025,5129,0,0,0.012283096120101384,True
1,1,7,60,25,0.00669,0,10,0.005,0.025,5084,0,0,0.014162077104642014,True
1,1,8,60,25,0.00669,0,10,0.005,0.025,5032,0,0,0.01589825119236884,True
1,1,9,60,25,0.00669,0,10,0.005,0.025,4999,0,0,0.017603520704140826,True
1,1,10,60,25,0.00669,0,10,0.005,0.025,4963,0,0,0.01853717509570824,True
1,1,11,60,25,0.00669,0,10,0.005,0.025,4917,0,0,0.021151108399430546,True
1,1,12,60,25,0.00669,0,10,0.005,0.025,4870,0,0,0.021560574948665298,True
1,1,13,60,25,0.00669,0,10,0.005,0.025,4789,0,0,0.024013363959072876,True
1,1,14,60,25,0.00669,0,10,0.005,0.025,4749,0,0,0.026531901452937462,True
1,1,15,60,25,0.00669,0,10,0.005,0.025,4706,0,0,0.028261793455163622,True
1,1,16,60,25,0.00669,0,10,0.005,0.025,4662,0,0,0.028743028743028743,True
1,1,17,60,25,0.00669,0,10,0.005,0.025,4625,0,0,0.030486486486486487,True
1,1,18,60,25,0.00669,0,10,0.005,0.025,13163,0,0,0.012763047937400289,True
1,1,19,60,25,0.00669,0,10,0.005,0.025,12905,0,0,0.014413018209996126,True
1,1,20,60,25,0.00669,0,10,0.005,0.025,12602,0,0,0.016425964132677353,True
1,1,21,60,25,0.00669,0,10,0.005,0.025,12308,0,0,0.017630809229769256,True
1,1,22,60,25,0.00669,0,10,0.005,0.025,11991,0,0,0.02009840713868735,True
1,1,23,60,25,0.00669,0,10,0.005,0.025,11692,0,0,0.022665070133424566,True
1,1,24,60,25,0.00669,0,10,0.005,0.025,11419,0,0,0.025658989403625536,True
1,1,25,60,25,0.00669,0,10,0.005,0.025,11114,0,0,0.027442864855137663,True
1,1,26,60,25,0.00669,0,10,0.005,0.025,10868,0,0,0.02889216047110784,True
1,1,27,60,25,0.00669,0,10,0.005,0.025,10587,0,0,0.03135921413053745,True
1,1,28,60,25,0.00669,0,10,0.005,0.025,10323,0,0,0.03380800154993703,True
1,1,29,60,25,0.00669,0,10,0.005,0.025,10102,0,0,0.03563650762225302,True
1,1,30,60,25,0.00669,0,10,0.005,0.025,9906,0,0,0.03755299818291944,True
1,1,31,60,25,0.00669,0,10,0.005,0.025,9709,0,0,0.03913894324853229,True
1,1,32,60,25,0.00669,0,10,0.005,0.025,9488,0,0,0.041104553119730186,True
1,1,33,60,25,0.00669,0,10,0.005,0.025,9276,0,0,0.04344545062526951,True
1,1,34,60,25,0.00669,0,10,0.005,0.025,9041,0,0,0.04645503815949563,True
1,1,35,60,25,0.00669,0,10,0.005,0.025,8836,0,0,0.048664554096876415,True
1,1,36,60,25,0.00669,0,10,0.005,0.025,8642,0,0,0.05114556815551956,True
1,1,37,60,25,0.00669,0,10,0.005,0.025,8467,0,0,0.05291130270461793,True
1,1,38,60,25,0.00669,0,10,0.005,0.025,8347,0,0,0.05463040613394034,True
1,1,39,60,25,0.00669,0,10,0.005,0.025,8195,0,0,0.05784014643075046,True
1,1,40,60,25,0.00669,0,10,0.005,0.025,8052,0,0,0.06023348236462991,True
1,1,41,60,25,0.00669,0,10,0.005,0.025,8147,0,0,0.07487418681723333,True
1,1,42,60,25,0.00669,0,10,0.005,0.025,8070,0,0,0.08029739776951673,True
1,1,43,60,25,0.00669,0,10,0.005,0.025,8000,0,0,0.084375,True
1,1,44,60,25,0.00669,0,10,0.005,0.025,7962,0,0,0.08666164280331574,True
1,1,45,60,25,0.00669,0,10,0.005,0.025,7900,0,0,0.0879746835443038,True
1,1,46,60,25,0.00669,0,10,0.005,0.025,7667,0,0,0.08217034041998174,True
1,1,47,60,25,0.00669,0,10,0.005,0.025,7604,0,0,0.08364018937401367,True
1,1,48,60,25,0.00669,0,10,0.005,0.025,7518,0,0,0.085927108273477,True
1,1,49,60,25,0.00669,0,10,0.005,0.025,7442,0,0,0.08787960225745767,True
1,1,50,60,25,0.00669,0,10,0.005,0.025,7327,0,0,0.08939538692507165,True
1,1,51,60,25,0.00669,0,10,0.005,0.025,7214,0,0,0.09148877183254782,True
1,1,52,60,25,0.00669,0,10,0.005,0.025,7117,0,0,0.09315722916959393,True
1,2,1,60,25,0.00669,0,10,0.005,0.025,7024,8,0,0.09439066059225512,False
1,2,2,60,25,0.00669,0,10,0.005,0.025,6930,8,0,0.09696969696969697,False
1,2,3,60,25,0.00669,0,10,0.005,0.025,6843,8,1,0.09747186906327635,False
1,2,4,60,25,0.00669,0,10,0.005,0.025,6754,9,4,0.10082913828842167,False
1,2,5,60,25,0.00669,0,10,0.005,0.025,6658,11,6,0.10348452988885551,False
1,2,6,60,25,0.00669,0,10,0.005,0.025,6557,8,3,0.10523105078542017,False
1,2,7,60,25,0.00669,0,10,0.005,0.025,6474,5,2,0.10827927092987334,False
1,2,8,60,25,0.00669,0,10,0.005,0.025,6384,7,4,0.11137218045112782,False
1,2,9,60,25,0.00669,0,10,0.005,0.025,6292,7,3,0.11220597584233948,False
1,2,10,60,25,0.00669,0,10,0.005,0.025,6206,5,3,0.11327747341282629,False
1,2,11,60,25,0.00669,0,10,0.005,0.025,6113,4,4,0.11516440372975625,False
1,2,12,60,25,0.00669,0,10,0.005,0.025,6038,2,2,0.1180854587611792,False
1,2,13,60,25,0.00669,0,10,0.005,0.025,5951,0,0,0.11981179633675013,False
1,2,14,60,25,0.00669,0,10,0.005,0.025,5868,0,0,0.12184730743012952,False
1,2,15,60,25,0.00669,0,10,0.005,0.025,5763,0,0,0.122852680895367,False
1,2,16,60,25,0.00669,0,10,0.005,0.025,5678,0,0,0.1252201479394153,False
1,2,17,60,25,0.00669,0,10,0.005,0.025,5580,0,0,0.12670250896057347,False
1,2,18,60,25,0.00669,0,10,0.005,0.025,11301,0,0,0.06353420051322892,False
1,2,19,60,25,0.00669,0,10,0.005,0.025,11085,0,0,0.06594497068110058,False
1,2,20,60,25,0.00669,0,10,0.005,0.025,10815,0,0,0.06870087840961628,False
1,2,21,60,25,0.00669,0,10,0.005,0.025,10597,0,0,0.07115221289044069,False
1,2,22,60,25,0.00669,0,10,0.005,0.025,10365,0,0,0.07255185721177038,False
1,2,23,60,25,0.00669,0,10,0.005,0.025,10136,0,0,0.07537490134175218,False
1,2,24,60,25,0.00669,0,10,0.005,0.025,9922,0,0,0.07800846603507357,False
1,2,25,60,25,0.00669,0,10,0.005,0.025,9738,0,0,0.08081741630724995,False
1,2,26,60,25,0.00669,0,10,0.005,0.025,9512,0,0,0.08441968040370058,False
1,2,27,60,25,0.00669,0,10,0.005,0.025,9304,0,0,0.08791917454858125,False
1,2,28,60,25,0.00669,0,10,0.005,0.025,9134,0,0,0.09021239325596672,False
1,2,29,60,25,0.00669,0,10,0.005,0.025,8895,0,0,0.09421023046655425,False
1,2,30,60,25,0.00669,0,10,0.005,0.025,8671,0,0,0.09664398569945797,False
1,2,31,60,25,0.00669,0,10,0.005,0.025,8479,0,0,0.09930416322679561,False
1,2,32,60,25,0.00669,0,10,0.005,0.025,8309,0,0,0.10133590083042485,False
1,2,33,60,25,0.00669,0,10,0.005,0.025,8135,0,0,0.1043638598647818,False
1,2,34,60,25,0.00669,0,10,0.005,0.025,8009,0,0,0.10613060307154451,False
1,2,35,60,25,0.00669,0,10,0.005,0.025,7843,0,0,0.10761188320795614,False
1,2,36,60,25,0.00669,0,10,0.005,0.025,7677,0,0,0.11032955581607398,False
1,2,37,60,25,0.00669,0,10,0.005,0.025,7518,0,0,0.11186485767491354,False
1,2,38,60,25,0.00669,0,10,0.005,0.025,7412,0,0,0.11373448461953589,False
1,2,39,60,25,0.00669,0,10,0.005,0.025,7313,0,0,0.11541091207438807,False
1,2,40,60,25,0.00669,0,10,0.005,0.025,7227,0,0,0.1178912411789124,False
1,2,41,60,25,0.00669,0,10,0.005,0.025,7440,1,1,0.14099462365591398,False
1,2,42,60,25,0.00669,0,10,0.005,0.025,7425,0,0,0.14585858585858585,False
1,2,43,60,25,0.00669,0,10,0.005,0.025,7376,0,0,0.15008134490238612,True
1,2,44,60,25,0.00669,0,10,0.005,0.025,7358,0,0,0.15425387333514542,True
1,2,45,60,25,0.00669,0,10,0.005,0.025,7334,0,0,0.1574856831197164,True
1,2,46,60,25,0.00669,0,10,0.005,0.025,7120,0,0,0.14859550561797752,True
1,2,47,60,25,0.00669,0,10,0.005,0.025,7023,0,0,0.14723052826427452,True
1,2,48,60,25,0.00669,0,10,0.005,0.025,6963,0,0,0.14893005888266553,True
1,2,49,60,25,0.00669,0,10,0.005,0.025,6896,0,0,0.15298723897911834,True
1,2,50,60,25,0.00669,0,10,0.005,0.025,6812,0,0,0.15458015267175573,True
1,2,51,60,25,0.00669,0,10,0.005,0.025,6741,0,0,0.155318202047174,True
1,2,52,60,25,0.00669,0,10,0.005,0.025,6657,0,0,0.15667718191377497,True
1,3,1,60,25,0.00669,0,10,0.005,0.025,6581,0,0,0.1592463151496733,True
1,3,2,60,25,0.00669,0,10,0.005,0.025,6491,0,0,0.16284085657063627,True
1,3,3,60,25,0.00669,0,10,0.005,0.025,6410,0,0,0.16474258970358815,True
1,3,4,60,25,0.00669,0,10,0.005,0.025,6349,0,0,0.1680579618837612,True
1,3,5,60,25,0.00669,0,10,0.005,0.025,6266,0,0,0.16836897542291734,True
1,3,6,60,25,0.00669,0,10,0.005,0.025,6174,0,0,0.17006802721088435,True
1,3,7,60,25,0.00669,0,10,0.005,0.025,6098,0,0,0.1716956379140702,True
1,3,8,60,25,0.00669,0,10,0.005,0.025,6038,0,0,0.17290493540907587,True
1,3,9,60,25,0.00669,0,10,0.005,0.025,5978,0,0,0.17781866845098696,True
1,3,10,60,25,0.00669,0,10,0.005,0.025,5903,0,0,0.17906149415551414,True
1,3,11,60,25,0.00669,0,10,0.005,0.025,5824,0,0,0.18080357142857142,True
1,3,12,60,25,0.00669,0,10,0.005,0.025,5741,0,0,0.18254659466991813,True
1,3,13,60,25,0.00669,0,10,0.005,0.025,5671,0,0,0.1851525304179157,True
1,3,14,60,25,0.00669,0,10,0.005,0.025,5596,0,0,0.18620443173695497,True
1,3,15,60,25,0.00669,0,10,0.005,0.025,5517,0,0,0.1877832155156788,True
1,3,16,60,25,0.00669,0,10,0.005,0.025,5443,0,0,0.18868271173984935,True
1,3,17,60,25,0.00669,0,10,0.005,0.025,5391,0,0,0.19031719532554256,True
1,3,18,60,25,0.00669,0,10,0.005,0.025,11833,0,0,0.08814332798106989,True
1,3,19,60,25,0.00669,0,10,0.005,0.025,11593,0,0,0.09074441473302855,True
1,3,20,60,25,0.00669,0,10,0.005,0.025,11334,0,0,0.09440621139932945,True
1,3,21,60,25,0.00669,0,10,0.005,0.025,11071,0,0,0.09728118507813206,True
1,3,22,60,25,0.00669,0,10,0.005,0.025,10837,0,0,0.09965857709698256,True
1,3,23,60,25,0.00669,0,10,0.005,0.025,10519,0,0,0.10219602623823558,True
1,3,24,60,25,0.00669,0,10,0.005,0.025,10320,0,0,0.10416666666666667,True
1,3,25,60,25,0.00669,0,10,0.005,0.025,10092,0,0,0.10770907649623464,True
1,3,26,60,25,0.00669,0,10,0.005,0.025,9875,0,0,0.112,True
1,3,27,60,25,0.00669,0,10,0.005,0.025,9651,0,0,0.11418505854315615,True
1,3,28,60,25,0.00669,0,10,0.005,0.025,9444,0,0,0.1163701821262177,True
1,3,29,60,25,0.00669,0,10,0.005,0.025,9239,0,0,0.12068405671609482,True
1,3,30,60,25,0.00669,0,10,0.005,0.025,9079,0,0,0.12347174798986672,True
1,3,31,60,25,0.00669,0,10,0.005,0.025,8866,0,0,0.1268892397924656,True
1,3,32,60,25,0.00669,0,10,0.005,0.025,8678,0,0,0.12952293155104863,True
1,3,33,60,25,0.00669,0,10,0.005,0.025,8498,0,0,0.1323840903742057,True
1,3,34,60,25,0.00669,0,10,0.005,0.025,8287,0,0,0.13527211294799082,True
1,3,35,60,25,0.00669,0,10,0.005,0.025,8080,0,0,0.13762376237623763,True
1,3,36,60,25,0.00669,0,10,0.005,0.025,7925,0,0,0.141198738170347,True
1,3,37,60,25,0.00669,0,10,0.005,0.025,7770,0,0,0.14375804375804377,True
1,3,38,60,25,0.00669,0,10,0.005,0.025,7673,0,0,0.1467483383292063,True
1,3,39,60,25,0.00669,0,10,0.005,0.025,7570,0,0,0.1488771466314399,True
1,3,40,60,25,0.00669,0,10,0.005,0.025,7470,0,0,0.15220883534136545,True
1,3,41,60,25,0.00669,0,10,0.005,0.025,7759,0,0,0.17760020621214073,True
1,3,42,60,25,0.00669,0,10,0.005,0.025,7680,0,0,0.18177083333333333,True
1,3,43,60,25,0.00669,0,10,0.005,0.025,7632,0,0,0.18199685534591195,True
1,3,44,60,25,0.00669,0,10,0.005,0.025,7535,0,0,0.1827471798274718,True
1,3,45,60,25,0.00669,0,10,0.005,0.025,7519,0,0,0.18739194041760873,True
1,3,46,60,25,0.00669,0,10,0.005,0.025,7242,0,0,0.17412317039491854,True
1,3,47,60,25,0.00669,0,10,0.005,0.025,7131,0,0,0.1737484223811527,True
1,3,48,60,25,0.00669,0,10,0.005,0.025,7069,0,0,0.17597962936766162,True
1,3,49,60,25,0.00669,0,10,0.005,0.025,6980,0,0,0.17736389684813753,True
1,3,50,60,25,0.00669,0,10,0.005,0.025,6914,0,0,0.1806479606595314,True
1,3,51,60,25,0.00669,0,10,0.005,0.025,6828,0,0,0.18131224370240187,True
1,3,52,60,25,0.00669,0,10,0.005,0.025,6746,0,0,0.18277497776460125,True
1,4,1,60,25,0.00669,0,10,0.005,0.025,6660,0,0,0.18513513513513513,True
1,4,2,60,25,0.00669,0,10,0.005,0.025,6589,0,0,0.18697829716193656,True
1,4,3,60,25,0.00669,0,10,0.005,0.025,6522,0,0,0.1896657467034652,True
1,4,4,60,25,0.00669,0,10,0.005,0.025,6431,0,0,0.19219406002176956,True
1,4,5,60,25,0.00669,0,10,0.005,0.025,6356,0,0,0.19383259911894274,True
1,4,6,60,25,0.00669,0,10,0.005,0.025,6280,0,0,0.19665605095541402,True
1,4,7,60,25,0.00669,0,10,0.005,0.025,6197,0,0,0.1999354526383734,True
1,4,8,60,25,0.00669,0,10,0.005,0.025,6121,0,0,0.20192778957686652,True
1,4,9,60,25,0.00669,0,10,0.005,0.025,6032,0,0,0.20424403183023873,True
1,4,10,60,25,0.00669,0,10,0.005,0.025,5963,0,0,0.2076136173067248,True
1,4,11,60,25,0.00669,0,10,0.005,0.025,5902,0,0,0.2092511013215859,True
1,4,12,60,25,0.00669,0,10,0.005,0.025,5834,0,0,0.21271854645183408,True
1,4,13,60,25,0.00669,0,10,0.005,0.025,5742,0,0,0.21368861024033436,True
1,4,14,60,25,0.00669,0,10,0.005,0.025,5686,0,0,0.21579317622230038,True
1,4,15,60,25,0.00669,0,10,0.005,0.025,5616,0,0,0.21812678062678062,True
1,4,16,60,25,0.00669,0,10,0.005,0.025,5542,0,0,0.2210393359797907,True
1,4,17,60,25,0.00669,0,10,0.005,0.025,5474,0,0,0.22268907563025211,True
1,4,18,60,25,0.00669,0,10,0.005,0.025,11967,0,0,0.10169633157850756,True
1,4,19,60,25,0.00669,0,10,0.005,0.025,11744,0,0,0.10439373297002724,True
1,4,20,60,25,0.00669,0,10,0.005,0.025,11432,0,0,0.10698040587823653,True
1,4,21,60,25,0.00669,0,10,0.005,0.025,11202,0,0,0.10962328155686485,True
1,4,22,60,25,0.00669,0,10,0.005,0.025,10964,0,0,0.11337103246990149,True
1,4,23,60,25,0.00669,0,10,0.005,0.025,10707,0,0,0.11721303819930887,True
1,4,24,60,25,0.00669,0,10,0.005,0.025,10468,0,0,0.11931601069927397,True
1,4,25,60,25,0.00669,0,10,0.005,0.025,10195,0,0,0.12378616969102502,True
1,4,26,60,25,0.00669,0,10,0.005,0.025,9969,0,0,0.12659243655331529,True
1,4,27,60,25,0.00669,0,10,0.005,0.025,9768,0,0,0.12950450450450451,True
1,4,28,60,25,0.00669,0,10,0.005,0.025,9519,0,0,0.13226179220506357,True
1,4,29,60,25,0.00669,0,10,0.005,0.025,9272,0,0,0.13524590163934427,True
1,4,30,60,25,0.00669,0,10,0.005,0.025,9028,0,0,0.1382365972529907,True
1,4,31,60,25,0.00669,0,10,0.005,0.025,8854,0,0,0.141179128077705,True
1,4,32,60,25,0.00669,0,10,0.005,0.025,8646,0,0,0.1443442054129077,True
1,4,33,60,25,0.00669,0,10,0.005,0.025,8483,0,0,0.14699988211717552,True
1,4,34,60,25,0.00669,0,10,0.005,0.025,8284,0,0,0.15053114437469822,True
1,4,35,60,25,0.00669,0,10,0.005,0.025,8052,0,0,0.15362642821659214,True
1,4,36,60,25,0.00669,0,10,0.005,0.025,7850,0,0,0.15770700636942675,True
1,4,37,60,25,0.00669,0,10,0.005,0.025,7669,0,0,0.16090754987612466,True
1,4,38,60,25,0.00669,0,10,0.005,0.025,7558,0,0,0.16366763694098968,True
1,4,39,60,25,0.00669,0,10,0.005,0.025,7444,0,0,0.165368081676518,True
1,4,40,60,25,0.00669,0,10,0.005,0.025,7347,0,0,0.16755138151626514,True
1,4,41,60,25,0.00669,0,10,0.005,0.025,7568,0,0,0.19252114164904863,True
1,4,42,60,25,0.00669,0,10,0.005,0.025,7501,0,0,0.19464071457139048,True
1,4,43,60,25,0.00669,0,10,0.005,0.025,7439,0,0,0.20177443204731818,True
1,4,44,60,25,0.00669,0,10,0.005,0.025,7387,0,0,0.20251793691620415,True
1,4,45,60,25,0.00669,0,10,0.005,0.025,7383,0,0,0.20452390627116349,True
1,4,46,60,25,0.00669,0,10,0.005,0.025,7138,0,0,0.1936116559260297,True
1,4,47,60,25,0.00669,0,10,0.005,0.025,7068,0,0,0.19623655913978494,True
1,4,48,60,25,0.00669,0,10,0.005,0.025,7006,0,0,0.1986868398515558,True
1,4,49,60,25,0.00669,0,10,0.005,0.025,6928,0,0,0.20121247113163973,True
1,4,50,60,25,0.00669,0,10,0.005,0.025,6852,0,0,0.2037361354349095,True
1,4,51,60,25,0.00669,0,10,0.005,0.025,6766,0,0,0.20484776825302986,True
1,4,52,60,25,0.00669,0,10,0.005,0.025,6686,0,0,0.20939276099311996,True
1,5,1,60,25,0.00669,0,10,0.005,0.025,6606,0,0,0.21162579473206175,True
1,5,2,60,25,0.00669,0,10,0.005,0.025,6530,0,0,0.21286370597243492,True
1,5,3,60,25,0.00669,0,10,0.005,0.025,6446,0,0,0.21424139000930809,True
1,5,4,60,25,0.00669,0,10,0.005,0.025,6376,0,0,0.21831869510664995,True
1,5,5,60,25,0.00669,0,10,0.005,0.025,6304,0,0,0.220494923857868,True
1,5,6,60,25,0.00669,0,10,0.005,0.025,6229,0,0,0.22202600738481298,True
1,5,7,60,25,0.00669,0,10,0.005,0.025,6152,0,0,0.2238296488946684,True
1,5,8,60,25,0.00669,0,10,0.005,0.025,6074,0,0,0.2250576226539348,True
1,5,9,60,25,0.00669,0,10,0.005,0.025,6013,0,0,0.22850490603692,True
1,5,10,60,25,0.00669,0,10,0.005,0.025,5947,0,0,0.2312090129477047,True
1,5,11,60,25,0.00669,0,10,0.005,0.025,5877,0,0,0.23311213204015654,True
1,5,12,60,25,0.00669,0,10,0.005,0.025,5810,0,0,0.23562822719449225,True
1,5,13,60,25,0.00669,0,10,0.005,0.025,5732,0,0,0.23656664340544312,True
1,5,14,60,25,0.00669,0,10,0.005,0.025,5652,0,0,0.23832271762208068,True
1,5,15,60,25,0.00669,0,10,0.005,0.025,5570,0,0,0.24111310592459606,True
1,5,16,60,25,0.00669,0,10,0.005,0.025,5514,0,0,0.2430177729416032,True
1,5,17,60,25,0.00669,0,10,0.005,0.025,5437,0,0,0.2449880448776899,True
1,5,18,60,25,0.00669,0,10,0.005,0.025,11712,0,0,0.11501024590163934,True
1,5,19,60,25,0.00669,0,10,0.005,0.025,11469,0,0,0.11840613828581394,True
1,5,20,60,25,0.00669,0,10,0.005,0.025,11229,0,0,0.1218274111675127,True
1,5,21,60,25,0.00669,0,10,0.005,0.025,11004,0,0,0.1257724463831334,True
1,5,22,60,25,0.00669,0,10,0.005,0.025,10771,0,0,0.13016433014576176,True
1,5,23,60,25,0.00669,0,10,0.005,0.025,10515,0,0,0.13333333333333333,True
1,5,24,60,25,0.00669,0,10,0.005,0.025,10308,0,0,0.13678696158323633,True
1,5,25,60,25,0.00669,0,10,0.005,0.025,10101,0,0,0.1391941391941392,True
1,5,26,60,25,0.00669,0,10,0.005,0.025,9882,0,0,0.14116575591985428,True
1,5,27,60,25,0.00669,0,10,0.005,0.025,9670,0,0,0.1436401240951396,True
1,5,28,60,25,0.00669,0,10,0.005,0.025,9452,0,0,0.14716462124418112,True
1,5,29,60,25,0.00669,0,10,0.005,0.025,9254,0,0,0.1494488869677977,True
1,5,30,60,25,0.00669,0,10,0.005,0.025,9047,0,0,0.15275782027191334,True
1,5,31,60,25,0.00669,0,10,0.005,0.025,8876,0,0,0.1554754393871113,True
1,5,32,60,25,0.00669,0,10,0.005,0.025,8677,0,0,0.15811916561023395,True
1,5,33,60,25,0.00669,0,10,0.005,0.025,8510,0,0,0.1609870740305523,True
1,5,34,60,25,0.00669,0,10,0.005,0.025,8380,0,0,0.16503579952267303,True
1,5,35,60,25,0.00669,0,10,0.005,0.025,8223,0,0,0.1679435729052657,True
1,5,36,60,25,0.00669,0,10,0.005,0.025,8080,0,0,0.1724009900990099,True
1,5,37,60,25,0.00669,0,10,0.005,0.025,7908,0,0,0.1742539200809307,True
1,5,38,60,25,0.00669,0,10,0.005,0.025,7826,0,0,0.17659085100945565,True
1,5,39,60,25,0.00669,0,10,0.005,0.025,7717,0,0,0.17960347285214462,True
1,5,40,60,25,0.00669,0,10,0.005,0.025,7622,0,0,0.1830228286538966,True
1,5,41,60,25,0.00669,0,10,0.005,0.025,7794,0,0,0.20656915576084167,True
1,5,42,60,25,0.00669,0,10,0.005,0.025,7736,0,0,0.2095398138572906,True
1,5,43,60,25,0.00669,0,10,0.005,0.025,7619,0,0,0.20829505184407401,True
1,5,44,60,25,0.00669,0,10,0.005,0.025,7581,0,0,0.21501121224112915,True
1,5,45,60,25,0.00669,0,10,0.005,0.025,7527,0,0,0.2189451308622293,True
1,5,46,60,25,0.00669,0,10,0.005,0.025,7306,0,0,0.20982753900903367,True
1,5,47,60,25,0.00669,0,10,0.005,0.025,7238,0,0,0.20945012434374136,True
1,5,48,60,25,0.00669,0,10,0.005,0.025,7170,0,0,0.21046025104602512,True
1,5,49,60,25,0.00669,0,10,0.005,0.025,7120,0,0,0.21235955056179776,True
1,5,50,60,25,0.00669,0,10,0.005,0.025,7046,0,0,0.21359636673289809,True
1,5,51,60,25,0.00669,0,10,0.005,0.025,6988,0,0,0.2149398969662278,True
1,5,52,60,25,0.00669,0,10,0.005,0.025,6905,0,0,0.2167994207096307,True
1,6,1,60,25,0.00669,0,10,0.005,0.025,6810,0,0,0.21791483113069016,True
1,6,2,60,25,0.00669,0,10,0.005,0.025,6741,0,0,0.2201453790238837,True
1,6,3,60,25,0.00669,0,10,0.005,0.025,6677,0,0,0.22150666466976188,True
1,6,4,60,25,0.00669,0,10,0.005,0.025,6603,0,0,0.2232318643041042,True
1,6,5,60,25,0.00669,0,10,0.005,0.025,6525,0,0,0.22620689655172413,True
1,6,6,60,25,0.00669,0,10,0.005,0.025,6441,0,0,0.2296227293898463,True
1,6,7,60,25,0.00669,0,10,0.005,0.025,6364,0,0,0.23004399748585794,True
1,6,8,60,25,0.00669,0,10,0.005,0.025,6289,0,0,0.23231038320877723,True
1,6,9,60,25,0.00669,0,10,0.005,0.025,6215,0,0,0.23443282381335478,True
1,6,10,60,25,0.00669,0,10,0.005,0.025,6161,0,0,0.23778607368933616,True
1,6,11,60,25,0.00669,0,10,0.005,0.025,6108,0,0,0.2385396201702685,True
1,6,12,60,25,0.00669,0,10,0.005,0.025,6040,0,0,0.24056291390728476,True
1,6,13,60,25,0.00669,0,10,0.005,0.025,5966,0,0,0.24237344954743548,True
1,6,14,60,25,0.00669,0,10,0.005,0.025,5885,0,0,0.24333050127442651,True
1,6,15,60,25,0.00669,0,10,0.005,0.025,5821,0,0,0.2449750901906889,True
1,6,16,60,25,0.00669,0,10,0.005,0.025,5758,0,0,0.24748176450156303,True
1,6,17,60,25,0.00669,0,10,0.005,0.025,5697,0,0,0.2492539933298227,True
1,6,18,60,25,0.00669,0,10,0.005,0.025,12473,0,0,0.11448729255191213,True
1,6,19,60,25,0.00669,0,10,0.005,0.025,12245,0,0,0.11678236014699878,True
1,6,20,60,25,0.00669,0,10,0.005,0.025,11951,0,0,0.11965525897414442,True
1,6,21,60,25,0.00669,0,10,0.005,0.025,11654,0,0,0.12236142097134031,True
1,6,22,60,25,0.00669,0,10,0.005,0.025,11362,0,0,0.12559408554831897,True
1,6,23,60,25,0.00669,0,10,0.005,0.025,11112,0,0,0.12823974082073433,True
1,6,24,60,25,0.00669,0,10,0.005,0.025,10797,0,0,0.13244419746225802,True
1,6,25,60,25,0.00669,0,10,0.005,0.025,10482,0,0,0.13709215798511734,True
1,6,26,60,25,0.00669,0,10,0.005,0.025,10251,0,0,0.14047410008779632,True
1,6,27,60,25,0.00669,0,10,0.005,0.025,10019,0,0,0.14322786705260007,True
1,6,28,60,25,0.00669,0,10,0.005,0.025,9809,0,0,0.1461922724028953,True
1,6,29,60,25,0.00669,0,10,0.005,0.025,9625,0,0,0.14909090909090908,True
1,6,30,60,25,0.00669,0,10,0.005,0.025,9422,0,0,0.15315219698577798,True
1,6,31,60,25,0.00669,0,10,0.005,0.025,9232,0,0,0.1559792027729636,True
1,6,32,60,25,0.00669,0,10,0.005,0.025,9043,0,0,0.1587968594492978,True
1,6,33,60,25,0.00669,0,10,0.005,0.025,8831,0,0,0.16226927867738647,True
1,6,34,60,25,0.00669,0,10,0.005,0.025,8635,0,0,0.16479444122756226,True
1,6,35,60,25,0.00669,0,10,0.005,0.025,8440,0,0,0.16812796208530806,True
1,6,36,60,25,0.00669,0,10,0.005,0.025,8253,0,0,0.17096813280019388,True
1,6,37,60,25,0.00669,0,10,0.005,0.025,8076,0,0,0.17409608717186725,True
1,6,38,60,25,0.00669,0,10,0.005,0.025,7953,0,0,0.17603420093046648,True
1,6,39,60,25,0.00669,0,10,0.005,0.025,7848,0,0,0.17902650356778796,True
1,6,40,60,25,0.00669,0,10,0.005,0.025,7748,0,0,0.18133711925658236,True
1,6,41,60,25,0.00669,0,10,0.005,0.025,7850,0,0,0.20522292993630573,True
1,6,42,60,25,0.00669,0,10,0.005,0.025,7787,0,0,0.2059843328624631,True
1,6,43,60,25,0.00669,0,10,0.005,0.025,7717,0,0,0.2114811455228716,True
1,6,44,60,25,0.00669,0,10,0.005,0.025,7691,0,0,0.21570667013392278,True
1,6,45,60,25,0.00669,0,10,0.005,0.025,7659,0,0,0.21634678156417286,True
1,6,46,60,25,0.00669,0,10,0.005,0.025,7411,0,0,0.20820402104979086,True
1,6,47,60,25,0.00669,0,10,0.005,0.025,7333,0,0,0.2081003681985545,True
1,6,48,60,25,0.00669,0,10,0.005,0.025,7257,0,0,0.21179550778558634,True
1,6,49,60,25,0.00669,0,10,0.005,0.025,7186,0,0,0.2150013915947676,True
1,6,50,60,25,0.00669,0,10,0.005,0.025,7111,0,0,0.2169877654338349,True
1,6,51,60,25,0.00669,0,10,0.005,0.025,7013,0,0,0.22001996292599457,True
1,6,52,60,25,0.00669,0,10,0.005,0.025,6946,0,0,0.2230060466455514,True
1,7,1,60,25,0.00669,0,10,0.005,0.025,6874,0,0,0.2256328193191737,True
1,7,2,60,25,0.00669,0,10,0.005,0.025,6786,0,0,0.22708517536103742,True
1,7,3,60,25,0.00669,0,10,0.005,0.025,6715,0,0,0.2279970215934475,True
1,7,4,60,25,0.00669,0,10,0.005,0.025,6644,0,0,0.23088500903070439,True
1,7,5,60,25,0.00669,0,10,0.005,0.025,6569,0,0,0.23230324250266401,True
1,7,6,60,25,0.00669,0,10,0.005,0.025,6486,0,0,0.2351218008017268,True
1,7,7,60,25,0.00669,0,10,0.005,0.025,6426,0,0,0.2387177093059446,True
1,7,8,60,25,0.00669,0,10,0.005,0.025,6362,0,0,0.2406475950958818,True
1,7,9,60,25,0.00669,0,10,0.005,0.025,6289,0,0,0.2426458896485928,True
1,7,10,60,25,0.00669,0,10,0.005,0.025,6218,0,0,0.2441299453200386,True
1,7,11,60,25,0.00669,0,10,0.005,0.025,6127,0,0,0.24677656275501877,True
1,7,12,60,25,0.00669,0,10,0.005,0.025,6082,0,0,0.24958895100295955,True
1,7,13,60,25,0.00669,0,10,0.005,0.025,6013,0,0,0.2506236487610178,True
1,7,14,60,25,0.00669,0,10,0.005,0.025,5936,0,0,0.2526954177897574,True
1,7,15,60,25,0.00669,0,10,0.005,0.025,5872,0,0,0.2563010899182561,True
1,7,16,60,25,0.00669,0,10,0.005,0.025,5802,0,0,0.25853154084798347,True
1,7,17,60,25,0.00669,0,10,0.005,0.025,5737,0,0,0.26076346522572774,True
1,7,18,60,25,0.00669,0,10,0.005,0.025,12772,0,0,0.11752270591919825,True
1,7,19,60,25,0.00669,0,10,0.005,0.025,12577,0,0,0.1201399379820307,True
1,7,20,60,25,0.00669,0,10,0.005,0.025,12295,0,0,0.12354615697437983,True
1,7,21,60,25,0.00669,0,10,0.005,0.025,11992,0,0,0.1276684456304203,True
1,7,22,60,25,0.00669,0,10,0.005,0.025,11715,0,0,0.13137003841229195,True
1,7,23,60,25,0.00669,0,10,0.005,0.025,11470,0,0,0.13478639930252834,True
1,7,24,60,25,0.00669,0,10,0.005,0.025,11225,0,0,0.137728285077951,True
1,7,25,60,25,0.00669,0,10,0.005,0.025,10998,0,0,0.14084378977995998,True
1,7,26,60,25,0.00669,0,10,0.005,0.025,10717,0,0,0.14332369133152933,True
1,7,27,60,25,0.00669,0,10,0.005,0.025,10473,0,0,0.1468538145708011,True
1,7,28,60,25,0.00669,0,10,0.005,0.025,10255,0,0,0.1492930277913213,True
1,7,29,60,25,0.00669,0,10,0.005,0.025,10017,0,0,0.15234102026554858,True
1,7,30,60,25,0.00669,0,10,0.005,0.025,9793,0,0,0.15623404472582456,True
1,7,31,60,25,0.00669,0,10,0.005,0.025,9585,0,0,0.16045905059989568,True
1,7,32,60,25,0.00669,0,10,0.005,0.025,9381,0,0,0.1642682016842554,True
1,7,33,60,25,0.00669,0,10,0.005,0.025,9179,0,0,0.1676653230199368,True
1,7,34,60,25,0.00669,0,10,0.005,0.025,9007,0,0,0.17042300432996557,True
1,7,35,60,25,0.00669,0,10,0.005,0.025,8820,0,0,0.17369614512471657,True
1,7,36,60,25,0.00669,0,10,0.005,0.025,8675,0,0,0.17613832853025937,True
1,7,37,60,25,0.00669,0,10,0.005,0.025,8504,0,0,0.17991533396048917,True
1,7,38,60,25,0.00669,0,10,0.005,0.025,8383,0,0,0.18239293808898963,True
1,7,39,60,25,0.00669,0,10,0.005,0.025,8257,0,0,0.18469177667433692,True
1,7,40,60,25,0.00669,0,10,0.005,0.025,8135,0,0,0.1883220651505839,True
1,7,41,60,25,0.00669,0,10,0.005,0.025,8279,0,0,0.20715062205580384,True
1,7,42,60,25,0.00669,0,10,0.005,0.025,8190,0,0,0.2083028083028083,True
1,7,43,60,25,0.00669,0,10,0.005,0.025,8137,0,0,0.2154356642497235,True
1,7,44,60,25,0.00669,0,10,0.005,0.025,8117,0,0,0.2215104102500924,True
1,7,45,60,25,0.00669,0,10,0.005,0.025,7997,0,0,0.2213329998749531,True
1,7,46,60,25,0.00669,0,10,0.005,0.025,7808,0,0,0.2150358606557377,True
1,7,47,60,25,0.00669,0,10,0.005,0.025,7738,0,0,0.21711036443525458,True
1,7,48,60,25,0.00669,0,10,0.005,0.025,7645,0,0,0.21883584041857423,True
1,7,49,60,25,0.00669,0,10,0.005,0.025,7558,0,0,0.22042868483725853,True
1,7,50,60,25,0.00669,0,10,0.005,0.025,7478,0,0,0.22385664616207543,True
1,7,51,60,25,0.00669,0,10,0.005,0.025,7391,0,0,0.22595048031389528,True
1,7,52,60,25,0.00669,0,10,0.005,0.025,7308,0,0,0.22824302134646962,True
1,8,1,60,25,0.00669,0,10,0.005,0.025,7212,0,0,0.23031059345535218,True
1,8,2,60,25,0.00669,0,10,0.005,0.025,7119,0,0,0.2345835089197921,True
1,8,3,60,25,0.00669,0,10,0.005,0.025,7027,0,0,0.2382239931692045,True
1,8,4,60,25,0.00669,0,10,0.005,0.025,6952,0,0,0.23978711162255467,True
1,8,5,60,25,0.00669,0,10,0.005,0.025,6868,0,0,0.2412638322655795,True
1,8,6,60,25,0.00669,0,10,0.005,0.025,6787,0,0,0.24311183144246354,True
1,8,7,60,25,0.00669,0,10,0.005,0.025,6710,0,0,0.2451564828614009,True
1,8,8,60,25,0.00669,0,10,0.005,0.025,6635,0,0,0.2479276563677468,True
1,8,9,60,25,0.00669,0,10,0.005,0.025,6564,0,0,0.24923826934795856,True
1,8,10,60,25,0.00669,0,10,0.005,0.025,6472,0,0,0.25139060568603216,True
1,8,11,60,25,0.00669,0,10,0.005,0.025,6399,0,0,0.25253945929051413,True
1,8,12,60,25,0.00669,0,10,0.005,0.025,6330,0,0,0.25308056872037915,True
1,8,13,60,25,0.00669,0,10,0.005,0.025,6264,0,0,0.25558748403575987,True
1,8,14,60,25,0.00669,0,10,0.005,0.025,6186,0,0,0.2597801487229227,True
1,8,15,60,25,0.00669,0,10,0.005,0.025,6124,0,0,0.2617570215545395,True
1,8,16,60,25,0.00669,0,10,0.005,0.025,6050,0,0,0.2652892561983471,True
1,8,17,60,25,0.00669,0,10,0.005,0.025,5982,0,0,0.2678034102306921,True
1,8,18,60,25,0.00669,0,10,0.005,0.025,13406,0,0,0.12128897508578249,True
1,8,19,60,25,0.00669,0,10,0.005,0.025,13180,0,0,0.12488619119878604,True
1,8,20,60,25,0.00669,0,10,0.005,0.025,12898,0,0,0.12877965576058303,True
1,8,21,60,25,0.00669,0,10,0.005,0.025,12613,0,0,0.13184809323713628,True
1,8,22,60,25,0.00669,0,10,0.005,0.025,12367,0,0,0.13455162933613649,True
1,8,23,60,25,0.00669,0,10,0.005,0.025,12108,0,0,0.13833828873472084,True
1,8,24,60,25,0.00669,0,10,0.005,0.025,11856,0,0,0.14119433198380565,True
1,8,25,60,25,0.00669,0,10,0.005,0.025,11626,0,0,0.14450369860657147,True
1,8,26,60,25,0.00669,0,10,0.005,0.025,11354,0,0,0.14840584815923905,True
1,8,27,60,25,0.00669,0,10,0.005,0.025,11070,0,0,0.15185185185185185,True
1,8,28,60,25,0.00669,0,10,0.005,0.025,10803,0,0,0.15588262519670462,True
1,8,29,60,25,0.00669,0,10,0.005,0.025,10526,0,0,0.16036481094432833,True
1,8,30,60,25,0.00669,0,10,0.005,0.025,10280,0,0,0.16429961089494163,True
1,8,31,60,25,0.00669,0,10,0.005,0.025,10071,0,0,0.16780855922947074,True
1,8,32,60,25,0.00669,0,10,0.005,0.025,9849,0,0,0.1707787592649,True
1,8,33,60,25,0.00669,0,10,0.005,0.025,9610,0,0,0.17377731529656607,True
1,8,34,60,25,0.00669,0,10,0.005,0.025,9442,0,0,0.17686930735013767,True
1,8,35,60,25,0.00669,0,10,0.005,0.025,9279,0,0,0.18073068218558033,True
1,8,36,60,25,0.00669,0,10,0.005,0.025,9115,0,0,0.18376302797586397,True
1,8,37,60,25,0.00669,0,10,0.005,0.025,8930,0,0,0.187010078387458,True
1,8,38,60,25,0.00669,0,10,0.005,0.025,8809,0,0,0.1899194006130094,True
1,8,39,60,25,0.00669,0,10,0.005,0.025,8684,0,0,0.19288346384154767,True
1,8,40,60,25,0.00669,0,10,0.005,0.025,8558,0,0,0.195840149567656,True
1,8,41,60,25,0.00669,0,10,0.005,0.025,8715,0,0,0.21583476764199655,True
1,8,42,60,25,0.00669,0,10,0.005,0.025,8652,0,0,0.21925566343042072,True
1,8,43,60,25,0.00669,0,10,0.005,0.025,8575,0,0,0.22379008746355686,True
1,8,44,60,25,0.00669,0,10,0.005,0.025,8535,0,0,0.2269478617457528,True
1,8,45,60,25,0.00669,0,10,0.005,0.025,8481,0,0,0.22803914632708408,True
1,8,46,60,25,0.00669,0,10,0.005,0.025,8237,0,0,0.22265387883938326,True
1,8,47,60,25,0.00669,0,10,0.005,0.025,8115,0,0,0.22107208872458411,True
1,8,48,60,25,0.00669,0,10,0.005,0.025,8052,0,0,0.22478887232985595,True
1,8,49,60,25,0.00669,0,10,0.005,0.025,7967,0,0,0.2265595581774821,True
1,8,50,60,25,0.00669,0,10,0.005,0.025,7874,0,0,0.22999745999492,True
1,8,51,60,25,0.00669,0,10,0.005,0.025,7773,0,0,0.231184870706291,True
1,8,52,60,25,0.00669,0,10,0.005,0.025,7675,0,0,0.23283387622149837,True
1,9,1,60,25,0.00669,0,10,0.005,0.025,7583,0,0,0.23499934063035738,True
1,9,2,60,25,0.00669,0,10,0.005,0.025,7487,0,0,0.23787899024976625,True
1,9,3,60,25,0.00669,0,10,0.005,0.025,7398,0,0,0.23992971073263045,True
1,9,4,60,25,0.00669,0,10,0.005,0.025,7303,0,0,0.24291387101191292,True
1,9,5,60,25,0.00669,0,10,0.005,0.025,7220,0,0,0.24556786703601108,True
1,9,6,60,25,0.00669,0,10,0.005,0.025,7160,0,0,0.24762569832402234,True
1,9,7,60,25,0.00669,0,10,0.005,0.025,7075,0,0,0.24975265017667844,True
1,9,8,60,25,0.00669,0,10,0.005,0.025,6990,0,0,0.2522174535050071,True
1,9,9,60,25,0.00669,0,10,0.005,0.025,6919,0,0,0.2540829599653129,True
1,9,10,60,25,0.00669,0,10,0.005,0.025,6828,0,0,0.2561511423550088,True
1,9,11,60,25,0.00669,0,10,0.005,0.025,6749,0,0,0.25870499333234553,True
1,9,12,60,25,0.00669,0,10,0.005,0.025,6664,0,0,0.2597539015606242,True
1,9,13,60,25,0.00669,0,10,0.005,0.025,6594,0,0,0.26235972095844706,True
1,9,14,60,25,0.00669,0,10,0.005,0.025,6529,0,0,0.2655843161280441,True
1,9,15,60,25,0.00669,0,10,0.005,0.025,6464,0,0,0.2681002475247525,True
1,9,16,60,25,0.00669,0,10,0.005,0.025,6388,0,0,0.2689417658108954,True
1,9,17,60,25,0.00669,0,10,0.005,0.025,6331,0,0,0.2700995103459169,True
1,9,18,60,25,0.00669,0,10,0.005,0.025,13711,0,0,0.11414192983735687,True
1,9,19,60,25,0.00669,0,10,0.005,0.025,13473,0,0,0.1172715801974319,True
1,9,20,60,25,0.00669,0,10,0.005,0.025,13187,0,0,0.12049745961932205,True
1,9,21,60,25,0.00669,0,10,0.005,0.025,12887,0,0,0.12353534569721425,True
1,9,22,60,25,0.00669,0,10,0.005,0.025,12632,0,0,0.1266624445851805,True
1,9,23,60,25,0.00669,0,10,0.005,0.025,12368,0,0,0.1296895213454075,True
1,9,24,60,25,0.00669,0,10,0.005,0.025,12086,0,0,0.13263279827900049,True
1,9,25,60,25,0.00669,0,10,0.005,0.025,11788,0,0,0.13649474041398033,True
1,9,26,60,25,0.00669,0,10,0.005,0.025,11528,0,0,0.14018043025676613,True
1,9,27,60,25,0.00669,0,10,0.005,0.025,11284,0,0,0.14374335342077277,True
1,9,28,60,25,0.00669,0,10,0.005,0.025,11036,0,0,0.14706415367886916,True
1,9,29,60,25,0.00669,0,10,0.005,0.025,10821,0,0,0.15017096386655576,True
1,9,30,60,25,0.00669,0,10,0.005,0.025,10634,0,0,0.15356403987210834,True
1,9,31,60,25,0.00669,0,10,0.005,0.025,10413,0,0,0.15634303274752712,True
1,9,32,60,25,0.00669,0,10,0.005,0.025,10191,0,0,0.16023942694534393,True
1,9,33,60,25,0.00669,0,10,0.005,0.025,9983,0,0,0.16367825303015127,True
1,9,34,60,25,0.00669,0,10,0.005,0.025,9779,0,0,0.16678596993557623,True
1,9,35,60,25,0.00669,0,10,0.005,0.025,9586,0,0,0.17045691633632382,True
1,9,36,60,25,0.00669,0,10,0.005,0.025,9406,0,0,0.1739315330640017,True
1,9,37,60,25,0.00669,0,10,0.005,0.025,9253,0,0,0.17669944882740732,True
1,9,38,60,25,0.00669,0,10,0.005,0.025,9103,0,0,0.1797209711084258,True
1,9,39,60,25,0.00669,0,10,0.005,0.025,8991,0,0,0.18296073851629407,True
1,9,40,60,25,0.00669,0,10,0.005,0.025,8860,0,0,0.1853273137697517,True
1,9,41,60,25,0.00669,0,10,0.005,0.025,8998,0,0,0.2059346521449211,True
1,9,42,60,25,0.00669,0,10,0.005,0.025,8916,0,0,0.20928667563930015,True
1,9,43,60,25,0.00669,0,10,0.005,0.025,8909,0,0,0.21416545066786397,True
1,9,44,60,25,0.00669,0,10,0.005,0.025,8823,0,0,0.21829309758585516,True
1,9,45,60,25,0.00669,0,10,0.005,0.025,8737,0,0,0.2208996222959826,True
1,9,46,60,25,0.00669,0,10,0.005,0.025,8472,0,0,0.21329084041548632,True
1,9,47,60,25,0.00669,0,10,0.005,0.025,8364,0,0,0.2149689143950263,True
1,9,48,60,25,0.00669,0,10,0.005,0.025,8285,0,0,0.21532890766445384,True
1,9,49,60,25,0.00669,0,10,0.005,0.025,8214,0,0,0.21682493304114925,True
1,9,50,60,25,0.00669,0,10,0.005,0.025,8152,0,0,0.2192100098135427,True
1,9,51,60,25,0.00669,0,10,0.005,0.025,8071,0,0,0.22289679098005205,True
1,9,52,60,25,0.00669,0,10,0.005,0.025,8014,0,0,0.22610431744447218,True
1,10,1,60,25,0.00669,0,10,0.005,0.025,7934,0,0,0.22926644819763045,True
1,10,2,60,25,0.00669,0,10,0.005,0.025,7850,0,0,0.23210191082802548,True
1,10,3,60,25,0.00669,0,10,0.005,0.025,7758,0,0,0.23446764630059294,True
1,10,4,60,25,0.00669,0,10,0.005,0.025,7665,0,0,0.23731245923026745,True
1,10,5,60,25,0.00669,0,10,0.005,0.025,7577,0,0,0.23993665038933615,True
1,10,6,60,25,0.00669,0,10,0.005,0.025,7479,0,0,0.2436154566118465,True
1,10,7,60,25,0.00669,0,10,0.005,0.025,7398,0,0,0.24736415247364152,True
1,10,8,60,25,0.00669,0,10,0.005,0.025,7325,0,0,0.24832764505119453,True
1,10,9,60,25,0.00669,0,10,0.005,0.025,7244,0,0,0.2513804527885146,True
1,10,10,60,25,0.00669,0,10,0.005,0.025,7156,0,0,0.25475125768585805,True
1,10,11,60,25,0.00669,0,10,0.005,0.025,7074,0,0,0.2560079163132598,True
1,10,12,60,25,0.00669,0,10,0.005,0.025,6995,0,0,0.25875625446747674,True
1,10,13,60,25,0.00669,0,10,0.005,0.025,6917,0,0,0.2616741361862079,True
1,10,14,60,25,0.00669,0,10,0.005,0.025,6835,0,0,0.2653986832479883,True
1,10,15,60,25,0.00669,0,10,0.005,0.025,6760,0,0,0.2683431952662722,True
1,10,16,60,25,0.00669,0,10,0.005,0.025,6664,0,0,0.27010804321728693,True
1,10,17,60,25,0.00669,0,10,0.005,0.025,6589,0,0,0.272575504628927,True
1,10,18,60,25,0.00669,0,10,0.005,0.025,14751,0,0,0.11605992814046505,True
1,10,19,60,25,0.00669,0,10,0.005,0.025,14489,0,0,0.11912485333701428,True
1,10,20,60,25,0.00669,0,10,0.005,0.025,14176,0,0,0.12267212189616253,True
1,10,21,60,25,0.00669,0,10,0.005,0.025,13867,0,0,0.12583832119420207,True
1,10,22,60,25,0.00669,0,10,0.005,0.025,13574,0,0,0.12848091940474438,True
1,10,23,60,25,0.00669,0,10,0.005,0.025,13269,0,0,0.1318863516466953,True
1,10,24,60,25,0.00669,0,10,0.005,0.025,12929,0,0,0.13473586510944388,True
1,10,25,60,25,0.00669,0,10,0.005,0.025,12619,0,0,0.13764957603613598,True
1,10,26,60,25,0.00669,0,10,0.005,0.025,12302,0,0,0.14022110225979514,True
1,10,27,60,25,0.00669,0,10,0.005,0.025,12026,0,0,0.14427074671544987,True
1,10,28,60,25,0.00669,0,10,0.005,0.025,11722,0,0,0.14835352328954104,True
1,10,29,60,25,0.00669,0,10,0.005,0.025,11519,0,0,0.15209653615765256,True
1,10,30,60,25,0.00669,0,10,0.005,0.025,11281,0,0,0.15521673610495523,True
1,10,31,60,25,0.00669,0,10,0.005,0.025,11064,0,0,0.1581706435285611,True
1,10,32,60,25,0.00669,0,10,0.005,0.025,10840,0,0,0.16236162361623616,True
1,10,33,60,25,0.00669,0,10,0.005,0.025,10606,0,0,0.16518951536865925,True
1,10,34,60,25,0.00669,0,10,0.005,0.025,10357,0,0,0.1695471661678092,True
1,10,35,60,25,0.00669,0,10,0.005,0.025,10146,0,0,0.17307313226887444,True
1,10,36,60,25,0.00669,0,10,0.005,0.025,9962,0,0,0.17697249548283478,True
1,10,37,60,25,0.00669,0,10,0.005,0.025,9771,0,0,0.18063657762767374,True
1,10,38,60,25,0.00669,0,10,0.005,0.025,9631,0,0,0.183885370158862,True
1,10,39,60,25,0.00669,0,10,0.005,0.025,9506,0,0,0.18619819061645276,True
1,10,40,60,25,0.00669,0,10,0.005,0.025,9358,0,0,0.18978414191066467,True
1,10,41,60,25,0.00669,0,10,0.005,0.025,9522,0,0,0.2061541692921655,True
1,10,42,60,25,0.00669,0,10,0.005,0.025,9463,0,0,0.21293458734016696,True
1,10,43,60,25,0.00669,0,10,0.005,0.025,9345,0,0,0.21519529159978598,True
1,10,44,60,25,0.00669,0,10,0.005,0.025,9292,0,0,0.2180370210934137,True
1,10,45,60,25,0.00669,0,10,0.005,0.025,9203,0,0,0.22264478974247529,True
1,10,46,60,25,0.00669,0,10,0.005,0.025,8971,0,0,0.21636383903689665,True
1,10,47,60,25,0.00669,0,10,0.005,0.025,8898,0,0,0.2200494493144527,True
1,10,48,60,25,0.00669,0,10,0.005,0.025,8824,0,0,0.22178150498640073,True
1,10,49,60,25,0.00669,0,10,0.005,0.025,8718,0,0,0.2228722183987153,True
1,10,50,60,25,0.00669,0,10,0.005,0.025,8627,0,0,0.22626637301495306,True
1,10,51,60,25,0.00669,0,10,0.005,0.025,8511,0,0,0.22899776759487722,True
1,10,52,60,25,0.00669,0,10,0.005,0.025,8414,0,0,0.23128119800332778,True
1,11,1,60,25,0.00669,0,10,0.005,0.025,8327,0,0,0.23297706256755135,True
1,11,2,60,25,0.00669,0,10,0.005,0.025,8229,0,0,0.2339287884311581,True
1,11,3,60,25,0.00669,0,10,0.005,0.025,8121,0,0,0.23790173623937938,True
1,11,4,60,25,0.00669,0,10,0.005,0.025,8018,0,0,0.2403342479421302,True
1,11,5,60,25,0.00669,0,10,0.005,0.025,7915,0,0,0.2427037271004422,True
1,11,6,60,25,0.00669,0,10,0.005,0.025,7830,0,0,0.24482758620689654,True
1,11,7,60,25,0.00669,0,10,0.005,0.025,7790,0,0,0.2485237483953787,True
1,11,8,60,25,0.00669,0,10,0.005,0.025,7686,0,0,0.2511059068436118,True
1,11,9,60,25,0.00669,0,10,0.005,0.025,7599,0,0,0.2545071719963153,True
1,11,10,60,25,0.00669,0,10,0.005,0.025,7489,0,0,0.25624248898384294,True
1,11,11,60,25,0.00669,0,10,0.005,0.025,7401,0,0,0.25834346709904066,True
1,11,12,60,25,0.00669,0,10,0.005,0.025,7328,0,0,0.2610534934497817,True
1,11,13,60,25,0.00669,0,10,0.005,0.025,7251,0,0,0.2643773272652048,True
1,11,14,60,25,0.00669,0,10,0.005,0.025,7156,0,0,0.26690888764673004,True
1,11,15,60,25,0.00669,0,10,0.005,0.025,7082,0,0,0.2684269980231573,True
1,11,16,60,25,0.00669,0,10,0.005,0.025,7001,0,0,0.27267533209541495,True
1,11,17,60,25,0.00669,0,10,0.005,0.025,6935,0,0,0.27339581831290555,True
1,11,18,60,25,0.00669,0,10,0.005,0.025,15085,0,0,0.1177328471992045,True
1,11,19,60,25,0.00669,0,10,0.005,0.025,14840,0,0,0.12149595687331537,True
1,11,20,60,25,0.00669,0,10,0.005,0.025,14537,0,0,0.12526656118869092,True
1,11,21,60,25,0.00669,0,10,0.005,0.025,14162,0,0,0.12985454031916396,True
1,11,22,60,25,0.00669,0,10,0.005,0.025,13873,0,0,0.13292006054926836,True
1,11,23,60,25,0.00669,0,10,0.005,0.025,13518,0,0,0.13737239236573456,True
1,11,24,60,25,0.00669,0,10,0.005,0.025,13195,0,0,0.14058355437665782,True
1,11,25,60,25,0.00669,0,10,0.005,0.025,12850,0,0,0.1442023346303502,True
1,11,26,60,25,0.00669,0,10,0.005,0.025,12550,0,0,0.14653386454183268,True
1,11,27,60,25,0.00669,0,10,0.005,0.025,12228,0,0,0.15104677788681714,True
1,11,28,60,25,0.00669,0,10,0.005,0.025,12018,0,0,0.154851056748211,True
1,11,29,60,25,0.00669,0,10,0.005,0.025,11781,0,0,0.1584755114166879,True
1,11,30,60,25,0.00669,0,10,0.005,0.025,11533,0,0,0.16179658371629238,True
1,11,31,60,25,0.00669,0,10,0.005,0.025,11322,0,0,0.1659600777247836,True
1,11,32,60,25,0.00669,0,10,0.005,0.025,11080,0,0,0.16895306859205775,True
1,11,33,60,25,0.00669,0,10,0.005,0.025,10894,0,0,0.17202129612630807,True
1,11,34,60,25,0.00669,0,10,0.005,0.025,10673,0,0,0.17567694181579688,True
1,11,35,60,25,0.00669,0,10,0.005,0.025,10482,0,0,0.17906887998473572,True
1,11,36,60,25,0.00669,0,10,0.005,0.025,10328,0,0,0.18590240123934934,True
1,11,37,60,25,0.00669,0,10,0.005,0.025,10106,0,0,0.1886997823075401,True
1,11,38,60,25,0.00669,0,10,0.005,0.025,9948,0,0,0.19149577804583837,True
1,11,39,60,25,0.00669,0,10,0.005,0.025,9776,0,0,0.19578559738134207,True
1,11,40,60,25,0.00669,0,10,0.005,0.025,9639,0,0,0.19794584500466852,True
1,11,41,60,25,0.00669,0,10,0.005,0.025,9840,0,0,0.21686991869918698,True
1,11,42,60,25,0.00669,0,10,0.005,0.025,9796,0,0,0.22070232748060434,True
1,11,43,60,25,0.00669,0,10,0.005,0.025,9682,0,0,0.2221648419747986,True
1,11,44,60,25,0.00669,0,10,0.005,0.025,9659,0,0,0.2267315457086655,True
1,11,45,60,25,0.00669,0,10,0.005,0.025,9601,0,0,0.23060097906468077,True
1,11,46,60,25,0.00669,0,10,0.005,0.025,9367,0,0,0.22376427885128644,True
1,11,47,60,25,0.00669,0,10,0.005,0.025,9276,0,0,0.2264984907287624,True
1,11,48,60,25,0.00669,0,10,0.005,0.025,9172,0,0,0.2301569995638901,True
1,11,49,60,25,0.00669,0,10,0.005,0.025,9130,0,0,0.23187294633077765,True
1,11,50,60,25,0.00669,0,10,0.005,0.025,9030,0,0,0.2353266888150609,True
1,11,51,60,25,0.00669,0,10,0.005,0.025,8912,0,0,0.23765709156193895,True
1,11,52,60,25,0.00669,0,10,0.005,0.025,8824,0,0,0.2400271985494107,True
1,1,1,60,25,0.0126,0,10,0.005,0.025,5537,0,0,0.001083619288423334,True
1,1,2,60,25,0.0126,0,10,0.005,0.025,5422,0,0,0.002397639247510144,True
1,1,3,60,25,0.0126,0,10,0.005,0.025,5277,0,0,0.004737540269092288,True
1,1,4,60,25,0.0126,0,10,0.005,0.025,5185,0,0,0.007714561234329798,True
1,1,5,60,25,0.0126,0,10,0.005,0.025,5098,0,0,0.01118085523734798,True
1,1,6,60,25,0.0126,0,10,0.005,0.025,4997,0,0,0.012407444466680007,True
1,1,7,60,25,0.0126,0,10,0.005,0.025,4918,0,0,0.014640097600650671,True
1,1,8,60,25,0.0126,0,10,0.005,0.025,4836,0,0,0.0163358147229115,True
1,1,9,60,25,0.0126,0,10,0.005,0.025,4782,0,0,0.018402342116269343,True
1,1,10,60,25,0.0126,0,10,0.005,0.025,4703,0,0,0.02041250265787795,True
1,1,11,60,25,0.0126,0,10,0.005,0.025,4630,0,0,0.02181425485961123,True
1,1,12,60,25,0.0126,0,10,0.005,0.025,4591,0,0,0.02287083424090612,True
1,1,13,60,25,0.0126,0,10,0.005,0.025,4508,0,0,0.024622892635314995,True
1,1,14,60,25,0.0126,0,10,0.005,0.025,4440,0,0,0.027702702702702704,True
1,1,15,60,25,0.0126,0,10,0.005,0.025,4383,0,0,0.02943189596167009,True
1,1,16,60,25,0.0126,0,10,0.005,0.025,4319,0,0,0.032183375781430885,True
1,1,17,60,25,0.0126,0,10,0.005,0.025,4269,0,0,0.0346685406418365,True
1,1,18,60,25,0.0126,0,10,0.005,0.025,12383,0,0,0.012920939998384883,True
1,1,19,60,25,0.0126,0,10,0.005,0.025,12016,0,0,0.015312916111850865,True
1,1,20,60,25,0.0126,0,10,0.005,0.025,11745,0,0,0.017624521072796936,True
1,1,21,60,25,0.0126,0,10,0.005,0.025,11472,0,0,0.019525801952580194,True
1,1,22,60,25,0.0126,0,10,0.005,0.025,11176,0,0,0.022279885468861848,True
1,1,23,60,25,0.0126,0,10,0.005,0.025,10846,0,0,0.024801770237875713,True
1,1,24,60,25,0.0126,0,10,0.005,0.025,10578,0,0,0.027509926262053317,True
1,1,25,60,25,0.0126,0,10,0.005,0.025,10271,0,0,0.029403173985006328,True
1,1,26,60,25,0.0126,0,10,0.005,0.025,10028,0,0,0.03171120861587555,True
1,1,27,60,25,0.0126,0,10,0.005,0.025,9733,0,0,0.03400801397308127,True
1,1,28,60,25,0.0126,0,10,0.005,0.025,9438,0,0,0.03613053613053613,True
1,1,29,60,25,0.0126,0,10,0.005,0.025,9188,0,0,0.03733130169786678,True
1,1,30,60,25,0.0126,0,10,0.005,0.025,8948,0,0,0.03967367009387573,True
1,1,31,60,25,0.0126,0,10,0.005,0.025,8687,0,0,0.04201680672268908,True
1,1,32,60,25,0.0126,0,10,0.005,0.025,8488,0,0,0.04382657869934024,True
1,1,33,60,25,0.0126,0,10,0.005,0.025,8237,0,0,0.044919266723321596,True
1,1,34,60,25,0.0126,0,10,0.005,0.025,8021,0,0,0.04700162074554295,True
1,1,35,60,25,0.0126,0,10,0.005,0.025,7816,0,0,0.04887410440122825,True
1,1,36,60,25,0.0126,0,10,0.005,0.025,7612,0,0,0.05136626379400946,True
1,1,37,60,25,0.0126,0,10,0.005,0.025,7410,0,0,0.05344129554655871,True
1,1,38,60,25,0.0126,0,10,0.005,0.025,7268,0,0,0.05476059438635113,True
1,1,39,60,25,0.0126,0,10,0.005,0.025,7126,0,0,0.05837777154083637,True
1,1,40,60,25,0.0126,0,10,0.005,0.025,6981,0,0,0.061166022059876805,True
1,1,41,60,25,0.0126,0,10,0.005,0.025,7223,0,0,0.08639069638654298,True
1,1,42,60,25,0.0126,0,10,0.005,0.025,7141,0,0,0.09032348410586752,True
1,1,43,60,25,0.0126,0,10,0.005,0.025,7097,0,0,0.09581513315485417,True
1,1,44,60,25,0.0126,0,10,0.005,0.025,6967,0,0,0.09473230945887756,True
1,1,45,60,25,0.0126,0,10,0.005,0.025,6912,0,0,0.0982349537037037,True
1,1,46,60,25,0.0126,0,10,0.005,0.025,6617,0,0,0.092791295148859,True
1,1,47,60,25,0.0126,0,10,0.005,0.025,6476,0,0,0.09342186534898085,True
1,1,48,60,25,0.0126,0,10,0.005,0.025,6385,0,0,0.0952231793265466,True
1,1,49,60,25,0.0126,0,10,0.005,0.025,6280,0,0,0.09649681528662421,True
1,1,50,60,25,0.0126,0,10,0.005,0.025,6211,0,0,0.09579777813556593,True
1,1,51,60,25,0.0126,0,10,0.005,0.025,6117,0,0,0.09923164950138957,True
1,1,52,60,25,0.0126,0,10,0.005,0.025,6034,0,0,0.10258534968511766,True
1,2,1,60,25,0.0126,0,10,0.005,0.025,5957,8,0,0.10491858317945274,False
1,2,2,60,25,0.0126,0,10,0.005,0.025,5867,7,0,0.10823248679052326,False
1,2,3,60,25,0.0126,0,10,0.005,0.025,5771,6,0,0.10933980246057876,False
1,2,4,60,25,0.0126,0,10,0.005,0.025,5682,7,2,0.1119324181626188,False
1,2,5,60,25,0.0126,0,10,0.005,0.025,5611,9,3,0.11637854214934949,False
1,2,6,60,25,0.0126,0,10,0.005,0.025,5531,11,4,0.1193274272283493,False
1,2,7,60,25,0.0126,0,10,0.005,0.025,5436,13,5,0.12067696835908756,False
1,2,8,60,25,0.0126,0,10,0.005,0.025,5363,14,4,0.12231959724035055,False
1,2,9,60,25,0.0126,0,10,0.005,0.025,5305,15,5,0.12516493873704052,False
1,2,10,60,25,0.0126,0,10,0.005,0.025,5237,17,8,0.12812679014703074,False
1,2,11,60,25,0.0126,0,10,0.005,0.025,5171,15,7,0.12918197640688456,False
1,2,12,60,25,0.0126,0,10,0.005,0.025,5095,15,3,0.13130520117762512,False
1,2,13,60,25,0.0126,0,10,0.005,0.025,5017,14,4,0.13494119992027107,False
1,2,14,60,25,0.0126,0,10,0.005,0.025,4948,17,5,0.1370250606305578,False
1,2,15,60,25,0.0126,0,10,0.005,0.025,4878,15,7,0.13899138991389914,False
1,2,16,60,25,0.0126,0,10,0.005,0.025,4809,17,11,0.14181742566022043,False
1,2,17,60,25,0.0126,0,10,0.005,0.025,4722,12,7,0.14315967810249894,False
1,2,18,60,25,0.0126,0,10,0.005,0.025,9559,7,2,0.07197405586358406,False
1,2,19,60,25,0.0126,0,10,0.005,0.025,9369,9,3,0.07332692923471021,False
1,2,20,60,25,0.0126,0,10,0.005,0.025,9168,12,3,0.07635253054101222,False
1,2,21,60,25,0.0126,0,10,0.005,0.025,8953,10,4,0.07885624930190997,False
1,2,22,60,25,0.0126,0,10,0.005,0.025,8693,10,4,0.08213505119061314,False
1,2,23,60,25,0.0126,0,10,0.005,0.025,8485,14,3,0.08509133765468474,False
1,2,24,60,25,0.0126,0,10,0.005,0.025,8286,22,5,0.0871349263818489,False
1,2,25,60,25,0.0126,0,10,0.005,0.025,8103,20,6,0.09070714550166604,False
1,2,26,60,25,0.0126,0,10,0.005,0.025,7951,23,3,0.09332159476795372,False
1,2,27,60,25,0.0126,0,10,0.005,0.025,7734,19,4,0.09529350918024308,False
1,2,28,60,25,0.0126,0,10,0.005,0.025,7564,20,11,0.09717080909571656,False
1,2,29,60,25,0.0126,0,10,0.005,0.025,7375,22,9,0.09979661016949153,False
1,2,30,60,25,0.0126,0,10,0.005,0.025,7222,16,3,0.10177236222653005,False
1,2,31,60,25,0.0126,0,10,0.005,0.025,7075,18,2,0.10445229681978799,False
1,2,32,60,25,0.0126,0,10,0.005,0.025,6919,21,8,0.10724093077034254,False
1,2,33,60,25,0.0126,0,10,0.005,0.025,6766,24,10,0.11025716819391072,False
1,2,34,60,25,0.0126,0,10,0.005,0.025,6597,20,9,0.1145975443383356,False
1,2,35,60,25,0.0126,0,10,0.005,0.025,6449,18,9,0.1173825399286711,False
1,2,36,60,25,0.0126,0,10,0.005,0.025,6358,15,6,0.12094998427178358,False
1,2,37,60,25,0.0126,0,10,0.005,0.025,6222,14,6,0.12327225972356155,False
1,2,38,60,25,0.0126,0,10,0.005,0.025,6137,15,8,0.12514257780674598,False
1,2,39,60,25,0.0126,0,10,0.005,0.025,6053,11,6,0.12704444077317034,False
1,2,40,60,25,0.0126,0,10,0.005,0.025,5970,9,3,0.12763819095477386,False
1,2,41,60,25,0.0126,0,10,0.005,0.025,6402,11,4,0.16869728209934395,False
1,2,42,60,25,0.0126,0,10,0.005,0.025,6419,10,3,0.17946720673002026,False
1,2,43,60,25,0.0126,0,10,0.005,0.025,6376,12,2,0.18255959849435383,False
1,2,44,60,25,0.0126,0,10,0.005,0.025,6309,10,1,0.1849738468854018,False
1,2,45,60,25,0.0126,0,10,0.005,0.025,6291,13,3,0.18725162931171516,False
1,2,46,60,25,0.0126,0,10,0.005,0.025,5989,11,7,0.17331774920687928,False
1,2,47,60,25,0.0126,0,10,0.005,0.025,5892,12,8,0.17362525458248473,False
1,2,48,60,25,0.0126,0,10,0.005,0.025,5788,9,4,0.17449896337249482,False
1,2,49,60,25,0.0126,0,10,0.005,0.025,5726,9,3,0.17796018162766328,False
1,2,50,60,25,0.0126,0,10,0.005,0.025,5689,11,3,0.1822815960625769,False
1,2,51,60,25,0.0126,0,10,0.005,0.025,5669,10,2,0.18821661668724643,False
1,2,52,60,25,0.0126,0,10,0.005,0.025,5615,13,3,0.19554764024933213,False
1,3,1,60,25,0.0126,0,10,0.005,0.025,5578,14,5,0.19881678020795984,False
1,3,2,60,25,0.0126,0,10,0.005,0.025,5530,16,9,0.20524412296564196,False
1,3,3,60,25,0.0126,0,10,0.005,0.025,5461,14,7,0.208203625709577,False
1,3,4,60,25,0.0126,0,10,0.005,0.025,5406,11,4,0.21309655937846836,False
1,3,5,60,25,0.0126,0,10,0.005,0.025,5357,11,4,0.2167257793541161,False
1,3,6,60,25,0.0126,0,10,0.005,0.025,5290,10,3,0.21795841209829867,False
1,3,7,60,25,0.0126,0,10,0.005,0.025,5233,8,3,0.21975922033250525,False
1,3,8,60,25,0.0126,0,10,0.005,0.025,5170,8,5,0.2230174081237911,False
1,3,9,60,25,0.0126,0,10,0.005,0.025,5114,7,3,0.2240907313257724,False
1,3,10,60,25,0.0126,0,10,0.005,0.025,5054,4,2,0.22694895132568263,False
1,3,11,60,25,0.0126,0,10,0.005,0.025,4987,6,2,0.22839382394224986,False
1,3,12,60,25,0.0126,0,10,0.005,0.025,4917,3,2,0.23184868822452714,False
1,3,13,60,25,0.0126,0,10,0.005,0.025,4865,3,2,0.23371017471736896,False
1,3,14,60,25,0.0126,0,10,0.005,0.025,4819,1,1,0.2353185308155219,False
1,3,15,60,25,0.0126,0,10,0.005,0.025,4755,3,1,0.23596214511041008,False
1,3,16,60,25,0.0126,0,10,0.005,0.025,4694,2,0,0.23838943331913082,False
1,3,17,60,25,0.0126,0,10,0.005,0.025,4630,2,1,0.23995680345572354,False
1,3,18,60,25,0.0126,0,10,0.005,0.025,10492,5,1,0.1067479984750286,False
1,3,19,60,25,0.0126,0,10,0.005,0.025,10260,4,3,0.10984405458089669,False
1,3,20,60,25,0.0126,0,10,0.005,0.025,10004,7,3,0.11305477808876449,False
1,3,21,60,25,0.0126,0,10,0.005,0.025,9794,4,0,0.11680620788237697,False
1,3,22,60,25,0.0126,0,10,0.005,0.025,9591,4,2,0.12042539881138567,False
1,3,23,60,25,0.0126,0,10,0.005,0.025,9318,6,4,0.12234385061171925,False
1,3,24,60,25,0.0126,0,10,0.005,0.025,9035,6,2,0.12661870503597122,False
1,3,25,60,25,0.0126,0,10,0.005,0.025,8821,4,2,0.13014397460605373,False
1,3,26,60,25,0.0126,0,10,0.005,0.025,8621,7,2,0.13316320612457952,False
1,3,27,60,25,0.0126,0,10,0.005,0.025,8449,5,1,0.13693928275535566,False
1,3,28,60,25,0.0126,0,10,0.005,0.025,8279,5,2,0.13938881507428433,False
1,3,29,60,25,0.0126,0,10,0.005,0.025,8137,5,2,0.1430502642251444,False
1,3,30,60,25,0.0126,0,10,0.005,0.025,7947,4,2,0.1452120296967409,False
1,3,31,60,25,0.0126,0,10,0.005,0.025,7768,3,1,0.1494593202883625,False
1,3,32,60,25,0.0126,0,10,0.005,0.025,7600,1,1,0.15447368421052632,False
1,3,33,60,25,0.0126,0,10,0.005,0.025,7444,2,1,0.1569048898441698,False
1,3,34,60,25,0.0126,0,10,0.005,0.025,7305,1,0,0.16098562628336754,False
1,3,35,60,25,0.0126,0,10,0.005,0.025,7140,1,0,0.16484593837535014,False
1,3,36,60,25,0.0126,0,10,0.005,0.025,6995,1,0,0.16940671908506075,False
1,3,37,60,25,0.0126,0,10,0.005,0.025,6838,1,1,0.17256507750804329,False
1,3,38,60,25,0.0126,0,10,0.005,0.025,6741,2,1,0.17445482866043613,False
1,3,39,60,25,0.0126,0,10,0.005,0.025,6634,1,0,0.17696713898100694,False
1,3,40,60,25,0.0126,0,10,0.005,0.025,6532,1,0,0.1804960195958359,False
1,3,41,60,25,0.0126,0,10,0.005,0.025,6823,2,2,0.21368899311153453,False
1,3,42,60,25,0.0126,0,10,0.005,0.025,6818,3,1,0.21780580815488412,False
1,3,43,60,25,0.0126,0,10,0.005,0.025,6784,3,2,0.2184551886792453,False
1,3,44,60,25,0.0126,0,10,0.005,0.025,6717,5,1,0.22093196367425935,False
1,3,45,60,25,0.0126,0,10,0.005,0.025,6654,4,1,0.22422602945596634,False
1,3,46,60,25,0.0126,0,10,0.005,0.025,6311,5,2,0.20519727459990492,False
1,3,47,60,25,0.0126,0,10,0.005,0.025,6194,5,3,0.20487568614788504,False
1,3,48,60,25,0.0126,0,10,0.005,0.025,6115,6,2,0.20539656582174978,False
1,3,49,60,25,0.0126,0,10,0.005,0.025,6039,4,0,0.2054975989402219,False
1,3,50,60,25,0.0126,0,10,0.005,0.025,5973,4,2,0.2067637702996819,False
1,3,51,60,25,0.0126,0,10,0.005,0.025,5888,6,3,0.20940896739130435,False
1,3,52,60,25,0.0126,0,10,0.005,0.025,5811,9,1,0.21201170194458785,False
1,4,1,60,25,0.0126,0,10,0.005,0.025,5748,8,3,0.21416144745998608,False
1,4,2,60,25,0.0126,0,10,0.005,0.025,5657,9,5,0.21530846738554005,False
1,4,3,60,25,0.0126,0,10,0.005,0.025,5595,8,4,0.2193029490616622,False
1,4,4,60,25,0.0126,0,10,0.005,0.025,5520,8,5,0.2233695652173913,False
1,4,5,60,25,0.0126,0,10,0.005,0.025,5457,9,3,0.22594832325453545,False
1,4,6,60,25,0.0126,0,10,0.005,0.025,5369,6,0,0.2296517042279754,False
1,4,7,60,25,0.0126,0,10,0.005,0.025,5307,6,3,0.2332768042208404,False
1,4,8,60,25,0.0126,0,10,0.005,0.025,5240,7,4,0.23492366412213742,False
1,4,9,60,25,0.0126,0,10,0.005,0.025,5160,4,3,0.237984496124031,False
1,4,10,60,25,0.0126,0,10,0.005,0.025,5090,4,2,0.24420432220039293,False
1,4,11,60,25,0.0126,0,10,0.005,0.025,5013,2,0,0.24516257729902255,False
1,4,12,60,25,0.0126,0,10,0.005,0.025,4941,2,1,0.24772313296903462,False
1,4,13,60,25,0.0126,0,10,0.005,0.025,4884,4,1,0.2502047502047502,False
1,4,14,60,25,0.0126,0,10,0.005,0.025,4822,3,1,0.2521775197013687,False
1,4,15,60,25,0.0126,0,10,0.005,0.025,4775,4,1,0.25612565445026175,False
1,4,16,60,25,0.0126,0,10,0.005,0.025,4709,3,2,0.2571671267785092,False
1,4,17,60,25,0.0126,0,10,0.005,0.025,4651,4,2,0.2588690604171146,False
1,4,18,60,25,0.0126,0,10,0.005,0.025,10178,1,0,0.11937512281391235,False
1,4,19,60,25,0.0126,0,10,0.005,0.025,9991,1,1,0.12281052947652887,False
1,4,20,60,25,0.0126,0,10,0.005,0.025,9752,3,1,0.12602543068088598,False
1,4,21,60,25,0.0126,0,10,0.005,0.025,9488,2,0,0.1294266441821248,False
1,4,22,60,25,0.0126,0,10,0.005,0.025,9245,2,0,0.1327203893996755,False
1,4,23,60,25,0.0126,0,10,0.005,0.025,9012,2,1,0.13559698180204172,False
1,4,24,60,25,0.0126,0,10,0.005,0.025,8807,6,2,0.13932099466333597,False
1,4,25,60,25,0.0126,0,10,0.005,0.025,8613,9,1,0.14211076280041798,False
1,4,26,60,25,0.0126,0,10,0.005,0.025,8399,8,2,0.14596975830456008,False
1,4,27,60,25,0.0126,0,10,0.005,0.025,8220,10,3,0.1491484184914842,False
1,4,28,60,25,0.0126,0,10,0.005,0.025,8026,11,1,0.1536257164216297,False
1,4,29,60,25,0.0126,0,10,0.005,0.025,7807,8,2,0.1572947354937876,False
1,4,30,60,25,0.0126,0,10,0.005,0.025,7618,8,3,0.16054082436334996,False
1,4,31,60,25,0.0126,0,10,0.005,0.025,7450,9,4,0.16429530201342282,False
1,4,32,60,25,0.0126,0,10,0.005,0.025,7297,9,4,0.16732903933123203,False
1,4,33,60,25,0.0126,0,10,0.005,0.025,7112,6,2,0.171962879640045,False
1,4,34,60,25,0.0126,0,10,0.005,0.025,6955,5,3,0.17627606038820992,False
1,4,35,60,25,0.0126,0,10,0.005,0.025,6746,5,2,0.1793655499555292,False
1,4,36,60,25,0.0126,0,10,0.005,0.025,6558,2,0,0.18298261665141813,False
1,4,37,60,25,0.0126,0,10,0.005,0.025,6433,2,1,0.1854500233172703,False
1,4,38,60,25,0.0126,0,10,0.005,0.025,6335,6,1,0.18642462509865826,False
1,4,39,60,25,0.0126,0,10,0.005,0.025,6216,5,3,0.18967181467181468,False
1,4,40,60,25,0.0126,0,10,0.005,0.025,6118,5,3,0.19221967963386727,False
1,4,41,60,25,0.0126,0,10,0.005,0.025,6536,2,1,0.22873317013463892,False
1,4,42,60,25,0.0126,0,10,0.005,0.025,6525,3,2,0.23295019157088123,False
1,4,43,60,25,0.0126,0,10,0.005,0.025,6477,4,2,0.23313262312799135,False
1,4,44,60,25,0.0126,0,10,0.005,0.025,6467,3,1,0.2413793103448276,False
1,4,45,60,25,0.0126,0,10,0.005,0.025,6394,2,0,0.24288395370659993,False
1,4,46,60,25,0.0126,0,10,0.005,0.025,6027,2,0,0.22598307615729218,False
1,4,47,60,25,0.0126,0,10,0.005,0.025,5956,2,1,0.22766957689724648,False
1,4,48,60,25,0.0126,0,10,0.005,0.025,5903,2,1,0.22768084025071997,False
1,4,49,60,25,0.0126,0,10,0.005,0.025,5829,1,1,0.22919883341911135,False
1,4,50,60,25,0.0126,0,10,0.005,0.025,5754,4,1,0.2316649287452207,False
1,4,51,60,25,0.0126,0,10,0.005,0.025,5687,3,0,0.23369087392298224,False
1,4,52,60,25,0.0126,0,10,0.005,0.025,5614,3,0,0.23601710010687565,False
1,5,1,60,25,0.0126,0,10,0.005,0.025,5570,3,1,0.23770197486535008,False
1,5,2,60,25,0.0126,0,10,0.005,0.025,5498,4,2,0.23954165150963988,False
1,5,3,60,25,0.0126,0,10,0.005,0.025,5438,3,1,0.24402353806546526,False
1,5,4,60,25,0.0126,0,10,0.005,0.025,5365,3,0,0.24566635601118358,False
1,5,5,60,25,0.0126,0,10,0.005,0.025,5300,3,1,0.24735849056603773,False
1,5,6,60,25,0.0126,0,10,0.005,0.025,5239,6,1,0.24890246230196603,False
1,5,7,60,25,0.0126,0,10,0.005,0.025,5184,5,2,0.25212191358024694,False
1,5,8,60,25,0.0126,0,10,0.005,0.025,5117,4,2,0.25210084033613445,False
1,5,9,60,25,0.0126,0,10,0.005,0.025,5056,4,1,0.25593354430379744,False
1,5,10,60,25,0.0126,0,10,0.005,0.025,4997,3,0,0.25895537322393436,False
1,5,11,60,25,0.0126,0,10,0.005,0.025,4938,3,2,0.2620494127176995,False
1,5,12,60,25,0.0126,0,10,0.005,0.025,4887,4,3,0.26294250051156126,False
1,5,13,60,25,0.0126,0,10,0.005,0.025,4817,2,1,0.2648951629645007,False
1,5,14,60,25,0.0126,0,10,0.005,0.025,4753,1,0,0.26783084367767723,False
1,5,15,60,25,0.0126,0,10,0.005,0.025,4707,1,1,0.26938602082005525,False
1,5,16,60,25,0.0126,0,10,0.005,0.025,4653,3,1,0.2695035460992908,False
1,5,17,60,25,0.0126,0,10,0.005,0.025,4591,2,0,0.2714005663254193,False
1,5,18,60,25,0.0126,0,10,0.005,0.025,10110,2,0,0.12354104846686449,False
1,5,19,60,25,0.0126,0,10,0.005,0.025,9921,2,0,0.12619695595202096,False
1,5,20,60,25,0.0126,0,10,0.005,0.025,9685,2,1,0.1291688177594218,False
1,5,21,60,25,0.0126,0,10,0.005,0.025,9407,7,1,0.1336238970979058,False
1,5,22,60,25,0.0126,0,10,0.005,0.025,9142,6,1,0.13662218332968715,False
1,5,23,60,25,0.0126,0,10,0.005,0.025,8898,6,3,0.1392447741065408,False
1,5,24,60,25,0.0126,0,10,0.005,0.025,8707,10,3,0.14379235098196852,False
1,5,25,60,25,0.0126,0,10,0.005,0.025,8487,9,5,0.1474019088016967,False
1,5,26,60,25,0.0126,0,10,0.005,0.025,8298,9,5,0.15075921908893708,False
1,5,27,60,25,0.0126,0,10,0.005,0.025,8082,7,1,0.15379856471170503,False
1,5,28,60,25,0.0126,0,10,0.005,0.025,7862,5,1,0.15695751717120326,False
1,5,29,60,25,0.0126,0,10,0.005,0.025,7724,10,1,0.16105644743656136,False
1,5,30,60,25,0.0126,0,10,0.005,0.025,7571,9,2,0.16391493858142914,False
1,5,31,60,25,0.0126,0,10,0.005,0.025,7389,11,4,0.1682230342400866,False
1,5,32,60,25,0.0126,0,10,0.005,0.025,7236,14,5,0.17191818684355997,False
1,5,33,60,25,0.0126,0,10,0.005,0.025,7049,11,5,0.17392537948645198,False
1,5,34,60,25,0.0126,0,10,0.005,0.025,6892,12,4,0.1765815438189205,False
1,5,35,60,25,0.0126,0,10,0.005,0.025,6734,13,3,0.18013068013068012,False
1,5,36,60,25,0.0126,0,10,0.005,0.025,6572,10,3,0.1845709068776628,False
1,5,37,60,25,0.0126,0,10,0.005,0.025,6418,12,4,0.18744157058273606,False
1,5,38,60,25,0.0126,0,10,0.005,0.025,6335,10,4,0.1905288082083662,False
1,5,39,60,25,0.0126,0,10,0.005,0.025,6255,11,3,0.19312549960031974,False
1,5,40,60,25,0.0126,0,10,0.005,0.025,6165,9,3,0.1948094079480941,False
1,5,41,60,25,0.0126,0,10,0.005,0.025,6623,9,5,0.23207005888570134,False
1,5,42,60,25,0.0126,0,10,0.005,0.025,6630,7,4,0.24132730015082957,False
1,5,43,60,25,0.0126,0,10,0.005,0.025,6555,5,4,0.24073226544622425,False
1,5,44,60,25,0.0126,0,10,0.005,0.025,6478,8,3,0.24158690953998146,False
1,5,45,60,25,0.0126,0,10,0.005,0.025,6419,5,1,0.24318429661941113,False
1,5,46,60,25,0.0126,0,10,0.005,0.025,6042,5,2,0.22442899702085403,False
1,5,47,60,25,0.0126,0,10,0.005,0.025,5891,6,1,0.22305211339331182,False
1,5,48,60,25,0.0126,0,10,0.005,0.025,5823,5,3,0.226172076249356,False
1,5,49,60,25,0.0126,0,10,0.005,0.025,5721,7,3,0.22723300122356233,False
1,5,50,60,25,0.0126,0,10,0.005,0.025,5631,4,1,0.22944414846386077,False
1,5,51,60,25,0.0126,0,10,0.005,0.025,5510,6,2,0.23176043557168785,False
1,5,52,60,25,0.0126,0,10,0.005,0.025,5445,8,3,0.23232323232323232,False
1,6,1,60,25,0.0126,0,10,0.005,0.025,5376,7,2,0.23623511904761904,False
1,6,2,60,25,0.0126,0,10,0.005,0.025,5324,5,0,0.2398572501878287,False
1,6,3,60,25,0.0126,0,10,0.005,0.025,5258,5,2,0.24438950171167745,False
1,6,4,60,25,0.0126,0,10,0.005,0.025,5191,6,4,0.24619533808514737,False
1,6,5,60,25,0.0126,0,10,0.005,0.025,5128,4,2,0.24726989079563183,False
1,6,6,60,25,0.0126,0,10,0.005,0.025,5053,2,1,0.24737779536908766,False
1,6,7,60,25,0.0126,0,10,0.005,0.025,4985,7,2,0.2505516549648947,False
1,6,8,60,25,0.0126,0,10,0.005,0.025,4931,7,1,0.25167308862299737,False
1,6,9,60,25,0.0126,0,10,0.005,0.025,4871,5,2,0.25477314719770067,False
1,6,10,60,25,0.0126,0,10,0.005,0.025,4825,6,3,0.256580310880829,False
1,6,11,60,25,0.0126,0,10,0.005,0.025,4769,6,1,0.25833508072971273,False
1,6,12,60,25,0.0126,0,10,0.005,0.025,4717,4,1,0.2616069535721857,False
1,6,13,60,25,0.0126,0,10,0.005,0.025,4676,3,1,0.26218990590248076,False
1,6,14,60,25,0.0126,0,10,0.005,0.025,4633,7,1,0.26591841139650335,False
1,6,15,60,25,0.0126,0,10,0.005,0.025,4574,5,3,0.26781810231744646,False
1,6,16,60,25,0.0126,0,10,0.005,0.025,4529,5,3,0.2709207330536542,False
1,6,17,60,25,0.0126,0,10,0.005,0.025,4453,2,1,0.27307433191107117,False
1,6,18,60,25,0.0126,0,10,0.005,0.025,9591,4,1,0.12720258575748097,False
1,6,19,60,25,0.0126,0,10,0.005,0.025,9393,3,1,0.12956456936016184,False
1,6,20,60,25,0.0126,0,10,0.005,0.025,9190,6,1,0.1321001088139282,False
1,6,21,60,25,0.0126,0,10,0.005,0.025,8968,5,1,0.13458965209634255,False
1,6,22,60,25,0.0126,0,10,0.005,0.025,8742,6,3,0.13784031114161518,False
1,6,23,60,25,0.0126,0,10,0.005,0.025,8487,6,3,0.14127489100977966,False
1,6,24,60,25,0.0126,0,10,0.005,0.025,8272,7,1,0.14422147001934235,False
1,6,25,60,25,0.0126,0,10,0.005,0.025,8078,6,3,0.14743748452587274,False
1,6,26,60,25,0.0126,0,10,0.005,0.025,7893,10,5,0.15025972380590397,False
1,6,27,60,25,0.0126,0,10,0.005,0.025,7698,12,2,0.15471551052221355,False
1,6,28,60,25,0.0126,0,10,0.005,0.025,7533,10,2,0.15677684853312093,False
1,6,29,60,25,0.0126,0,10,0.005,0.025,7384,10,4,0.15912784398699892,False
1,6,30,60,25,0.0126,0,10,0.005,0.025,7181,9,5,0.1629299540453976,False
1,6,31,60,25,0.0126,0,10,0.005,0.025,6985,7,3,0.1670722977809592,False
1,6,32,60,25,0.0126,0,10,0.005,0.025,6835,7,1,0.1701536210680322,False
1,6,33,60,25,0.0126,0,10,0.005,0.025,6674,5,1,0.17246029367695534,False
1,6,34,60,25,0.0126,0,10,0.005,0.025,6525,8,4,0.1757854406130268,False
1,6,35,60,25,0.0126,0,10,0.005,0.025,6366,7,4,0.1792334275840402,False
1,6,36,60,25,0.0126,0,10,0.005,0.025,6246,7,1,0.18171629843099585,False
1,6,37,60,25,0.0126,0,10,0.005,0.025,6101,6,0,0.1860350762170136,False
1,6,38,60,25,0.0126,0,10,0.005,0.025,6016,5,2,0.18700132978723405,False
1,6,39,60,25,0.0126,0,10,0.005,0.025,5930,6,5,0.1900505902192243,False
1,6,40,60,25,0.0126,0,10,0.005,0.025,5844,8,4,0.19301848049281314,False
1,6,41,60,25,0.0126,0,10,0.005,0.025,6324,4,2,0.24003795066413663,False
1,6,42,60,25,0.0126,0,10,0.005,0.025,6343,6,2,0.24909348888538546,False
1,6,43,60,25,0.0126,0,10,0.005,0.025,6280,5,1,0.24952229299363057,False
1,6,44,60,25,0.0126,0,10,0.005,0.025,6221,4,0,0.2538177141938595,False
1,6,45,60,25,0.0126,0,10,0.005,0.025,6187,4,3,0.2539195086471634,False
1,6,46,60,25,0.0126,0,10,0.005,0.025,5862,8,4,0.238143978164449,False
1,6,47,60,25,0.0126,0,10,0.005,0.025,5762,5,1,0.23915307185005208,False
1,6,48,60,25,0.0126,0,10,0.005,0.025,5688,4,2,0.2380450070323488,False
1,6,49,60,25,0.0126,0,10,0.005,0.025,5606,7,2,0.2406350338922583,False
1,6,50,60,25,0.0126,0,10,0.005,0.025,5555,5,2,0.2414041404140414,False
1,6,51,60,25,0.0126,0,10,0.005,0.025,5469,10,3,0.24428597549826295,False
1,6,52,60,25,0.0126,0,10,0.005,0.025,5375,8,2,0.2476279069767442,False
1,7,1,60,25,0.0126,0,10,0.005,0.025,5318,6,3,0.25291462955998495,False
1,7,2,60,25,0.0126,0,10,0.005,0.025,5276,7,2,0.2579605761940864,False
1,7,3,60,25,0.0126,0,10,0.005,0.025,5226,5,1,0.25985457328740913,False
1,7,4,60,25,0.0126,0,10,0.005,0.025,5208,6,4,0.26363287250384027,False
1,7,5,60,25,0.0126,0,10,0.005,0.025,5151,5,3,0.26557949912638323,False
1,7,6,60,25,0.0126,0,10,0.005,0.025,5107,2,0,0.2717838261210104,False
1,7,7,60,25,0.0126,0,10,0.005,0.025,5050,2,1,0.27762376237623765,False
1,7,8,60,25,0.0126,0,10,0.005,0.025,5007,4,2,0.28020770920711,False
1,7,9,60,25,0.0126,0,10,0.005,0.025,4960,3,2,0.2852822580645161,False
1,7,10,60,25,0.0126,0,10,0.005,0.025,4920,2,2,0.28821138211382114,False
1,7,11,60,25,0.0126,0,10,0.005,0.025,4875,1,1,0.2916923076923077,False
1,7,12,60,25,0.0126,0,10,0.005,0.025,4844,0,0,0.2950041288191577,True
1,7,13,60,25,0.0126,0,10,0.005,0.025,4801,0,0,0.2982711935013539,True
1,7,14,60,25,0.0126,0,10,0.005,0.025,4747,0,0,0.29997893406361914,True
1,7,15,60,25,0.0126,0,10,0.005,0.025,4700,0,0,0.3019148936170213,True
1,7,16,60,25,0.0126,0,10,0.005,0.025,4639,0,0,0.3041603793921104,True
1,7,17,60,25,0.0126,0,10,0.005,0.025,4590,0,0,0.3054466230936819,True
1,7,18,60,25,0.0126,0,10,0.005,0.025,10383,0,0,0.13589521332948087,True
1,7,19,60,25,0.0126,0,10,0.005,0.025,10198,0,0,0.1391449303785056,True
1,7,20,60,25,0.0126,0,10,0.005,0.025,9941,0,0,0.14254099185192637,True
1,7,21,60,25,0.0126,0,10,0.005,0.025,9735,0,0,0.14596815613764766,True
1,7,22,60,25,0.0126,0,10,0.005,0.025,9515,0,0,0.14923804519180242,True
1,7,23,60,25,0.0126,0,10,0.005,0.025,9334,0,0,0.15181058495821728,True
1,7,24,60,25,0.0126,0,10,0.005,0.025,9137,0,0,0.15574039619131005,True
1,7,25,60,25,0.0126,0,10,0.005,0.025,8921,0,0,0.15984755072301313,True
1,7,26,60,25,0.0126,0,10,0.005,0.025,8657,0,0,0.16229640753147742,True
1,7,27,60,25,0.0126,0,10,0.005,0.025,8453,0,0,0.1658582751685792,True
1,7,28,60,25,0.0126,0,10,0.005,0.025,8249,0,0,0.16971754152018426,True
1,7,29,60,25,0.0126,0,10,0.005,0.025,8089,0,0,0.17418716775868465,True
1,7,30,60,25,0.0126,0,10,0.005,0.025,7910,0,0,0.17838179519595448,True
1,7,31,60,25,0.0126,0,10,0.005,0.025,7747,0,0,0.18174777333161224,True
1,7,32,60,25,0.0126,0,10,0.005,0.025,7577,0,0,0.1860894813250627,True
1,7,33,60,25,0.0126,0,10,0.005,0.025,7448,0,0,0.1894468313641246,True
1,7,34,60,25,0.0126,0,10,0.005,0.025,7257,0,0,0.1934683753617197,True
1,7,35,60,25,0.0126,0,10,0.005,0.025,7068,0,0,0.1975099037917374,True
1,7,36,60,25,0.0126,0,10,0.005,0.025,6918,0,0,0.20265972824515757,True
1,7,37,60,25,0.0126,0,10,0.005,0.025,6788,0,0,0.2072775486152033,True
1,7,38,60,25,0.0126,0,10,0.005,0.025,6682,0,0,0.21086501047590542,True
1,7,39,60,25,0.0126,0,10,0.005,0.025,6588,0,0,0.21326654523375835,True
1,7,40,60,25,0.0126,0,10,0.005,0.025,6476,0,0,0.2154107473749228,True
1,7,41,60,25,0.0126,0,10,0.005,0.025,6900,0,0,0.2492753623188406,True
1,7,42,60,25,0.0126,0,10,0.005,0.025,6796,0,0,0.25103001765744554,True
1,7,43,60,25,0.0126,0,10,0.005,0.025,6721,0,0,0.25502157417051036,True
1,7,44,60,25,0.0126,0,10,0.005,0.025,6667,0,0,0.2575371231438428,True
1,7,45,60,25,0.0126,0,10,0.005,0.025,6606,0,0,0.25703905540417804,True
1,7,46,60,25,0.0126,0,10,0.005,0.025,6265,0,0,0.24405426975259378,True
1,7,47,60,25,0.0126,0,10,0.005,0.025,6178,0,0,0.24231142764648753,True
1,7,48,60,25,0.0126,0,10,0.005,0.025,6104,0,0,0.2429554390563565,True
1,7,49,60,25,0.0126,0,10,0.005,0.025,6029,0,0,0.24564604412008625,True
1,7,50,60,25,0.0126,0,10,0.005,0.025,5967,0,0,0.24903636668342552,True
1,7,51,60,25,0.0126,0,10,0.005,0.025,5882,0,0,0.2514450867052023,True
1,7,52,60,25,0.0126,0,10,0.005,0.025,5817,0,0,0.2552862300154719,True
1,8,1,60,25,0.0126,0,10,0.005,0.025,5728,0,0,0.25785614525139666,True
1,8,2,60,25,0.0126,0,10,0.005,0.025,5654,0,0,0.2607003891050584,True
1,8,3,60,25,0.0126,0,10,0.005,0.025,5605,0,0,0.2631578947368421,True
1,8,4,60,25,0.0126,0,10,0.005,0.025,5536,0,0,0.26499277456647397,True
1,8,5,60,25,0.0126,0,10,0.005,0.025,5457,0,0,0.26791277258566976,True
1,8,6,60,25,0.0126,0,10,0.005,0.025,5389,0,0,0.27129337539432175,True
1,8,7,60,25,0.0126,0,10,0.005,0.025,5320,0,0,0.275,True
1,8,8,60,25,0.0126,0,10,0.005,0.025,5259,0,0,0.2781897699182354,True
1,8,9,60,25,0.0126,0,10,0.005,0.025,5185,0,0,0.2813886210221794,True
1,8,10,60,25,0.0126,0,10,0.005,0.025,5128,0,0,0.2829563182527301,True
1,8,11,60,25,0.0126,0,10,0.005,0.025,5073,0,0,0.2840528287009659,True
1,8,12,60,25,0.0126,0,10,0.005,0.025,5002,0,0,0.28608556577369054,True
1,8,13,60,25,0.0126,0,10,0.005,0.025,4952,0,0,0.28877221324717284,True
1,8,14,60,25,0.0126,0,10,0.005,0.025,4903,0,0,0.2918621252294514,True
1,8,15,60,25,0.0126,0,10,0.005,0.025,4842,0,0,0.29574555968608013,True
1,8,16,60,25,0.0126,0,10,0.005,0.025,4784,0,0,0.2976588628762542,True
1,8,17,60,25,0.0126,0,10,0.005,0.025,4734,0,0,0.30228136882129275,True
1,8,18,60,25,0.0126,0,10,0.005,0.025,10477,0,0,0.1360122172377589,True
1,8,19,60,25,0.0126,0,10,0.005,0.025,10289,0,0,0.13946933618427446,True
1,8,20,60,25,0.0126,0,10,0.005,0.025,10110,0,0,0.14223541048466865,True
1,8,21,60,25,0.0126,0,10,0.005,0.025,9899,0,0,0.14637842206283463,True
1,8,22,60,25,0.0126,0,10,0.005,0.025,9693,0,0,0.1495924894253585,True
1,8,23,60,25,0.0126,0,10,0.005,0.025,9477,0,0,0.15279096760578242,True
1,8,24,60,25,0.0126,0,10,0.005,0.025,9266,0,0,0.15551478523634793,True
1,8,25,60,25,0.0126,0,10,0.005,0.025,9074,0,0,0.1591359929468812,True
1,8,26,60,25,0.0126,0,10,0.005,0.025,8828,0,0,0.16266425011327593,True
1,8,27,60,25,0.0126,0,10,0.005,0.025,8628,0,0,0.16585535465924894,True
1,8,28,60,25,0.0126,0,10,0.005,0.025,8401,0,0,0.17045589810736816,True
1,8,29,60,25,0.0126,0,10,0.005,0.025,8235,0,0,0.17510625379477837,True
1,8,30,60,25,0.0126,0,10,0.005,0.025,8048,0,0,0.1790506958250497,True
1,8,31,60,25,0.0126,0,10,0.005,0.025,7832,0,0,0.1822012257405516,True
1,8,32,60,25,0.0126,0,10,0.005,0.025,7620,0,0,0.18635170603674542,True
1,8,33,60,25,0.0126,0,10,0.005,0.025,7475,0,0,0.19010033444816055,True
1,8,34,60,25,0.0126,0,10,0.005,0.025,7338,0,0,0.1926955573725811,True
1,8,35,60,25,0.0126,0,10,0.005,0.025,7206,0,0,0.19664168748265334,True
1,8,36,60,25,0.0126,0,10,0.005,0.025,7027,0,0,0.20079692614202363,True
1,8,37,60,25,0.0126,0,10,0.005,0.025,6903,0,0,0.20498334057656092,True
1,8,38,60,25,0.0126,0,10,0.005,0.025,6810,0,0,0.20719530102790015,True
1,8,39,60,25,0.0126,0,10,0.005,0.025,6699,0,0,0.21062845200776234,True
1,8,40,60,25,0.0126,0,10,0.005,0.025,6587,0,0,0.2146652497343252,True
1,8,41,60,25,0.0126,0,10,0.005,0.025,7051,0,0,0.2532974046234577,True
1,8,42,60,25,0.0126,0,10,0.005,0.025,6990,0,0,0.2555078683834049,True
1,8,43,60,25,0.0126,0,10,0.005,0.025,6932,0,0,0.26053087132140795,True
1,8,44,60,25,0.0126,0,10,0.005,0.025,6914,0,0,0.26424645646514316,True
1,8,45,60,25,0.0126,0,10,0.005,0.025,6862,0,0,0.2662489070241912,True
1,8,46,60,25,0.0126,0,10,0.005,0.025,6461,0,0,0.24872310787803745,True
1,8,47,60,25,0.0126,0,10,0.005,0.025,6350,0,0,0.24771653543307087,True
1,8,48,60,25,0.0126,0,10,0.005,0.025,6272,0,0,0.24840561224489796,True
1,8,49,60,25,0.0126,0,10,0.005,0.025,6189,0,0,0.2514137986750687,True
1,8,50,60,25,0.0126,0,10,0.005,0.025,6096,0,0,0.25246062992125984,True
1,8,51,60,25,0.0126,0,10,0.005,0.025,6011,0,0,0.2543669938446182,True
1,8,52,60,25,0.0126,0,10,0.005,0.025,5933,0,0,0.2566998145963256,True
1,9,1,60,25,0.0126,0,10,0.005,0.025,5863,0,0,0.25959406447211325,True
1,9,2,60,25,0.0126,0,10,0.005,0.025,5792,0,0,0.26191298342541436,True
1,9,3,60,25,0.0126,0,10,0.005,0.025,5720,0,0,0.26486013986013984,True
1,9,4,60,25,0.0126,0,10,0.005,0.025,5633,0,0,0.26735309781643884,True
1,9,5,60,25,0.0126,0,10,0.005,0.025,5559,0,0,0.2678539305630509,True
1,9,6,60,25,0.0126,0,10,0.005,0.025,5522,0,0,0.26964867801521186,True
1,9,7,60,25,0.0126,0,10,0.005,0.025,5432,0,0,0.27153902798232693,True
1,9,8,60,25,0.0126,0,10,0.005,0.025,5379,0,0,0.2738427216954824,True
1,9,9,60,25,0.0126,0,10,0.005,0.025,5328,0,0,0.27646396396396394,True
1,9,10,60,25,0.0126,0,10,0.005,0.025,5268,0,0,0.27809415337889143,True
1,9,11,60,25,0.0126,0,10,0.005,0.025,5203,0,0,0.28118393234672306,True
1,9,12,60,25,0.0126,0,10,0.005,0.025,5137,0,0,0.28362857699046135,True
1,9,13,60,25,0.0126,0,10,0.005,0.025,5072,0,0,0.2858832807570978,True
1,9,14,60,25,0.0126,0,10,0.005,0.025,5011,0,0,0.2895629614847336,True
1,9,15,60,25,0.0126,0,10,0.005,0.025,4953,0,0,0.2915404805168585,True
1,9,16,60,25,0.0126,0,10,0.005,0.025,4894,0,0,0.29505516959542294,True
1,9,17,60,25,0.0126,0,10,0.005,0.025,4835,0,0,0.2982419855222337,True
1,9,18,60,25,0.0126,0,10,0.005,0.025,10144,0,0,0.12726735015772872,True
1,9,19,60,25,0.0126,0,10,0.005,0.025,9955,0,0,0.13008538422903063,True
1,9,20,60,25,0.0126,0,10,0.005,0.025,9750,0,0,0.13312820512820514,True
1,9,21,60,25,0.0126,0,10,0.005,0.025,9468,0,0,0.13741022391212504,True
1,9,22,60,25,0.0126,0,10,0.005,0.025,9220,0,0,0.14154013015184383,True
1,9,23,60,25,0.0126,0,10,0.005,0.025,8979,0,0,0.14500501169395255,True
1,9,24,60,25,0.0126,0,10,0.005,0.025,8773,0,0,0.149435768836202,True
1,9,25,60,25,0.0126,0,10,0.005,0.025,8608,0,0,0.15299721189591078,True
1,9,26,60,25,0.0126,0,10,0.005,0.025,8415,0,0,0.15579322638146167,True
1,9,27,60,25,0.0126,0,10,0.005,0.025,8236,0,0,0.15917921321029627,True
1,9,28,60,25,0.0126,0,10,0.005,0.025,8078,0,0,0.16204506065857885,True
1,9,29,60,25,0.0126,0,10,0.005,0.025,7889,0,0,0.1663075167955381,True
1,9,30,60,25,0.0126,0,10,0.005,0.025,7720,0,0,0.16930051813471503,True
1,9,31,60,25,0.0126,0,10,0.005,0.025,7559,0,0,0.17264188384706972,True
1,9,32,60,25,0.0126,0,10,0.005,0.025,7387,0,0,0.1757140923243536,True
1,9,33,60,25,0.0126,0,10,0.005,0.025,7221,0,0,0.1790610718737017,True
1,9,34,60,25,0.0126,0,10,0.005,0.025,7072,0,0,0.18212669683257918,True
1,9,35,60,25,0.0126,0,10,0.005,0.025,6891,0,0,0.18632999564649544,True
1,9,36,60,25,0.0126,0,10,0.005,0.025,6763,0,0,0.19118734289516487,True
1,9,37,60,25,0.0126,0,10,0.005,0.025,6640,0,0,0.19578313253012047,True
1,9,38,60,25,0.0126,0,10,0.005,0.025,6563,0,0,0.20036568642389152,True
1,9,39,60,25,0.0126,0,10,0.005,0.025,6480,0,0,0.20262345679012345,True
1,9,40,60,25,0.0126,0,10,0.005,0.025,6390,0,0,0.20735524256651017,True
1,9,41,60,25,0.0126,0,10,0.005,0.025,6890,0,0,0.24760522496371554,True
1,9,42,60,25,0.0126,0,10,0.005,0.025,6934,0,0,0.25353331410441304,True
1,9,43,60,25,0.0126,0,10,0.005,0.025,6851,0,0,0.2544154138082032,True
1,9,44,60,25,0.0126,0,10,0.005,0.025,6811,0,0,0.25752459257084126,True
1,9,45,60,25,0.0126,0,10,0.005,0.025,6782,0,0,0.26304924800943674,True
1,9,46,60,25,0.0126,0,10,0.005,0.025,6411,0,0,0.24613944782405242,True
1,9,47,60,25,0.0126,0,10,0.005,0.025,6262,0,0,0.24401149792398594,True
1,9,48,60,25,0.0126,0,10,0.005,0.025,6163,0,0,0.24387473632970955,True
1,9,49,60,25,0.0126,0,10,0.005,0.025,6053,0,0,0.2459937221212622,True
1,9,50,60,25,0.0126,0,10,0.005,0.025,5954,0,0,0.24773261672824992,True
1,9,51,60,25,0.0126,0,10,0.005,0.025,5881,0,0,0.25046760754973646,True
1,9,52,60,25,0.0126,0,10,0.005,0.025,5795,0,0,0.25297670405522,True
1,10,1,60,25,0.0126,0,10,0.005,0.025,5720,0,0,0.2573426573426573,True
1,10,2,60,25,0.0126,0,10,0.005,0.025,5676,0,0,0.2581042988019732,True
1,10,3,60,25,0.0126,0,10,0.005,0.025,5602,0,0,0.26312031417350945,True
1,10,4,60,25,0.0126,0,10,0.005,0.025,5548,0,0,0.2683850036049027,True
1,10,5,60,25,0.0126,0,10,0.005,0.025,5489,0,0,0.27054108216432865,True
1,10,6,60,25,0.0126,0,10,0.005,0.025,5457,0,0,0.27377680043980207,True
1,10,7,60,25,0.0126,0,10,0.005,0.025,5406,0,0,0.27672955974842767,True
1,10,8,60,25,0.0126,0,10,0.005,0.025,5355,0,0,0.28141923436041083,True
1,10,9,60,25,0.0126,0,10,0.005,0.025,5302,0,0,0.2844209732176537,True
1,10,10,60,25,0.0126,0,10,0.005,0.025,5248,0,0,0.2860137195121951,True
1,10,11,60,25,0.0126,0,10,0.005,0.025,5192,0,0,0.288713405238829,True
1,10,12,60,25,0.0126,0,10,0.005,0.025,5129,0,0,0.29225969974653926,True
1,10,13,60,25,0.0126,0,10,0.005,0.025,5068,0,0,0.2930149960536701,True
1,10,14,60,25,0.0126,0,10,0.005,0.025,5013,0,0,0.2958308398164772,True
1,10,15,60,25,0.0126,0,10,0.005,0.025,4962,0,0,0.2978637646110439,True
1,10,16,60,25,0.0126,0,10,0.005,0.025,4897,0,0,0.3018174392485195,True
1,10,17,60,25,0.0126,0,10,0.005,0.025,4859,0,0,0.3033545997118749,True
1,10,18,60,25,0.0126,0,10,0.005,0.025,10868,0,0,0.1263341921236658,True
1,10,19,60,25,0.0126,0,10,0.005,0.025,10696,0,0,0.12976813762154077,True
1,10,20,60,25,0.0126,0,10,0.005,0.025,10428,0,0,0.13387034906022247,True
1,10,21,60,25,0.0126,0,10,0.005,0.025,10189,0,0,0.13877711257238198,True
1,10,22,60,25,0.0126,0,10,0.005,0.025,9986,0,0,0.14109753655117163,True
1,10,23,60,25,0.0126,0,10,0.005,0.025,9780,0,0,0.14406952965235173,True
1,10,24,60,25,0.0126,0,10,0.005,0.025,9557,0,0,0.14774510829758292,True
1,10,25,60,25,0.0126,0,10,0.005,0.025,9351,0,0,0.15142765479627848,True
1,10,26,60,25,0.0126,0,10,0.005,0.025,9125,0,0,0.1566027397260274,True
1,10,27,60,25,0.0126,0,10,0.005,0.025,8913,0,0,0.16032761135420173,True
1,10,28,60,25,0.0126,0,10,0.005,0.025,8709,0,0,0.1637386611551269,True
1,10,29,60,25,0.0126,0,10,0.005,0.025,8513,0,0,0.16621637495594974,True
1,10,30,60,25,0.0126,0,10,0.005,0.025,8323,0,0,0.17133245224077856,True
1,10,31,60,25,0.0126,0,10,0.005,0.025,8102,0,0,0.17526536657615405,True
1,10,32,60,25,0.0126,0,10,0.005,0.025,7962,0,0,0.17872393870886713,True
1,10,33,60,25,0.0126,0,10,0.005,0.025,7806,0,0,0.18152703048936716,True
1,10,34,60,25,0.0126,0,10,0.005,0.025,7647,0,0,0.18569373610566234,True
1,10,35,60,25,0.0126,0,10,0.005,0.025,7501,0,0,0.18984135448606854,True
1,10,36,60,25,0.0126,0,10,0.005,0.025,7380,0,0,0.19241192411924118,True
1,10,37,60,25,0.0126,0,10,0.005,0.025,7244,0,0,0.19519602429596908,True
1,10,38,60,25,0.0126,0,10,0.005,0.025,7135,0,0,0.1974772249474422,True
1,10,39,60,25,0.0126,0,10,0.005,0.025,7037,0,0,0.20065368765098765,True
1,10,40,60,25,0.0126,0,10,0.005,0.025,6935,0,0,0.20331651045421772,True
1,10,41,60,25,0.0126,0,10,0.005,0.025,7465,0,0,0.24447421299397187,True
1,10,42,60,25,0.0126,0,10,0.005,0.025,7428,0,0,0.25026925148088314,True
1,10,43,60,25,0.0126,0,10,0.005,0.025,7353,0,0,0.2518699850401197,True
1,10,44,60,25,0.0126,0,10,0.005,0.025,7224,0,0,0.24847729789590256,True
1,10,45,60,25,0.0126,0,10,0.005,0.025,7116,0,0,0.2515458122540753,True
1,10,46,60,25,0.0126,0,10,0.005,0.025,6741,0,0,0.23839192998071504,True
1,10,47,60,25,0.0126,0,10,0.005,0.025,6586,0,0,0.23959914971150925,True
1,10,48,60,25,0.0126,0,10,0.005,0.025,6492,0,0,0.2396796056685151,True
1,10,49,60,25,0.0126,0,10,0.005,0.025,6404,0,0,0.2410993129294191,True
1,10,50,60,25,0.0126,0,10,0.005,0.025,6305,0,0,0.24536082474226803,True
1,10,51,60,25,0.0126,0,10,0.005,0.025,6226,0,0,0.24863475746867972,True
1,10,52,60,25,0.0126,0,10,0.005,0.025,6150,0,0,0.25089430894308945,True
1,11,1,60,25,0.0126,0,10,0.005,0.025,6068,0,0,0.25477916941331574,True
1,11,2,60,25,0.0126,0,10,0.005,0.025,5999,0,0,0.2555425904317386,True
1,11,3,60,25,0.0126,0,10,0.005,0.025,5927,0,0,0.2584781508351611,True
1,11,4,60,25,0.0126,0,10,0.005,0.025,5858,0,0,0.2604984636394674,True
1,11,5,60,25,0.0126,0,10,0.005,0.025,5790,0,0,0.2614853195164076,True
1,11,6,60,25,0.0126,0,10,0.005,0.025,5739,0,0,0.26276354765638615,True
1,11,7,60,25,0.0126,0,10,0.005,0.025,5672,0,0,0.2656911142454161,True
1,11,8,60,25,0.0126,0,10,0.005,0.025,5615,0,0,0.2682101513802315,True
1,11,9,60,25,0.0126,0,10,0.005,0.025,5548,0,0,0.2712689257390051,True
1,11,10,60,25,0.0126,0,10,0.005,0.025,5483,0,0,0.2741200072952763,True
1,11,11,60,25,0.0126,0,10,0.005,0.025,5401,0,0,0.2769857433808554,True
1,11,12,60,25,0.0126,0,10,0.005,0.025,5360,0,0,0.278544776119403,True
1,11,13,60,25,0.0126,0,10,0.005,0.025,5295,0,0,0.28120868744098204,True
1,11,14,60,25,0.0126,0,10,0.005,0.025,5212,0,0,0.2860706062931696,True
1,11,15,60,25,0.0126,0,10,0.005,0.025,5143,0,0,0.2891308574761812,True
1,11,16,60,25,0.0126,0,10,0.005,0.025,5088,0,0,0.2904874213836478,True
1,11,17,60,25,0.0126,0,10,0.005,0.025,5026,0,0,0.2938718662952646,True
1,11,18,60,25,0.0126,0,10,0.005,0.025,10820,0,0,0.12707948243992606,True
1,11,19,60,25,0.0126,0,10,0.005,0.025,10623,0,0,0.12990680598700932,True
1,11,20,60,25,0.0126,0,10,0.005,0.025,10386,0,0,0.133737723859041,True
1,11,21,60,25,0.0126,0,10,0.005,0.025,10181,0,0,0.13643060603084176,True
1,11,22,60,25,0.0126,0,10,0.005,0.025,9936,0,0,0.14100241545893719,True
1,11,23,60,25,0.0126,0,10,0.005,0.025,9724,0,0,0.14387083504730563,True
1,11,24,60,25,0.0126,0,10,0.005,0.025,9455,0,0,0.14838709677419354,True
1,11,25,60,25,0.0126,0,10,0.005,0.025,9265,0,0,0.15143011332973558,True
1,11,26,60,25,0.0126,0,10,0.005,0.025,9027,0,0,0.1550902847014512,True
1,11,27,60,25,0.0126,0,10,0.005,0.025,8792,0,0,0.15957688808007278,True
1,11,28,60,25,0.0126,0,10,0.005,0.025,8596,0,0,0.16286644951140064,True
1,11,29,60,25,0.0126,0,10,0.005,0.025,8420,0,0,0.1671021377672209,True
1,11,30,60,25,0.0126,0,10,0.005,0.025,8286,0,0,0.1693217475259474,True
1,11,31,60,25,0.0126,0,10,0.005,0.025,8132,0,0,0.17277422528283326,True
1,11,32,60,25,0.0126,0,10,0.005,0.025,7972,0,0,0.17599096838936276,True
1,11,33,60,25,0.0126,0,10,0.005,0.025,7831,0,0,0.17903205210062573,True
1,11,34,60,25,0.0126,0,10,0.005,0.025,7709,0,0,0.1821247892074199,True
1,11,35,60,25,0.0126,0,10,0.005,0.025,7537,0,0,0.1849542258192915,True
1,11,36,60,25,0.0126,0,10,0.005,0.025,7391,0,0,0.18779596806927343,True
1,11,37,60,25,0.0126,0,10,0.005,0.025,7267,0,0,0.19100041282509977,True
1,11,38,60,25,0.0126,0,10,0.005,0.025,7171,0,0,0.19341793334263005,True
1,11,39,60,25,0.0126,0,10,0.005,0.025,7056,0,0,0.19600340136054423,True
1,11,40,60,25,0.0126,0,10,0.005,0.025,6956,0,0,0.20011500862564693,True
1,11,41,60,25,0.0126,0,10,0.005,0.025,7475,0,0,0.2397324414715719,True
1,11,42,60,25,0.0126,0,10,0.005,0.025,7474,0,0,0.24632057800374632,True
1,11,43,60,25,0.0126,0,10,0.005,0.025,7408,0,0,0.2501349892008639,True
1,11,44,60,25,0.0126,0,10,0.005,0.025,7342,0,0,0.25115772269136477,True
1,11,45,60,25,0.0126,0,10,0.005,0.025,7243,0,0,0.25307193152008833,True
1,11,46,60,25,0.0126,0,10,0.005,0.025,6860,0,0,0.2368804664723032,True
1,11,47,60,25,0.0126,0,10,0.005,0.025,6720,0,0,0.23288690476190477,True
1,11,48,60,25,0.0126,0,10,0.005,0.025,6606,0,0,0.23312140478353013,True
1,11,49,60,25,0.0126,0,10,0.005,0.025,6468,0,0,0.23453927025355598,True
1,11,50,60,25,0.0126,0,10,0.005,0.025,6355,0,0,0.23634933123524784,True
1,11,51,60,25,0.0126,0,10,0.005,0.025,6292,0,0,0.23744437380801017,True
1,11,52,60,25,0.0126,0,10,0.005,0.025,6196,0,0,0.2408005164622337,True
1,1,1,60,25,0.0238,0,10,0.005,0.025,5516,0,0,0.0018129079042784628,True
1,1,2,60,25,0.0238,0,10,0.005,0.025,5348,0,0,0.0037397157816005983,True
1,1,3,60,25,0.0238,0,10,0.005,0.025,5128,0,0,0.004875195007800312,True
1,1,4,60,25,0.0238,0,10,0.005,0.025,5023,0,0,0.0069679474417678675,True
1,1,5,60,25,0.0238,0,10,0.005,0.025,4905,0,0,0.009378185524974516,True
1,1,6,60,25,0.0238,0,10,0.005,0.025,4810,0,0,0.011434511434511435,True
1,1,7,60,25,0.0238,0,10,0.005,0.025,4729,0,0,0.01374497779657433,True
1,1,8,60,25,0.0238,0,10,0.005,0.025,4670,0,0,0.016916488222698072,True
1,1,9,60,25,0.0238,0,10,0.005,0.025,4564,0,0,0.01906222611744084,True
1,1,10,60,25,0.0238,0,10,0.005,0.025,4484,0,0,0.021409455842997322,True
1,1,11,60,25,0.0238,0,10,0.005,0.025,4432,0,0,0.02572202166064982,True
1,1,12,60,25,0.0238,0,10,0.005,0.025,4376,0,0,0.028107861060329066,True
1,1,13,60,25,0.0238,0,10,0.005,0.025,4343,0,0,0.0297029702970297,True
1,1,14,60,25,0.0238,0,10,0.005,0.025,4292,0,0,0.03075489282385834,True
1,1,15,60,25,0.0238,0,10,0.005,0.025,4231,0,0,0.032143701252658946,True
1,1,16,60,25,0.0238,0,10,0.005,0.025,4194,0,0,0.03314258464473057,True
1,1,17,60,25,0.0238,0,10,0.005,0.025,4159,0,0,0.03606636210627555,True
1,1,18,60,25,0.0238,0,10,0.005,0.025,12123,0,0,0.014600346448898788,True
1,1,19,60,25,0.0238,0,10,0.005,0.025,11878,0,0,0.01658528371779761,True
1,1,20,60,25,0.0238,0,10,0.005,0.025,11557,0,0,0.01877649909145972,True
1,1,21,60,25,0.0238,0,10,0.005,0.025,11215,0,0,0.021489077128845298,True
1,1,22,60,25,0.0238,0,10,0.005,0.025,10948,0,0,0.023017902813299233,True
1,1,23,60,25,0.0238,0,10,0.005,0.025,10651,0,0,0.02525584452164116,True
1,1,24,60,25,0.0238,0,10,0.005,0.025,10444,0,0,0.027767139027192647,True
1,1,25,60,25,0.0238,0,10,0.005,0.025,10192,0,0,0.029925431711146,True
1,1,26,60,25,0.0238,0,10,0.005,0.025,9955,0,0,0.032044198895027624,True
1,1,27,60,25,0.0238,0,10,0.005,0.025,9674,0,0,0.03514575149886293,True
1,1,28,60,25,0.0238,0,10,0.005,0.025,9458,0,0,0.036688517657009936,True
1,1,29,60,25,0.0238,0,10,0.005,0.025,9241,0,0,0.03884860945785088,True
1,1,30,60,25,0.0238,0,10,0.005,0.025,9054,0,0,0.041307709299757016,True
1,1,31,60,25,0.0238,0,10,0.005,0.025,8876,0,0,0.043262730959891846,True
1,1,32,60,25,0.0238,0,10,0.005,0.025,8666,0,0,0.04500346180475421,True
1,1,33,60,25,0.0238,0,10,0.005,0.025,8452,0,0,0.04602460955986749,True
1,1,34,60,25,0.0238,0,10,0.005,0.025,8244,0,0,0.04864143619602135,True
1,1,35,60,25,0.0238,0,10,0.005,0.025,8034,0,0,0.05028628329599203,True
1,1,36,60,25,0.0238,0,10,0.005,0.025,7846,0,0,0.05212847310731583,True
1,1,37,60,25,0.0238,0,10,0.005,0.025,7687,0,0,0.053596981917523094,True
1,1,38,60,25,0.0238,0,10,0.005,0.025,7552,0,0,0.054952330508474576,True
1,1,39,60,25,0.0238,0,10,0.005,0.025,7426,0,0,0.056962025316455694,True
1,1,40,60,25,0.0238,0,10,0.005,0.025,7310,0,0,0.05923392612859097,True
1,1,41,60,25,0.0238,0,10,0.005,0.025,7619,0,0,0.0861005381283633,True
1,1,42,60,25,0.0238,0,10,0.005,0.025,7568,0,0,0.08813424947145877,True
1,1,43,60,25,0.0238,0,10,0.005,0.025,7507,0,0,0.09258025842546956,True
1,1,44,60,25,0.0238,0,10,0.005,0.025,7466,0,0,0.09416019287436378,True
1,1,45,60,25,0.0238,0,10,0.005,0.025,7380,0,0,0.09688346883468835,True
1,1,46,60,25,0.0238,0,10,0.005,0.025,7082,0,0,0.08571025134142897,True
1,1,47,60,25,0.0238,0,10,0.005,0.025,6929,0,0,0.08529369317361812,True
1,1,48,60,25,0.0238,0,10,0.005,0.025,6838,0,0,0.08730622989178122,True
1,1,49,60,25,0.0238,0,10,0.005,0.025,6727,0,0,0.08844953173777315,True
1,1,50,60,25,0.0238,0,10,0.005,0.025,6676,0,0,0.09092270820850809,True
1,1,51,60,25,0.0238,0,10,0.005,0.025,6588,0,0,0.09304796599878568,True
1,1,52,60,25,0.0238,0,10,0.005,0.025,6491,0,0,0.09505469111076875,True
1,2,1,60,25,0.0238,0,10,0.005,0.025,6404,8,0,0.09556527170518427,False
1,2,2,60,25,0.0238,0,10,0.005,0.025,6307,8,0,0.09671793245600127,False
1,2,3,60,25,0.0238,0,10,0.005,0.025,6235,8,3,0.09975942261427426,False
1,2,4,60,25,0.0238,0,10,0.005,0.025,6159,14,4,0.10391297288520863,False
1,2,5,60,25,0.0238,0,10,0.005,0.025,6086,11,3,0.10483075911929017,False
1,2,6,60,25,0.0238,0,10,0.005,0.025,6006,11,4,0.10789210789210789,False
1,2,7,60,25,0.0238,0,10,0.005,0.025,5911,22,5,0.11165623413973946,False
1,2,8,60,25,0.0238,0,10,0.005,0.025,5866,24,7,0.11762700306853051,False
1,2,9,60,25,0.0238,0,10,0.005,0.025,5780,29,11,0.12076124567474049,False
1,2,10,60,25,0.0238,0,10,0.005,0.025,5701,33,11,0.12506577793369583,False
1,2,11,60,25,0.0238,0,10,0.005,0.025,5616,30,10,0.12927350427350429,False
1,2,12,60,25,0.0238,0,10,0.005,0.025,5542,30,13,0.1313605196679899,False
1,2,13,60,25,0.0238,0,10,0.005,0.025,5459,32,8,0.13482322769738048,False
1,2,14,60,25,0.0238,0,10,0.005,0.025,5378,32,11,0.13666790628486425,False
1,2,15,60,25,0.0238,0,10,0.005,0.025,5298,42,17,0.13873159682899208,False
1,2,16,60,25,0.0238,0,10,0.005,0.025,5217,40,14,0.14069388537473643,False
1,2,17,60,25,0.0238,0,10,0.005,0.025,5133,35,14,0.14260666277030976,False
1,2,18,60,25,0.0238,0,10,0.005,0.025,10388,39,17,0.07075471698113207,False
1,2,19,60,25,0.0238,0,10,0.005,0.025,10131,56,15,0.0738327904451683,False
1,2,20,60,25,0.0238,0,10,0.005,0.025,9875,70,16,0.07564556962025316,False
1,2,21,60,25,0.0238,0,10,0.005,0.025,9626,84,27,0.07905672137959692,False
1,2,22,60,25,0.0238,0,10,0.005,0.025,9417,98,33,0.08197939895932888,False
1,2,23,60,25,0.0238,0,10,0.005,0.025,9202,96,34,0.0849815257552706,False
1,2,24,60,25,0.0238,0,10,0.005,0.025,8976,94,38,0.08834670231729055,False
1,2,25,60,25,0.0238,0,10,0.005,0.025,8732,92,32,0.09081539166284928,False
1,2,26,60,25,0.0238,0,10,0.005,0.025,8528,90,31,0.09369136960600376,False
1,2,27,60,25,0.0238,0,10,0.005,0.025,8317,98,38,0.09763135746062282,False
1,2,28,60,25,0.0238,0,10,0.005,0.025,8094,96,41,0.10069187052137386,False
1,2,29,60,25,0.0238,0,10,0.005,0.025,7901,83,38,0.10454372864194406,False
1,2,30,60,25,0.0238,0,10,0.005,0.025,7724,73,31,0.10706887622993268,False
1,2,31,60,25,0.0238,0,10,0.005,0.025,7567,68,28,0.10981895070701732,False
1,2,32,60,25,0.0238,0,10,0.005,0.025,7402,62,25,0.11145636314509592,False
1,2,33,60,25,0.0238,0,10,0.005,0.025,7223,51,22,0.11504914855323273,False
1,2,34,60,25,0.0238,0,10,0.005,0.025,7066,46,21,0.11774695726011888,False
1,2,35,60,25,0.0238,0,10,0.005,0.025,6919,51,19,0.12082670906200318,False
1,2,36,60,25,0.0238,0,10,0.005,0.025,6765,50,19,0.12313377679231338,False
1,2,37,60,25,0.0238,0,10,0.005,0.025,6607,56,23,0.1274405933101256,False
1,2,38,60,25,0.0238,0,10,0.005,0.025,6494,59,20,0.13073606405913152,False
1,2,39,60,25,0.0238,0,10,0.005,0.025,6403,50,25,0.1327502733093862,False
1,2,40,60,25,0.0238,0,10,0.005,0.025,6313,53,28,0.13606843022334864,False
1,2,41,60,25,0.0238,0,10,0.005,0.025,6619,44,20,0.16875660975978243,False
1,2,42,60,25,0.0238,0,10,0.005,0.025,6577,41,14,0.17317926106127413,False
1,2,43,60,25,0.0238,0,10,0.005,0.025,6550,42,13,0.17923664122137403,False
1,2,44,60,25,0.0238,0,10,0.005,0.025,6449,45,16,0.17832222049930221,False
1,2,45,60,25,0.0238,0,10,0.005,0.025,6402,38,21,0.18056857232114965,False
1,2,46,60,25,0.0238,0,10,0.005,0.025,6118,41,21,0.16721150702844068,False
1,2,47,60,25,0.0238,0,10,0.005,0.025,6031,33,10,0.16680484165146742,False
1,2,48,60,25,0.0238,0,10,0.005,0.025,5933,32,10,0.1682116972863644,False
1,2,49,60,25,0.0238,0,10,0.005,0.025,5862,35,12,0.16939611054247697,False
1,2,50,60,25,0.0238,0,10,0.005,0.025,5764,36,14,0.17279666897987508,False
1,2,51,60,25,0.0238,0,10,0.005,0.025,5694,41,15,0.17579908675799086,False
1,2,52,60,25,0.0238,0,10,0.005,0.025,5613,35,13,0.17887047924461072,False
1,3,1,60,25,0.0238,0,10,0.005,0.025,5548,36,14,0.1811463590483057,False
1,3,2,60,25,0.0238,0,10,0.005,0.025,5468,33,14,0.18397951719092903,False
1,3,3,60,25,0.0238,0,10,0.005,0.025,5402,36,11,0.18659755646057016,False
1,3,4,60,25,0.0238,0,10,0.005,0.025,5341,30,15,0.18835424077888036,False
1,3,5,60,25,0.0238,0,10,0.005,0.025,5266,29,15,0.19065704519559437,False
1,3,6,60,25,0.0238,0,10,0.005,0.025,5190,23,10,0.19171483622350674,False
1,3,7,60,25,0.0238,0,10,0.005,0.025,5122,27,12,0.19328387348691917,False
1,3,8,60,25,0.0238,0,10,0.005,0.025,5057,25,8,0.19735020763298397,False
1,3,9,60,25,0.0238,0,10,0.005,0.025,4987,28,7,0.2001203128133146,False
1,3,10,60,25,0.0238,0,10,0.005,0.025,4921,28,10,0.203210729526519,False
1,3,11,60,25,0.0238,0,10,0.005,0.025,4860,28,13,0.20617283950617285,False
1,3,12,60,25,0.0238,0,10,0.005,0.025,4797,28,13,0.2086720867208672,False
1,3,13,60,25,0.0238,0,10,0.005,0.025,4736,25,9,0.21072635135135134,False
1,3,14,60,25,0.0238,0,10,0.005,0.025,4670,28,10,0.2132762312633833,False
1,3,15,60,25,0.0238,0,10,0.005,0.025,4610,28,10,0.21366594360086769,False
1,3,16,60,25,0.0238,0,10,0.005,0.025,4552,28,10,0.21507029876977152,False
1,3,17,60,25,0.0238,0,10,0.005,0.025,4484,28,11,0.21743978590544158,False
1,3,18,60,25,0.0238,0,10,0.005,0.025,10342,28,10,0.09543608586346934,False
1,3,19,60,25,0.0238,0,10,0.005,0.025,10114,39,10,0.09837848526794542,False
1,3,20,60,25,0.0238,0,10,0.005,0.025,9841,38,13,0.101615689462453,False
1,3,21,60,25,0.0238,0,10,0.005,0.025,9605,47,17,0.10546590317542946,False
1,3,22,60,25,0.0238,0,10,0.005,0.025,9368,51,18,0.10920153714773698,False
1,3,23,60,25,0.0238,0,10,0.005,0.025,9086,54,19,0.11248073959938366,False
1,3,24,60,25,0.0238,0,10,0.005,0.025,8864,53,15,0.11529783393501805,False
1,3,25,60,25,0.0238,0,10,0.005,0.025,8644,52,13,0.11846367422489588,False
1,3,26,60,25,0.0238,0,10,0.005,0.025,8460,54,21,0.12174940898345153,False
1,3,27,60,25,0.0238,0,10,0.005,0.025,8306,52,25,0.124729111485673,False
1,3,28,60,25,0.0238,0,10,0.005,0.025,8119,51,19,0.12907993595270353,False
1,3,29,60,25,0.0238,0,10,0.005,0.025,7920,48,14,0.13295454545454546,False
1,3,30,60,25,0.0238,0,10,0.005,0.025,7722,48,22,0.13532763532763534,False
1,3,31,60,25,0.0238,0,10,0.005,0.025,7514,47,23,0.1396060686718126,False
1,3,32,60,25,0.0238,0,10,0.005,0.025,7305,38,14,0.14401095140314854,False
1,3,33,60,25,0.0238,0,10,0.005,0.025,7148,35,11,0.14815332960268607,False
1,3,34,60,25,0.0238,0,10,0.005,0.025,6979,30,11,0.1523140851124803,False
1,3,35,60,25,0.0238,0,10,0.005,0.025,6824,30,12,0.15548065650644782,False
1,3,36,60,25,0.0238,0,10,0.005,0.025,6707,28,12,0.15804383479946324,False
1,3,37,60,25,0.0238,0,10,0.005,0.025,6589,25,12,0.16178479283654576,False
1,3,38,60,25,0.0238,0,10,0.005,0.025,6474,23,9,0.1648130985480383,False
1,3,39,60,25,0.0238,0,10,0.005,0.025,6367,22,6,0.16632637034710224,False
1,3,40,60,25,0.0238,0,10,0.005,0.025,6265,21,8,0.1696727853152434,False
1,3,41,60,25,0.0238,0,10,0.005,0.025,6606,21,9,0.20042385709960642,False
1,3,42,60,25,0.0238,0,10,0.005,0.025,6566,18,9,0.20849832470301555,False
1,3,43,60,25,0.0238,0,10,0.005,0.025,6532,21,9,0.20744029393753827,False
1,3,44,60,25,0.0238,0,10,0.005,0.025,6510,23,7,0.21459293394777265,False
1,3,45,60,25,0.0238,0,10,0.005,0.025,6459,19,8,0.21613252825514787,False
1,3,46,60,25,0.0238,0,10,0.005,0.025,6142,18,9,0.19960924780201889,False
1,3,47,60,25,0.0238,0,10,0.005,0.025,6006,14,10,0.19713619713619715,False
1,3,48,60,25,0.0238,0,10,0.005,0.025,5926,16,6,0.19929125885926427,False
1,3,49,60,25,0.0238,0,10,0.005,0.025,5835,10,4,0.20102827763496145,False
1,3,50,60,25,0.0238,0,10,0.005,0.025,5745,15,7,0.2033072236727589,False
1,3,51,60,25,0.0238,0,10,0.005,0.025,5663,16,7,0.20430867031608688,False
1,3,52,60,25,0.0238,0,10,0.005,0.025,5597,19,7,0.2051098802930141,False
1,4,1,60,25,0.0238,0,10,0.005,0.025,5525,22,9,0.2097737556561086,False
1,4,2,60,25,0.0238,0,10,0.005,0.025,5456,24,8,0.21041055718475074,False
1,4,3,60,25,0.0238,0,10,0.005,0.025,5381,22,6,0.21259988849656197,False
1,4,4,60,25,0.0238,0,10,0.005,0.025,5313,25,8,0.21381517033690947,False
1,4,5,60,25,0.0238,0,10,0.005,0.025,5234,26,9,0.2157050057317539,False
1,4,6,60,25,0.0238,0,10,0.005,0.025,5159,28,7,0.21651482845512696,False
1,4,7,60,25,0.0238,0,10,0.005,0.025,5100,25,9,0.21803921568627452,False
1,4,8,60,25,0.0238,0,10,0.005,0.025,5021,25,12,0.220673172674766,False
1,4,9,60,25,0.0238,0,10,0.005,0.025,4956,18,8,0.22437449556093625,False
1,4,10,60,25,0.0238,0,10,0.005,0.025,4872,20,5,0.22783251231527094,False
1,4,11,60,25,0.0238,0,10,0.005,0.025,4807,18,8,0.2288329519450801,False
1,4,12,60,25,0.0238,0,10,0.005,0.025,4746,20,10,0.23219553308048882,False
1,4,13,60,25,0.0238,0,10,0.005,0.025,4680,19,8,0.23547008547008547,False
1,4,14,60,25,0.0238,0,10,0.005,0.025,4612,17,10,0.23829141370338247,False
1,4,15,60,25,0.0238,0,10,0.005,0.025,4552,14,8,0.2405536028119508,False
1,4,16,60,25,0.0238,0,10,0.005,0.025,4499,9,4,0.24249833296288065,False
1,4,17,60,25,0.0238,0,10,0.005,0.025,4444,8,3,0.2436993699369937,False
1,4,18,60,25,0.0238,0,10,0.005,0.025,9808,7,2,0.11031810766721044,False
1,4,19,60,25,0.0238,0,10,0.005,0.025,9601,9,4,0.11290490573898553,False
1,4,20,60,25,0.0238,0,10,0.005,0.025,9334,19,4,0.1164559674308978,False
1,4,21,60,25,0.0238,0,10,0.005,0.025,9069,18,3,0.12018965707354724,False
1,4,22,60,25,0.0238,0,10,0.005,0.025,8851,19,8,0.12371483448197944,False
1,4,23,60,25,0.0238,0,10,0.005,0.025,8633,26,8,0.1264913703231785,False
1,4,24,60,25,0.0238,0,10,0.005,0.025,8394,24,5,0.13009292351679771,False
1,4,25,60,25,0.0238,0,10,0.005,0.025,8174,22,10,0.13212625397602154,False
1,4,26,60,25,0.0238,0,10,0.005,0.025,7905,25,10,0.13674889310562935,False
1,4,27,60,25,0.0238,0,10,0.005,0.025,7672,20,7,0.1403806047966632,False
1,4,28,60,25,0.0238,0,10,0.005,0.025,7489,17,9,0.144077981038857,False
1,4,29,60,25,0.0238,0,10,0.005,0.025,7331,17,10,0.14841085800027282,False
1,4,30,60,25,0.0238,0,10,0.005,0.025,7182,15,7,0.15204678362573099,False
1,4,31,60,25,0.0238,0,10,0.005,0.025,7021,17,2,0.15396667141432843,False
1,4,32,60,25,0.0238,0,10,0.005,0.025,6833,15,3,0.1584955363676277,False
1,4,33,60,25,0.0238,0,10,0.005,0.025,6677,17,7,0.16204882432230044,False
1,4,34,60,25,0.0238,0,10,0.005,0.025,6515,18,7,0.16408288564850346,False
1,4,35,60,25,0.0238,0,10,0.005,0.025,6379,14,3,0.16789465433453518,False
1,4,36,60,25,0.0238,0,10,0.005,0.025,6250,14,6,0.17136,False
1,4,37,60,25,0.0238,0,10,0.005,0.025,6077,14,5,0.1754155010696067,False
1,4,38,60,25,0.0238,0,10,0.005,0.025,5989,9,3,0.17732509600935048,False
1,4,39,60,25,0.0238,0,10,0.005,0.025,5894,10,5,0.1803529012555141,False
1,4,40,60,25,0.0238,0,10,0.005,0.025,5807,11,4,0.18339934561735835,False
1,4,41,60,25,0.0238,0,10,0.005,0.025,6199,12,4,0.22148733666720438,False
1,4,42,60,25,0.0238,0,10,0.005,0.025,6185,11,4,0.2244139046079224,False
1,4,43,60,25,0.0238,0,10,0.005,0.025,6151,14,3,0.22955616972849943,False
1,4,44,60,25,0.0238,0,10,0.005,0.025,6095,12,5,0.22608695652173913,False
1,4,45,60,25,0.0238,0,10,0.005,0.025,6056,11,6,0.22721268163804492,False
1,4,46,60,25,0.0238,0,10,0.005,0.025,5745,12,4,0.21096605744125327,False
1,4,47,60,25,0.0238,0,10,0.005,0.025,5634,12,4,0.21121760738374157,False
1,4,48,60,25,0.0238,0,10,0.005,0.025,5529,10,4,0.21233496111412553,False
1,4,49,60,25,0.0238,0,10,0.005,0.025,5431,8,2,0.21174737617381698,False
1,4,50,60,25,0.0238,0,10,0.005,0.025,5383,7,2,0.21493590934423185,False
1,4,51,60,25,0.0238,0,10,0.005,0.025,5312,8,6,0.21423192771084337,False
1,4,52,60,25,0.0238,0,10,0.005,0.025,5246,7,4,0.21845215402211207,False
1,5,1,60,25,0.0238,0,10,0.005,0.025,5174,3,2,0.219172787011983,False
1,5,2,60,25,0.0238,0,10,0.005,0.025,5111,4,2,0.2205047935824692,False
1,5,3,60,25,0.0238,0,10,0.005,0.025,5058,2,1,0.22419928825622776,False
1,5,4,60,25,0.0238,0,10,0.005,0.025,4977,3,1,0.22362869198312235,False
1,5,5,60,25,0.0238,0,10,0.005,0.025,4910,2,2,0.22627291242362527,False
1,5,6,60,25,0.0238,0,10,0.005,0.025,4839,5,2,0.22855961975614797,False
1,5,7,60,25,0.0238,0,10,0.005,0.025,4780,3,0,0.2305439330543933,False
1,5,8,60,25,0.0238,0,10,0.005,0.025,4724,3,0,0.23221845893310752,False
1,5,9,60,25,0.0238,0,10,0.005,0.025,4650,3,1,0.23290322580645162,False
1,5,10,60,25,0.0238,0,10,0.005,0.025,4592,3,2,0.23562717770034844,False
1,5,11,60,25,0.0238,0,10,0.005,0.025,4539,3,1,0.23925974884335757,False
1,5,12,60,25,0.0238,0,10,0.005,0.025,4475,2,0,0.24067039106145252,False
1,5,13,60,25,0.0238,0,10,0.005,0.025,4440,2,2,0.24279279279279278,False
1,5,14,60,25,0.0238,0,10,0.005,0.025,4384,3,2,0.2468065693430657,False
1,5,15,60,25,0.0238,0,10,0.005,0.025,4338,1,0,0.2491931765790687,False
1,5,16,60,25,0.0238,0,10,0.005,0.025,4298,1,0,0.25058166589111214,False
1,5,17,60,25,0.0238,0,10,0.005,0.025,4247,1,0,0.2519425476807158,False
1,5,18,60,25,0.0238,0,10,0.005,0.025,9383,1,1,0.1147820526484067,False
1,5,19,60,25,0.0238,0,10,0.005,0.025,9220,6,1,0.11670281995661605,False
1,5,20,60,25,0.0238,0,10,0.005,0.025,8983,5,2,0.12022709562506957,False
1,5,21,60,25,0.0238,0,10,0.005,0.025,8764,6,2,0.12334550433591968,False
1,5,22,60,25,0.0238,0,10,0.005,0.025,8546,3,0,0.1261408846243857,False
1,5,23,60,25,0.0238,0,10,0.005,0.025,8292,3,0,0.13084901109503136,False
1,5,24,60,25,0.0238,0,10,0.005,0.025,8099,3,3,0.13433757253981973,False
1,5,25,60,25,0.0238,0,10,0.005,0.025,7910,5,3,0.13754740834386853,False
1,5,26,60,25,0.0238,0,10,0.005,0.025,7703,2,1,0.14163312994937038,False
1,5,27,60,25,0.0238,0,10,0.005,0.025,7552,4,2,0.14671610169491525,False
1,5,28,60,25,0.0238,0,10,0.005,0.025,7385,4,1,0.14989844278943806,False
1,5,29,60,25,0.0238,0,10,0.005,0.025,7266,3,0,0.15290393614093037,False
1,5,30,60,25,0.0238,0,10,0.005,0.025,7131,3,1,0.1555181601458421,False
1,5,31,60,25,0.0238,0,10,0.005,0.025,6984,6,2,0.1583619702176403,False
1,5,32,60,25,0.0238,0,10,0.005,0.025,6813,5,1,0.1617495963599002,False
1,5,33,60,25,0.0238,0,10,0.005,0.025,6678,4,2,0.16427073974243786,False
1,5,34,60,25,0.0238,0,10,0.005,0.025,6560,4,3,0.16707317073170733,False
1,5,35,60,25,0.0238,0,10,0.005,0.025,6412,4,2,0.1698378041172801,False
1,5,36,60,25,0.0238,0,10,0.005,0.025,6236,4,2,0.1735086593970494,False
1,5,37,60,25,0.0238,0,10,0.005,0.025,6105,4,2,0.1760851760851761,False
1,5,38,60,25,0.0238,0,10,0.005,0.025,6002,2,0,0.17877374208597135,False
1,5,39,60,25,0.0238,0,10,0.005,0.025,5897,2,0,0.1834831270137358,False
1,5,40,60,25,0.0238,0,10,0.005,0.025,5816,2,0,0.18655433287482806,False
1,5,41,60,25,0.0238,0,10,0.005,0.025,6268,2,1,0.22399489470325462,False
1,5,42,60,25,0.0238,0,10,0.005,0.025,6265,2,2,0.22905027932960895,False
1,5,43,60,25,0.0238,0,10,0.005,0.025,6233,3,1,0.23375581581902777,False
1,5,44,60,25,0.0238,0,10,0.005,0.025,6180,2,0,0.23576051779935275,False
1,5,45,60,25,0.0238,0,10,0.005,0.025,6142,2,2,0.23461413220449365,False
1,5,46,60,25,0.0238,0,10,0.005,0.025,5802,1,2,0.21923474663908996,False
1,5,47,60,25,0.0238,0,10,0.005,0.025,5679,0,0,0.21782003873921466,True
1,5,48,60,25,0.0238,0,10,0.005,0.025,5605,0,0,0.2192685102586976,True
1,5,49,60,25,0.0238,0,10,0.005,0.025,5502,0,0,0.21919302071973829,True
1,5,50,60,25,0.0238,0,10,0.005,0.025,5438,0,0,0.22140492828245678,True
1,5,51,60,25,0.0238,0,10,0.005,0.025,5361,0,0,0.22402536840141765,True
1,5,52,60,25,0.0238,0,10,0.005,0.025,5305,0,0,0.22789820923656928,True
1,6,1,60,25,0.0238,0,10,0.005,0.025,5247,0,0,0.23003621116828665,True
1,6,2,60,25,0.0238,0,10,0.005,0.025,5183,0,0,0.2328767123287671,True
1,6,3,60,25,0.0238,0,10,0.005,0.025,5113,0,0,0.23606493252493643,True
1,6,4,60,25,0.0238,0,10,0.005,0.025,5048,0,0,0.23989698890649763,True
1,6,5,60,25,0.0238,0,10,0.005,0.025,4980,0,0,0.24056224899598394,True
1,6,6,60,25,0.0238,0,10,0.005,0.025,4926,0,0,0.24259033698741372,True
1,6,7,60,25,0.0238,0,10,0.005,0.025,4859,0,0,0.24511216299650135,True
1,6,8,60,25,0.0238,0,10,0.005,0.025,4799,0,0,0.2465096895186497,True
1,6,9,60,25,0.0238,0,10,0.005,0.025,4740,0,0,0.24852320675105485,True
1,6,10,60,25,0.0238,0,10,0.005,0.025,4684,0,0,0.2508539709649872,True
1,6,11,60,25,0.0238,0,10,0.005,0.025,4625,0,0,0.25275675675675674,True
1,6,12,60,25,0.0238,0,10,0.005,0.025,4566,0,0,0.2558037669732808,True
1,6,13,60,25,0.0238,0,10,0.005,0.025,4525,0,0,0.25812154696132594,True
1,6,14,60,25,0.0238,0,10,0.005,0.025,4470,0,0,0.2606263982102908,True
1,6,15,60,25,0.0238,0,10,0.005,0.025,4412,0,0,0.26087941976427925,True
1,6,16,60,25,0.0238,0,10,0.005,0.025,4365,0,0,0.2634593356242841,True
1,6,17,60,25,0.0238,0,10,0.005,0.025,4309,0,0,0.2643304711069854,True
1,6,18,60,25,0.0238,0,10,0.005,0.025,9795,0,0,0.11638591117917305,True
1,6,19,60,25,0.0238,0,10,0.005,0.025,9598,0,0,0.11908730985622004,True
1,6,20,60,25,0.0238,0,10,0.005,0.025,9339,0,0,0.12335367812399614,True
1,6,21,60,25,0.0238,0,10,0.005,0.025,9107,0,0,0.12715493576369824,True
1,6,22,60,25,0.0238,0,10,0.005,0.025,8908,0,0,0.13123035473731479,True
1,6,23,60,25,0.0238,0,10,0.005,0.025,8705,0,0,0.13555427914991383,True
1,6,24,60,25,0.0238,0,10,0.005,0.025,8503,0,0,0.13948018346465954,True
1,6,25,60,25,0.0238,0,10,0.005,0.025,8306,0,0,0.1431495304599085,True
1,6,26,60,25,0.0238,0,10,0.005,0.025,8140,0,0,0.14520884520884522,True
1,6,27,60,25,0.0238,0,10,0.005,0.025,7952,0,0,0.14864185110663983,True
1,6,28,60,25,0.0238,0,10,0.005,0.025,7720,0,0,0.15297927461139896,True
1,6,29,60,25,0.0238,0,10,0.005,0.025,7546,0,0,0.1567717996289425,True
1,6,30,60,25,0.0238,0,10,0.005,0.025,7359,0,0,0.15980432123929883,True
1,6,31,60,25,0.0238,0,10,0.005,0.025,7180,0,0,0.16364902506963788,True
1,6,32,60,25,0.0238,0,10,0.005,0.025,7020,0,0,0.16766381766381766,True
1,6,33,60,25,0.0238,0,10,0.005,0.025,6830,0,0,0.1711566617862372,True
1,6,34,60,25,0.0238,0,10,0.005,0.025,6713,0,0,0.17443765827498883,True
1,6,35,60,25,0.0238,0,10,0.005,0.025,6572,0,0,0.17696287279367012,True
1,6,36,60,25,0.0238,0,10,0.005,0.025,6451,0,0,0.1807471709812432,True
1,6,37,60,25,0.0238,0,10,0.005,0.025,6321,0,0,0.18256604967568424,True
1,6,38,60,25,0.0238,0,10,0.005,0.025,6228,0,0,0.1851316634553629,True
1,6,39,60,25,0.0238,0,10,0.005,0.025,6148,0,0,0.18802862719583605,True
1,6,40,60,25,0.0238,0,10,0.005,0.025,6084,0,0,0.19115713346482577,True
1,6,41,60,25,0.0238,0,10,0.005,0.025,6538,0,0,0.2288161517283573,True
1,6,42,60,25,0.0238,0,10,0.005,0.025,6523,0,0,0.23317491951556032,True
1,6,43,60,25,0.0238,0,10,0.005,0.025,6451,0,0,0.2317470159665168,True
1,6,44,60,25,0.0238,0,10,0.005,0.025,6445,0,0,0.23397982932505818,True
1,6,45,60,25,0.0238,0,10,0.005,0.025,6421,0,0,0.2379691636816695,True
1,6,46,60,25,0.0238,0,10,0.005,0.025,6065,0,0,0.22159934047815333,True
1,6,47,60,25,0.0238,0,10,0.005,0.025,5937,0,0,0.2199764190668688,True
1,6,48,60,25,0.0238,0,10,0.005,0.025,5840,0,0,0.22071917808219177,True
1,6,49,60,25,0.0238,0,10,0.005,0.025,5765,0,0,0.22185602775368604,True
1,6,50,60,25,0.0238,0,10,0.005,0.025,5676,0,0,0.22251585623678646,True
1,6,51,60,25,0.0238,0,10,0.005,0.025,5621,0,0,0.22433730652908734,True
1,6,52,60,25,0.0238,0,10,0.005,0.025,5569,0,0,0.2266115999281738,True
1,7,1,60,25,0.0238,0,10,0.005,0.025,5514,0,0,0.22869060573086689,True
1,7,2,60,25,0.0238,0,10,0.005,0.025,5454,0,0,0.23175650898423175,True
1,7,3,60,25,0.0238,0,10,0.005,0.025,5392,0,0,0.2342359050445104,True
1,7,4,60,25,0.0238,0,10,0.005,0.025,5319,0,0,0.23538259071253995,True
1,7,5,60,25,0.0238,0,10,0.005,0.025,5261,0,0,0.23968827219159855,True
1,7,6,60,25,0.0238,0,10,0.005,0.025,5198,0,0,0.2422085417468257,True
1,7,7,60,25,0.0238,0,10,0.005,0.025,5128,0,0,0.24414976599063962,True
1,7,8,60,25,0.0238,0,10,0.005,0.025,5083,0,0,0.24611449931143026,True
1,7,9,60,25,0.0238,0,10,0.005,0.025,5017,0,0,0.24955152481562687,True
1,7,10,60,25,0.0238,0,10,0.005,0.025,4958,0,0,0.25131101250504234,True
1,7,11,60,25,0.0238,0,10,0.005,0.025,4893,0,0,0.25301451052524015,True
1,7,12,60,25,0.0238,0,10,0.005,0.025,4822,0,0,0.25570302778929904,True
1,7,13,60,25,0.0238,0,10,0.005,0.025,4772,0,0,0.25838222967309304,True
1,7,14,60,25,0.0238,0,10,0.005,0.025,4713,0,0,0.2605559091873541,True
1,7,15,60,25,0.0238,0,10,0.005,0.025,4646,0,0,0.26302195436935,True
1,7,16,60,25,0.0238,0,10,0.005,0.025,4593,0,0,0.26714565643370347,True
1,7,17,60,25,0.0238,0,10,0.005,0.025,4536,0,0,0.27028218694885364,True
1,7,18,60,25,0.0238,0,10,0.005,0.025,10014,0,0,0.1232274815258638,True
1,7,19,60,25,0.0238,0,10,0.005,0.025,9795,0,0,0.12588055130168455,True
1,7,20,60,25,0.0238,0,10,0.005,0.025,9539,0,0,0.12894433378760875,True
1,7,21,60,25,0.0238,0,10,0.005,0.025,9317,0,0,0.13319738113126542,True
1,7,22,60,25,0.0238,0,10,0.005,0.025,9092,0,0,0.1360536735591729,True
1,7,23,60,25,0.0238,0,10,0.005,0.025,8868,0,0,0.13960306720793866,True
1,7,24,60,25,0.0238,0,10,0.005,0.025,8693,0,0,0.14264350626941216,True
1,7,25,60,25,0.0238,0,10,0.005,0.025,8467,0,0,0.14526987126491084,True
1,7,26,60,25,0.0238,0,10,0.005,0.025,8260,0,0,0.14951573849878935,True
1,7,27,60,25,0.0238,0,10,0.005,0.025,8071,0,0,0.15264527320034693,True
1,7,28,60,25,0.0238,0,10,0.005,0.025,7851,0,0,0.15628582346197936,True
1,7,29,60,25,0.0238,0,10,0.005,0.025,7680,0,0,0.159765625,True
1,7,30,60,25,0.0238,0,10,0.005,0.025,7528,0,0,0.16246014877789586,True
1,7,31,60,25,0.0238,0,10,0.005,0.025,7378,0,0,0.16616969368392517,True
1,7,32,60,25,0.0238,0,10,0.005,0.025,7200,0,0,0.1701388888888889,True
1,7,33,60,25,0.0238,0,10,0.005,0.025,7034,0,0,0.1724481091839636,True
1,7,34,60,25,0.0238,0,10,0.005,0.025,6878,0,0,0.17461471357952893,True
1,7,35,60,25,0.0238,0,10,0.005,0.025,6705,0,0,0.1779269202087994,True
1,7,36,60,25,0.0238,0,10,0.005,0.025,6567,0,0,0.180295416476321,True
1,7,37,60,25,0.0238,0,10,0.005,0.025,6435,0,0,0.18383838383838383,True
1,7,38,60,25,0.0238,0,10,0.005,0.025,6346,0,0,0.18704695871415064,True
1,7,39,60,25,0.0238,0,10,0.005,0.025,6253,0,0,0.18790980329441867,True
1,7,40,60,25,0.0238,0,10,0.005,0.025,6157,0,0,0.18889069351957122,True
1,7,41,60,25,0.0238,0,10,0.005,0.025,6571,0,0,0.22721047024805965,True
1,7,42,60,25,0.0238,0,10,0.005,0.025,6567,0,0,0.23130805542865845,True
1,7,43,60,25,0.0238,0,10,0.005,0.025,6502,0,0,0.23254383266687173,True
1,7,44,60,25,0.0238,0,10,0.005,0.025,6483,0,0,0.23523060311584143,True
1,7,45,60,25,0.0238,0,10,0.005,0.025,6385,0,0,0.23727486296006264,True
1,7,46,60,25,0.0238,0,10,0.005,0.025,6048,0,0,0.21875,True
1,7,47,60,25,0.0238,0,10,0.005,0.025,5960,0,0,0.21895973154362416,True
1,7,48,60,25,0.0238,0,10,0.005,0.025,5881,0,0,0.2195204897126339,True
1,7,49,60,25,0.0238,0,10,0.005,0.025,5781,0,0,0.22072305829441274,True
1,7,50,60,25,0.0238,0,10,0.005,0.025,5731,0,0,0.22352120048857094,True
1,7,51,60,25,0.0238,0,10,0.005,0.025,5664,0,0,0.2263418079096045,True
1,7,52,60,25,0.0238,0,10,0.005,0.025,5586,0,0,0.22986036519871106,True
1,8,1,60,25,0.0238,0,10,0.005,0.025,5538,0,0,0.23401950162513543,True
1,8,2,60,25,0.0238,0,10,0.005,0.025,5474,0,0,0.237120935330654,True
1,8,3,60,25,0.0238,0,10,0.005,0.025,5398,0,0,0.2395331604297888,True
1,8,4,60,25,0.0238,0,10,0.005,0.025,5351,0,0,0.24201083909549617,True
1,8,5,60,25,0.0238,0,10,0.005,0.025,5307,0,0,0.2430751837196156,True
1,8,6,60,25,0.0238,0,10,0.005,0.025,5249,0,0,0.2451895599161745,True
1,8,7,60,25,0.0238,0,10,0.005,0.025,5178,0,0,0.2473928157589803,True
1,8,8,60,25,0.0238,0,10,0.005,0.025,5104,0,0,0.2501959247648903,True
1,8,9,60,25,0.0238,0,10,0.005,0.025,5027,0,0,0.2526357668589616,True
1,8,10,60,25,0.0238,0,10,0.005,0.025,4974,0,0,0.255729794933655,True
1,8,11,60,25,0.0238,0,10,0.005,0.025,4916,0,0,0.25874694873881204,True
1,8,12,60,25,0.0238,0,10,0.005,0.025,4855,0,0,0.26179196704428426,True
1,8,13,60,25,0.0238,0,10,0.005,0.025,4819,0,0,0.26437020128657396,True
1,8,14,60,25,0.0238,0,10,0.005,0.025,4779,0,0,0.2670014647415777,True
1,8,15,60,25,0.0238,0,10,0.005,0.025,4726,0,0,0.26914938637325436,True
1,8,16,60,25,0.0238,0,10,0.005,0.025,4676,0,0,0.27181351582549185,True
1,8,17,60,25,0.0238,0,10,0.005,0.025,4634,0,0,0.2755718601640052,True
1,8,18,60,25,0.0238,0,10,0.005,0.025,10377,0,0,0.12392791750987761,True
1,8,19,60,25,0.0238,0,10,0.005,0.025,10190,0,0,0.1267909715407262,True
1,8,20,60,25,0.0238,0,10,0.005,0.025,9930,0,0,0.1309164149043303,True
1,8,21,60,25,0.0238,0,10,0.005,0.025,9713,0,0,0.13487079172243385,True
1,8,22,60,25,0.0238,0,10,0.005,0.025,9489,0,0,0.1385815154389293,True
1,8,23,60,25,0.0238,0,10,0.005,0.025,9240,0,0,0.14339826839826839,True
1,8,24,60,25,0.0238,0,10,0.005,0.025,9062,0,0,0.14687706907967335,True
1,8,25,60,25,0.0238,0,10,0.005,0.025,8904,0,0,0.15116801437556154,True
1,8,26,60,25,0.0238,0,10,0.005,0.025,8718,0,0,0.15450791465932553,True
1,8,27,60,25,0.0238,0,10,0.005,0.025,8518,0,0,0.15696172810518902,True
1,8,28,60,25,0.0238,0,10,0.005,0.025,8374,0,0,0.1620491999044662,True
1,8,29,60,25,0.0238,0,10,0.005,0.025,8232,0,0,0.1650874635568513,True
1,8,30,60,25,0.0238,0,10,0.005,0.025,8086,0,0,0.16782092505565174,True
1,8,31,60,25,0.0238,0,10,0.005,0.025,7923,0,0,0.1708948630569229,True
1,8,32,60,25,0.0238,0,10,0.005,0.025,7760,0,0,0.17487113402061855,True
1,8,33,60,25,0.0238,0,10,0.005,0.025,7613,0,0,0.17798502561408117,True
1,8,34,60,25,0.0238,0,10,0.005,0.025,7479,0,0,0.18170878459687123,True
1,8,35,60,25,0.0238,0,10,0.005,0.025,7326,0,0,0.18523068523068523,True
1,8,36,60,25,0.0238,0,10,0.005,0.025,7211,0,0,0.18873942587713216,True
1,8,37,60,25,0.0238,0,10,0.005,0.025,7062,0,0,0.19201359388275277,True
1,8,38,60,25,0.0238,0,10,0.005,0.025,6967,0,0,0.19463183579733026,True
1,8,39,60,25,0.0238,0,10,0.005,0.025,6880,0,0,0.19680232558139535,True
1,8,40,60,25,0.0238,0,10,0.005,0.025,6789,0,0,0.19958756812490794,True
1,8,41,60,25,0.0238,0,10,0.005,0.025,7275,0,0,0.233127147766323,True
1,8,42,60,25,0.0238,0,10,0.005,0.025,7294,0,0,0.24266520427748833,True
1,8,43,60,25,0.0238,0,10,0.005,0.025,7210,0,0,0.24313453536754506,True
1,8,44,60,25,0.0238,0,10,0.005,0.025,7100,0,0,0.24309859154929578,True
1,8,45,60,25,0.0238,0,10,0.005,0.025,7060,0,0,0.24660056657223797,True
1,8,46,60,25,0.0238,0,10,0.005,0.025,6703,0,0,0.2300462479486797,True
1,8,47,60,25,0.0238,0,10,0.005,0.025,6572,0,0,0.2285453438831406,True
1,8,48,60,25,0.0238,0,10,0.005,0.025,6473,0,0,0.2304959060713734,True
1,8,49,60,25,0.0238,0,10,0.005,0.025,6398,0,0,0.2313222882150672,True
1,8,50,60,25,0.0238,0,10,0.005,0.025,6309,0,0,0.23395149786019973,True
1,8,51,60,25,0.0238,0,10,0.005,0.025,6230,0,0,0.23434991974317818,True
1,8,52,60,25,0.0238,0,10,0.005,0.025,6144,0,0,0.23681640625,True
1,9,1,60,25,0.0238,0,10,0.005,0.025,6057,0,0,0.23922734026745915,True
1,9,2,60,25,0.0238,0,10,0.005,0.025,5978,0,0,0.24188691870190698,True
1,9,3,60,25,0.0238,0,10,0.005,0.025,5896,0,0,0.24423337856173677,True
1,9,4,60,25,0.0238,0,10,0.005,0.025,5833,0,0,0.24549974284244813,True
1,9,5,60,25,0.0238,0,10,0.005,0.025,5755,0,0,0.2476107732406603,True
1,9,6,60,25,0.0238,0,10,0.005,0.025,5694,0,0,0.2507903055848261,True
1,9,7,60,25,0.0238,0,10,0.005,0.025,5606,0,0,0.2516946129147342,True
1,9,8,60,25,0.0238,0,10,0.005,0.025,5542,0,0,0.25297726452544206,True
1,9,9,60,25,0.0238,0,10,0.005,0.025,5470,0,0,0.2544789762340037,True
1,9,10,60,25,0.0238,0,10,0.005,0.025,5412,0,0,0.2559127864005913,True
1,9,11,60,25,0.0238,0,10,0.005,0.025,5345,0,0,0.2578110383536015,True
1,9,12,60,25,0.0238,0,10,0.005,0.025,5279,0,0,0.25970827808297026,True
1,9,13,60,25,0.0238,0,10,0.005,0.025,5198,0,0,0.25990765679107347,True
1,9,14,60,25,0.0238,0,10,0.005,0.025,5142,0,0,0.26273823415013614,True
1,9,15,60,25,0.0238,0,10,0.005,0.025,5091,0,0,0.2643881359261442,True
1,9,16,60,25,0.0238,0,10,0.005,0.025,5037,0,0,0.26662696049235657,True
1,9,17,60,25,0.0238,0,10,0.005,0.025,4974,0,0,0.2679935665460394,True
1,9,18,60,25,0.0238,0,10,0.005,0.025,10580,0,0,0.11219281663516067,True
1,9,19,60,25,0.0238,0,10,0.005,0.025,10401,0,0,0.11498894337082972,True
1,9,20,60,25,0.0238,0,10,0.005,0.025,10193,0,0,0.1179240655351712,True
1,9,21,60,25,0.0238,0,10,0.005,0.025,9943,0,0,0.12139193402393644,True
1,9,22,60,25,0.0238,0,10,0.005,0.025,9730,0,0,0.12476875642343269,True
1,9,23,60,25,0.0238,0,10,0.005,0.025,9507,0,0,0.12769538234984748,True
1,9,24,60,25,0.0238,0,10,0.005,0.025,9269,0,0,0.13129787463588305,True
1,9,25,60,25,0.0238,0,10,0.005,0.025,9047,0,0,0.13529346744777274,True
1,9,26,60,25,0.0238,0,10,0.005,0.025,8842,0,0,0.1379778330694413,True
1,9,27,60,25,0.0238,0,10,0.005,0.025,8629,0,0,0.14103604125622898,True
1,9,28,60,25,0.0238,0,10,0.005,0.025,8458,0,0,0.1457791440056751,True
1,9,29,60,25,0.0238,0,10,0.005,0.025,8285,0,0,0.1503922751961376,True
1,9,30,60,25,0.0238,0,10,0.005,0.025,8109,0,0,0.1534097915895918,True
1,9,31,60,25,0.0238,0,10,0.005,0.025,7933,0,0,0.15731753435018278,True
1,9,32,60,25,0.0238,0,10,0.005,0.025,7786,0,0,0.1615720524017467,True
1,9,33,60,25,0.0238,0,10,0.005,0.025,7647,0,0,0.16529357918137833,True
1,9,34,60,25,0.0238,0,10,0.005,0.025,7496,0,0,0.16835645677694772,True
1,9,35,60,25,0.0238,0,10,0.005,0.025,7345,0,0,0.17208985704560925,True
1,9,36,60,25,0.0238,0,10,0.005,0.025,7197,0,0,0.17660136167847715,True
1,9,37,60,25,0.0238,0,10,0.005,0.025,7017,0,0,0.18041898247114152,True
1,9,38,60,25,0.0238,0,10,0.005,0.025,6921,0,0,0.18292154312960554,True
1,9,39,60,25,0.0238,0,10,0.005,0.025,6847,0,0,0.185044545056229,True
1,9,40,60,25,0.0238,0,10,0.005,0.025,6760,0,0,0.18772189349112425,True
1,9,41,60,25,0.0238,0,10,0.005,0.025,7279,0,0,0.22832806704217612,True
1,9,42,60,25,0.0238,0,10,0.005,0.025,7278,0,0,0.23206924979389942,True
1,9,43,60,25,0.0238,0,10,0.005,0.025,7187,0,0,0.22999860859885904,True
1,9,44,60,25,0.0238,0,10,0.005,0.025,7145,0,0,0.23289013296011196,True
1,9,45,60,25,0.0238,0,10,0.005,0.025,7077,0,0,0.23597569591634873,True
1,9,46,60,25,0.0238,0,10,0.005,0.025,6711,0,0,0.22068246163015945,True
1,9,47,60,25,0.0238,0,10,0.005,0.025,6574,0,0,0.21874049285062366,True
1,9,48,60,25,0.0238,0,10,0.005,0.025,6492,0,0,0.21888478126925448,True
1,9,49,60,25,0.0238,0,10,0.005,0.025,6368,0,0,0.219535175879397,True
1,9,50,60,25,0.0238,0,10,0.005,0.025,6273,0,0,0.22158456878686433,True
1,9,51,60,25,0.0238,0,10,0.005,0.025,6196,0,0,0.22336991607488701,True
1,9,52,60,25,0.0238,0,10,0.005,0.025,6128,0,0,0.22274804177545693,True
1,10,1,60,25,0.0238,0,10,0.005,0.025,6048,0,0,0.22602513227513227,True
1,10,2,60,25,0.0238,0,10,0.005,0.025,5963,0,0,0.22790541673654202,True
1,10,3,60,25,0.0238,0,10,0.005,0.025,5901,0,0,0.2308083375699034,True
1,10,4,60,25,0.0238,0,10,0.005,0.025,5840,0,0,0.23236301369863013,True
1,10,5,60,25,0.0238,0,10,0.005,0.025,5776,0,0,0.2356301939058172,True
1,10,6,60,25,0.0238,0,10,0.005,0.025,5697,0,0,0.23714235562576794,True
1,10,7,60,25,0.0238,0,10,0.005,0.025,5631,0,0,0.23974427277570592,True
1,10,8,60,25,0.0238,0,10,0.005,0.025,5570,0,0,0.24201077199281867,True
1,10,9,60,25,0.0238,0,10,0.005,0.025,5494,0,0,0.24499453949763378,True
1,10,10,60,25,0.0238,0,10,0.005,0.025,5430,0,0,0.24788213627992634,True
1,10,11,60,25,0.0238,0,10,0.005,0.025,5375,0,0,0.24911627906976744,True
1,10,12,60,25,0.0238,0,10,0.005,0.025,5294,0,0,0.25255005666792596,True
1,10,13,60,25,0.0238,0,10,0.005,0.025,5249,0,0,0.2558582587159459,True
1,10,14,60,25,0.0238,0,10,0.005,0.025,5183,0,0,0.25699401890796836,True
1,10,15,60,25,0.0238,0,10,0.005,0.025,5127,0,0,0.2598010532475132,True
1,10,16,60,25,0.0238,0,10,0.005,0.025,5060,0,0,0.26225296442687746,True
1,10,17,60,25,0.0238,0,10,0.005,0.025,5013,0,0,0.26570915619389585,True
1,10,18,60,25,0.0238,0,10,0.005,0.025,10649,0,0,0.11663066954643629,True
1,10,19,60,25,0.0238,0,10,0.005,0.025,10469,0,0,0.1185404527653071,True
1,10,20,60,25,0.0238,0,10,0.005,0.025,10236,0,0,0.12182493161391168,True
1,10,21,60,25,0.0238,0,10,0.005,0.025,9994,0,0,0.12547528517110265,True
1,10,22,60,25,0.0238,0,10,0.005,0.025,9759,0,0,0.12870171124090582,True
1,10,23,60,25,0.0238,0,10,0.005,0.025,9564,0,0,0.13258051024675868,True
1,10,24,60,25,0.0238,0,10,0.005,0.025,9414,0,0,0.1343743360951774,True
1,10,25,60,25,0.0238,0,10,0.005,0.025,9225,0,0,0.13745257452574525,True
1,10,26,60,25,0.0238,0,10,0.005,0.025,9017,0,0,0.14139957857380503,True
1,10,27,60,25,0.0238,0,10,0.005,0.025,8825,0,0,0.14526912181303117,True
1,10,28,60,25,0.0238,0,10,0.005,0.025,8656,0,0,0.1479898336414048,True
1,10,29,60,25,0.0238,0,10,0.005,0.025,8503,0,0,0.15100552746089616,True
1,10,30,60,25,0.0238,0,10,0.005,0.025,8334,0,0,0.154307655387569,True
1,10,31,60,25,0.0238,0,10,0.005,0.025,8168,0,0,0.1568315377081293,True
1,10,32,60,25,0.0238,0,10,0.005,0.025,8015,0,0,0.16132252027448535,True
1,10,33,60,25,0.0238,0,10,0.005,0.025,7880,0,0,0.1651015228426396,True
1,10,34,60,25,0.0238,0,10,0.005,0.025,7745,0,0,0.16655907036797934,True
1,10,35,60,25,0.0238,0,10,0.005,0.025,7576,0,0,0.1689545934530095,True
1,10,36,60,25,0.0238,0,10,0.005,0.025,7387,0,0,0.17300663327467172,True
1,10,37,60,25,0.0238,0,10,0.005,0.025,7222,0,0,0.17806701744669068,True
1,10,38,60,25,0.0238,0,10,0.005,0.025,7116,0,0,0.1808600337268128,True
1,10,39,60,25,0.0238,0,10,0.005,0.025,7005,0,0,0.18486795146324053,True
1,10,40,60,25,0.0238,0,10,0.005,0.025,6914,0,0,0.1868672259184264,True
1,10,41,60,25,0.0238,0,10,0.005,0.025,7471,0,0,0.22714496051398742,True
1,10,42,60,25,0.0238,0,10,0.005,0.025,7445,0,0,0.2341168569509738,True
1,10,43,60,25,0.0238,0,10,0.005,0.025,7387,0,0,0.23419520779748207,True
1,10,44,60,25,0.0238,0,10,0.005,0.025,7302,0,0,0.23582580115036977,True
1,10,45,60,25,0.0238,0,10,0.005,0.025,7241,0,0,0.2372600469548405,True
1,10,46,60,25,0.0238,0,10,0.005,0.025,6804,0,0,0.21619635508524399,True
1,10,47,60,25,0.0238,0,10,0.005,0.025,6635,0,0,0.21250941974378296,True
1,10,48,60,25,0.0238,0,10,0.005,0.025,6535,0,0,0.21346595256312165,True
1,10,49,60,25,0.0238,0,10,0.005,0.025,6435,0,0,0.21476301476301476,True
1,10,50,60,25,0.0238,0,10,0.005,0.025,6360,0,0,0.21713836477987422,True
1,10,51,60,25,0.0238,0,10,0.005,0.025,6283,0,0,0.21836702212318956,True
1,10,52,60,25,0.0238,0,10,0.005,0.025,6192,0,0,0.22093023255813954,True
1,11,1,60,25,0.0238,0,10,0.005,0.025,6121,0,0,0.22332952132004574,True
1,11,2,60,25,0.0238,0,10,0.005,0.025,6058,0,0,0.2254869593925388,True
1,11,3,60,25,0.0238,0,10,0.005,0.025,5990,0,0,0.2278797996661102,True
1,11,4,60,25,0.0238,0,10,0.005,0.025,5918,0,0,0.229976343359243,True
1,11,5,60,25,0.0238,0,10,0.005,0.025,5836,0,0,0.23217957505140507,True
1,11,6,60,25,0.0238,0,10,0.005,0.025,5762,0,0,0.23273169038528288,True
1,11,7,60,25,0.0238,0,10,0.005,0.025,5705,0,0,0.23558282208588957,True
1,11,8,60,25,0.0238,0,10,0.005,0.025,5644,0,0,0.23830616583982991,True
1,11,9,60,25,0.0238,0,10,0.005,0.025,5576,0,0,0.23977761836441894,True
1,11,10,60,25,0.0238,0,10,0.005,0.025,5520,0,0,0.24257246376811595,True
1,11,11,60,25,0.0238,0,10,0.005,0.025,5457,0,0,0.24427341029869892,True
1,11,12,60,25,0.0238,0,10,0.005,0.025,5381,0,0,0.24828098866381715,True
1,11,13,60,25,0.0238,0,10,0.005,0.025,5301,0,0,0.24995283908696472,True
1,11,14,60,25,0.0238,0,10,0.005,0.025,5246,0,0,0.25257338924895156,True
1,11,15,60,25,0.0238,0,10,0.005,0.025,5202,0,0,0.25413302575932334,True
1,11,16,60,25,0.0238,0,10,0.005,0.025,5153,0,0,0.2575198913254415,True
1,11,17,60,25,0.0238,0,10,0.005,0.025,5102,0,0,0.25950607604860837,True
1,11,18,60,25,0.0238,0,10,0.005,0.025,10985,0,0,0.112972234865726,True
1,11,19,60,25,0.0238,0,10,0.005,0.025,10772,0,0,0.11585592276271815,True
1,11,20,60,25,0.0238,0,10,0.005,0.025,10561,0,0,0.11864406779661017,True
1,11,21,60,25,0.0238,0,10,0.005,0.025,10308,0,0,0.12204113310050446,True
1,11,22,60,25,0.0238,0,10,0.005,0.025,10065,0,0,0.12568306010928962,True
1,11,23,60,25,0.0238,0,10,0.005,0.025,9867,0,0,0.12911725955204217,True
1,11,24,60,25,0.0238,0,10,0.005,0.025,9662,0,0,0.13299523908093563,True
1,11,25,60,25,0.0238,0,10,0.005,0.025,9464,0,0,0.13588334742180896,True
1,11,26,60,25,0.0238,0,10,0.005,0.025,9262,0,0,0.13884690131721011,True
1,11,27,60,25,0.0238,0,10,0.005,0.025,9051,0,0,0.14285714285714285,True
1,11,28,60,25,0.0238,0,10,0.005,0.025,8857,0,0,0.14677656091227279,True
1,11,29,60,25,0.0238,0,10,0.005,0.025,8682,0,0,0.15077171158719188,True
1,11,30,60,25,0.0238,0,10,0.005,0.025,8514,0,0,0.1536293164200141,True
1,11,31,60,25,0.0238,0,10,0.005,0.025,8370,0,0,0.15675029868578255,True
1,11,32,60,25,0.0238,0,10,0.005,0.025,8216,0,0,0.15932327166504381,True
1,11,33,60,25,0.0238,0,10,0.005,0.025,8040,0,0,0.1626865671641791,True
1,11,34,60,25,0.0238,0,10,0.005,0.025,7884,0,0,0.1659056316590563,True
1,11,35,60,25,0.0238,0,10,0.005,0.025,7731,0,0,0.17022377441469408,True
1,11,36,60,25,0.0238,0,10,0.005,0.025,7561,0,0,0.1745800819997355,True
1,11,37,60,25,0.0238,0,10,0.005,0.025,7433,0,0,0.17691376294901118,True
1,11,38,60,25,0.0238,0,10,0.005,0.025,7319,0,0,0.17939609236234458,True
1,11,39,60,25,0.0238,0,10,0.005,0.025,7209,0,0,0.1819947288112082,True
1,11,40,60,25,0.0238,0,10,0.005,0.025,7092,0,0,0.18542019176536942,True
1,11,41,60,25,0.0238,0,10,0.005,0.025,7702,0,0,0.22838223837964164,True
1,11,42,60,25,0.0238,0,10,0.005,0.025,7703,0,0,0.23679086070362196,True
1,11,43,60,25,0.0238,0,10,0.005,0.025,7597,0,0,0.23324996709227327,True
1,11,44,60,25,0.0238,0,10,0.005,0.025,7527,0,0,0.23515344758868076,True
1,11,45,60,25,0.0238,0,10,0.005,0.025,7502,0,0,0.23700346574246867,True
1,11,46,60,25,0.0238,0,10,0.005,0.025,7049,0,0,0.21705206412257058,True
1,11,47,60,25,0.0238,0,10,0.005,0.025,6884,0,0,0.21368390470656595,True
1,11,48,60,25,0.0238,0,10,0.005,0.025,6788,0,0,0.21434885091337655,True
1,11,49,60,25,0.0238,0,10,0.005,0.025,6671,0,0,0.21511017838405036,True
1,11,50,60,25,0.0238,0,10,0.005,0.025,6566,0,0,0.21733170880292416,True
1,11,51,60,25,0.0238,0,10,0.005,0.025,6474,0,0,0.21810318195860365,True
1,11,52,60,25,0.0238,0,10,0.005,0.025,6400,0,0,0.21953125,True
1,1,1,60,25,0.0448,0,10,0.005,0.025,5471,0,0,0.0020106013525863645,True
1,1,2,60,25,0.0448,0,10,0.005,0.025,5362,0,0,0.0033569563595673255,True
1,1,3,60,25,0.0448,0,10,0.005,0.025,5252,0,0,0.005521706016755522,True
1,1,4,60,25,0.0448,0,10,0.005,0.025,5158,0,0,0.007561070182241178,True
1,1,5,60,25,0.0448,0,10,0.005,0.025,5077,0,0,0.01004530234390388,True
1,1,6,60,25,0.0448,0,10,0.005,0.025,5014,0,0,0.011966493817311527,True
1,1,7,60,25,0.0448,0,10,0.005,0.025,4920,0,0,0.014227642276422764,True
1,1,8,60,25,0.0448,0,10,0.005,0.025,4866,0,0,0.016029593094944512,True
1,1,9,60,25,0.0448,0,10,0.005,0.025,4785,0,0,0.01818181818181818,True
1,1,10,60,25,0.0448,0,10,0.005,0.025,4678,0,0,0.018597691321077383,True
1,1,11,60,25,0.0448,0,10,0.005,0.025,4621,0,0,0.020341917333910407,True
1,1,12,60,25,0.0448,0,10,0.005,0.025,4548,0,0,0.02264731750219877,True
1,1,13,60,25,0.0448,0,10,0.005,0.025,4500,0,0,0.024444444444444446,True
1,1,14,60,25,0.0448,0,10,0.005,0.025,4425,0,0,0.027796610169491524,True
1,1,15,60,25,0.0448,0,10,0.005,0.025,4350,0,0,0.029885057471264367,True
1,1,16,60,25,0.0448,0,10,0.005,0.025,4308,0,0,0.031337047353760444,True
1,1,17,60,25,0.0448,0,10,0.005,0.025,4247,0,0,0.03414174711561102,True
1,1,18,60,25,0.0448,0,10,0.005,0.025,12076,0,0,0.013746273600529976,True
1,1,19,60,25,0.0448,0,10,0.005,0.025,11804,0,0,0.014825482887156896,True
1,1,20,60,25,0.0448,0,10,0.005,0.025,11482,0,0,0.01628636126110434,True
1,1,21,60,25,0.0448,0,10,0.005,0.025,11179,0,0,0.018516861973342874,True
1,1,22,60,25,0.0448,0,10,0.005,0.025,10834,0,0,0.021321764814472954,True
1,1,23,60,25,0.0448,0,10,0.005,0.025,10555,0,0,0.023780198957839886,True
1,1,24,60,25,0.0448,0,10,0.005,0.025,10245,0,0,0.02635431918008785,True
1,1,25,60,25,0.0448,0,10,0.005,0.025,9919,0,0,0.028531101925597338,True
1,1,26,60,25,0.0448,0,10,0.005,0.025,9621,0,0,0.03097391123583827,True
1,1,27,60,25,0.0448,0,10,0.005,0.025,9404,0,0,0.033390046788600594,True
1,1,28,60,25,0.0448,0,10,0.005,0.025,9141,0,0,0.034460124712832295,True
1,1,29,60,25,0.0448,0,10,0.005,0.025,8873,0,0,0.036515271046996506,True
1,1,30,60,25,0.0448,0,10,0.005,0.025,8688,0,0,0.038328729281767955,True
1,1,31,60,25,0.0448,0,10,0.005,0.025,8459,0,0,0.03995744177798794,True
1,1,32,60,25,0.0448,0,10,0.005,0.025,8240,0,0,0.04247572815533981,True
1,1,33,60,25,0.0448,0,10,0.005,0.025,8071,0,0,0.044728038656919836,True
1,1,34,60,25,0.0448,0,10,0.005,0.025,7905,0,0,0.048197343453510434,True
1,1,35,60,25,0.0448,0,10,0.005,0.025,7731,0,0,0.050058207217694994,True
1,1,36,60,25,0.0448,0,10,0.005,0.025,7564,0,0,0.05274986779481756,True
1,1,37,60,25,0.0448,0,10,0.005,0.025,7392,0,0,0.05478896103896104,True
1,1,38,60,25,0.0448,0,10,0.005,0.025,7266,0,0,0.056427195155518854,True
1,1,39,60,25,0.0448,0,10,0.005,0.025,7134,0,0,0.05999439304737875,True
1,1,40,60,25,0.0448,0,10,0.005,0.025,7027,0,0,0.061192543048242495,True
1,1,41,60,25,0.0448,0,10,0.005,0.025,7307,0,0,0.08676611468454906,True
1,1,42,60,25,0.0448,0,10,0.005,0.025,7277,0,0,0.09248316613989281,True
1,1,43,60,25,0.0448,0,10,0.005,0.025,7217,0,0,0.09893307468477207,True
1,1,44,60,25,0.0448,0,10,0.005,0.025,7174,0,0,0.10259269584611096,True
1,1,45,60,25,0.0448,0,10,0.005,0.025,7171,0,0,0.10709803374703668,True
1,1,46,60,25,0.0448,0,10,0.005,0.025,6802,0,0,0.09541311379006175,True
1,1,47,60,25,0.0448,0,10,0.005,0.025,6704,0,0,0.09516706443914082,True
1,1,48,60,25,0.0448,0,10,0.005,0.025,6605,0,0,0.09613928841786526,True
1,1,49,60,25,0.0448,0,10,0.005,0.025,6502,0,0,0.09658566594893879,True
1,1,50,60,25,0.0448,0,10,0.005,0.025,6397,0,0,0.09707675472877912,True
1,1,51,60,25,0.0448,0,10,0.005,0.025,6292,0,0,0.09901462174189447,True
1,1,52,60,25,0.0448,0,10,0.005,0.025,6195,0,0,0.10040355125100887,True
1,2,1,60,25,0.0448,0,10,0.005,0.025,6106,7,0,0.10284965607599082,False
1,2,2,60,25,0.0448,0,10,0.005,0.025,6028,7,0,0.10384870603848706,False
1,2,3,60,25,0.0448,0,10,0.005,0.025,5938,7,1,0.10575951498821153,False
1,2,4,60,25,0.0448,0,10,0.005,0.025,5841,12,3,0.10717342920732752,False
1,2,5,60,25,0.0448,0,10,0.005,0.025,5749,23,4,0.10906244564272047,False
1,2,6,60,25,0.0448,0,10,0.005,0.025,5673,25,8,0.10999471179270227,False
1,2,7,60,25,0.0448,0,10,0.005,0.025,5580,71,13,0.11200716845878136,False
1,2,8,60,25,0.0448,0,10,0.005,0.025,5473,72,19,0.11547597295815823,False
1,2,9,60,25,0.0448,0,10,0.005,0.025,5375,107,28,0.11572093023255814,False
1,2,10,60,25,0.0448,0,10,0.005,0.025,5274,135,37,0.1173682214637846,False
1,2,11,60,25,0.0448,0,10,0.005,0.025,5195,174,49,0.11973051010587103,False
1,2,12,60,25,0.0448,0,10,0.005,0.025,5068,202,61,0.122336227308603,False
1,2,13,60,25,0.0448,0,10,0.005,0.025,4955,214,62,0.12391523713420786,False
1,2,14,60,25,0.0448,0,10,0.005,0.025,4857,212,73,0.12641548280831788,False
1,2,15,60,25,0.0448,0,10,0.005,0.025,4732,221,84,0.12954353338968724,False
1,2,16,60,25,0.0448,0,10,0.005,0.025,4622,206,84,0.1330592816962354,False
1,2,17,60,25,0.0448,0,10,0.005,0.025,4513,194,90,0.13494349656547752,False
1,2,18,60,25,0.0448,0,10,0.005,0.025,9010,181,84,0.0685904550499445,False
1,2,19,60,25,0.0448,0,10,0.005,0.025,8680,213,74,0.07223502304147465,False
1,2,20,60,25,0.0448,0,10,0.005,0.025,8449,221,74,0.07539353769676885,False
1,2,21,60,25,0.0448,0,10,0.005,0.025,8205,231,79,0.07861060329067641,False
1,2,22,60,25,0.0448,0,10,0.005,0.025,7955,242,73,0.08208673790069139,False
1,2,23,60,25,0.0448,0,10,0.005,0.025,7679,242,76,0.0855580153665842,False
1,2,24,60,25,0.0448,0,10,0.005,0.025,7457,241,93,0.08797103392785302,False
1,2,25,60,25,0.0448,0,10,0.005,0.025,7265,238,95,0.0918100481761872,False
1,2,26,60,25,0.0448,0,10,0.005,0.025,7047,218,89,0.09379877962253441,False
1,2,27,60,25,0.0448,0,10,0.005,0.025,6819,193,85,0.09796157794398005,False
1,2,28,60,25,0.0448,0,10,0.005,0.025,6602,188,82,0.10239321417752197,False
1,2,29,60,25,0.0448,0,10,0.005,0.025,6362,167,58,0.10562716127004086,False
1,2,30,60,25,0.0448,0,10,0.005,0.025,6202,157,61,0.10948081264108352,False
1,2,31,60,25,0.0448,0,10,0.005,0.025,6031,159,60,0.11192173768860886,False
1,2,32,60,25,0.0448,0,10,0.005,0.025,5884,135,63,0.1153976886471788,False
1,2,33,60,25,0.0448,0,10,0.005,0.025,5739,140,69,0.11935877330545391,False
1,2,34,60,25,0.0448,0,10,0.005,0.025,5570,111,45,0.12333931777378815,False
1,2,35,60,25,0.0448,0,10,0.005,0.025,5430,103,37,0.1261510128913444,False
1,2,36,60,25,0.0448,0,10,0.005,0.025,5284,107,47,0.13001514004542014,False
1,2,37,60,25,0.0448,0,10,0.005,0.025,5188,104,45,0.13338473400154202,False
1,2,38,60,25,0.0448,0,10,0.005,0.025,5077,85,36,0.13590703171164073,False
1,2,39,60,25,0.0448,0,10,0.005,0.025,4983,87,36,0.13867148304234397,False
1,2,40,60,25,0.0448,0,10,0.005,0.025,4895,79,32,0.1397344228804903,False
1,2,41,60,25,0.0448,0,10,0.005,0.025,5298,77,37,0.18629671574178935,False
1,2,42,60,25,0.0448,0,10,0.005,0.025,5268,73,36,0.19286256643887623,False
1,2,43,60,25,0.0448,0,10,0.005,0.025,5219,77,26,0.19543973941368079,False
1,2,44,60,25,0.0448,0,10,0.005,0.025,5167,76,24,0.1993419779369073,False
1,2,45,60,25,0.0448,0,10,0.005,0.025,5091,90,25,0.20506776664702417,False
1,2,46,60,25,0.0448,0,10,0.005,0.025,4759,130,30,0.18260138684597604,False
1,2,47,60,25,0.0448,0,10,0.005,0.025,4640,169,50,0.1790948275862069,False
1,2,48,60,25,0.0448,0,10,0.005,0.025,4559,207,66,0.18052204430796226,False
1,2,49,60,25,0.0448,0,10,0.005,0.025,4468,220,71,0.18128916741271262,False
1,2,50,60,25,0.0448,0,10,0.005,0.025,4370,216,75,0.18443935926773455,False
1,2,51,60,25,0.0448,0,10,0.005,0.025,4261,228,80,0.18634123445200657,False
1,2,52,60,25,0.0448,0,10,0.005,0.025,4167,226,84,0.19174466042716581,False
1,3,1,60,25,0.0448,0,10,0.005,0.025,4067,217,92,0.19375461027784607,False
1,3,2,60,25,0.0448,0,10,0.005,0.025,3978,213,89,0.19733534439416792,False
1,3,3,60,25,0.0448,0,10,0.005,0.025,3883,205,79,0.20216327581766674,False
1,3,4,60,25,0.0448,0,10,0.005,0.025,3803,207,76,0.2058900867735998,False
1,3,5,60,25,0.0448,0,10,0.005,0.025,3708,207,83,0.20846817691477887,False
1,3,6,60,25,0.0448,0,10,0.005,0.025,3631,193,86,0.21316441751583587,False
1,3,7,60,25,0.0448,0,10,0.005,0.025,3536,182,76,0.21832579185520362,False
1,3,8,60,25,0.0448,0,10,0.005,0.025,3447,170,63,0.22309254424136932,False
1,3,9,60,25,0.0448,0,10,0.005,0.025,3389,175,63,0.22838595455886693,False
1,3,10,60,25,0.0448,0,10,0.005,0.025,3318,173,71,0.23056057866184448,False
1,3,11,60,25,0.0448,0,10,0.005,0.025,3245,166,68,0.23513097072419106,False
1,3,12,60,25,0.0448,0,10,0.005,0.025,3174,149,62,0.23976055450535602,False
1,3,13,60,25,0.0448,0,10,0.005,0.025,3115,135,58,0.24430176565008024,False
1,3,14,60,25,0.0448,0,10,0.005,0.025,3057,120,43,0.248609748119071,False
1,3,15,60,25,0.0448,0,10,0.005,0.025,2991,104,38,0.25175526579739216,False
1,3,16,60,25,0.0448,0,10,0.005,0.025,2933,103,43,0.2553699284009546,False
1,3,17,60,25,0.0448,0,10,0.005,0.025,2882,111,45,0.2595419847328244,False
1,3,18,60,25,0.0448,0,10,0.005,0.025,6818,104,41,0.11044294514520388,False
1,3,19,60,25,0.0448,0,10,0.005,0.025,6633,142,32,0.11276948590381426,False
1,3,20,60,25,0.0448,0,10,0.005,0.025,6430,153,39,0.11601866251944012,False
1,3,21,60,25,0.0448,0,10,0.005,0.025,6211,175,59,0.1209145065206891,False
1,3,22,60,25,0.0448,0,10,0.005,0.025,6026,178,67,0.12479256554928643,False
1,3,23,60,25,0.0448,0,10,0.005,0.025,5811,178,70,0.13078643951127172,False
1,3,24,60,25,0.0448,0,10,0.005,0.025,5628,168,67,0.13521677327647477,False
1,3,25,60,25,0.0448,0,10,0.005,0.025,5463,166,55,0.13875160168405637,False
1,3,26,60,25,0.0448,0,10,0.005,0.025,5295,163,50,0.14428706326723323,False
1,3,27,60,25,0.0448,0,10,0.005,0.025,5126,158,63,0.1465079984393289,False
1,3,28,60,25,0.0448,0,10,0.005,0.025,4984,160,73,0.15168539325842698,False
1,3,29,60,25,0.0448,0,10,0.005,0.025,4805,138,54,0.15691987513007283,False
1,3,30,60,25,0.0448,0,10,0.005,0.025,4664,131,50,0.16187821612349915,False
1,3,31,60,25,0.0448,0,10,0.005,0.025,4508,129,51,0.1665927240461402,False
1,3,32,60,25,0.0448,0,10,0.005,0.025,4376,124,56,0.1723034734917733,False
1,3,33,60,25,0.0448,0,10,0.005,0.025,4261,119,49,0.17601501994836893,False
1,3,34,60,25,0.0448,0,10,0.005,0.025,4138,99,35,0.18100531657805705,False
1,3,35,60,25,0.0448,0,10,0.005,0.025,4051,88,39,0.183658355961491,False
1,3,36,60,25,0.0448,0,10,0.005,0.025,3919,70,30,0.18958918091349833,False
1,3,37,60,25,0.0448,0,10,0.005,0.025,3810,56,23,0.1958005249343832,False
1,3,38,60,25,0.0448,0,10,0.005,0.025,3739,51,22,0.19925113666755817,False
1,3,39,60,25,0.0448,0,10,0.005,0.025,3660,51,22,0.20273224043715846,False
1,3,40,60,25,0.0448,0,10,0.005,0.025,3584,47,20,0.20619419642857142,False
1,3,41,60,25,0.0448,0,10,0.005,0.025,3935,43,21,0.26353240152477764,False
1,3,42,60,25,0.0448,0,10,0.005,0.025,3887,47,15,0.26395677900694625,False
1,3,43,60,25,0.0448,0,10,0.005,0.025,3886,42,16,0.26685537828100875,False
1,3,44,60,25,0.0448,0,10,0.005,0.025,3849,48,20,0.2759158222915043,False
1,3,45,60,25,0.0448,0,10,0.005,0.025,3827,37,17,0.2803762738437418,False
1,3,46,60,25,0.0448,0,10,0.005,0.025,3578,40,15,0.2562884292901062,False
1,3,47,60,25,0.0448,0,10,0.005,0.025,3480,40,13,0.2531609195402299,False
1,3,48,60,25,0.0448,0,10,0.005,0.025,3424,51,19,0.2523364485981308,False
1,3,49,60,25,0.0448,0,10,0.005,0.025,3346,54,19,0.25164375373580394,False
1,3,50,60,25,0.0448,0,10,0.005,0.025,3297,50,17,0.2535638459205338,False
1,3,51,60,25,0.0448,0,10,0.005,0.025,3236,55,19,0.2567985166872682,False
1,3,52,60,25,0.0448,0,10,0.005,0.025,3188,60,20,0.2594102885821832,False
1,4,1,60,25,0.0448,0,10,0.005,0.025,3134,58,19,0.26196553924696875,False
1,4,2,60,25,0.0448,0,10,0.005,0.025,3082,60,18,0.26606099935107075,False
1,4,3,60,25,0.0448,0,10,0.005,0.025,3043,67,23,0.26881367071968454,False
1,4,4,60,25,0.0448,0,10,0.005,0.025,2996,62,22,0.2740320427236315,False
1,4,5,60,25,0.0448,0,10,0.005,0.025,2943,56,26,0.2786272511043153,False
1,4,6,60,25,0.0448,0,10,0.005,0.025,2906,55,29,0.2797660013764625,False
1,4,7,60,25,0.0448,0,10,0.005,0.025,2852,38,24,0.2815568022440393,False
1,4,8,60,25,0.0448,0,10,0.005,0.025,2806,33,20,0.28474697077690664,False
1,4,9,60,25,0.0448,0,10,0.005,0.025,2760,31,11,0.28840579710144926,False
1,4,10,60,25,0.0448,0,10,0.005,0.025,2713,26,10,0.29082196830077406,False
1,4,11,60,25,0.0448,0,10,0.005,0.025,2661,27,11,0.2919954904171364,False
1,4,12,60,25,0.0448,0,10,0.005,0.025,2632,23,9,0.29711246200607905,False
1,4,13,60,25,0.0448,0,10,0.005,0.025,2598,20,6,0.29946112394149343,False
1,4,14,60,25,0.0448,0,10,0.005,0.025,2567,15,6,0.30151928320997273,False
1,4,15,60,25,0.0448,0,10,0.005,0.025,2532,18,9,0.30252764612954186,False
1,4,16,60,25,0.0448,0,10,0.005,0.025,2488,21,6,0.3042604501607717,False
1,4,17,60,25,0.0448,0,10,0.005,0.025,2455,18,5,0.30916496945010186,False
1,4,18,60,25,0.0448,0,10,0.005,0.025,5374,18,10,0.1425381466319315,False
1,4,19,60,25,0.0448,0,10,0.005,0.025,5234,34,11,0.14558654948414215,False
1,4,20,60,25,0.0448,0,10,0.005,0.025,5120,48,9,0.1490234375,False
1,4,21,60,25,0.0448,0,10,0.005,0.025,5016,62,11,0.15231259968102073,False
1,4,22,60,25,0.0448,0,10,0.005,0.025,4917,66,21,0.15436241610738255,False
1,4,23,60,25,0.0448,0,10,0.005,0.025,4790,91,21,0.15970772442588727,False
1,4,24,60,25,0.0448,0,10,0.005,0.025,4673,92,27,0.16306441258292317,False
1,4,25,60,25,0.0448,0,10,0.005,0.025,4579,98,36,0.16597510373443983,False
1,4,26,60,25,0.0448,0,10,0.005,0.025,4459,92,31,0.1704418030948643,False
1,4,27,60,25,0.0448,0,10,0.005,0.025,4354,92,35,0.17478180983004135,False
1,4,28,60,25,0.0448,0,10,0.005,0.025,4236,87,33,0.17988668555240794,False
1,4,29,60,25,0.0448,0,10,0.005,0.025,4122,75,32,0.1836487142163998,False
1,4,30,60,25,0.0448,0,10,0.005,0.025,4040,66,35,0.18811881188118812,False
1,4,31,60,25,0.0448,0,10,0.005,0.025,3945,57,27,0.19214195183776933,False
1,4,32,60,25,0.0448,0,10,0.005,0.025,3821,50,16,0.196807118555352,False
1,4,33,60,25,0.0448,0,10,0.005,0.025,3719,46,19,0.2005915568701264,False
1,4,34,60,25,0.0448,0,10,0.005,0.025,3649,45,22,0.20608385859139491,False
1,4,35,60,25,0.0448,0,10,0.005,0.025,3559,33,16,0.2098904186569261,False
1,4,36,60,25,0.0448,0,10,0.005,0.025,3472,28,15,0.21514976958525345,False
1,4,37,60,25,0.0448,0,10,0.005,0.025,3402,27,13,0.2175191064079953,False
1,4,38,60,25,0.0448,0,10,0.005,0.025,3340,26,8,0.22065868263473054,False
1,4,39,60,25,0.0448,0,10,0.005,0.025,3309,28,8,0.22453913569054096,False
1,4,40,60,25,0.0448,0,10,0.005,0.025,3250,28,10,0.22738461538461538,False
1,4,41,60,25,0.0448,0,10,0.005,0.025,3590,34,16,0.2749303621169916,False
1,4,42,60,25,0.0448,0,10,0.005,0.025,3563,31,15,0.2831883244456918,False
1,4,43,60,25,0.0448,0,10,0.005,0.025,3547,25,14,0.2895404567239921,False
1,4,44,60,25,0.0448,0,10,0.005,0.025,3536,23,12,0.28902714932126694,False
1,4,45,60,25,0.0448,0,10,0.005,0.025,3510,26,8,0.2951566951566952,False
1,4,46,60,25,0.0448,0,10,0.005,0.025,3273,25,8,0.2780323861900397,False
1,4,47,60,25,0.0448,0,10,0.005,0.025,3206,31,6,0.27105427323767933,False
1,4,48,60,25,0.0448,0,10,0.005,0.025,3165,29,7,0.2742496050552923,False
1,4,49,60,25,0.0448,0,10,0.005,0.025,3136,33,17,0.27455357142857145,False
1,4,50,60,25,0.0448,0,10,0.005,0.025,3079,30,15,0.2789866839883079,False
1,4,51,60,25,0.0448,0,10,0.005,0.025,3044,22,7,0.27890932982917216,False
1,4,52,60,25,0.0448,0,10,0.005,0.025,3011,23,11,0.2819661242112255,False
1,5,1,60,25,0.0448,0,10,0.005,0.025,2986,25,10,0.2826523777628935,False
1,5,2,60,25,0.0448,0,10,0.005,0.025,2937,20,6,0.285665645216207,False
1,5,3,60,25,0.0448,0,10,0.005,0.025,2897,20,10,0.2865032792544011,False
1,5,4,60,25,0.0448,0,10,0.005,0.025,2876,22,10,0.2882475660639777,False
1,5,5,60,25,0.0448,0,10,0.005,0.025,2836,20,5,0.2919605077574048,False
1,5,6,60,25,0.0448,0,10,0.005,0.025,2804,19,6,0.2927960057061341,False
1,5,7,60,25,0.0448,0,10,0.005,0.025,2768,20,9,0.29515895953757226,False
1,5,8,60,25,0.0448,0,10,0.005,0.025,2722,19,12,0.29831006612784716,False
1,5,9,60,25,0.0448,0,10,0.005,0.025,2689,17,9,0.3012272220156192,False
1,5,10,60,25,0.0448,0,10,0.005,0.025,2649,13,3,0.30502076255190635,False
1,5,11,60,25,0.0448,0,10,0.005,0.025,2611,10,6,0.30792799693603984,False
1,5,12,60,25,0.0448,0,10,0.005,0.025,2573,13,6,0.308589195491644,False
1,5,13,60,25,0.0448,0,10,0.005,0.025,2532,10,3,0.30963665086887837,False
1,5,14,60,25,0.0448,0,10,0.005,0.025,2511,10,3,0.31501393866985267,False
1,5,15,60,25,0.0448,0,10,0.005,0.025,2479,9,6,0.31585316659943524,False
1,5,16,60,25,0.0448,0,10,0.005,0.025,2449,9,5,0.31808901592486727,False
1,5,17,60,25,0.0448,0,10,0.005,0.025,2408,5,3,0.31893687707641194,False
1,5,18,60,25,0.0448,0,10,0.005,0.025,5368,4,2,0.14325633383010433,False
1,5,19,60,25,0.0448,0,10,0.005,0.025,5276,2,0,0.1463229719484458,False
1,5,20,60,25,0.0448,0,10,0.005,0.025,5179,2,1,0.14925661324580033,False
1,5,21,60,25,0.0448,0,10,0.005,0.025,5065,3,2,0.15261599210266535,False
1,5,22,60,25,0.0448,0,10,0.005,0.025,4931,6,1,0.15514094504157372,False
1,5,23,60,25,0.0448,0,10,0.005,0.025,4788,4,1,0.16123642439431912,False
1,5,24,60,25,0.0448,0,10,0.005,0.025,4665,8,1,0.1637727759914255,False
1,5,25,60,25,0.0448,0,10,0.005,0.025,4585,7,2,0.1683751363140676,False
1,5,26,60,25,0.0448,0,10,0.005,0.025,4487,11,5,0.1727211945620682,False
1,5,27,60,25,0.0448,0,10,0.005,0.025,4407,13,5,0.1754027683231223,False
1,5,28,60,25,0.0448,0,10,0.005,0.025,4296,13,3,0.17970204841713222,False
1,5,29,60,25,0.0448,0,10,0.005,0.025,4227,14,5,0.18216229004021764,False
1,5,30,60,25,0.0448,0,10,0.005,0.025,4125,14,5,0.18545454545454546,False
1,5,31,60,25,0.0448,0,10,0.005,0.025,3982,12,4,0.19110999497739828,False
1,5,32,60,25,0.0448,0,10,0.005,0.025,3905,17,6,0.193854033290653,False
1,5,33,60,25,0.0448,0,10,0.005,0.025,3797,19,5,0.19699762970766393,False
1,5,34,60,25,0.0448,0,10,0.005,0.025,3733,22,8,0.2006429145459416,False
1,5,35,60,25,0.0448,0,10,0.005,0.025,3651,23,11,0.20651876198301836,False
1,5,36,60,25,0.0448,0,10,0.005,0.025,3581,24,6,0.20999720748394304,False
1,5,37,60,25,0.0448,0,10,0.005,0.025,3498,18,8,0.21555174385363066,False
1,5,38,60,25,0.0448,0,10,0.005,0.025,3438,22,11,0.2181500872600349,False
1,5,39,60,25,0.0448,0,10,0.005,0.025,3377,18,7,0.2220906129700918,False
1,5,40,60,25,0.0448,0,10,0.005,0.025,3321,14,7,0.22433002107798855,False
1,5,41,60,25,0.0448,0,10,0.005,0.025,3645,13,7,0.26886145404663925,False
1,5,42,60,25,0.0448,0,10,0.005,0.025,3624,11,4,0.27290286975717437,False
1,5,43,60,25,0.0448,0,10,0.005,0.025,3634,10,4,0.28315905338470004,False
1,5,44,60,25,0.0448,0,10,0.005,0.025,3597,8,2,0.28051153739227136,False
1,5,45,60,25,0.0448,0,10,0.005,0.025,3607,7,2,0.2858331023010812,False
1,5,46,60,25,0.0448,0,10,0.005,0.025,3398,7,2,0.26751030017657446,False
1,5,47,60,25,0.0448,0,10,0.005,0.025,3326,10,5,0.2624774503908599,False
1,5,48,60,25,0.0448,0,10,0.005,0.025,3295,18,6,0.2652503793626707,False
1,5,49,60,25,0.0448,0,10,0.005,0.025,3244,17,7,0.2657213316892725,False
1,5,50,60,25,0.0448,0,10,0.005,0.025,3204,21,6,0.26591760299625467,False
1,5,51,60,25,0.0448,0,10,0.005,0.025,3155,25,7,0.27131537242472265,False
1,5,52,60,25,0.0448,0,10,0.005,0.025,3097,29,11,0.27155311591863096,False
1,6,1,60,25,0.0448,0,10,0.005,0.025,3070,33,8,0.2762214983713355,False
1,6,2,60,25,0.0448,0,10,0.005,0.025,3034,39,10,0.27785102175346077,False
1,6,3,60,25,0.0448,0,10,0.005,0.025,3000,41,14,0.2796666666666667,False
1,6,4,60,25,0.0448,0,10,0.005,0.025,2954,42,15,0.2830060934326337,False
1,6,5,60,25,0.0448,0,10,0.005,0.025,2922,38,8,0.2857631759069131,False
1,6,6,60,25,0.0448,0,10,0.005,0.025,2879,34,16,0.290378603681834,False
1,6,7,60,25,0.0448,0,10,0.005,0.025,2844,36,22,0.29254571026722925,False
1,6,8,60,25,0.0448,0,10,0.005,0.025,2812,31,12,0.2955192034139403,False
1,6,9,60,25,0.0448,0,10,0.005,0.025,2767,27,13,0.29851825081315503,False
1,6,10,60,25,0.0448,0,10,0.005,0.025,2741,24,11,0.30025538124771983,False
1,6,11,60,25,0.0448,0,10,0.005,0.025,2693,19,7,0.3018937987374675,False
1,6,12,60,25,0.0448,0,10,0.005,0.025,2670,19,7,0.30599250936329586,False
1,6,13,60,25,0.0448,0,10,0.005,0.025,2636,18,9,0.30614567526555386,False
1,6,14,60,25,0.0448,0,10,0.005,0.025,2614,15,6,0.31063504208110176,False
1,6,15,60,25,0.0448,0,10,0.005,0.025,2574,13,6,0.31157731157731156,False
1,6,16,60,25,0.0448,0,10,0.005,0.025,2558,17,8,0.3166536356528538,False
1,6,17,60,25,0.0448,0,10,0.005,0.025,2510,12,5,0.31713147410358566,False
1,6,18,60,25,0.0448,0,10,0.005,0.025,5481,14,5,0.14541142127349024,False
1,6,19,60,25,0.0448,0,10,0.005,0.025,5371,22,6,0.14801712902625208,False
1,6,20,60,25,0.0448,0,10,0.005,0.025,5263,21,8,0.1510545316359491,False
1,6,21,60,25,0.0448,0,10,0.005,0.025,5156,25,12,0.15554693560899924,False
1,6,22,60,25,0.0448,0,10,0.005,0.025,5040,31,9,0.16150793650793652,False
1,6,23,60,25,0.0448,0,10,0.005,0.025,4926,22,8,0.1656516443361754,False
1,6,24,60,25,0.0448,0,10,0.005,0.025,4812,25,7,0.16936824605153783,False
1,6,25,60,25,0.0448,0,10,0.005,0.025,4688,22,6,0.17256825938566553,False
1,6,26,60,25,0.0448,0,10,0.005,0.025,4568,28,11,0.17666374781085814,False
1,6,27,60,25,0.0448,0,10,0.005,0.025,4477,32,13,0.18070136251954433,False
1,6,28,60,25,0.0448,0,10,0.005,0.025,4369,26,13,0.18493934538796064,False
1,6,29,60,25,0.0448,0,10,0.005,0.025,4248,21,9,0.1902071563088512,False
1,6,30,60,25,0.0448,0,10,0.005,0.025,4143,19,5,0.1935795317402848,False
1,6,31,60,25,0.0448,0,10,0.005,0.025,4057,18,5,0.1969435543505053,False
1,6,32,60,25,0.0448,0,10,0.005,0.025,3967,19,7,0.20191580539450465,False
1,6,33,60,25,0.0448,0,10,0.005,0.025,3867,23,7,0.20584432376519265,False
1,6,34,60,25,0.0448,0,10,0.005,0.025,3794,23,6,0.20927780706378493,False
1,6,35,60,25,0.0448,0,10,0.005,0.025,3721,22,8,0.21096479441010482,False
1,6,36,60,25,0.0448,0,10,0.005,0.025,3609,25,11,0.21612635078969245,False
1,6,37,60,25,0.0448,0,10,0.005,0.025,3500,25,10,0.21857142857142858,False
1,6,38,60,25,0.0448,0,10,0.005,0.025,3453,19,8,0.22241529105125976,False
1,6,39,60,25,0.0448,0,10,0.005,0.025,3393,18,8,0.2251694665487769,False
1,6,40,60,25,0.0448,0,10,0.005,0.025,3337,20,4,0.22715013485166316,False
1,6,41,60,25,0.0448,0,10,0.005,0.025,3674,15,3,0.2713663581927055,False
1,6,42,60,25,0.0448,0,10,0.005,0.025,3667,18,8,0.27788382874284157,False
1,6,43,60,25,0.0448,0,10,0.005,0.025,3628,17,7,0.2775633958103638,False
1,6,44,60,25,0.0448,0,10,0.005,0.025,3619,20,9,0.28378004973749654,False
1,6,45,60,25,0.0448,0,10,0.005,0.025,3590,26,11,0.28384401114206126,False
1,6,46,60,25,0.0448,0,10,0.005,0.025,3369,24,13,0.26981300089047194,False
1,6,47,60,25,0.0448,0,10,0.005,0.025,3301,31,13,0.26688882156922145,False
1,6,48,60,25,0.0448,0,10,0.005,0.025,3235,32,5,0.2676970633693972,False
1,6,49,60,25,0.0448,0,10,0.005,0.025,3201,31,12,0.26929084661043423,False
1,6,50,60,25,0.0448,0,10,0.005,0.025,3159,42,20,0.2716049382716049,False
1,6,51,60,25,0.0448,0,10,0.005,0.025,3105,33,15,0.27600644122383255,False
1,6,52,60,25,0.0448,0,10,0.005,0.025,3059,31,12,0.27754168028767573,False
1,7,1,60,25,0.0448,0,10,0.005,0.025,3002,32,12,0.2811459027315123,False
1,7,2,60,25,0.0448,0,10,0.005,0.025,2963,30,14,0.28214647316908537,False
1,7,3,60,25,0.0448,0,10,0.005,0.025,2911,31,16,0.2847818619031261,False
1,7,4,60,25,0.0448,0,10,0.005,0.025,2887,34,11,0.28922757187391757,False
1,7,5,60,25,0.0448,0,10,0.005,0.025,2856,30,8,0.29411764705882354,False
1,7,6,60,25,0.0448,0,10,0.005,0.025,2819,30,8,0.296204327775807,False
1,7,7,60,25,0.0448,0,10,0.005,0.025,2775,35,11,0.2990990990990991,False
1,7,8,60,25,0.0448,0,10,0.005,0.025,2734,38,17,0.3006583760058522,False
1,7,9,60,25,0.0448,0,10,0.005,0.025,2702,34,15,0.30569948186528495,False
1,7,10,60,25,0.0448,0,10,0.005,0.025,2676,27,11,0.30792227204783257,False
1,7,11,60,25,0.0448,0,10,0.005,0.025,2643,36,11,0.3076049943246311,False
1,7,12,60,25,0.0448,0,10,0.005,0.025,2615,29,9,0.31166347992351817,False
1,7,13,60,25,0.0448,0,10,0.005,0.025,2580,25,9,0.3127906976744186,False
1,7,14,60,25,0.0448,0,10,0.005,0.025,2546,22,11,0.31382560879811466,False
1,7,15,60,25,0.0448,0,10,0.005,0.025,2513,19,9,0.3159570234779148,False
1,7,16,60,25,0.0448,0,10,0.005,0.025,2483,15,8,0.3225936367297624,False
1,7,17,60,25,0.0448,0,10,0.005,0.025,2453,17,7,0.32490827558092134,False
1,7,18,60,25,0.0448,0,10,0.005,0.025,5566,12,2,0.14480776140855192,False
1,7,19,60,25,0.0448,0,10,0.005,0.025,5425,10,4,0.14764976958525344,False
1,7,20,60,25,0.0448,0,10,0.005,0.025,5267,31,6,0.1516992595405354,False
1,7,21,60,25,0.0448,0,10,0.005,0.025,5072,36,6,0.15516561514195584,False
1,7,22,60,25,0.0448,0,10,0.005,0.025,4956,40,13,0.15819209039548024,False
1,7,23,60,25,0.0448,0,10,0.005,0.025,4812,49,18,0.16043225270157938,False
1,7,24,60,25,0.0448,0,10,0.005,0.025,4703,52,17,0.16415054220710185,False
1,7,25,60,25,0.0448,0,10,0.005,0.025,4617,54,18,0.16742473467619667,False
1,7,26,60,25,0.0448,0,10,0.005,0.025,4484,52,19,0.1726137377341659,False
1,7,27,60,25,0.0448,0,10,0.005,0.025,4403,48,19,0.17647058823529413,False
1,7,28,60,25,0.0448,0,10,0.005,0.025,4310,51,20,0.1788863109048724,False
1,7,29,60,25,0.0448,0,10,0.005,0.025,4216,46,22,0.18334914611005693,False
1,7,30,60,25,0.0448,0,10,0.005,0.025,4111,41,18,0.18705910970566772,False
1,7,31,60,25,0.0448,0,10,0.005,0.025,4034,31,14,0.1908775409023302,False
1,7,32,60,25,0.0448,0,10,0.005,0.025,3916,30,14,0.1927987742594484,False
1,7,33,60,25,0.0448,0,10,0.005,0.025,3815,26,10,0.19685452162516381,False
1,7,34,60,25,0.0448,0,10,0.005,0.025,3751,30,10,0.19834710743801653,False
1,7,35,60,25,0.0448,0,10,0.005,0.025,3651,26,10,0.2026841961106546,False
1,7,36,60,25,0.0448,0,10,0.005,0.025,3572,26,11,0.2085666293393057,False
1,7,37,60,25,0.0448,0,10,0.005,0.025,3463,21,10,0.21079988449321396,False
1,7,38,60,25,0.0448,0,10,0.005,0.025,3412,21,8,0.21512309495896834,False
1,7,39,60,25,0.0448,0,10,0.005,0.025,3359,17,6,0.2188151235486752,False
1,7,40,60,25,0.0448,0,10,0.005,0.025,3307,16,9,0.22407015421832477,False
1,7,41,60,25,0.0448,0,10,0.005,0.025,3559,16,6,0.2660859792076426,False
1,7,42,60,25,0.0448,0,10,0.005,0.025,3568,12,3,0.2757847533632287,False
1,7,43,60,25,0.0448,0,10,0.005,0.025,3527,13,6,0.27757300822228526,False
1,7,44,60,25,0.0448,0,10,0.005,0.025,3457,10,4,0.2765403529071449,False
1,7,45,60,25,0.0448,0,10,0.005,0.025,3472,12,5,0.2790898617511521,False
1,7,46,60,25,0.0448,0,10,0.005,0.025,3259,11,5,0.263577784596502,False
1,7,47,60,25,0.0448,0,10,0.005,0.025,3206,10,4,0.2626325639426076,False
1,7,48,60,25,0.0448,0,10,0.005,0.025,3152,12,2,0.2639593908629442,False
1,7,49,60,25,0.0448,0,10,0.005,0.025,3129,10,2,0.26589964844998404,False
1,7,50,60,25,0.0448,0,10,0.005,0.025,3085,11,3,0.2693679092382496,False
1,7,51,60,25,0.0448,0,10,0.005,0.025,3055,15,4,0.27266775777414076,False
1,7,52,60,25,0.0448,0,10,0.005,0.025,3019,14,4,0.2775753560781716,False
1,8,1,60,25,0.0448,0,10,0.005,0.025,2971,13,3,0.27970380343318746,False
1,8,2,60,25,0.0448,0,10,0.005,0.025,2937,14,3,0.28123935989104526,False
1,8,3,60,25,0.0448,0,10,0.005,0.025,2903,15,8,0.2838442990010334,False
1,8,4,60,25,0.0448,0,10,0.005,0.025,2871,14,10,0.2884012539184953,False
1,8,5,60,25,0.0448,0,10,0.005,0.025,2845,10,5,0.292091388400703,False
1,8,6,60,25,0.0448,0,10,0.005,0.025,2810,6,1,0.297153024911032,False
1,8,7,60,25,0.0448,0,10,0.005,0.025,2776,5,3,0.3000720461095101,False
1,8,8,60,25,0.0448,0,10,0.005,0.025,2746,5,5,0.303714493809177,False
1,8,9,60,25,0.0448,0,10,0.005,0.025,2721,4,2,0.30466740169055495,False
1,8,10,60,25,0.0448,0,10,0.005,0.025,2688,2,0,0.30580357142857145,False
1,8,11,60,25,0.0448,0,10,0.005,0.025,2647,2,1,0.3078957310162448,False
1,8,12,60,25,0.0448,0,10,0.005,0.025,2620,3,2,0.3099236641221374,False
1,8,13,60,25,0.0448,0,10,0.005,0.025,2579,2,1,0.3117487398216363,False
1,8,14,60,25,0.0448,0,10,0.005,0.025,2551,1,0,0.31477851822814584,False
1,8,15,60,25,0.0448,0,10,0.005,0.025,2515,1,0,0.3168986083499006,False
1,8,16,60,25,0.0448,0,10,0.005,0.025,2485,1,0,0.31911468812877264,False
1,8,17,60,25,0.0448,0,10,0.005,0.025,2466,1,1,0.3199513381995134,False
1,8,18,60,25,0.0448,0,10,0.005,0.025,5521,1,1,0.1438145263539214,False
1,8,19,60,25,0.0448,0,10,0.005,0.025,5412,0,0,0.14708056171470807,False
1,8,20,60,25,0.0448,0,10,0.005,0.025,5282,0,0,0.1508898144642181,False
1,8,21,60,25,0.0448,0,10,0.005,0.025,5149,0,0,0.15634103709458147,False
1,8,22,60,25,0.0448,0,10,0.005,0.025,5010,0,0,0.1600798403193613,False
1,8,23,60,25,0.0448,0,10,0.005,0.025,4907,0,0,0.1628286121866721,False
1,8,24,60,25,0.0448,0,10,0.005,0.025,4813,0,0,0.16683980885102848,False
1,8,25,60,25,0.0448,0,10,0.005,0.025,4744,0,0,0.16989881956155142,False
1,8,26,60,25,0.0448,0,10,0.005,0.025,4625,0,0,0.17297297297297298,False
1,8,27,60,25,0.0448,0,10,0.005,0.025,4538,0,0,0.1754076685764654,False
1,8,28,60,25,0.0448,0,10,0.005,0.025,4429,0,0,0.17927297358320163,False
1,8,29,60,25,0.0448,0,10,0.005,0.025,4328,0,0,0.18414972273567468,False
1,8,30,60,25,0.0448,0,10,0.005,0.025,4227,0,0,0.18784007570380884,False
1,8,31,60,25,0.0448,0,10,0.005,0.025,4164,0,0,0.191402497598463,False
1,8,32,60,25,0.0448,0,10,0.005,0.025,4113,0,0,0.19401896425966447,False
1,8,33,60,25,0.0448,0,10,0.005,0.025,4039,0,0,0.19485021044813072,False
1,8,34,60,25,0.0448,0,10,0.005,0.025,3972,0,0,0.19889224572004027,False
1,8,35,60,25,0.0448,0,10,0.005,0.025,3884,0,0,0.20262615859938207,False
1,8,36,60,25,0.0448,0,10,0.005,0.025,3815,0,0,0.20707732634338138,False
1,8,37,60,25,0.0448,0,10,0.005,0.025,3766,0,0,0.2089750398300584,False
1,8,38,60,25,0.0448,0,10,0.005,0.025,3707,0,0,0.21311033180469383,False
1,8,39,60,25,0.0448,0,10,0.005,0.025,3661,0,0,0.21578803605572247,False
1,8,40,60,25,0.0448,0,10,0.005,0.025,3622,0,0,0.21893981225842077,False
1,8,41,60,25,0.0448,0,10,0.005,0.025,3919,4,2,0.25822914008675685,False
1,8,42,60,25,0.0448,0,10,0.005,0.025,3884,2,2,0.26287332646755923,False
1,8,43,60,25,0.0448,0,10,0.005,0.025,3857,0,0,0.26678765880217786,False
1,8,44,60,25,0.0448,0,10,0.005,0.025,3840,1,1,0.2708333333333333,False
1,8,45,60,25,0.0448,0,10,0.005,0.025,3830,2,1,0.27885117493472583,False
1,8,46,60,25,0.0448,0,10,0.005,0.025,3625,1,0,0.263448275862069,False
1,8,47,60,25,0.0448,0,10,0.005,0.025,3568,0,0,0.2640134529147982,False
1,8,48,60,25,0.0448,0,10,0.005,0.025,3524,0,0,0.26532349602724176,False
1,8,49,60,25,0.0448,0,10,0.005,0.025,3470,0,0,0.2671469740634006,False
1,8,50,60,25,0.0448,0,10,0.005,0.025,3418,0,0,0.27150380339379754,False
1,8,51,60,25,0.0448,0,10,0.005,0.025,3386,0,0,0.27436503248670996,False
1,8,52,60,25,0.0448,0,10,0.005,0.025,3351,0,0,0.27603700387943897,False
1,9,1,60,25,0.0448,0,10,0.005,0.025,3335,0,0,0.27706146926536734,False
1,9,2,60,25,0.0448,0,10,0.005,0.025,3313,0,0,0.2825233926954422,False
1,9,3,60,25,0.0448,0,10,0.005,0.025,3281,0,0,0.28558366351722037,False
1,9,4,60,25,0.0448,0,10,0.005,0.025,3251,0,0,0.28791141187326974,False
1,9,5,60,25,0.0448,0,10,0.005,0.025,3221,0,0,0.2893511331884508,False
1,9,6,60,25,0.0448,0,10,0.005,0.025,3193,0,0,0.2915753210147197,False
1,9,7,60,25,0.0448,0,10,0.005,0.025,3156,0,0,0.29309252217997467,False
1,9,8,60,25,0.0448,0,10,0.005,0.025,3135,0,0,0.2976076555023923,False
1,9,9,60,25,0.0448,0,10,0.005,0.025,3094,0,0,0.3002585649644473,False
1,9,10,60,25,0.0448,0,10,0.005,0.025,3070,0,0,0.3019543973941368,False
1,9,11,60,25,0.0448,0,10,0.005,0.025,3022,0,0,0.3017868960953011,False
1,9,12,60,25,0.0448,0,10,0.005,0.025,2997,0,0,0.30363697030363695,False
1,9,13,60,25,0.0448,0,10,0.005,0.025,2969,0,0,0.30447962276860896,False
1,9,14,60,25,0.0448,0,10,0.005,0.025,2938,0,0,0.30701157249829814,False
1,9,15,60,25,0.0448,0,10,0.005,0.025,2911,0,0,0.3077980075575404,True
1,9,16,60,25,0.0448,0,10,0.005,0.025,2872,0,0,0.3123259052924791,True
1,9,17,60,25,0.0448,0,10,0.005,0.025,2852,0,0,0.31521739130434784,True
1,9,18,60,25,0.0448,0,10,0.005,0.025,5890,0,0,0.1368421052631579,True
1,9,19,60,25,0.0448,0,10,0.005,0.025,5775,0,0,0.13974025974025975,True
1,9,20,60,25,0.0448,0,10,0.005,0.025,5620,0,0,0.14483985765124555,True
1,9,21,60,25,0.0448,0,10,0.005,0.025,5502,0,0,0.14830970556161396,True
1,9,22,60,25,0.0448,0,10,0.005,0.025,5429,0,0,0.15140909928163565,True
1,9,23,60,25,0.0448,0,10,0.005,0.025,5332,0,0,0.15491372843210802,True
1,9,24,60,25,0.0448,0,10,0.005,0.025,5248,0,0,0.1566310975609756,True
1,9,25,60,25,0.0448,0,10,0.005,0.025,5170,0,0,0.15938104448742746,True
1,9,26,60,25,0.0448,0,10,0.005,0.025,5055,0,0,0.1632047477744807,True
1,9,27,60,25,0.0448,0,10,0.005,0.025,4924,0,0,0.1661251015434606,True
1,9,28,60,25,0.0448,0,10,0.005,0.025,4831,0,0,0.169737114469054,True
1,9,29,60,25,0.0448,0,10,0.005,0.025,4740,0,0,0.17257383966244727,True
1,9,30,60,25,0.0448,0,10,0.005,0.025,4630,0,0,0.17645788336933046,True
1,9,31,60,25,0.0448,0,10,0.005,0.025,4541,0,0,0.1805769654261176,True
1,9,32,60,25,0.0448,0,10,0.005,0.025,4431,0,0,0.18302866170164747,True
1,9,33,60,25,0.0448,0,10,0.005,0.025,4371,0,0,0.18760009151223977,True
1,9,34,60,25,0.0448,0,10,0.005,0.025,4268,0,0,0.19095595126522963,True
1,9,35,60,25,0.0448,0,10,0.005,0.025,4147,0,0,0.1958041958041958,True
1,9,36,60,25,0.0448,0,10,0.005,0.025,4067,0,0,0.20063929186132284,True
1,9,37,60,25,0.0448,0,10,0.005,0.025,3983,0,0,0.20336429826763747,True
1,9,38,60,25,0.0448,0,10,0.005,0.025,3939,0,0,0.20588981975120588,True
1,9,39,60,25,0.0448,0,10,0.005,0.025,3874,0,0,0.20882808466701083,True
1,9,40,60,25,0.0448,0,10,0.005,0.025,3823,0,0,0.21135234109338216,True
1,9,41,60,25,0.0448,0,10,0.005,0.025,4110,0,0,0.2542579075425791,True
1,9,42,60,25,0.0448,0,10,0.005,0.025,4110,0,0,0.2542579075425791,True
1,9,43,60,25,0.0448,0,10,0.005,0.025,4042,0,0,0.25630875804057396,True
1,9,44,60,25,0.0448,0,10,0.005,0.025,4006,0,0,0.2556165751372941,True
1,9,45,60,25,0.0448,0,10,0.005,0.025,4004,0,0,0.256993006993007,True
1,9,46,60,25,0.0448,0,10,0.005,0.025,3812,0,0,0.24763903462749212,True
1,9,47,60,25,0.0448,0,10,0.005,0.025,3737,0,0,0.24591918651324593,True
1,9,48,60,25,0.0448,0,10,0.005,0.025,3688,0,0,0.2478308026030369,True
1,9,49,60,25,0.0448,0,10,0.005,0.025,3646,0,0,0.24821722435545804,True
1,9,50,60,25,0.0448,0,10,0.005,0.025,3612,0,0,0.25387596899224807,True
1,9,51,60,25,0.0448,0,10,0.005,0.025,3553,0,0,0.2561215873909372,True
1,9,52,60,25,0.0448,0,10,0.005,0.025,3510,0,0,0.258974358974359,True
1,10,1,60,25,0.0448,0,10,0.005,0.025,3470,0,0,0.26051873198847264,True
1,10,2,60,25,0.0448,0,10,0.005,0.025,3426,0,0,0.262405137186223,True
1,10,3,60,25,0.0448,0,10,0.005,0.025,3365,0,0,0.2647845468053492,True
1,10,4,60,25,0.0448,0,10,0.005,0.025,3337,0,0,0.2667066227150135,True
1,10,5,60,25,0.0448,0,10,0.005,0.025,3287,0,0,0.2683297839975662,True
1,10,6,60,25,0.0448,0,10,0.005,0.025,3255,0,0,0.2709677419354839,True
1,10,7,60,25,0.0448,0,10,0.005,0.025,3216,0,0,0.27487562189054726,True
1,10,8,60,25,0.0448,0,10,0.005,0.025,3193,0,0,0.2784215471343564,True
1,10,9,60,25,0.0448,0,10,0.005,0.025,3155,0,0,0.2805071315372425,True
1,10,10,60,25,0.0448,0,10,0.005,0.025,3126,0,0,0.2827895073576456,True
1,10,11,60,25,0.0448,0,10,0.005,0.025,3092,0,0,0.2849288486416559,True
1,10,12,60,25,0.0448,0,10,0.005,0.025,3061,0,0,0.28781443972557985,True
1,10,13,60,25,0.0448,0,10,0.005,0.025,3031,0,0,0.28769383041900365,True
1,10,14,60,25,0.0448,0,10,0.005,0.025,3013,0,0,0.28941254563557917,True
1,10,15,60,25,0.0448,0,10,0.005,0.025,2990,0,0,0.29331103678929765,True
1,10,16,60,25,0.0448,0,10,0.005,0.025,2969,0,0,0.29673290670259345,True
1,10,17,60,25,0.0448,0,10,0.005,0.025,2944,0,0,0.2982336956521739,True
1,10,18,60,25,0.0448,0,10,0.005,0.025,6429,0,0,0.12863586871986313,True
1,10,19,60,25,0.0448,0,10,0.005,0.025,6316,0,0,0.13141228625712476,True
1,10,20,60,25,0.0448,0,10,0.005,0.025,6195,0,0,0.13494753833736883,True
1,10,21,60,25,0.0448,0,10,0.005,0.025,6071,0,0,0.13984516554109702,True
1,10,22,60,25,0.0448,0,10,0.005,0.025,5936,0,0,0.14319407008086255,True
1,10,23,60,25,0.0448,0,10,0.005,0.025,5824,0,0,0.14800824175824176,True
1,10,24,60,25,0.0448,0,10,0.005,0.025,5718,0,0,0.15005246589716684,True
1,10,25,60,25,0.0448,0,10,0.005,0.025,5568,0,0,0.1540948275862069,True
1,10,26,60,25,0.0448,0,10,0.005,0.025,5478,0,0,0.15826944140197152,True
1,10,27,60,25,0.0448,0,10,0.005,0.025,5355,0,0,0.16022408963585436,True
1,10,28,60,25,0.0448,0,10,0.005,0.025,5227,0,0,0.1641476946623302,True
1,10,29,60,25,0.0448,0,10,0.005,0.025,5114,0,0,0.16836136096988658,True
1,10,30,60,25,0.0448,0,10,0.005,0.025,5004,0,0,0.17106314948041568,True
1,10,31,60,25,0.0448,0,10,0.005,0.025,4903,0,0,0.17458698755863758,True
1,10,32,60,25,0.0448,0,10,0.005,0.025,4812,0,0,0.17975893599334997,True
1,10,33,60,25,0.0448,0,10,0.005,0.025,4704,0,0,0.18452380952380953,True
1,10,34,60,25,0.0448,0,10,0.005,0.025,4610,0,0,0.1891540130151844,True
1,10,35,60,25,0.0448,0,10,0.005,0.025,4533,0,0,0.19236708581513345,True
1,10,36,60,25,0.0448,0,10,0.005,0.025,4461,0,0,0.19681685720690428,True
1,10,37,60,25,0.0448,0,10,0.005,0.025,4361,0,0,0.19949552854849806,True
1,10,38,60,25,0.0448,0,10,0.005,0.025,4311,0,0,0.20273718394803988,True
1,10,39,60,25,0.0448,0,10,0.005,0.025,4246,0,0,0.20466321243523317,True
1,10,40,60,25,0.0448,0,10,0.005,0.025,4181,0,0,0.2085625448457307,True
1,10,41,60,25,0.0448,0,10,0.005,0.025,4458,0,0,0.24786899955136832,True
1,10,42,60,25,0.0448,0,10,0.005,0.025,4446,0,0,0.2550607287449393,True
1,10,43,60,25,0.0448,0,10,0.005,0.025,4423,0,0,0.2552566131584897,True
1,10,44,60,25,0.0448,0,10,0.005,0.025,4380,0,0,0.2536529680365297,True
1,10,45,60,25,0.0448,0,10,0.005,0.025,4356,0,0,0.25826446280991733,True
1,10,46,60,25,0.0448,0,10,0.005,0.025,4135,0,0,0.23845223700120918,True
1,10,47,60,25,0.0448,0,10,0.005,0.025,4066,0,0,0.23880964092474177,True
1,10,48,60,25,0.0448,0,10,0.005,0.025,4005,0,0,0.23995006242197253,True
1,10,49,60,25,0.0448,0,10,0.005,0.025,3963,0,0,0.24072672218016655,True
1,10,50,60,25,0.0448,0,10,0.005,0.025,3917,0,0,0.24125606331376054,True
1,10,51,60,25,0.0448,0,10,0.005,0.025,3864,0,0,0.24560041407867494,True
1,10,52,60,25,0.0448,0,10,0.005,0.025,3837,0,0,0.24576492051081575,True
1,11,1,60,25,0.0448,0,10,0.005,0.025,3770,0,0,0.25119363395225464,True
1,11,2,60,25,0.0448,0,10,0.005,0.025,3724,0,0,0.24973147153598282,True
1,11,3,60,25,0.0448,0,10,0.005,0.025,3693,0,0,0.2510154346060114,True
1,11,4,60,25,0.0448,0,10,0.005,0.025,3632,0,0,0.24972466960352424,True
1,11,5,60,25,0.0448,0,10,0.005,0.025,3598,0,0,0.25152862701500833,True
1,11,6,60,25,0.0448,0,10,0.005,0.025,3568,0,0,0.25364349775784756,True
1,11,7,60,25,0.0448,0,10,0.005,0.025,3527,0,0,0.25772611284377656,True
1,11,8,60,25,0.0448,0,10,0.005,0.025,3487,0,0,0.25838829939776314,True
1,11,9,60,25,0.0448,0,10,0.005,0.025,3451,0,0,0.25992465951898003,True
1,11,10,60,25,0.0448,0,10,0.005,0.025,3412,0,0,0.2623094958968347,True
1,11,11,60,25,0.0448,0,10,0.005,0.025,3377,0,0,0.26295528575658866,True
1,11,12,60,25,0.0448,0,10,0.005,0.025,3334,0,0,0.26664667066586684,True
1,11,13,60,25,0.0448,0,10,0.005,0.025,3301,0,0,0.269009391093608,True
1,11,14,60,25,0.0448,0,10,0.005,0.025,3264,0,0,0.27144607843137253,True
1,11,15,60,25,0.0448,0,10,0.005,0.025,3225,0,0,0.2753488372093023,True
1,11,16,60,25,0.0448,0,10,0.005,0.025,3192,0,0,0.27976190476190477,True
1,11,17,60,25,0.0448,0,10,0.005,0.025,3154,0,0,0.28059606848446417,True
1,11,18,60,25,0.0448,0,10,0.005,0.025,6818,0,0,0.12408330888823701,True
1,11,19,60,25,0.0448,0,10,0.005,0.025,6700,0,0,0.1271641791044776,True
1,11,20,60,25,0.0448,0,10,0.005,0.025,6603,0,0,0.1299409359382099,True
1,11,21,60,25,0.0448,0,10,0.005,0.025,6454,0,0,0.13356058258444375,True
1,11,22,60,25,0.0448,0,10,0.005,0.025,6289,0,0,0.13642868500556526,True
1,11,23,60,25,0.0448,0,10,0.005,0.025,6180,0,0,0.13883495145631067,True
1,11,24,60,25,0.0448,0,10,0.005,0.025,6087,0,0,0.14210612781337276,True
1,11,25,60,25,0.0448,0,10,0.005,0.025,5993,0,0,0.1458368096112131,True
1,11,26,60,25,0.0448,0,10,0.005,0.025,5848,0,0,0.1484268125854993,True
1,11,27,60,25,0.0448,0,10,0.005,0.025,5721,0,0,0.1517217269708093,True
1,11,28,60,25,0.0448,0,10,0.005,0.025,5590,0,0,0.1554561717352415,True
1,11,29,60,25,0.0448,0,10,0.005,0.025,5501,0,0,0.15778949281948737,True
1,11,30,60,25,0.0448,0,10,0.005,0.025,5383,0,0,0.1606910644621958,True
1,11,31,60,25,0.0448,0,10,0.005,0.025,5302,0,0,0.16295737457563184,True
1,11,32,60,25,0.0448,0,10,0.005,0.025,5199,0,0,0.1677245624158492,True
1,11,33,60,25,0.0448,0,10,0.005,0.025,5084,0,0,0.17171518489378443,True
1,11,34,60,25,0.0448,0,10,0.005,0.025,5001,0,0,0.1749650069986003,True
1,11,35,60,25,0.0448,0,10,0.005,0.025,4913,0,0,0.17952371259922653,True
1,11,36,60,25,0.0448,0,10,0.005,0.025,4861,0,0,0.1837070561612837,True
1,11,37,60,25,0.0448,0,10,0.005,0.025,4718,0,0,0.18673166596015262,True
1,11,38,60,25,0.0448,0,10,0.005,0.025,4665,0,0,0.19013933547695605,True
1,11,39,60,25,0.0448,0,10,0.005,0.025,4601,0,0,0.19191480113018908,True
1,11,40,60,25,0.0448,0,10,0.005,0.025,4546,0,0,0.1946766388033436,True
1,11,41,60,25,0.0448,0,10,0.005,0.025,4832,0,0,0.23096026490066227,True
1,11,42,60,25,0.0448,0,10,0.005,0.025,4885,0,0,0.24257932446264074,True
1,11,43,60,25,0.0448,0,10,0.005,0.025,4852,0,0,0.24381698268755153,True
1,11,44,60,25,0.0448,0,10,0.005,0.025,4843,0,0,0.24943217014247368,True
1,11,45,60,25,0.0448,0,10,0.005,0.025,4765,0,0,0.24700944386149004,True
1,11,46,60,25,0.0448,0,10,0.005,0.025,4605,0,0,0.24191096634093376,True
1,11,47,60,25,0.0448,0,10,0.005,0.025,4558,0,0,0.24023694602896006,True
1,11,48,60,25,0.0448,0,10,0.005,0.025,4518,0,0,0.2456839309428951,True
1,11,49,60,25,0.0448,0,10,0.005,0.025,4483,0,0,0.24827124693285746,True
1,11,50,60,25,0.0448,0,10,0.005,0.025,4459,0,0,0.25342004933841666,True
1,11,51,60,25,0.0448,0,10,0.005,0.025,4429,0,0,0.25626552269135244,True
1,11,52,60,25,0.0448,0,10,0.005,0.025,4391,0,0,0.2614438624459121,True
1,1,1,60,25,0.0845,0,10,0.005,0.025,5494,0,0,0.0014561339643247178,True
1,1,2,60,25,0.0845,0,10,0.005,0.025,5279,0,0,0.003788596325061565,True
1,1,3,60,25,0.0845,0,10,0.005,0.025,5078,0,0,0.005710909807010634,True
1,1,4,60,25,0.0845,0,10,0.005,0.025,4917,0,0,0.008135041692088672,True
1,1,5,60,25,0.0845,0,10,0.005,0.025,4757,0,0,0.010300609627916754,True
1,1,6,60,25,0.0845,0,10,0.005,0.025,4595,0,0,0.0117519042437432,True
1,1,7,60,25,0.0845,0,10,0.005,0.025,4483,0,0,0.013383894713361589,True
1,1,8,60,25,0.0845,0,10,0.005,0.025,4373,0,0,0.015321289732449119,True
1,1,9,60,25,0.0845,0,10,0.005,0.025,4231,0,0,0.01678090285984401,True
1,1,10,60,25,0.0845,0,10,0.005,0.025,4100,0,0,0.01902439024390244,True
1,1,11,60,25,0.0845,0,10,0.005,0.025,3999,0,0,0.0207551887971993,True
1,1,12,60,25,0.0845,0,10,0.005,0.025,3885,0,0,0.02265122265122265,True
1,1,13,60,25,0.0845,0,10,0.005,0.025,3820,0,0,0.025916230366492148,True
1,1,14,60,25,0.0845,0,10,0.005,0.025,3765,0,0,0.02656042496679947,True
1,1,15,60,25,0.0845,0,10,0.005,0.025,3701,0,0,0.0286409078627398,True
1,1,16,60,25,0.0845,0,10,0.005,0.025,3657,0,0,0.03171998906207274,True
1,1,17,60,25,0.0845,0,10,0.005,0.025,3599,0,0,0.03473186996387886,True
1,1,18,60,25,0.0845,0,10,0.005,0.025,10354,0,0,0.013617925439443693,True
1,1,19,60,25,0.0845,0,10,0.005,0.025,10108,0,0,0.01632370399683419,True
1,1,20,60,25,0.0845,0,10,0.005,0.025,9825,0,0,0.01811704834605598,True
1,1,21,60,25,0.0845,0,10,0.005,0.025,9579,0,0,0.02119219125169642,True
1,1,22,60,25,0.0845,0,10,0.005,0.025,9350,0,0,0.023101604278074866,True
1,1,23,60,25,0.0845,0,10,0.005,0.025,9084,0,0,0.025209158960810215,True
1,1,24,60,25,0.0845,0,10,0.005,0.025,8820,0,0,0.02743764172335601,True
1,1,25,60,25,0.0845,0,10,0.005,0.025,8575,0,0,0.029504373177842564,True
1,1,26,60,25,0.0845,0,10,0.005,0.025,8327,0,0,0.032184460189744205,True
1,1,27,60,25,0.0845,0,10,0.005,0.025,8134,0,0,0.03405458568969757,True
1,1,28,60,25,0.0845,0,10,0.005,0.025,7898,0,0,0.03545201316789061,True
1,1,29,60,25,0.0845,0,10,0.005,0.025,7692,0,0,0.03653146125845034,True
1,1,30,60,25,0.0845,0,10,0.005,0.025,7529,0,0,0.03745517332979147,True
1,1,31,60,25,0.0845,0,10,0.005,0.025,7368,0,0,0.039223669923995653,True
1,1,32,60,25,0.0845,0,10,0.005,0.025,7223,0,0,0.040841755503253495,True
1,1,33,60,25,0.0845,0,10,0.005,0.025,7042,0,0,0.0437375745526839,True
1,1,34,60,25,0.0845,0,10,0.005,0.025,6873,0,0,0.04597701149425287,True
1,1,35,60,25,0.0845,0,10,0.005,0.025,6727,0,0,0.04890738813735692,True
1,1,36,60,25,0.0845,0,10,0.005,0.025,6590,0,0,0.050379362670713204,True
1,1,37,60,25,0.0845,0,10,0.005,0.025,6448,0,0,0.052109181141439205,True
1,1,38,60,25,0.0845,0,10,0.005,0.025,6351,0,0,0.05290505432215399,True
1,1,39,60,25,0.0845,0,10,0.005,0.025,6241,0,0,0.05447844896651178,True
1,1,40,60,25,0.0845,0,10,0.005,0.025,6126,0,0,0.05680705190989226,True
1,1,41,60,25,0.0845,0,10,0.005,0.025,6580,0,0,0.09270516717325228,True
1,1,42,60,25,0.0845,0,10,0.005,0.025,6588,0,0,0.10139647844565877,True
1,1,43,60,25,0.0845,0,10,0.005,0.025,6554,0,0,0.10161733292645712,True
1,1,44,60,25,0.0845,0,10,0.005,0.025,6508,0,0,0.10617701290719114,True
1,1,45,60,25,0.0845,0,10,0.005,0.025,6470,0,0,0.10757341576506955,True
1,1,46,60,25,0.0845,0,10,0.005,0.025,6073,0,0,0.08908282562160381,True
1,1,47,60,25,0.0845,0,10,0.005,0.025,5940,0,0,0.08602693602693602,True
1,1,48,60,25,0.0845,0,10,0.005,0.025,5872,0,0,0.0866825613079019,True
1,1,49,60,25,0.0845,0,10,0.005,0.025,5775,0,0,0.08675324675324675,True
1,1,50,60,25,0.0845,0,10,0.005,0.025,5685,0,0,0.08883025505716799,True
1,1,51,60,25,0.0845,0,10,0.005,0.025,5618,0,0,0.08988964044143824,True
1,1,52,60,25,0.0845,0,10,0.005,0.025,5540,0,0,0.09115523465703972,True
1,2,1,60,25,0.0845,0,10,0.005,0.025,5404,10,0,0.0917838638045892,False
1,2,2,60,25,0.0845,0,10,0.005,0.025,5315,10,0,0.09482596425211665,False
1,2,3,60,25,0.0845,0,10,0.005,0.025,5237,10,2,0.09585640633950736,False
1,2,4,60,25,0.0845,0,10,0.005,0.025,5127,31,5,0.09713282621416033,False
1,2,5,60,25,0.0845,0,10,0.005,0.025,5060,57,7,0.1,False
1,2,6,60,25,0.0845,0,10,0.005,0.025,4969,75,12,0.10102636345341115,False
1,2,7,60,25,0.0845,0,10,0.005,0.025,4898,106,24,0.10289914250714577,False
1,2,8,60,25,0.0845,0,10,0.005,0.025,4823,141,42,0.10346257516068837,False
1,2,9,60,25,0.0845,0,10,0.005,0.025,4724,179,53,0.10626587637595258,False
1,2,10,60,25,0.0845,0,10,0.005,0.025,4632,185,59,0.10816062176165803,False
1,2,11,60,25,0.0845,0,10,0.005,0.025,4533,191,71,0.1114052503860578,False
1,2,12,60,25,0.0845,0,10,0.005,0.025,4413,188,77,0.11488783140720599,False
1,2,13,60,25,0.0845,0,10,0.005,0.025,4294,177,70,0.11667442943642292,False
1,2,14,60,25,0.0845,0,10,0.005,0.025,4168,160,68,0.11852207293666027,False
1,2,15,60,25,0.0845,0,10,0.005,0.025,4066,146,68,0.12272503689129366,False
1,2,16,60,25,0.0845,0,10,0.005,0.025,3992,132,63,0.12675350701402804,False
1,2,17,60,25,0.0845,0,10,0.005,0.025,3908,129,48,0.12947799385875128,False
1,2,18,60,25,0.0845,0,10,0.005,0.025,7633,131,44,0.0683872658194681,False
1,2,19,60,25,0.0845,0,10,0.005,0.025,7443,189,56,0.07187961843342738,False
1,2,20,60,25,0.0845,0,10,0.005,0.025,7254,224,69,0.07444168734491315,False
1,2,21,60,25,0.0845,0,10,0.005,0.025,7019,237,81,0.0779313292491808,False
1,2,22,60,25,0.0845,0,10,0.005,0.025,6847,254,82,0.07974295311815394,False
1,2,23,60,25,0.0845,0,10,0.005,0.025,6652,235,86,0.08193024654239327,False
1,2,24,60,25,0.0845,0,10,0.005,0.025,6481,237,92,0.0844005554698349,False
1,2,25,60,25,0.0845,0,10,0.005,0.025,6241,194,85,0.08876782566896331,False
1,2,26,60,25,0.0845,0,10,0.005,0.025,6042,177,72,0.09235352532274081,False
1,2,27,60,25,0.0845,0,10,0.005,0.025,5846,143,64,0.09562093739308929,False
1,2,28,60,25,0.0845,0,10,0.005,0.025,5704,132,64,0.0985273492286115,False
1,2,29,60,25,0.0845,0,10,0.005,0.025,5538,106,49,0.10238353196099675,False
1,2,30,60,25,0.0845,0,10,0.005,0.025,5385,92,37,0.10566388115134633,False
1,2,31,60,25,0.0845,0,10,0.005,0.025,5255,94,32,0.10827783063748811,False
1,2,32,60,25,0.0845,0,10,0.005,0.025,5128,88,30,0.11232449297971919,False
1,2,33,60,25,0.0845,0,10,0.005,0.025,4995,70,29,0.11631631631631631,False
1,2,34,60,25,0.0845,0,10,0.005,0.025,4880,67,30,0.11905737704918033,False
1,2,35,60,25,0.0845,0,10,0.005,0.025,4733,56,26,0.12275512360025354,False
1,2,36,60,25,0.0845,0,10,0.005,0.025,4617,48,23,0.1251895170023825,False
1,2,37,60,25,0.0845,0,10,0.005,0.025,4524,39,17,0.1268788682581786,False
1,2,38,60,25,0.0845,0,10,0.005,0.025,4459,36,14,0.130522538685804,False
1,2,39,60,25,0.0845,0,10,0.005,0.025,4388,32,15,0.13195077484047402,False
1,2,40,60,25,0.0845,0,10,0.005,0.025,4314,33,13,0.13467779323133983,False
1,2,41,60,25,0.0845,0,10,0.005,0.025,4881,24,12,0.19524687564023765,False
1,2,42,60,25,0.0845,0,10,0.005,0.025,4898,21,14,0.19946917109024093,False
1,2,43,60,25,0.0845,0,10,0.005,0.025,4899,17,11,0.2039191671769749,False
1,2,44,60,25,0.0845,0,10,0.005,0.025,4867,15,5,0.21204027121430039,False
1,2,45,60,25,0.0845,0,10,0.005,0.025,4852,10,4,0.21434460016488047,False
1,2,46,60,25,0.0845,0,10,0.005,0.025,4451,15,7,0.17995955964951696,False
1,2,47,60,25,0.0845,0,10,0.005,0.025,4345,17,4,0.17583429228998848,False
1,2,48,60,25,0.0845,0,10,0.005,0.025,4286,14,5,0.17638824078394774,False
1,2,49,60,25,0.0845,0,10,0.005,0.025,4178,20,9,0.17352800382958353,False
1,2,50,60,25,0.0845,0,10,0.005,0.025,4125,36,9,0.1730909090909091,False
1,2,51,60,25,0.0845,0,10,0.005,0.025,4050,47,8,0.1748148148148148,False
1,2,52,60,25,0.0845,0,10,0.005,0.025,3983,58,14,0.1757469244288225,False
1,3,1,60,25,0.0845,0,10,0.005,0.025,3927,74,21,0.17697988286223582,False
1,3,2,60,25,0.0845,0,10,0.005,0.025,3869,70,28,0.17989144481778238,False
1,3,3,60,25,0.0845,0,10,0.005,0.025,3796,79,31,0.17939936775553214,False
1,3,4,60,25,0.0845,0,10,0.005,0.025,3714,68,25,0.18093699515347333,False
1,3,5,60,25,0.0845,0,10,0.005,0.025,3680,65,30,0.1842391304347826,False
1,3,6,60,25,0.0845,0,10,0.005,0.025,3621,71,36,0.1844794255730461,False
1,3,7,60,25,0.0845,0,10,0.005,0.025,3564,61,28,0.18686868686868688,False
1,3,8,60,25,0.0845,0,10,0.005,0.025,3515,54,20,0.1914651493598862,False
1,3,9,60,25,0.0845,0,10,0.005,0.025,3452,51,17,0.194090382387022,False
1,3,10,60,25,0.0845,0,10,0.005,0.025,3404,47,17,0.19623971797884843,False
1,3,11,60,25,0.0845,0,10,0.005,0.025,3352,40,24,0.19689737470167065,False
1,3,12,60,25,0.0845,0,10,0.005,0.025,3302,43,25,0.2001817080557238,False
1,3,13,60,25,0.0845,0,10,0.005,0.025,3241,37,16,0.20240666460968837,False
1,3,14,60,25,0.0845,0,10,0.005,0.025,3197,30,9,0.20613074757585237,False
1,3,15,60,25,0.0845,0,10,0.005,0.025,3163,27,10,0.20676572873853935,False
1,3,16,60,25,0.0845,0,10,0.005,0.025,3143,34,15,0.20871778555520204,False
1,3,17,60,25,0.0845,0,10,0.005,0.025,3085,27,13,0.2106969205834684,False
1,3,18,60,25,0.0845,0,10,0.005,0.025,6976,20,8,0.09432339449541284,False
1,3,19,60,25,0.0845,0,10,0.005,0.025,6824,19,9,0.09598475967174677,False
1,3,20,60,25,0.0845,0,10,0.005,0.025,6659,36,9,0.0985132902838264,False
1,3,21,60,25,0.0845,0,10,0.005,0.025,6515,35,8,0.10130468150422103,False
1,3,22,60,25,0.0845,0,10,0.005,0.025,6293,40,9,0.1051962498013666,False
1,3,23,60,25,0.0845,0,10,0.005,0.025,6074,45,14,0.10833058939743168,False
1,3,24,60,25,0.0845,0,10,0.005,0.025,5863,48,19,0.11171755074194098,False
1,3,25,60,25,0.0845,0,10,0.005,0.025,5753,41,17,0.11385364157830698,False
1,3,26,60,25,0.0845,0,10,0.005,0.025,5596,44,19,0.11812008577555397,False
1,3,27,60,25,0.0845,0,10,0.005,0.025,5471,41,14,0.1210016450374703,False
1,3,28,60,25,0.0845,0,10,0.005,0.025,5317,33,14,0.12337784464923829,False
1,3,29,60,25,0.0845,0,10,0.005,0.025,5185,34,15,0.1261330761812922,False
1,3,30,60,25,0.0845,0,10,0.005,0.025,5036,26,9,0.13026211278792693,False
1,3,31,60,25,0.0845,0,10,0.005,0.025,4943,23,12,0.13271292737204127,False
1,3,32,60,25,0.0845,0,10,0.005,0.025,4823,23,14,0.13746630727762804,False
1,3,33,60,25,0.0845,0,10,0.005,0.025,4724,16,10,0.1403471634208298,False
1,3,34,60,25,0.0845,0,10,0.005,0.025,4620,13,7,0.1432900432900433,False
1,3,35,60,25,0.0845,0,10,0.005,0.025,4501,9,4,0.14530104421239726,False
1,3,36,60,25,0.0845,0,10,0.005,0.025,4409,6,3,0.14969380811975505,False
1,3,37,60,25,0.0845,0,10,0.005,0.025,4296,4,3,0.15339851024208567,False
1,3,38,60,25,0.0845,0,10,0.005,0.025,4226,3,2,0.1554661618551822,False
1,3,39,60,25,0.0845,0,10,0.005,0.025,4161,1,1,0.15693342946407113,False
1,3,40,60,25,0.0845,0,10,0.005,0.025,4108,3,1,0.1596884128529698,False
1,3,41,60,25,0.0845,0,10,0.005,0.025,4740,2,0,0.22869198312236286,False
1,3,42,60,25,0.0845,0,10,0.005,0.025,4797,2,0,0.24265165728580362,False
1,3,43,60,25,0.0845,0,10,0.005,0.025,4737,2,1,0.24340299767785517,False
1,3,44,60,25,0.0845,0,10,0.005,0.025,4764,11,1,0.24517212426532325,False
1,3,45,60,25,0.0845,0,10,0.005,0.025,4707,10,1,0.23943063522413427,False
1,3,46,60,25,0.0845,0,10,0.005,0.025,4285,11,6,0.21143523920653443,False
1,3,47,60,25,0.0845,0,10,0.005,0.025,4177,35,7,0.2090016758439071,False
1,3,48,60,25,0.0845,0,10,0.005,0.025,4116,42,9,0.20942662779397472,False
1,3,49,60,25,0.0845,0,10,0.005,0.025,4051,61,15,0.20760306097259937,False
1,3,50,60,25,0.0845,0,10,0.005,0.025,3966,61,18,0.20902672718103882,False
1,3,51,60,25,0.0845,0,10,0.005,0.025,3902,73,21,0.21271143003587903,False
1,3,52,60,25,0.0845,0,10,0.005,0.025,3842,82,23,0.21499219156689225,False
1,4,1,60,25,0.0845,0,10,0.005,0.025,3776,83,32,0.2176906779661017,False
1,4,2,60,25,0.0845,0,10,0.005,0.025,3706,80,36,0.2207231516459795,False
1,4,3,60,25,0.0845,0,10,0.005,0.025,3649,68,33,0.22417100575500137,False
1,4,4,60,25,0.0845,0,10,0.005,0.025,3584,66,27,0.22712053571428573,False
1,4,5,60,25,0.0845,0,10,0.005,0.025,3522,58,21,0.23055082339579785,False
1,4,6,60,25,0.0845,0,10,0.005,0.025,3470,57,23,0.23198847262247838,False
1,4,7,60,25,0.0845,0,10,0.005,0.025,3423,55,20,0.2357581069237511,False
1,4,8,60,25,0.0845,0,10,0.005,0.025,3365,54,19,0.23893016344725113,False
1,4,9,60,25,0.0845,0,10,0.005,0.025,3315,55,23,0.2407239819004525,False
1,4,10,60,25,0.0845,0,10,0.005,0.025,3262,48,19,0.2449417535254445,False
1,4,11,60,25,0.0845,0,10,0.005,0.025,3217,42,14,0.24930059061237178,False
1,4,12,60,25,0.0845,0,10,0.005,0.025,3171,38,16,0.25165562913907286,False
1,4,13,60,25,0.0845,0,10,0.005,0.025,3124,35,18,0.2535211267605634,False
1,4,14,60,25,0.0845,0,10,0.005,0.025,3071,29,11,0.2575708238358841,False
1,4,15,60,25,0.0845,0,10,0.005,0.025,3025,24,7,0.2581818181818182,False
1,4,16,60,25,0.0845,0,10,0.005,0.025,2992,26,8,0.26169786096256686,False
1,4,17,60,25,0.0845,0,10,0.005,0.025,2953,27,12,0.26346088723332206,False
1,4,18,60,25,0.0845,0,10,0.005,0.025,6393,20,11,0.12247770999530737,False
1,4,19,60,25,0.0845,0,10,0.005,0.025,6260,36,7,0.12635782747603833,False
1,4,20,60,25,0.0845,0,10,0.005,0.025,6146,46,9,0.1285388870810283,False
1,4,21,60,25,0.0845,0,10,0.005,0.025,6009,55,14,0.13113662839074722,False
1,4,22,60,25,0.0845,0,10,0.005,0.025,5876,63,16,0.13359428182437033,False
1,4,23,60,25,0.0845,0,10,0.005,0.025,5722,64,24,0.13666550157287663,False
1,4,24,60,25,0.0845,0,10,0.005,0.025,5535,62,22,0.14074074074074075,False
1,4,25,60,25,0.0845,0,10,0.005,0.025,5364,47,18,0.1448545861297539,False
1,4,26,60,25,0.0845,0,10,0.005,0.025,5218,45,17,0.14948256036795707,False
1,4,27,60,25,0.0845,0,10,0.005,0.025,5095,43,19,0.1521099116781158,False
1,4,28,60,25,0.0845,0,10,0.005,0.025,4971,38,20,0.15530074431703883,False
1,4,29,60,25,0.0845,0,10,0.005,0.025,4877,32,14,0.15870412138609802,False
1,4,30,60,25,0.0845,0,10,0.005,0.025,4789,31,11,0.1618291918980998,False
1,4,31,60,25,0.0845,0,10,0.005,0.025,4673,30,8,0.16520436550395892,False
1,4,32,60,25,0.0845,0,10,0.005,0.025,4529,29,14,0.17089865312431,False
1,4,33,60,25,0.0845,0,10,0.005,0.025,4421,26,14,0.17507351277991404,False
1,4,34,60,25,0.0845,0,10,0.005,0.025,4305,20,9,0.17862950058072008,False
1,4,35,60,25,0.0845,0,10,0.005,0.025,4210,20,7,0.18004750593824229,False
1,4,36,60,25,0.0845,0,10,0.005,0.025,4138,16,6,0.18269695505074915,False
1,4,37,60,25,0.0845,0,10,0.005,0.025,4055,16,8,0.1881627620221948,False
1,4,38,60,25,0.0845,0,10,0.005,0.025,3990,13,5,0.19072681704260652,False
1,4,39,60,25,0.0845,0,10,0.005,0.025,3937,11,7,0.19456438912877827,False
1,4,40,60,25,0.0845,0,10,0.005,0.025,3866,11,7,0.19606828763579928,False
1,4,41,60,25,0.0845,0,10,0.005,0.025,4517,7,2,0.2654416648217844,False
1,4,42,60,25,0.0845,0,10,0.005,0.025,4543,7,2,0.2716266784063394,False
1,4,43,60,25,0.0845,0,10,0.005,0.025,4500,6,5,0.2682222222222222,False
1,4,44,60,25,0.0845,0,10,0.005,0.025,4489,7,4,0.27288928491869013,False
1,4,45,60,25,0.0845,0,10,0.005,0.025,4464,3,1,0.27553763440860213,False
1,4,46,60,25,0.0845,0,10,0.005,0.025,4046,5,2,0.24320316361838853,False
1,4,47,60,25,0.0845,0,10,0.005,0.025,3929,4,3,0.23441079155001274,False
1,4,48,60,25,0.0845,0,10,0.005,0.025,3886,6,2,0.23494595985589295,False
1,4,49,60,25,0.0845,0,10,0.005,0.025,3788,4,1,0.2336325237592397,False
1,4,50,60,25,0.0845,0,10,0.005,0.025,3747,5,2,0.2345876701361089,False
1,4,51,60,25,0.0845,0,10,0.005,0.025,3696,4,2,0.23484848484848486,False
1,4,52,60,25,0.0845,0,10,0.005,0.025,3647,4,2,0.236358650945983,False
1,5,1,60,25,0.0845,0,10,0.005,0.025,3589,3,2,0.2393424352187239,False
1,5,2,60,25,0.0845,0,10,0.005,0.025,3539,2,1,0.24159367052839786,False
1,5,3,60,25,0.0845,0,10,0.005,0.025,3485,1,0,0.24218077474892397,False
1,5,4,60,25,0.0845,0,10,0.005,0.025,3446,1,1,0.24230992455020314,False
1,5,5,60,25,0.0845,0,10,0.005,0.025,3392,2,1,0.24410377358490565,False
1,5,6,60,25,0.0845,0,10,0.005,0.025,3342,1,0,0.24655894673847994,False
1,5,7,60,25,0.0845,0,10,0.005,0.025,3302,1,0,0.24954572986069049,False
1,5,8,60,25,0.0845,0,10,0.005,0.025,3251,1,1,0.2525376807136266,False
1,5,9,60,25,0.0845,0,10,0.005,0.025,3203,1,1,0.25413674679987514,False
1,5,10,60,25,0.0845,0,10,0.005,0.025,3169,0,0,0.2578100347112654,True
1,5,11,60,25,0.0845,0,10,0.005,0.025,3132,0,0,0.25862068965517243,True
1,5,12,60,25,0.0845,0,10,0.005,0.025,3102,0,0,0.2611218568665377,True
1,5,13,60,25,0.0845,0,10,0.005,0.025,3076,0,0,0.2626788036410923,True
1,5,14,60,25,0.0845,0,10,0.005,0.025,3052,0,0,0.2657273918741809,True
1,5,15,60,25,0.0845,0,10,0.005,0.025,3004,0,0,0.2666444740346205,True
1,5,16,60,25,0.0845,0,10,0.005,0.025,2973,0,0,0.2690884628321561,True
1,5,17,60,25,0.0845,0,10,0.005,0.025,2947,0,0,0.2701051917203936,True
1,5,18,60,25,0.0845,0,10,0.005,0.025,6674,0,0,0.12001798022175607,True
1,5,19,60,25,0.0845,0,10,0.005,0.025,6525,0,0,0.12229885057471264,True
1,5,20,60,25,0.0845,0,10,0.005,0.025,6409,0,0,0.12498049617725074,True
1,5,21,60,25,0.0845,0,10,0.005,0.025,6255,0,0,0.1278976818545164,True
1,5,22,60,25,0.0845,0,10,0.005,0.025,6106,0,0,0.13085489682279725,True
1,5,23,60,25,0.0845,0,10,0.005,0.025,5959,0,0,0.1345863399899312,True
1,5,24,60,25,0.0845,0,10,0.005,0.025,5790,0,0,0.1381692573402418,True
1,5,25,60,25,0.0845,0,10,0.005,0.025,5659,0,0,0.14189786181304118,True
1,5,26,60,25,0.0845,0,10,0.005,0.025,5528,0,0,0.14616497829232997,True
1,5,27,60,25,0.0845,0,10,0.005,0.025,5394,0,0,0.15127919911012236,True
1,5,28,60,25,0.0845,0,10,0.005,0.025,5244,0,0,0.15465293668954996,True
1,5,29,60,25,0.0845,0,10,0.005,0.025,5156,0,0,0.1572924747866563,True
1,5,30,60,25,0.0845,0,10,0.005,0.025,5038,0,0,0.16018261214767765,True
1,5,31,60,25,0.0845,0,10,0.005,0.025,4907,0,0,0.16303240269003463,True
1,5,32,60,25,0.0845,0,10,0.005,0.025,4818,0,0,0.16708177667081778,True
1,5,33,60,25,0.0845,0,10,0.005,0.025,4679,0,0,0.16969437914084207,True
1,5,34,60,25,0.0845,0,10,0.005,0.025,4572,0,0,0.17344706911636046,True
1,5,35,60,25,0.0845,0,10,0.005,0.025,4454,0,0,0.17691962281095644,True
1,5,36,60,25,0.0845,0,10,0.005,0.025,4333,0,0,0.17978306023540272,True
1,5,37,60,25,0.0845,0,10,0.005,0.025,4205,0,0,0.18335315101070154,True
1,5,38,60,25,0.0845,0,10,0.005,0.025,4143,0,0,0.18392469225199132,True
1,5,39,60,25,0.0845,0,10,0.005,0.025,4095,0,0,0.1873015873015873,True
1,5,40,60,25,0.0845,0,10,0.005,0.025,4032,0,0,0.18948412698412698,True
1,5,41,60,25,0.0845,0,10,0.005,0.025,4730,0,0,0.2649048625792812,True
1,5,42,60,25,0.0845,0,10,0.005,0.025,4765,0,0,0.2637985309548793,True
1,5,43,60,25,0.0845,0,10,0.005,0.025,4766,0,0,0.2725556021821234,True
1,5,44,60,25,0.0845,0,10,0.005,0.025,4677,0,0,0.27004490057729313,True
1,5,45,60,25,0.0845,0,10,0.005,0.025,4639,0,0,0.2668678594524682,True
1,5,46,60,25,0.0845,0,10,0.005,0.025,4180,0,0,0.23660287081339712,True
1,5,47,60,25,0.0845,0,10,0.005,0.025,4051,0,0,0.22981979758084423,True
1,5,48,60,25,0.0845,0,10,0.005,0.025,3974,0,0,0.2307498741821842,True
1,5,49,60,25,0.0845,0,10,0.005,0.025,3876,0,0,0.22781217750257998,True
1,5,50,60,25,0.0845,0,10,0.005,0.025,3824,0,0,0.22855648535564854,True
1,5,51,60,25,0.0845,0,10,0.005,0.025,3779,0,0,0.23207197671341626,True
1,5,52,60,25,0.0845,0,10,0.005,0.025,3719,0,0,0.23178273729497176,True
1,6,1,60,25,0.0845,0,10,0.005,0.025,3665,0,0,0.2343792633015007,True
1,6,2,60,25,0.0845,0,10,0.005,0.025,3620,0,0,0.2361878453038674,True
1,6,3,60,25,0.0845,0,10,0.005,0.025,3575,0,0,0.23692307692307693,True
1,6,4,60,25,0.0845,0,10,0.005,0.025,3510,0,0,0.2361823361823362,True
1,6,5,60,25,0.0845,0,10,0.005,0.025,3467,0,0,0.23565041822901645,True
1,6,6,60,25,0.0845,0,10,0.005,0.025,3419,0,0,0.2363264112313542,True
1,6,7,60,25,0.0845,0,10,0.005,0.025,3362,0,0,0.24033313503866746,True
1,6,8,60,25,0.0845,0,10,0.005,0.025,3331,0,0,0.24347042930051035,True
1,6,9,60,25,0.0845,0,10,0.005,0.025,3282,0,0,0.24801950030469225,True
1,6,10,60,25,0.0845,0,10,0.005,0.025,3238,0,0,0.24984558369363805,True
1,6,11,60,25,0.0845,0,10,0.005,0.025,3202,0,0,0.25296689569019365,True
1,6,12,60,25,0.0845,0,10,0.005,0.025,3164,0,0,0.2579013906447535,True
1,6,13,60,25,0.0845,0,10,0.005,0.025,3139,0,0,0.2596368270149729,True
1,6,14,60,25,0.0845,0,10,0.005,0.025,3106,0,0,0.262073406310367,True
1,6,15,60,25,0.0845,0,10,0.005,0.025,3077,0,0,0.26714332141696456,True
1,6,16,60,25,0.0845,0,10,0.005,0.025,3045,0,0,0.2683087027914614,True
1,6,17,60,25,0.0845,0,10,0.005,0.025,2999,0,0,0.27109036345448484,True
1,6,18,60,25,0.0845,0,10,0.005,0.025,6426,0,0,0.12636165577342048,True
1,6,19,60,25,0.0845,0,10,0.005,0.025,6314,0,0,0.12923661704149508,True
1,6,20,60,25,0.0845,0,10,0.005,0.025,6165,0,0,0.13236009732360096,True
1,6,21,60,25,0.0845,0,10,0.005,0.025,5996,0,0,0.13642428285523683,True
1,6,22,60,25,0.0845,0,10,0.005,0.025,5863,0,0,0.13866621183694355,True
1,6,23,60,25,0.0845,0,10,0.005,0.025,5714,0,0,0.14368218410920547,True
1,6,24,60,25,0.0845,0,10,0.005,0.025,5549,0,0,0.1483150117138223,True
1,6,25,60,25,0.0845,0,10,0.005,0.025,5406,0,0,0.15038845726970032,True
1,6,26,60,25,0.0845,0,10,0.005,0.025,5290,0,0,0.15406427221172023,True
1,6,27,60,25,0.0845,0,10,0.005,0.025,5097,0,0,0.15911320384539926,True
1,6,28,60,25,0.0845,0,10,0.005,0.025,4982,0,0,0.16318747490967483,True
1,6,29,60,25,0.0845,0,10,0.005,0.025,4846,0,0,0.16611638464713166,True
1,6,30,60,25,0.0845,0,10,0.005,0.025,4733,0,0,0.16987111768434396,True
1,6,31,60,25,0.0845,0,10,0.005,0.025,4668,0,0,0.1720222793487575,True
1,6,32,60,25,0.0845,0,10,0.005,0.025,4540,0,0,0.1751101321585903,True
1,6,33,60,25,0.0845,0,10,0.005,0.025,4434,0,0,0.17839422643211547,True
1,6,34,60,25,0.0845,0,10,0.005,0.025,4353,0,0,0.17918676774638181,True
1,6,35,60,25,0.0845,0,10,0.005,0.025,4293,0,0,0.18238993710691823,True
1,6,36,60,25,0.0845,0,10,0.005,0.025,4218,0,0,0.18658131816026552,True
1,6,37,60,25,0.0845,0,10,0.005,0.025,4136,0,0,0.18786266924564796,True
1,6,38,60,25,0.0845,0,10,0.005,0.025,4092,0,0,0.1918377321603128,True
1,6,39,60,25,0.0845,0,10,0.005,0.025,4045,0,0,0.19406674907292953,True
1,6,40,60,25,0.0845,0,10,0.005,0.025,3972,0,0,0.19687814702920442,True
1,6,41,60,25,0.0845,0,10,0.005,0.025,4682,0,0,0.2682614267407091,True
1,6,42,60,25,0.0845,0,10,0.005,0.025,4685,0,0,0.2729989327641409,True
1,6,43,60,25,0.0845,0,10,0.005,0.025,4729,0,0,0.2776485514908014,True
1,6,44,60,25,0.0845,0,10,0.005,0.025,4691,0,0,0.2790449797484545,True
1,6,45,60,25,0.0845,0,10,0.005,0.025,4662,0,0,0.2803517803517804,True
1,6,46,60,25,0.0845,0,10,0.005,0.025,4179,0,0,0.24288107202680068,True
1,6,47,60,25,0.0845,0,10,0.005,0.025,4024,0,0,0.23682902584493043,True
1,6,48,60,25,0.0845,0,10,0.005,0.025,3964,0,0,0.23662966700302723,True
1,6,49,60,25,0.0845,0,10,0.005,0.025,3888,0,0,0.23328189300411523,True
1,6,50,60,25,0.0845,0,10,0.005,0.025,3820,0,0,0.23403141361256544,True
1,6,51,60,25,0.0845,0,10,0.005,0.025,3750,0,0,0.23413333333333333,True
1,6,52,60,25,0.0845,0,10,0.005,0.025,3691,0,0,0.23597940937415335,True
1,7,1,60,25,0.0845,0,10,0.005,0.025,3607,0,0,0.23703909065705572,True
1,7,2,60,25,0.0845,0,10,0.005,0.025,3555,0,0,0.24106891701828412,True
1,7,3,60,25,0.0845,0,10,0.005,0.025,3516,0,0,0.2426052332195677,True
1,7,4,60,25,0.0845,0,10,0.005,0.025,3480,0,0,0.24482758620689654,True
1,7,5,60,25,0.0845,0,10,0.005,0.025,3427,0,0,0.247446746425445,True
1,7,6,60,25,0.0845,0,10,0.005,0.025,3397,0,0,0.249043273476597,True
1,7,7,60,25,0.0845,0,10,0.005,0.025,3369,0,0,0.24992579400415554,True
1,7,8,60,25,0.0845,0,10,0.005,0.025,3326,0,0,0.25165363800360796,True
1,7,9,60,25,0.0845,0,10,0.005,0.025,3291,0,0,0.2552415679124886,True
1,7,10,60,25,0.0845,0,10,0.005,0.025,3265,0,0,0.25604900459418073,True
1,7,11,60,25,0.0845,0,10,0.005,0.025,3227,0,0,0.2593740316083049,True
1,7,12,60,25,0.0845,0,10,0.005,0.025,3207,0,0,0.2603679451200499,True
1,7,13,60,25,0.0845,0,10,0.005,0.025,3172,0,0,0.2619798234552333,True
1,7,14,60,25,0.0845,0,10,0.005,0.025,3133,0,0,0.26300670284072775,True
1,7,15,60,25,0.0845,0,10,0.005,0.025,3107,0,0,0.265529449629868,True
1,7,16,60,25,0.0845,0,10,0.005,0.025,3074,0,0,0.2680546519193234,True
1,7,17,60,25,0.0845,0,10,0.005,0.025,3060,0,0,0.2699346405228758,True
1,7,18,60,25,0.0845,0,10,0.005,0.025,6706,0,0,0.12376975842529078,True
1,7,19,60,25,0.0845,0,10,0.005,0.025,6543,0,0,0.12517193947730398,True
1,7,20,60,25,0.0845,0,10,0.005,0.025,6419,0,0,0.12790154229630785,True
1,7,21,60,25,0.0845,0,10,0.005,0.025,6301,0,0,0.13140771306141882,True
1,7,22,60,25,0.0845,0,10,0.005,0.025,6171,0,0,0.13401393615297358,True
1,7,23,60,25,0.0845,0,10,0.005,0.025,5998,0,0,0.13704568189396465,True
1,7,24,60,25,0.0845,0,10,0.005,0.025,5812,0,0,0.14108740536820372,True
1,7,25,60,25,0.0845,0,10,0.005,0.025,5619,0,0,0.14522156967431926,True
1,7,26,60,25,0.0845,0,10,0.005,0.025,5457,0,0,0.14953271028037382,True
1,7,27,60,25,0.0845,0,10,0.005,0.025,5320,0,0,0.15300751879699248,True
1,7,28,60,25,0.0845,0,10,0.005,0.025,5201,0,0,0.15593155162468755,True
1,7,29,60,25,0.0845,0,10,0.005,0.025,5082,0,0,0.15899252262888627,True
1,7,30,60,25,0.0845,0,10,0.005,0.025,4986,0,0,0.16285599679101484,True
1,7,31,60,25,0.0845,0,10,0.005,0.025,4868,0,0,0.16803615447822515,True
1,7,32,60,25,0.0845,0,10,0.005,0.025,4763,0,0,0.17132059626285953,True
1,7,33,60,25,0.0845,0,10,0.005,0.025,4628,0,0,0.17458945548833188,True
1,7,34,60,25,0.0845,0,10,0.005,0.025,4511,0,0,0.17911771225892265,True
1,7,35,60,25,0.0845,0,10,0.005,0.025,4436,0,0,0.18372407574391345,True
1,7,36,60,25,0.0845,0,10,0.005,0.025,4336,0,0,0.1881918819188192,True
1,7,37,60,25,0.0845,0,10,0.005,0.025,4246,0,0,0.19147432878002826,True
1,7,38,60,25,0.0845,0,10,0.005,0.025,4185,0,0,0.1933094384707288,True
1,7,39,60,25,0.0845,0,10,0.005,0.025,4122,0,0,0.19674915089762252,True
1,7,40,60,25,0.0845,0,10,0.005,0.025,4060,0,0,0.19950738916256158,True
1,7,41,60,25,0.0845,0,10,0.005,0.025,4832,0,0,0.2719370860927152,True
1,7,42,60,25,0.0845,0,10,0.005,0.025,4873,0,0,0.27847321978247486,True
1,7,43,60,25,0.0845,0,10,0.005,0.025,4803,0,0,0.2816989381636477,True
1,7,44,60,25,0.0845,0,10,0.005,0.025,4744,0,0,0.27445193929173695,True
1,7,45,60,25,0.0845,0,10,0.005,0.025,4737,0,0,0.279290690310323,True
1,7,46,60,25,0.0845,0,10,0.005,0.025,4322,0,0,0.25219805645534477,True
1,7,47,60,25,0.0845,0,10,0.005,0.025,4176,0,0,0.24377394636015326,True
1,7,48,60,25,0.0845,0,10,0.005,0.025,4073,0,0,0.23962681070464031,True
1,7,49,60,25,0.0845,0,10,0.005,0.025,3990,0,0,0.24010025062656642,True
1,7,50,60,25,0.0845,0,10,0.005,0.025,3931,0,0,0.24141439837191556,True
1,7,51,60,25,0.0845,0,10,0.005,0.025,3880,0,0,0.24175257731958763,True
1,7,52,60,25,0.0845,0,10,0.005,0.025,3820,0,0,0.2468586387434555,True
1,8,1,60,25,0.0845,0,10,0.005,0.025,3756,0,0,0.24574014909478167,True
1,8,2,60,25,0.0845,0,10,0.005,0.025,3711,0,0,0.24764214497440043,True
1,8,3,60,25,0.0845,0,10,0.005,0.025,3650,0,0,0.25123287671232875,True
1,8,4,60,25,0.0845,0,10,0.005,0.025,3613,0,0,0.25463603653473565,True
1,8,5,60,25,0.0845,0,10,0.005,0.025,3583,0,0,0.2564889757186715,True
1,8,6,60,25,0.0845,0,10,0.005,0.025,3544,0,0,0.2584650112866817,True
1,8,7,60,25,0.0845,0,10,0.005,0.025,3488,0,0,0.2588876146788991,True
1,8,8,60,25,0.0845,0,10,0.005,0.025,3453,0,0,0.26035331595713873,True
1,8,9,60,25,0.0845,0,10,0.005,0.025,3410,0,0,0.2624633431085044,True
1,8,10,60,25,0.0845,0,10,0.005,0.025,3375,0,0,0.2637037037037037,True
1,8,11,60,25,0.0845,0,10,0.005,0.025,3341,0,0,0.26459143968871596,True
1,8,12,60,25,0.0845,0,10,0.005,0.025,3306,0,0,0.2655777374470659,True
1,8,13,60,25,0.0845,0,10,0.005,0.025,3284,0,0,0.2679658952496955,True
1,8,14,60,25,0.0845,0,10,0.005,0.025,3249,0,0,0.270544783010157,True
1,8,15,60,25,0.0845,0,10,0.005,0.025,3225,0,0,0.2722480620155039,True
1,8,16,60,25,0.0845,0,10,0.005,0.025,3191,0,0,0.2729551864619242,True
1,8,17,60,25,0.0845,0,10,0.005,0.025,3153,0,0,0.2743418966064066,True
1,8,18,60,25,0.0845,0,10,0.005,0.025,7000,0,0,0.12442857142857143,True
1,8,19,60,25,0.0845,0,10,0.005,0.025,6855,0,0,0.12837345003646974,True
1,8,20,60,25,0.0845,0,10,0.005,0.025,6714,0,0,0.1322609472743521,True
1,8,21,60,25,0.0845,0,10,0.005,0.025,6586,0,0,0.13604615851806864,True
1,8,22,60,25,0.0845,0,10,0.005,0.025,6441,0,0,0.14019562179785747,True
1,8,23,60,25,0.0845,0,10,0.005,0.025,6302,0,0,0.14455728340209456,True
1,8,24,60,25,0.0845,0,10,0.005,0.025,6187,0,0,0.14805236786811055,True
1,8,25,60,25,0.0845,0,10,0.005,0.025,6056,0,0,0.15175033025099074,True
1,8,26,60,25,0.0845,0,10,0.005,0.025,5928,0,0,0.1545209176788124,True
1,8,27,60,25,0.0845,0,10,0.005,0.025,5782,0,0,0.1554825319958492,True
1,8,28,60,25,0.0845,0,10,0.005,0.025,5642,0,0,0.1588089330024814,True
1,8,29,60,25,0.0845,0,10,0.005,0.025,5522,0,0,0.16262223831944947,True
1,8,30,60,25,0.0845,0,10,0.005,0.025,5430,0,0,0.16574585635359115,True
1,8,31,60,25,0.0845,0,10,0.005,0.025,5311,0,0,0.16964790058369422,True
1,8,32,60,25,0.0845,0,10,0.005,0.025,5204,0,0,0.17198308993082245,True
1,8,33,60,25,0.0845,0,10,0.005,0.025,5084,0,0,0.17545239968528717,True
1,8,34,60,25,0.0845,0,10,0.005,0.025,4986,0,0,0.17829923786602486,True
1,8,35,60,25,0.0845,0,10,0.005,0.025,4874,0,0,0.1807550266721379,True
1,8,36,60,25,0.0845,0,10,0.005,0.025,4767,0,0,0.18418292427103,True
1,8,37,60,25,0.0845,0,10,0.005,0.025,4676,0,0,0.1858426005132592,True
1,8,38,60,25,0.0845,0,10,0.005,0.025,4599,0,0,0.19004131332898455,True
1,8,39,60,25,0.0845,0,10,0.005,0.025,4550,0,0,0.19274725274725274,True
1,8,40,60,25,0.0845,0,10,0.005,0.025,4484,0,0,0.19580731489741302,True
1,8,41,60,25,0.0845,0,10,0.005,0.025,5268,0,0,0.2600607441154138,True
1,8,42,60,25,0.0845,0,10,0.005,0.025,5366,0,0,0.27376071561684684,True
1,8,43,60,25,0.0845,0,10,0.005,0.025,5257,0,0,0.27068670344302836,True
1,8,44,60,25,0.0845,0,10,0.005,0.025,5186,0,0,0.27227150019282687,True
1,8,45,60,25,0.0845,0,10,0.005,0.025,5143,0,0,0.27260353879058913,True
1,8,46,60,25,0.0845,0,10,0.005,0.025,4677,0,0,0.2386144964720975,True
1,8,47,60,25,0.0845,0,10,0.005,0.025,4523,0,0,0.23369445058589433,True
1,8,48,60,25,0.0845,0,10,0.005,0.025,4430,0,0,0.23340857787810385,True
1,8,49,60,25,0.0845,0,10,0.005,0.025,4348,0,0,0.23183072677092917,True
1,8,50,60,25,0.0845,0,10,0.005,0.025,4278,0,0,0.2321178120617111,True
1,8,51,60,25,0.0845,0,10,0.005,0.025,4206,0,0,0.2344270090347123,True
1,8,52,60,25,0.0845,0,10,0.005,0.025,4150,0,0,0.2363855421686747,True
1,9,1,60,25,0.0845,0,10,0.005,0.025,4098,0,0,0.24036115178135675,True
1,9,2,60,25,0.0845,0,10,0.005,0.025,4051,0,0,0.24043446062700569,True
1,9,3,60,25,0.0845,0,10,0.005,0.025,3997,0,0,0.24168126094570927,True
1,9,4,60,25,0.0845,0,10,0.005,0.025,3939,0,0,0.24574765168824575,True
1,9,5,60,25,0.0845,0,10,0.005,0.025,3891,0,0,0.24698021074273965,True
1,9,6,60,25,0.0845,0,10,0.005,0.025,3840,0,0,0.2484375,True
1,9,7,60,25,0.0845,0,10,0.005,0.025,3798,0,0,0.2517114270668773,True
1,9,8,60,25,0.0845,0,10,0.005,0.025,3748,0,0,0.2545357524012807,True
1,9,9,60,25,0.0845,0,10,0.005,0.025,3708,0,0,0.255663430420712,True
1,9,10,60,25,0.0845,0,10,0.005,0.025,3656,0,0,0.25902625820568925,True
1,9,11,60,25,0.0845,0,10,0.005,0.025,3591,0,0,0.25870231133389027,True
1,9,12,60,25,0.0845,0,10,0.005,0.025,3552,0,0,0.26210585585585583,True
1,9,13,60,25,0.0845,0,10,0.005,0.025,3513,0,0,0.2635923711927128,True
1,9,14,60,25,0.0845,0,10,0.005,0.025,3482,0,0,0.26507754164273406,True
1,9,15,60,25,0.0845,0,10,0.005,0.025,3424,0,0,0.2675233644859813,True
1,9,16,60,25,0.0845,0,10,0.005,0.025,3395,0,0,0.2698085419734904,True
1,9,17,60,25,0.0845,0,10,0.005,0.025,3361,0,0,0.271050282653972,True
1,9,18,60,25,0.0845,0,10,0.005,0.025,7089,0,0,0.11933982225983919,True
1,9,19,60,25,0.0845,0,10,0.005,0.025,6957,0,0,0.12217910018686215,True
1,9,20,60,25,0.0845,0,10,0.005,0.025,6806,0,0,0.12474287393476344,True
1,9,21,60,25,0.0845,0,10,0.005,0.025,6642,0,0,0.12857573020174645,True
1,9,22,60,25,0.0845,0,10,0.005,0.025,6508,0,0,0.1318377381684081,True
1,9,23,60,25,0.0845,0,10,0.005,0.025,6414,0,0,0.13439351418771436,True
1,9,24,60,25,0.0845,0,10,0.005,0.025,6251,0,0,0.13853783394656854,True
1,9,25,60,25,0.0845,0,10,0.005,0.025,6129,0,0,0.14129548050252896,True
1,9,26,60,25,0.0845,0,10,0.005,0.025,5983,0,0,0.14557914089921445,True
1,9,27,60,25,0.0845,0,10,0.005,0.025,5857,0,0,0.1488816800409766,True
1,9,28,60,25,0.0845,0,10,0.005,0.025,5729,0,0,0.15308081689649153,True
1,9,29,60,25,0.0845,0,10,0.005,0.025,5584,0,0,0.15633954154727794,True
1,9,30,60,25,0.0845,0,10,0.005,0.025,5465,0,0,0.16029277218664226,True
1,9,31,60,25,0.0845,0,10,0.005,0.025,5346,0,0,0.1642349420127198,True
1,9,32,60,25,0.0845,0,10,0.005,0.025,5231,0,0,0.16822787229975147,True
1,9,33,60,25,0.0845,0,10,0.005,0.025,5120,0,0,0.1720703125,True
1,9,34,60,25,0.0845,0,10,0.005,0.025,4999,0,0,0.17623524704940988,True
1,9,35,60,25,0.0845,0,10,0.005,0.025,4886,0,0,0.1788784281620958,True
1,9,36,60,25,0.0845,0,10,0.005,0.025,4782,0,0,0.1821413634462568,True
1,9,37,60,25,0.0845,0,10,0.005,0.025,4676,0,0,0.18562874251497005,True
1,9,38,60,25,0.0845,0,10,0.005,0.025,4614,0,0,0.18964022540095363,True
1,9,39,60,25,0.0845,0,10,0.005,0.025,4558,0,0,0.19131197893813076,True
1,9,40,60,25,0.0845,0,10,0.005,0.025,4500,0,0,0.19266666666666668,True
1,9,41,60,25,0.0845,0,10,0.005,0.025,5384,0,0,0.27098811292719166,True
1,9,42,60,25,0.0845,0,10,0.005,0.025,5375,0,0,0.27069767441860465,True
1,9,43,60,25,0.0845,0,10,0.005,0.025,5383,0,0,0.27605424484488206,True
1,9,44,60,25,0.0845,0,10,0.005,0.025,5284,0,0,0.27422407267221804,True
1,9,45,60,25,0.0845,0,10,0.005,0.025,5299,0,0,0.2757123985657671,True
1,9,46,60,25,0.0845,0,10,0.005,0.025,4721,0,0,0.23787333192120313,True
1,9,47,60,25,0.0845,0,10,0.005,0.025,4563,0,0,0.22901599824676747,True
1,9,48,60,25,0.0845,0,10,0.005,0.025,4483,0,0,0.22841846977470445,True
1,9,49,60,25,0.0845,0,10,0.005,0.025,4403,0,0,0.2271178741766977,True
1,9,50,60,25,0.0845,0,10,0.005,0.025,4345,0,0,0.22784810126582278,True
1,9,51,60,25,0.0845,0,10,0.005,0.025,4278,0,0,0.22861150070126227,True
1,9,52,60,25,0.0845,0,10,0.005,0.025,4209,0,0,0.2323592302209551,True
1,10,1,60,25,0.0845,0,10,0.005,0.025,4145,0,0,0.23256936067551268,True
1,10,2,60,25,0.0845,0,10,0.005,0.025,4107,0,0,0.23569515461407353,True
1,10,3,60,25,0.0845,0,10,0.005,0.025,4059,0,0,0.23848238482384823,True
1,10,4,60,25,0.0845,0,10,0.005,0.025,4015,0,0,0.2403486924034869,True
1,10,5,60,25,0.0845,0,10,0.005,0.025,3965,0,0,0.241109709962169,True
1,10,6,60,25,0.0845,0,10,0.005,0.025,3920,0,0,0.24362244897959184,True
1,10,7,60,25,0.0845,0,10,0.005,0.025,3872,0,0,0.24586776859504134,True
1,10,8,60,25,0.0845,0,10,0.005,0.025,3827,0,0,0.24719101123595505,True
1,10,9,60,25,0.0845,0,10,0.005,0.025,3776,0,0,0.2505296610169492,True
1,10,10,60,25,0.0845,0,10,0.005,0.025,3733,0,0,0.25261184034288775,True
1,10,11,60,25,0.0845,0,10,0.005,0.025,3688,0,0,0.2527114967462039,True
1,10,12,60,25,0.0845,0,10,0.005,0.025,3652,0,0,0.2554764512595838,True
1,10,13,60,25,0.0845,0,10,0.005,0.025,3611,0,0,0.2581002492384381,True
1,10,14,60,25,0.0845,0,10,0.005,0.025,3566,0,0,0.2599551318003365,True
1,10,15,60,25,0.0845,0,10,0.005,0.025,3530,0,0,0.2631728045325779,True
1,10,16,60,25,0.0845,0,10,0.005,0.025,3488,0,0,0.2634747706422018,True
1,10,17,60,25,0.0845,0,10,0.005,0.025,3448,0,0,0.26653132250580047,True
1,10,18,60,25,0.0845,0,10,0.005,0.025,7351,0,0,0.12025574751734458,True
1,10,19,60,25,0.0845,0,10,0.005,0.025,7240,0,0,0.12265193370165746,True
1,10,20,60,25,0.0845,0,10,0.005,0.025,7094,0,0,0.12588102621934028,True
1,10,21,60,25,0.0845,0,10,0.005,0.025,6944,0,0,0.1287442396313364,True
1,10,22,60,25,0.0845,0,10,0.005,0.025,6808,0,0,0.13175675675675674,True
1,10,23,60,25,0.0845,0,10,0.005,0.025,6649,0,0,0.13580989622499623,True
1,10,24,60,25,0.0845,0,10,0.005,0.025,6480,0,0,0.13935185185185187,True
1,10,25,60,25,0.0845,0,10,0.005,0.025,6320,0,0,0.14224683544303798,True
1,10,26,60,25,0.0845,0,10,0.005,0.025,6173,0,0,0.14579620929855824,True
1,10,27,60,25,0.0845,0,10,0.005,0.025,6025,0,0,0.14970954356846472,True
1,10,28,60,25,0.0845,0,10,0.005,0.025,5893,0,0,0.15289326319361954,True
1,10,29,60,25,0.0845,0,10,0.005,0.025,5727,0,0,0.15767417496071243,True
1,10,30,60,25,0.0845,0,10,0.005,0.025,5604,0,0,0.16167023554603854,True
1,10,31,60,25,0.0845,0,10,0.005,0.025,5510,0,0,0.16388384754990926,True
1,10,32,60,25,0.0845,0,10,0.005,0.025,5372,0,0,0.16772151898734178,True
1,10,33,60,25,0.0845,0,10,0.005,0.025,5258,0,0,0.17192848992012172,True
1,10,34,60,25,0.0845,0,10,0.005,0.025,5166,0,0,0.17421602787456447,True
1,10,35,60,25,0.0845,0,10,0.005,0.025,5044,0,0,0.17823156225218081,True
1,10,36,60,25,0.0845,0,10,0.005,0.025,4957,0,0,0.1831753076457535,True
1,10,37,60,25,0.0845,0,10,0.005,0.025,4867,0,0,0.18532977193342923,True
1,10,38,60,25,0.0845,0,10,0.005,0.025,4812,0,0,0.1886949293433084,True
1,10,39,60,25,0.0845,0,10,0.005,0.025,4749,0,0,0.19119814697831122,True
1,10,40,60,25,0.0845,0,10,0.005,0.025,4676,0,0,0.1928999144568007,True
1,10,41,60,25,0.0845,0,10,0.005,0.025,5595,0,0,0.26934763181411975,True
1,10,42,60,25,0.0845,0,10,0.005,0.025,5627,0,0,0.2706593211302648,True
1,10,43,60,25,0.0845,0,10,0.005,0.025,5612,0,0,0.27459016393442626,True
1,10,44,60,25,0.0845,0,10,0.005,0.025,5546,0,0,0.2711864406779661,True
1,10,45,60,25,0.0845,0,10,0.005,0.025,5530,0,0,0.2757685352622061,True
1,10,46,60,25,0.0845,0,10,0.005,0.025,4960,0,0,0.24012096774193548,True
1,10,47,60,25,0.0845,0,10,0.005,0.025,4780,0,0,0.23263598326359833,True
1,10,48,60,25,0.0845,0,10,0.005,0.025,4690,0,0,0.2298507462686567,True
1,10,49,60,25,0.0845,0,10,0.005,0.025,4572,0,0,0.22659667541557305,True
1,10,50,60,25,0.0845,0,10,0.005,0.025,4500,0,0,0.228,True
1,10,51,60,25,0.0845,0,10,0.005,0.025,4445,0,0,0.2296962879640045,True
1,10,52,60,25,0.0845,0,10,0.005,0.025,4359,0,0,0.23124569855471439,True
1,11,1,60,25,0.0845,0,10,0.005,0.025,4300,0,0,0.23255813953488372,True
1,11,2,60,25,0.0845,0,10,0.005,0.025,4253,0,0,0.23442276040442042,True
1,11,3,60,25,0.0845,0,10,0.005,0.025,4186,0,0,0.23769708552317248,True
1,11,4,60,25,0.0845,0,10,0.005,0.025,4140,0,0,0.24057971014492754,True
1,11,5,60,25,0.0845,0,10,0.005,0.025,4093,0,0,0.24529684827754702,True
1,11,6,60,25,0.0845,0,10,0.005,0.025,4044,0,0,0.24727992087042533,True
1,11,7,60,25,0.0845,0,10,0.005,0.025,3995,0,0,0.24881101376720902,True
1,11,8,60,25,0.0845,0,10,0.005,0.025,3930,0,0,0.2506361323155216,True
1,11,9,60,25,0.0845,0,10,0.005,0.025,3891,0,0,0.2526342842456952,True
1,11,10,60,25,0.0845,0,10,0.005,0.025,3828,0,0,0.25391849529780564,True
1,11,11,60,25,0.0845,0,10,0.005,0.025,3785,0,0,0.2575957727873184,True
1,11,12,60,25,0.0845,0,10,0.005,0.025,3751,0,0,0.2612636630231938,True
1,11,13,60,25,0.0845,0,10,0.005,0.025,3707,0,0,0.26409495548961426,True
1,11,14,60,25,0.0845,0,10,0.005,0.025,3670,0,0,0.2670299727520436,True
1,11,15,60,25,0.0845,0,10,0.005,0.025,3640,0,0,0.27087912087912086,True
1,11,16,60,25,0.0845,0,10,0.005,0.025,3601,0,0,0.2727020272146626,True
1,11,17,60,25,0.0845,0,10,0.005,0.025,3556,0,0,0.2744656917885264,True
1,11,18,60,25,0.0845,0,10,0.005,0.025,7550,0,0,0.12119205298013246,True
1,11,19,60,25,0.0845,0,10,0.005,0.025,7401,0,0,0.12363194162950952,True
1,11,20,60,25,0.0845,0,10,0.005,0.025,7208,0,0,0.1280521642619312,True
1,11,21,60,25,0.0845,0,10,0.005,0.025,7034,0,0,0.13321012226329257,True
1,11,22,60,25,0.0845,0,10,0.005,0.025,6896,0,0,0.13616589327146172,True
1,11,23,60,25,0.0845,0,10,0.005,0.025,6767,0,0,0.1396482931875277,True
1,11,24,60,25,0.0845,0,10,0.005,0.025,6627,0,0,0.14229666515768824,True
1,11,25,60,25,0.0845,0,10,0.005,0.025,6484,0,0,0.14543491671807526,True
1,11,26,60,25,0.0845,0,10,0.005,0.025,6359,0,0,0.14750746972794465,True
1,11,27,60,25,0.0845,0,10,0.005,0.025,6222,0,0,0.15155898424943748,True
1,11,28,60,25,0.0845,0,10,0.005,0.025,6104,0,0,0.15498034076015726,True
1,11,29,60,25,0.0845,0,10,0.005,0.025,5973,0,0,0.15837937384898712,True
1,11,30,60,25,0.0845,0,10,0.005,0.025,5864,0,0,0.16132332878581174,True
1,11,31,60,25,0.0845,0,10,0.005,0.025,5739,0,0,0.1643143404774351,True
1,11,32,60,25,0.0845,0,10,0.005,0.025,5575,0,0,0.16860986547085202,True
1,11,33,60,25,0.0845,0,10,0.005,0.025,5481,0,0,0.17168399927020617,True
1,11,34,60,25,0.0845,0,10,0.005,0.025,5384,0,0,0.17329123328380386,True
1,11,35,60,25,0.0845,0,10,0.005,0.025,5251,0,0,0.17710912207198629,True
1,11,36,60,25,0.0845,0,10,0.005,0.025,5133,0,0,0.18059614260666276,True
1,11,37,60,25,0.0845,0,10,0.005,0.025,5022,0,0,0.18518518518518517,True
1,11,38,60,25,0.0845,0,10,0.005,0.025,4951,0,0,0.18925469602100586,True
1,11,39,60,25,0.0845,0,10,0.005,0.025,4879,0,0,0.1908177905308465,True
1,11,40,60,25,0.0845,0,10,0.005,0.025,4804,0,0,0.1921315570358035,True
1,11,41,60,25,0.0845,0,10,0.005,0.025,5741,0,0,0.26998780700226443,True
1,11,42,60,25,0.0845,0,10,0.005,0.025,5754,0,0,0.26903023983315955,True
1,11,43,60,25,0.0845,0,10,0.005,0.025,5722,0,0,0.27123383432366305,True
1,11,44,60,25,0.0845,0,10,0.005,0.025,5696,0,0,0.2754564606741573,True
1,11,45,60,25,0.0845,0,10,0.005,0.025,5626,0,0,0.27728403839317456,True
1,11,46,60,25,0.0845,0,10,0.005,0.025,5112,0,0,0.24726134585289514,True
1,11,47,60,25,0.0845,0,10,0.005,0.025,4920,0,0,0.2371951219512195,True
1,11,48,60,25,0.0845,0,10,0.005,0.025,4844,0,0,0.23864574731626756,True
1,11,49,60,25,0.0845,0,10,0.005,0.025,4744,0,0,0.23946037099494097,True
1,11,50,60,25,0.0845,0,10,0.005,0.025,4676,0,0,0.24037639007698888,True
1,11,51,60,25,0.0845,0,10,0.005,0.025,4583,0,0,0.24241763037311803,True
1,11,52,60,25,0.0845,0,10,0.005,0.025,4526,0,0,0.24392399469730447,True
1,1,1,60,25,0.159,0,10,0.005,0.025,5290,0,0,0.0013232514177693763,True
1,1,2,60,25,0.159,0,10,0.005,0.025,5146,0,0,0.003109211037699184,True
1,1,3,60,25,0.159,0,10,0.005,0.025,4991,0,0,0.005610098176718092,True
1,1,4,60,25,0.159,0,10,0.005,0.025,4857,0,0,0.007000205888408483,True
1,1,5,60,25,0.159,0,10,0.005,0.025,4713,0,0,0.008274984086569064,True
1,1,6,60,25,0.159,0,10,0.005,0.025,4583,0,0,0.010255291293912285,True
1,1,7,60,25,0.159,0,10,0.005,0.025,4488,0,0,0.013146167557932263,True
1,1,8,60,25,0.159,0,10,0.005,0.025,4357,0,0,0.01560706908423227,True
1,1,9,60,25,0.159,0,10,0.005,0.025,4249,0,0,0.016945163567898328,True
1,1,10,60,25,0.159,0,10,0.005,0.025,4164,0,0,0.019452449567723344,True
1,1,11,60,25,0.159,0,10,0.005,0.025,4038,0,0,0.023031203566121844,True
1,1,12,60,25,0.159,0,10,0.005,0.025,3958,0,0,0.024759979787771603,True
1,1,13,60,25,0.159,0,10,0.005,0.025,3867,0,0,0.027670028445823634,True
1,1,14,60,25,0.159,0,10,0.005,0.025,3786,0,0,0.029318541996830427,True
1,1,15,60,25,0.159,0,10,0.005,0.025,3727,0,0,0.03380735175744567,True
1,1,16,60,25,0.159,0,10,0.005,0.025,3656,0,0,0.03336980306345733,True
1,1,17,60,25,0.159,0,10,0.005,0.025,3594,0,0,0.03533667223149694,True
1,1,18,60,25,0.159,0,10,0.005,0.025,10344,0,0,0.014791183294663572,True
1,1,19,60,25,0.159,0,10,0.005,0.025,10026,0,0,0.016357470576501096,True
1,1,20,60,25,0.159,0,10,0.005,0.025,9769,0,0,0.018630361347118436,True
1,1,21,60,25,0.159,0,10,0.005,0.025,9448,0,0,0.021168501270110076,True
1,1,22,60,25,0.159,0,10,0.005,0.025,9195,0,0,0.023164763458401304,True
1,1,23,60,25,0.159,0,10,0.005,0.025,8880,0,0,0.024662162162162164,True
1,1,24,60,25,0.159,0,10,0.005,0.025,8521,0,0,0.02640535148456754,True
1,1,25,60,25,0.159,0,10,0.005,0.025,8279,0,0,0.027781132987075734,True
1,1,26,60,25,0.159,0,10,0.005,0.025,8041,0,0,0.029473946026613605,True
1,1,27,60,25,0.159,0,10,0.005,0.025,7817,0,0,0.0321095049251631,True
1,1,28,60,25,0.159,0,10,0.005,0.025,7599,0,0,0.03303066192920121,True
1,1,29,60,25,0.159,0,10,0.005,0.025,7451,0,0,0.03502885518722319,True
1,1,30,60,25,0.159,0,10,0.005,0.025,7287,0,0,0.03732674626046384,True
1,1,31,60,25,0.159,0,10,0.005,0.025,7106,0,0,0.03996622572473966,True
1,1,32,60,25,0.159,0,10,0.005,0.025,6926,0,0,0.041726826451054,True
1,1,33,60,25,0.159,0,10,0.005,0.025,6773,0,0,0.043407648014173926,True
1,1,34,60,25,0.159,0,10,0.005,0.025,6661,0,0,0.04608917579942951,True
1,1,35,60,25,0.159,0,10,0.005,0.025,6494,0,0,0.04804434862950416,True
1,1,36,60,25,0.159,0,10,0.005,0.025,6343,0,0,0.050922276525303484,True
1,1,37,60,25,0.159,0,10,0.005,0.025,6220,0,0,0.05209003215434083,True
1,1,38,60,25,0.159,0,10,0.005,0.025,6129,0,0,0.054495023658019254,True
1,1,39,60,25,0.159,0,10,0.005,0.025,6046,0,0,0.055077737347006286,True
1,1,40,60,25,0.159,0,10,0.005,0.025,5955,0,0,0.057262804366078925,True
1,1,41,60,25,0.159,0,10,0.005,0.025,6472,0,0,0.09703337453646477,True
1,1,42,60,25,0.159,0,10,0.005,0.025,6457,0,0,0.10190490940065046,True
1,1,43,60,25,0.159,0,10,0.005,0.025,6446,0,0,0.10595718274899163,True
1,1,44,60,25,0.159,0,10,0.005,0.025,6398,0,0,0.10894029384182558,True
1,1,45,60,25,0.159,0,10,0.005,0.025,6328,0,0,0.11267383059418458,True
1,1,46,60,25,0.159,0,10,0.005,0.025,5921,0,0,0.09086302989359905,True
1,1,47,60,25,0.159,0,10,0.005,0.025,5771,0,0,0.08941258014208976,True
1,1,48,60,25,0.159,0,10,0.005,0.025,5697,0,0,0.09057398630858346,True
1,1,49,60,25,0.159,0,10,0.005,0.025,5563,0,0,0.09041883875606688,True
1,1,50,60,25,0.159,0,10,0.005,0.025,5467,0,0,0.0907261752332175,True
1,1,51,60,25,0.159,0,10,0.005,0.025,5376,0,0,0.09337797619047619,True
1,1,52,60,25,0.159,0,10,0.005,0.025,5293,0,0,0.09427545815227659,True
1,2,1,60,25,0.159,0,10,0.005,0.025,5234,7,0,0.09610240733664502,False
1,2,2,60,25,0.159,0,10,0.005,0.025,5169,7,0,0.09769781389050107,False
1,2,3,60,25,0.159,0,10,0.005,0.025,5093,7,1,0.09915570390732378,False
1,2,4,60,25,0.159,0,10,0.005,0.025,5022,7,3,0.10135404221425727,False
1,2,5,60,25,0.159,0,10,0.005,0.025,4937,57,2,0.10309904800486125,False
1,2,6,60,25,0.159,0,10,0.005,0.025,4861,53,8,0.10471096482205308,False
1,2,7,60,25,0.159,0,10,0.005,0.025,4779,113,21,0.10671688637790333,False
1,2,8,60,25,0.159,0,10,0.005,0.025,4694,152,34,0.10886237750319556,False
1,2,9,60,25,0.159,0,10,0.005,0.025,4614,169,59,0.11118335500650195,False
1,2,10,60,25,0.159,0,10,0.005,0.025,4512,220,58,0.11391843971631206,False
1,2,11,60,25,0.159,0,10,0.005,0.025,4422,227,60,0.11668928086838534,False
1,2,12,60,25,0.159,0,10,0.005,0.025,4333,246,92,0.11931687052850219,False
1,2,13,60,25,0.159,0,10,0.005,0.025,4215,234,89,0.12194543297746145,False
1,2,14,60,25,0.159,0,10,0.005,0.025,4101,219,82,0.12557912704218482,False
1,2,15,60,25,0.159,0,10,0.005,0.025,4005,207,89,0.1285892634207241,False
1,2,16,60,25,0.159,0,10,0.005,0.025,3895,182,76,0.1319640564826701,False
1,2,17,60,25,0.159,0,10,0.005,0.025,3774,147,67,0.13513513513513514,False
1,2,18,60,25,0.159,0,10,0.005,0.025,7254,134,67,0.07182244279018472,False
1,2,19,60,25,0.159,0,10,0.005,0.025,7007,150,50,0.07521050378193235,False
1,2,20,60,25,0.159,0,10,0.005,0.025,6801,172,42,0.07734156741655639,False
1,2,21,60,25,0.159,0,10,0.005,0.025,6615,177,54,0.08102796674225246,False
1,2,22,60,25,0.159,0,10,0.005,0.025,6437,173,76,0.0843560664906012,False
1,2,23,60,25,0.159,0,10,0.005,0.025,6259,153,73,0.0881930020770091,False
1,2,24,60,25,0.159,0,10,0.005,0.025,6072,112,61,0.09156785243741765,False
1,2,25,60,25,0.159,0,10,0.005,0.025,5914,95,45,0.09452147446736557,False
1,2,26,60,25,0.159,0,10,0.005,0.025,5747,67,32,0.09866017052375152,False
1,2,27,60,25,0.159,0,10,0.005,0.025,5628,61,28,0.10270078180525942,False
1,2,28,60,25,0.159,0,10,0.005,0.025,5462,42,17,0.10582204320761626,False
1,2,29,60,25,0.159,0,10,0.005,0.025,5339,36,11,0.10957108072672785,False
1,2,30,60,25,0.159,0,10,0.005,0.025,5202,27,16,0.1120722798923491,False
1,2,31,60,25,0.159,0,10,0.005,0.025,5096,26,16,0.11558084772370486,False
1,2,32,60,25,0.159,0,10,0.005,0.025,4997,14,6,0.11767060236141685,False
1,2,33,60,25,0.159,0,10,0.005,0.025,4893,13,5,0.11996730022481096,False
1,2,34,60,25,0.159,0,10,0.005,0.025,4795,11,4,0.12200208550573514,False
1,2,35,60,25,0.159,0,10,0.005,0.025,4687,10,4,0.1269468743332622,False
1,2,36,60,25,0.159,0,10,0.005,0.025,4613,11,4,0.12963364404942554,False
1,2,37,60,25,0.159,0,10,0.005,0.025,4527,12,5,0.13297989838745305,False
1,2,38,60,25,0.159,0,10,0.005,0.025,4467,10,5,0.13454219834340722,False
1,2,39,60,25,0.159,0,10,0.005,0.025,4392,10,3,0.13706739526411657,False
1,2,40,60,25,0.159,0,10,0.005,0.025,4297,7,2,0.1393995811030952,False
1,2,41,60,25,0.159,0,10,0.005,0.025,4812,9,5,0.20344970906068163,False
1,2,42,60,25,0.159,0,10,0.005,0.025,4819,13,2,0.206681884208342,False
1,2,43,60,25,0.159,0,10,0.005,0.025,4793,13,2,0.20509075735447527,False
1,2,44,60,25,0.159,0,10,0.005,0.025,4764,24,5,0.20906801007556675,False
1,2,45,60,25,0.159,0,10,0.005,0.025,4756,23,5,0.21551724137931033,False
1,2,46,60,25,0.159,0,10,0.005,0.025,4374,24,10,0.18907178783721992,False
1,2,47,60,25,0.159,0,10,0.005,0.025,4272,36,9,0.18352059925093633,False
1,2,48,60,25,0.159,0,10,0.005,0.025,4220,35,12,0.1843601895734597,False
1,2,49,60,25,0.159,0,10,0.005,0.025,4160,41,19,0.18557692307692308,False
1,2,50,60,25,0.159,0,10,0.005,0.025,4113,45,16,0.187211281303185,False
1,2,51,60,25,0.159,0,10,0.005,0.025,4055,49,16,0.18865598027127004,False
1,2,52,60,25,0.159,0,10,0.005,0.025,3997,52,18,0.18964223167375532,False
1,3,1,60,25,0.159,0,10,0.005,0.025,3950,53,14,0.19265822784810127,False
1,3,2,60,25,0.159,0,10,0.005,0.025,3891,59,21,0.19532253919300951,False
1,3,3,60,25,0.159,0,10,0.005,0.025,3839,59,30,0.1966657983849961,False
1,3,4,60,25,0.159,0,10,0.005,0.025,3766,50,21,0.20074349442379183,False
1,3,5,60,25,0.159,0,10,0.005,0.025,3691,44,13,0.2040097534543484,False
1,3,6,60,25,0.159,0,10,0.005,0.025,3629,39,14,0.20639294571507302,False
1,3,7,60,25,0.159,0,10,0.005,0.025,3588,37,15,0.20986622073578595,False
1,3,8,60,25,0.159,0,10,0.005,0.025,3540,33,17,0.21384180790960453,False
1,3,9,60,25,0.159,0,10,0.005,0.025,3494,27,13,0.21436748712077847,False
1,3,10,60,25,0.159,0,10,0.005,0.025,3446,20,9,0.21648287869994196,False
1,3,11,60,25,0.159,0,10,0.005,0.025,3390,22,10,0.2176991150442478,False
1,3,12,60,25,0.159,0,10,0.005,0.025,3352,15,7,0.22136038186157517,False
1,3,13,60,25,0.159,0,10,0.005,0.025,3316,13,4,0.22135102533172496,False
1,3,14,60,25,0.159,0,10,0.005,0.025,3270,11,7,0.22324159021406728,False
1,3,15,60,25,0.159,0,10,0.005,0.025,3221,10,9,0.22508537721204594,False
1,3,16,60,25,0.159,0,10,0.005,0.025,3186,4,3,0.22724419334588827,False
1,3,17,60,25,0.159,0,10,0.005,0.025,3142,1,0,0.22978994271164863,False
1,3,18,60,25,0.159,0,10,0.005,0.025,7210,1,0,0.1015256588072122,False
1,3,19,60,25,0.159,0,10,0.005,0.025,7035,1,1,0.10319829424307037,False
1,3,20,60,25,0.159,0,10,0.005,0.025,6887,2,1,0.105851604472194,False
1,3,21,60,25,0.159,0,10,0.005,0.025,6723,1,1,0.10902870742228173,False
1,3,22,60,25,0.159,0,10,0.005,0.025,6542,0,0,0.11280953836747172,False
1,3,23,60,25,0.159,0,10,0.005,0.025,6359,0,0,0.116527755936468,False
1,3,24,60,25,0.159,0,10,0.005,0.025,6208,0,0,0.11887886597938144,False
1,3,25,60,25,0.159,0,10,0.005,0.025,6040,0,0,0.12201986754966887,False
1,3,26,60,25,0.159,0,10,0.005,0.025,5889,0,0,0.12582781456953643,False
1,3,27,60,25,0.159,0,10,0.005,0.025,5764,0,0,0.12820957668285912,False
1,3,28,60,25,0.159,0,10,0.005,0.025,5590,0,0,0.13184257602862254,False
1,3,29,60,25,0.159,0,10,0.005,0.025,5444,0,0,0.1351947097722263,False
1,3,30,60,25,0.159,0,10,0.005,0.025,5336,0,0,0.13886806596701648,False
1,3,31,60,25,0.159,0,10,0.005,0.025,5222,1,1,0.14113366526235158,False
1,3,32,60,25,0.159,0,10,0.005,0.025,5095,0,0,0.14249263984298333,False
1,3,33,60,25,0.159,0,10,0.005,0.025,5026,0,0,0.14484679665738162,False
1,3,34,60,25,0.159,0,10,0.005,0.025,4928,0,0,0.14995941558441558,False
1,3,35,60,25,0.159,0,10,0.005,0.025,4834,0,0,0.15142738932561026,False
1,3,36,60,25,0.159,0,10,0.005,0.025,4716,0,0,0.15351993214588636,False
1,3,37,60,25,0.159,0,10,0.005,0.025,4618,0,0,0.15461238631442184,False
1,3,38,60,25,0.159,0,10,0.005,0.025,4543,0,0,0.15738498789346247,False
1,3,39,60,25,0.159,0,10,0.005,0.025,4474,0,0,0.1584711667411712,False
1,3,40,60,25,0.159,0,10,0.005,0.025,4404,0,0,0.1614441416893733,False
1,3,41,60,25,0.159,0,10,0.005,0.025,4955,0,0,0.21614530776992935,False
1,3,42,60,25,0.159,0,10,0.005,0.025,4906,1,0,0.2254382388911537,False
1,3,43,60,25,0.159,0,10,0.005,0.025,4878,0,0,0.22734727347273473,False
1,3,44,60,25,0.159,0,10,0.005,0.025,4860,1,0,0.23127572016460907,False
1,3,45,60,25,0.159,0,10,0.005,0.025,4858,1,0,0.2334293948126801,False
1,3,46,60,25,0.159,0,10,0.005,0.025,4434,0,0,0.20184934596301307,False
1,3,47,60,25,0.159,0,10,0.005,0.025,4317,1,0,0.19527449617790132,False
1,3,48,60,25,0.159,0,10,0.005,0.025,4234,0,0,0.19437883797827113,False
1,3,49,60,25,0.159,0,10,0.005,0.025,4158,1,0,0.19264069264069264,False
1,3,50,60,25,0.159,0,10,0.005,0.025,4116,0,0,0.19484936831875607,False
1,3,51,60,25,0.159,0,10,0.005,0.025,4041,0,0,0.1957436278148973,False
1,3,52,60,25,0.159,0,10,0.005,0.025,3979,1,0,0.19778838904247298,False
1,4,1,60,25,0.159,0,10,0.005,0.025,3916,1,0,0.19816138917262513,False
1,4,2,60,25,0.159,0,10,0.005,0.025,3864,0,0,0.19927536231884058,False
1,4,3,60,25,0.159,0,10,0.005,0.025,3804,0,0,0.20268138801261829,False
1,4,4,60,25,0.159,0,10,0.005,0.025,3742,0,0,0.20443613041154463,False
1,4,5,60,25,0.159,0,10,0.005,0.025,3695,0,0,0.20622462787550744,False
1,4,6,60,25,0.159,0,10,0.005,0.025,3623,0,0,0.2081148219707425,False
1,4,7,60,25,0.159,0,10,0.005,0.025,3592,1,0,0.21046770601336304,False
1,4,8,60,25,0.159,0,10,0.005,0.025,3540,0,0,0.21101694915254238,False
1,4,9,60,25,0.159,0,10,0.005,0.025,3510,0,0,0.2128205128205128,False
1,4,10,60,25,0.159,0,10,0.005,0.025,3465,0,0,0.21327561327561328,False
1,4,11,60,25,0.159,0,10,0.005,0.025,3415,0,0,0.21610541727672036,False
1,4,12,60,25,0.159,0,10,0.005,0.025,3380,0,0,0.21715976331360948,False
1,4,13,60,25,0.159,0,10,0.005,0.025,3342,0,0,0.21723518850987433,False
1,4,14,60,25,0.159,0,10,0.005,0.025,3295,0,0,0.21972685887708648,False
1,4,15,60,25,0.159,0,10,0.005,0.025,3239,0,0,0.22229083050324175,False
1,4,16,60,25,0.159,0,10,0.005,0.025,3185,0,0,0.22700156985871273,False
1,4,17,60,25,0.159,0,10,0.005,0.025,3150,0,0,0.22920634920634922,False
1,4,18,60,25,0.159,0,10,0.005,0.025,6884,0,0,0.10531667635095875,False
1,4,19,60,25,0.159,0,10,0.005,0.025,6751,1,0,0.10842838098059547,False
1,4,20,60,25,0.159,0,10,0.005,0.025,6598,0,0,0.1097302212791755,False
1,4,21,60,25,0.159,0,10,0.005,0.025,6443,0,0,0.11205959956541983,False
1,4,22,60,25,0.159,0,10,0.005,0.025,6285,0,0,0.1167859984089101,False
1,4,23,60,25,0.159,0,10,0.005,0.025,6148,0,0,0.11971372804163956,False
1,4,24,60,25,0.159,0,10,0.005,0.025,6017,0,0,0.12232009306963604,False
1,4,25,60,25,0.159,0,10,0.005,0.025,5849,0,0,0.12497862882544025,False
1,4,26,60,25,0.159,0,10,0.005,0.025,5650,0,0,0.12920353982300886,False
1,4,27,60,25,0.159,0,10,0.005,0.025,5528,0,0,0.1315123010130246,False
1,4,28,60,25,0.159,0,10,0.005,0.025,5365,1,0,0.13494874184529357,False
1,4,29,60,25,0.159,0,10,0.005,0.025,5266,0,0,0.13995442461071023,False
1,4,30,60,25,0.159,0,10,0.005,0.025,5151,0,0,0.1430790137837313,False
1,4,31,60,25,0.159,0,10,0.005,0.025,5060,0,0,0.1458498023715415,False
1,4,32,60,25,0.159,0,10,0.005,0.025,4951,0,0,0.14885881640072712,False
1,4,33,60,25,0.159,0,10,0.005,0.025,4857,0,0,0.1519456454601606,False
1,4,34,60,25,0.159,0,10,0.005,0.025,4780,0,0,0.15523012552301255,False
1,4,35,60,25,0.159,0,10,0.005,0.025,4664,1,0,0.15823327615780447,False
1,4,36,60,25,0.159,0,10,0.005,0.025,4577,0,0,0.1618964387153157,False
1,4,37,60,25,0.159,0,10,0.005,0.025,4504,0,0,0.16474245115452932,False
1,4,38,60,25,0.159,0,10,0.005,0.025,4440,0,0,0.1686936936936937,False
1,4,39,60,25,0.159,0,10,0.005,0.025,4373,0,0,0.1717356505831237,False
1,4,40,60,25,0.159,0,10,0.005,0.025,4311,0,0,0.1749014149849223,False
1,4,41,60,25,0.159,0,10,0.005,0.025,4745,2,0,0.22423603793466806,False
1,4,42,60,25,0.159,0,10,0.005,0.025,4737,2,1,0.2372809795229048,False
1,4,43,60,25,0.159,0,10,0.005,0.025,4718,3,2,0.23929631199660872,False
1,4,44,60,25,0.159,0,10,0.005,0.025,4678,3,2,0.23663958956819153,False
1,4,45,60,25,0.159,0,10,0.005,0.025,4646,2,0,0.24278949634093844,False
1,4,46,60,25,0.159,0,10,0.005,0.025,4291,1,0,0.2102074108599394,False
1,4,47,60,25,0.159,0,10,0.005,0.025,4213,1,1,0.20745312129124138,False
1,4,48,60,25,0.159,0,10,0.005,0.025,4159,1,1,0.20774224573214714,False
1,4,49,60,25,0.159,0,10,0.005,0.025,4082,0,0,0.20749632533072024,False
1,4,50,60,25,0.159,0,10,0.005,0.025,4042,0,0,0.2070757050964869,False
1,4,51,60,25,0.159,0,10,0.005,0.025,3990,1,0,0.21052631578947367,False
1,4,52,60,25,0.159,0,10,0.005,0.025,3946,0,0,0.21084642676127724,False
1,5,1,60,25,0.159,0,10,0.005,0.025,3899,1,0,0.21338804821749166,False
1,5,2,60,25,0.159,0,10,0.005,0.025,3857,0,0,0.21337827326938036,False
1,5,3,60,25,0.159,0,10,0.005,0.025,3811,1,0,0.21621621621621623,False
1,5,4,60,25,0.159,0,10,0.005,0.025,3759,0,0,0.21707901037509977,False
1,5,5,60,25,0.159,0,10,0.005,0.025,3712,0,0,0.2195581896551724,False
1,5,6,60,25,0.159,0,10,0.005,0.025,3648,2,0,0.2225877192982456,False
1,5,7,60,25,0.159,0,10,0.005,0.025,3574,0,0,0.22523782876329043,False
1,5,8,60,25,0.159,0,10,0.005,0.025,3525,0,0,0.22638297872340427,False
1,5,9,60,25,0.159,0,10,0.005,0.025,3488,0,0,0.22878440366972477,False
1,5,10,60,25,0.159,0,10,0.005,0.025,3445,0,0,0.2304789550072569,False
1,5,11,60,25,0.159,0,10,0.005,0.025,3403,0,0,0.23332353805465766,False
1,5,12,60,25,0.159,0,10,0.005,0.025,3369,0,0,0.23478777085188482,False
1,5,13,60,25,0.159,0,10,0.005,0.025,3333,0,0,0.24002400240024002,False
1,5,14,60,25,0.159,0,10,0.005,0.025,3285,0,0,0.2420091324200913,False
1,5,15,60,25,0.159,0,10,0.005,0.025,3256,0,0,0.24324324324324326,False
1,5,16,60,25,0.159,0,10,0.005,0.025,3224,1,0,0.24689826302729528,False
1,5,17,60,25,0.159,0,10,0.005,0.025,3185,0,0,0.24740973312401884,False
1,5,18,60,25,0.159,0,10,0.005,0.025,7059,0,0,0.11304717382065449,False
1,5,19,60,25,0.159,0,10,0.005,0.025,6933,0,0,0.1158228760998125,False
1,5,20,60,25,0.159,0,10,0.005,0.025,6783,0,0,0.12015332448768981,False
1,5,21,60,25,0.159,0,10,0.005,0.025,6659,0,0,0.12194023126595585,False
1,5,22,60,25,0.159,0,10,0.005,0.025,6526,0,0,0.1254980079681275,False
1,5,23,60,25,0.159,0,10,0.005,0.025,6360,0,0,0.12924528301886792,False
1,5,24,60,25,0.159,0,10,0.005,0.025,6165,2,0,0.13284671532846715,False
1,5,25,60,25,0.159,0,10,0.005,0.025,6014,0,0,0.13535084802128367,False
1,5,26,60,25,0.159,0,10,0.005,0.025,5891,0,0,0.1386861313868613,False
1,5,27,60,25,0.159,0,10,0.005,0.025,5737,0,0,0.14206031026668992,False
1,5,28,60,25,0.159,0,10,0.005,0.025,5612,0,0,0.14593727726300784,False
1,5,29,60,25,0.159,0,10,0.005,0.025,5443,0,0,0.14991732500459307,False
1,5,30,60,25,0.159,0,10,0.005,0.025,5328,0,0,0.15296546546546547,False
1,5,31,60,25,0.159,0,10,0.005,0.025,5201,0,0,0.15477792732166892,False
1,5,32,60,25,0.159,0,10,0.005,0.025,5062,0,0,0.15804030027657054,False
1,5,33,60,25,0.159,0,10,0.005,0.025,4964,0,0,0.1621676067687349,False
1,5,34,60,25,0.159,0,10,0.005,0.025,4846,0,0,0.16591002888980602,False
1,5,35,60,25,0.159,0,10,0.005,0.025,4735,0,0,0.16853220696937699,False
1,5,36,60,25,0.159,0,10,0.005,0.025,4610,0,0,0.1700650759219089,False
1,5,37,60,25,0.159,0,10,0.005,0.025,4538,0,0,0.17232260907888938,False
1,5,38,60,25,0.159,0,10,0.005,0.025,4462,0,0,0.17548184670551323,False
1,5,39,60,25,0.159,0,10,0.005,0.025,4397,2,0,0.17830338867409598,False
1,5,40,60,25,0.159,0,10,0.005,0.025,4311,0,0,0.17907678032938992,False
1,5,41,60,25,0.159,0,10,0.005,0.025,4768,2,1,0.23091442953020133,False
1,5,42,60,25,0.159,0,10,0.005,0.025,4763,2,0,0.23556581986143188,False
1,5,43,60,25,0.159,0,10,0.005,0.025,4777,2,1,0.24220221896587818,False
1,5,44,60,25,0.159,0,10,0.005,0.025,4721,1,1,0.24232154204617665,False
1,5,45,60,25,0.159,0,10,0.005,0.025,4732,0,0,0.24577345731191885,False
1,5,46,60,25,0.159,0,10,0.005,0.025,4393,1,0,0.21761893922148873,False
1,5,47,60,25,0.159,0,10,0.005,0.025,4292,1,0,0.21481826654240446,False
1,5,48,60,25,0.159,0,10,0.005,0.025,4223,0,0,0.21382903149419843,False
1,5,49,60,25,0.159,0,10,0.005,0.025,4160,1,0,0.21322115384615384,False
1,5,50,60,25,0.159,0,10,0.005,0.025,4111,0,0,0.21649233763074677,False
1,5,51,60,25,0.159,0,10,0.005,0.025,4069,0,0,0.21823543868272302,False
1,5,52,60,25,0.159,0,10,0.005,0.025,4022,0,0,0.21954251616111387,False
1,6,1,60,25,0.159,0,10,0.005,0.025,3976,0,0,0.22283702213279677,False
1,6,2,60,25,0.159,0,10,0.005,0.025,3940,0,0,0.22614213197969543,False
1,6,3,60,25,0.159,0,10,0.005,0.025,3880,0,0,0.22809278350515463,False
1,6,4,60,25,0.159,0,10,0.005,0.025,3848,0,0,0.2305093555093555,False
1,6,5,60,25,0.159,0,10,0.005,0.025,3781,0,0,0.23300714096799788,False
1,6,6,60,25,0.159,0,10,0.005,0.025,3747,0,0,0.23592207099012544,False
1,6,7,60,25,0.159,0,10,0.005,0.025,3696,0,0,0.237012987012987,False
1,6,8,60,25,0.159,0,10,0.005,0.025,3658,0,0,0.23974849644614543,False
1,6,9,60,25,0.159,0,10,0.005,0.025,3613,0,0,0.24301134791032383,False
1,6,10,60,25,0.159,0,10,0.005,0.025,3577,0,0,0.24573665082471344,False
1,6,11,60,25,0.159,0,10,0.005,0.025,3532,0,0,0.24830124575311438,False
1,6,12,60,25,0.159,0,10,0.005,0.025,3493,0,0,0.24992842828514172,False
1,6,13,60,25,0.159,0,10,0.005,0.025,3456,0,0,0.2517361111111111,False
1,6,14,60,25,0.159,0,10,0.005,0.025,3417,0,0,0.2528533801580334,False
1,6,15,60,25,0.159,0,10,0.005,0.025,3369,0,0,0.25586227367171266,False
1,6,16,60,25,0.159,0,10,0.005,0.025,3324,0,0,0.2581227436823105,False
1,6,17,60,25,0.159,0,10,0.005,0.025,3283,0,0,0.25951873286628085,False
1,6,18,60,25,0.159,0,10,0.005,0.025,7331,0,0,0.11594598281271314,False
1,6,19,60,25,0.159,0,10,0.005,0.025,7163,0,0,0.11852575736423286,False
1,6,20,60,25,0.159,0,10,0.005,0.025,7033,0,0,0.12171192947533059,False
1,6,21,60,25,0.159,0,10,0.005,0.025,6841,0,0,0.12527408273644203,False
1,6,22,60,25,0.159,0,10,0.005,0.025,6700,0,0,0.12940298507462686,False
1,6,23,60,25,0.159,0,10,0.005,0.025,6563,0,0,0.1327136980039616,False
1,6,24,60,25,0.159,0,10,0.005,0.025,6420,0,0,0.1369158878504673,False
1,6,25,60,25,0.159,0,10,0.005,0.025,6269,0,0,0.13909714468017229,False
1,6,26,60,25,0.159,0,10,0.005,0.025,6126,0,0,0.1426705843943846,False
1,6,27,60,25,0.159,0,10,0.005,0.025,5991,0,0,0.14672008012018026,False
1,6,28,60,25,0.159,0,10,0.005,0.025,5851,4,0,0.1500598188343873,False
1,6,29,60,25,0.159,0,10,0.005,0.025,5712,0,0,0.15336134453781514,False
1,6,30,60,25,0.159,0,10,0.005,0.025,5589,0,0,0.15673644659151906,False
1,6,31,60,25,0.159,0,10,0.005,0.025,5493,0,0,0.15965774622246495,False
1,6,32,60,25,0.159,0,10,0.005,0.025,5395,0,0,0.16311399443929564,False
1,6,33,60,25,0.159,0,10,0.005,0.025,5264,0,0,0.16622340425531915,False
1,6,34,60,25,0.159,0,10,0.005,0.025,5123,0,0,0.1702127659574468,False
1,6,35,60,25,0.159,0,10,0.005,0.025,5000,0,0,0.1724,False
1,6,36,60,25,0.159,0,10,0.005,0.025,4885,0,0,0.17543500511770727,False
1,6,37,60,25,0.159,0,10,0.005,0.025,4781,0,0,0.1773687513072579,False
1,6,38,60,25,0.159,0,10,0.005,0.025,4703,0,0,0.17988517967254944,False
1,6,39,60,25,0.159,0,10,0.005,0.025,4629,0,0,0.18254482609634912,False
1,6,40,60,25,0.159,0,10,0.005,0.025,4566,0,0,0.1841874726237407,False
1,6,41,60,25,0.159,0,10,0.005,0.025,4986,5,3,0.23164861612515042,False
1,6,42,60,25,0.159,0,10,0.005,0.025,4971,4,2,0.23979078656205996,False
1,6,43,60,25,0.159,0,10,0.005,0.025,4958,0,0,0.23779749899152886,False
1,6,44,60,25,0.159,0,10,0.005,0.025,4934,1,1,0.24179164977705717,False
1,6,45,60,25,0.159,0,10,0.005,0.025,4887,1,0,0.24718641293226928,False
1,6,46,60,25,0.159,0,10,0.005,0.025,4561,0,0,0.2227581670686253,False
1,6,47,60,25,0.159,0,10,0.005,0.025,4475,0,0,0.22256983240223463,False
1,6,48,60,25,0.159,0,10,0.005,0.025,4404,0,0,0.2232061762034514,False
1,6,49,60,25,0.159,0,10,0.005,0.025,4329,0,0,0.2243012243012243,False
1,6,50,60,25,0.159,0,10,0.005,0.025,4282,1,0,0.22676319476879964,False
1,6,51,60,25,0.159,0,10,0.005,0.025,4241,0,0,0.23084178259844376,False
1,6,52,60,25,0.159,0,10,0.005,0.025,4170,0,0,0.23309352517985613,False
1,7,1,60,25,0.159,0,10,0.005,0.025,4113,0,0,0.2360807196693411,False
1,7,2,60,25,0.159,0,10,0.005,0.025,4058,0,0,0.23755544603252834,False
1,7,3,60,25,0.159,0,10,0.005,0.025,3995,0,0,0.24030037546933666,False
1,7,4,60,25,0.159,0,10,0.005,0.025,3948,0,0,0.2439209726443769,False
1,7,5,60,25,0.159,0,10,0.005,0.025,3896,0,0,0.24589322381930184,False
1,7,6,60,25,0.159,0,10,0.005,0.025,3856,0,0,0.2474066390041494,False
1,7,7,60,25,0.159,0,10,0.005,0.025,3796,0,0,0.25,False
1,7,8,60,25,0.159,0,10,0.005,0.025,3755,0,0,0.251930758988016,False
1,7,9,60,25,0.159,0,10,0.005,0.025,3712,0,0,0.2535021551724138,False
1,7,10,60,25,0.159,0,10,0.005,0.025,3667,0,0,0.2574311426233979,False
1,7,11,60,25,0.159,0,10,0.005,0.025,3622,0,0,0.26173384870237437,False
1,7,12,60,25,0.159,0,10,0.005,0.025,3586,0,0,0.26268823201338537,False
1,7,13,60,25,0.159,0,10,0.005,0.025,3546,0,0,0.2639593908629442,False
1,7,14,60,25,0.159,0,10,0.005,0.025,3496,0,0,0.266304347826087,False
1,7,15,60,25,0.159,0,10,0.005,0.025,3447,0,0,0.26718885987815494,True
1,7,16,60,25,0.159,0,10,0.005,0.025,3402,0,0,0.2698412698412698,True
1,7,17,60,25,0.159,0,10,0.005,0.025,3355,0,0,0.27034277198211626,True
1,7,18,60,25,0.159,0,10,0.005,0.025,7449,0,0,0.12444623439387838,True
1,7,19,60,25,0.159,0,10,0.005,0.025,7302,0,0,0.1265406737880033,True
1,7,20,60,25,0.159,0,10,0.005,0.025,7150,0,0,0.13076923076923078,True
1,7,21,60,25,0.159,0,10,0.005,0.025,7010,0,0,0.13423680456490727,True
1,7,22,60,25,0.159,0,10,0.005,0.025,6867,0,0,0.13877967088976265,True
1,7,23,60,25,0.159,0,10,0.005,0.025,6672,0,0,0.1420863309352518,True
1,7,24,60,25,0.159,0,10,0.005,0.025,6512,0,0,0.14634520884520885,True
1,7,25,60,25,0.159,0,10,0.005,0.025,6343,0,0,0.1504020179725682,True
1,7,26,60,25,0.159,0,10,0.005,0.025,6210,0,0,0.15426731078904993,True
1,7,27,60,25,0.159,0,10,0.005,0.025,6085,0,0,0.15760065735414955,True
1,7,28,60,25,0.159,0,10,0.005,0.025,5942,0,0,0.1593739481656008,True
1,7,29,60,25,0.159,0,10,0.005,0.025,5779,0,0,0.1628309396089289,True
1,7,30,60,25,0.159,0,10,0.005,0.025,5629,0,0,0.16574880085272695,True
1,7,31,60,25,0.159,0,10,0.005,0.025,5491,0,0,0.16936805682025133,True
1,7,32,60,25,0.159,0,10,0.005,0.025,5381,0,0,0.1730161679985133,True
1,7,33,60,25,0.159,0,10,0.005,0.025,5257,0,0,0.17405364276203159,True
1,7,34,60,25,0.159,0,10,0.005,0.025,5149,0,0,0.17809283355991454,True
1,7,35,60,25,0.159,0,10,0.005,0.025,5041,0,0,0.18051973814719302,True
1,7,36,60,25,0.159,0,10,0.005,0.025,4916,0,0,0.18572009764035802,True
1,7,37,60,25,0.159,0,10,0.005,0.025,4794,0,0,0.18710888610763454,True
1,7,38,60,25,0.159,0,10,0.005,0.025,4724,0,0,0.1917866215071973,True
1,7,39,60,25,0.159,0,10,0.005,0.025,4658,0,0,0.19386002576212966,True
1,7,40,60,25,0.159,0,10,0.005,0.025,4596,0,0,0.19865100087032203,True
1,7,41,60,25,0.159,0,10,0.005,0.025,5051,0,0,0.24549594139774303,True
1,7,42,60,25,0.159,0,10,0.005,0.025,5065,0,0,0.25172754195459035,True
1,7,43,60,25,0.159,0,10,0.005,0.025,5043,0,0,0.25361887765219115,True
1,7,44,60,25,0.159,0,10,0.005,0.025,5029,0,0,0.25790415589580434,True
1,7,45,60,25,0.159,0,10,0.005,0.025,5003,0,0,0.25904457325604635,True
1,7,46,60,25,0.159,0,10,0.005,0.025,4659,0,0,0.2376046361880232,True
1,7,47,60,25,0.159,0,10,0.005,0.025,4540,0,0,0.23171806167400882,True
1,7,48,60,25,0.159,0,10,0.005,0.025,4454,0,0,0.23192635832959138,True
1,7,49,60,25,0.159,0,10,0.005,0.025,4396,0,0,0.2311191992720655,True
1,7,50,60,25,0.159,0,10,0.005,0.025,4336,0,0,0.23178044280442806,True
1,7,51,60,25,0.159,0,10,0.005,0.025,4276,0,0,0.23269410664172124,True
1,7,52,60,25,0.159,0,10,0.005,0.025,4216,0,0,0.23529411764705882,True
1,8,1,60,25,0.159,0,10,0.005,0.025,4169,0,0,0.23674742144399136,True
1,8,2,60,25,0.159,0,10,0.005,0.025,4107,0,0,0.23861699537375214,True
1,8,3,60,25,0.159,0,10,0.005,0.025,4051,0,0,0.2401876079980252,True
1,8,4,60,25,0.159,0,10,0.005,0.025,3996,0,0,0.243993993993994,True
1,8,5,60,25,0.159,0,10,0.005,0.025,3952,0,0,0.2472165991902834,True
1,8,6,60,25,0.159,0,10,0.005,0.025,3906,0,0,0.24782386072708654,True
1,8,7,60,25,0.159,0,10,0.005,0.025,3858,0,0,0.24935199585277346,True
1,8,8,60,25,0.159,0,10,0.005,0.025,3793,0,0,0.24993408911152123,True
1,8,9,60,25,0.159,0,10,0.005,0.025,3746,0,0,0.2546716497597437,True
1,8,10,60,25,0.159,0,10,0.005,0.025,3704,0,0,0.25674946004319654,True
1,8,11,60,25,0.159,0,10,0.005,0.025,3646,0,0,0.2575425123422929,True
1,8,12,60,25,0.159,0,10,0.005,0.025,3616,0,0,0.25995575221238937,True
1,8,13,60,25,0.159,0,10,0.005,0.025,3576,0,0,0.2625838926174497,True
1,8,14,60,25,0.159,0,10,0.005,0.025,3517,0,0,0.26528291157236283,True
1,8,15,60,25,0.159,0,10,0.005,0.025,3469,0,0,0.26866532141827615,True
1,8,16,60,25,0.159,0,10,0.005,0.025,3427,0,0,0.2710825795156113,True
1,8,17,60,25,0.159,0,10,0.005,0.025,3392,0,0,0.27270047169811323,True
1,8,18,60,25,0.159,0,10,0.005,0.025,7700,0,0,0.12298701298701299,True
1,8,19,60,25,0.159,0,10,0.005,0.025,7541,0,0,0.12597798700437607,True
1,8,20,60,25,0.159,0,10,0.005,0.025,7369,0,0,0.12851133125254444,True
1,8,21,60,25,0.159,0,10,0.005,0.025,7185,0,0,0.13194154488517745,True
1,8,22,60,25,0.159,0,10,0.005,0.025,6988,0,0,0.135661133371494,True
1,8,23,60,25,0.159,0,10,0.005,0.025,6854,0,0,0.13962649547709366,True
1,8,24,60,25,0.159,0,10,0.005,0.025,6692,0,0,0.1427077106993425,True
1,8,25,60,25,0.159,0,10,0.005,0.025,6502,0,0,0.14703168255921256,True
1,8,26,60,25,0.159,0,10,0.005,0.025,6383,0,0,0.14977283409055303,True
1,8,27,60,25,0.159,0,10,0.005,0.025,6248,0,0,0.1533290653008963,True
1,8,28,60,25,0.159,0,10,0.005,0.025,6101,0,0,0.15767906900508113,True
1,8,29,60,25,0.159,0,10,0.005,0.025,5965,0,0,0.16077116512992456,True
1,8,30,60,25,0.159,0,10,0.005,0.025,5845,0,0,0.16270316509837468,True
1,8,31,60,25,0.159,0,10,0.005,0.025,5756,0,0,0.1655663655316192,True
1,8,32,60,25,0.159,0,10,0.005,0.025,5593,0,0,0.16806722689075632,True
1,8,33,60,25,0.159,0,10,0.005,0.025,5505,0,0,0.17257039055404177,True
1,8,34,60,25,0.159,0,10,0.005,0.025,5406,0,0,0.17591564927857936,True
1,8,35,60,25,0.159,0,10,0.005,0.025,5284,0,0,0.17922028766086298,True
1,8,36,60,25,0.159,0,10,0.005,0.025,5158,0,0,0.18301667312911982,True
1,8,37,60,25,0.159,0,10,0.005,0.025,5050,0,0,0.18792079207920792,True
1,8,38,60,25,0.159,0,10,0.005,0.025,4970,0,0,0.18993963782696177,True
1,8,39,60,25,0.159,0,10,0.005,0.025,4906,0,0,0.1924174480228292,True
1,8,40,60,25,0.159,0,10,0.005,0.025,4840,0,0,0.1952479338842975,True
1,8,41,60,25,0.159,0,10,0.005,0.025,5334,0,0,0.2425946756655418,True
1,8,42,60,25,0.159,0,10,0.005,0.025,5387,0,0,0.2519027287915352,True
1,8,43,60,25,0.159,0,10,0.005,0.025,5298,0,0,0.2491506228765572,True
1,8,44,60,25,0.159,0,10,0.005,0.025,5259,0,0,0.2523293401787412,True
1,8,45,60,25,0.159,0,10,0.005,0.025,5246,0,0,0.25505146778497906,True
1,8,46,60,25,0.159,0,10,0.005,0.025,4872,0,0,0.23357963875205254,True
1,8,47,60,25,0.159,0,10,0.005,0.025,4764,0,0,0.23089840470193115,True
1,8,48,60,25,0.159,0,10,0.005,0.025,4674,0,0,0.23127941805733848,True
1,8,49,60,25,0.159,0,10,0.005,0.025,4611,0,0,0.23335502060290608,True
1,8,50,60,25,0.159,0,10,0.005,0.025,4545,0,0,0.23476347634763475,True
1,8,51,60,25,0.159,0,10,0.005,0.025,4500,0,0,0.23822222222222222,True
1,8,52,60,25,0.159,0,10,0.005,0.025,4438,0,0,0.2377196935556557,True
1,9,1,60,25,0.159,0,10,0.005,0.025,4398,0,0,0.2407912687585266,True
1,9,2,60,25,0.159,0,10,0.005,0.025,4334,0,0,0.245269958467928,True
1,9,3,60,25,0.159,0,10,0.005,0.025,4289,0,0,0.2471438563767778,True
1,9,4,60,25,0.159,0,10,0.005,0.025,4233,0,0,0.24875974486180014,True
1,9,5,60,25,0.159,0,10,0.005,0.025,4178,0,0,0.25131641933939686,True
1,9,6,60,25,0.159,0,10,0.005,0.025,4125,0,0,0.2526060606060606,True
1,9,7,60,25,0.159,0,10,0.005,0.025,4086,0,0,0.254282917278512,True
1,9,8,60,25,0.159,0,10,0.005,0.025,4040,0,0,0.25643564356435644,True
1,9,9,60,25,0.159,0,10,0.005,0.025,3992,0,0,0.2597695390781563,True
1,9,10,60,25,0.159,0,10,0.005,0.025,3949,0,0,0.2618384401114206,True
1,9,11,60,25,0.159,0,10,0.005,0.025,3913,0,0,0.2652696141068234,True
1,9,12,60,25,0.159,0,10,0.005,0.025,3854,0,0,0.26595744680851063,True
1,9,13,60,25,0.159,0,10,0.005,0.025,3807,0,0,0.26897819805621226,True
1,9,14,60,25,0.159,0,10,0.005,0.025,3765,0,0,0.2703851261620186,True
1,9,15,60,25,0.159,0,10,0.005,0.025,3714,0,0,0.2724824986537426,True
1,9,16,60,25,0.159,0,10,0.005,0.025,3667,0,0,0.2757022088901009,True
1,9,17,60,25,0.159,0,10,0.005,0.025,3626,0,0,0.2796469939327082,True
1,9,18,60,25,0.159,0,10,0.005,0.025,7462,0,0,0.12168319485392656,True
1,9,19,60,25,0.159,0,10,0.005,0.025,7319,0,0,0.12392403333788769,True
1,9,20,60,25,0.159,0,10,0.005,0.025,7205,0,0,0.12685634975711313,True
1,9,21,60,25,0.159,0,10,0.005,0.025,7029,0,0,0.1298904538341158,True
1,9,22,60,25,0.159,0,10,0.005,0.025,6859,0,0,0.1338387520046654,True
1,9,23,60,25,0.159,0,10,0.005,0.025,6721,0,0,0.13614045528939145,True
1,9,24,60,25,0.159,0,10,0.005,0.025,6585,0,0,0.13971146545178437,True
1,9,25,60,25,0.159,0,10,0.005,0.025,6413,0,0,0.14314673319819118,True
1,9,26,60,25,0.159,0,10,0.005,0.025,6292,0,0,0.1458995549904641,True
1,9,27,60,25,0.159,0,10,0.005,0.025,6118,0,0,0.14923177508989866,True
1,9,28,60,25,0.159,0,10,0.005,0.025,5998,0,0,0.152217405801934,True
1,9,29,60,25,0.159,0,10,0.005,0.025,5874,0,0,0.1561116785835887,True
1,9,30,60,25,0.159,0,10,0.005,0.025,5726,0,0,0.1608452672022354,True
1,9,31,60,25,0.159,0,10,0.005,0.025,5624,0,0,0.1642958748221906,True
1,9,32,60,25,0.159,0,10,0.005,0.025,5498,0,0,0.16660603855947617,True
1,9,33,60,25,0.159,0,10,0.005,0.025,5375,0,0,0.1706046511627907,True
1,9,34,60,25,0.159,0,10,0.005,0.025,5288,0,0,0.17341149773071105,True
1,9,35,60,25,0.159,0,10,0.005,0.025,5197,0,0,0.17702520685010584,True
1,9,36,60,25,0.159,0,10,0.005,0.025,5107,0,0,0.18034070883101624,True
1,9,37,60,25,0.159,0,10,0.005,0.025,5021,0,0,0.18442541326429,True
1,9,38,60,25,0.159,0,10,0.005,0.025,4947,0,0,0.1873862947240752,True
1,9,39,60,25,0.159,0,10,0.005,0.025,4875,0,0,0.18933333333333333,True
1,9,40,60,25,0.159,0,10,0.005,0.025,4804,0,0,0.19296419650291424,True
1,9,41,60,25,0.159,0,10,0.005,0.025,5342,0,0,0.2414825907899663,True
1,9,42,60,25,0.159,0,10,0.005,0.025,5317,0,0,0.25032913296971976,True
1,9,43,60,25,0.159,0,10,0.005,0.025,5270,0,0,0.2544592030360531,True
1,9,44,60,25,0.159,0,10,0.005,0.025,5265,0,0,0.2518518518518518,True
1,9,45,60,25,0.159,0,10,0.005,0.025,5217,0,0,0.25416906267970096,True
1,9,46,60,25,0.159,0,10,0.005,0.025,4844,0,0,0.22811725846407926,True
1,9,47,60,25,0.159,0,10,0.005,0.025,4748,0,0,0.22472620050547598,True
1,9,48,60,25,0.159,0,10,0.005,0.025,4678,0,0,0.22530996152201796,True
1,9,49,60,25,0.159,0,10,0.005,0.025,4611,0,0,0.2257644762524398,True
1,9,50,60,25,0.159,0,10,0.005,0.025,4555,0,0,0.2261251372118551,True
1,9,51,60,25,0.159,0,10,0.005,0.025,4509,0,0,0.22931913949878022,True
1,9,52,60,25,0.159,0,10,0.005,0.025,4433,0,0,0.2294157455447778,True
1,10,1,60,25,0.159,0,10,0.005,0.025,4386,0,0,0.23369813041495668,True
1,10,2,60,25,0.159,0,10,0.005,0.025,4324,0,0,0.23404255319148937,True
1,10,3,60,25,0.159,0,10,0.005,0.025,4285,0,0,0.23780630105017503,True
1,10,4,60,25,0.159,0,10,0.005,0.025,4215,0,0,0.24033214709371292,True
1,10,5,60,25,0.159,0,10,0.005,0.025,4170,0,0,0.2422062350119904,True
1,10,6,60,25,0.159,0,10,0.005,0.025,4130,0,0,0.24552058111380146,True
1,10,7,60,25,0.159,0,10,0.005,0.025,4085,0,0,0.2467564259485924,True
1,10,8,60,25,0.159,0,10,0.005,0.025,4059,0,0,0.24932249322493225,True
1,10,9,60,25,0.159,0,10,0.005,0.025,4011,0,0,0.2505609573672401,True
1,10,10,60,25,0.159,0,10,0.005,0.025,3974,0,0,0.25339708102667335,True
1,10,11,60,25,0.159,0,10,0.005,0.025,3944,0,0,0.25557809330628806,True
1,10,12,60,25,0.159,0,10,0.005,0.025,3911,0,0,0.2579902838148811,True
1,10,13,60,25,0.159,0,10,0.005,0.025,3878,0,0,0.26224858174316656,True
1,10,14,60,25,0.159,0,10,0.005,0.025,3852,0,0,0.2681723779854621,True
1,10,15,60,25,0.159,0,10,0.005,0.025,3823,0,0,0.27125294271514516,True
1,10,16,60,25,0.159,0,10,0.005,0.025,3783,0,0,0.27094898228918846,True
1,10,17,60,25,0.159,0,10,0.005,0.025,3753,0,0,0.2728483879563016,True
1,10,18,60,25,0.159,0,10,0.005,0.025,8097,0,0,0.1216499938248734,True
1,10,19,60,25,0.159,0,10,0.005,0.025,7948,0,0,0.12367891293407146,True
1,10,20,60,25,0.159,0,10,0.005,0.025,7818,0,0,0.128805321053978,True
1,10,21,60,25,0.159,0,10,0.005,0.025,7667,0,0,0.13225511934263728,True
1,10,22,60,25,0.159,0,10,0.005,0.025,7497,0,0,0.13485394157663066,True
1,10,23,60,25,0.159,0,10,0.005,0.025,7307,0,0,0.13794991104420418,True
1,10,24,60,25,0.159,0,10,0.005,0.025,7144,0,0,0.14151735722284434,True
1,10,25,60,25,0.159,0,10,0.005,0.025,7012,0,0,0.1446092413006275,True
1,10,26,60,25,0.159,0,10,0.005,0.025,6870,0,0,0.14818049490538573,True
1,10,27,60,25,0.159,0,10,0.005,0.025,6700,0,0,0.15238805970149255,True
1,10,28,60,25,0.159,0,10,0.005,0.025,6587,0,0,0.15576134810991346,True
1,10,29,60,25,0.159,0,10,0.005,0.025,6452,0,0,0.15995040297582144,True
1,10,30,60,25,0.159,0,10,0.005,0.025,6305,0,0,0.16431403647898493,True
1,10,31,60,25,0.159,0,10,0.005,0.025,6165,0,0,0.16901865369018654,True
1,10,32,60,25,0.159,0,10,0.005,0.025,6036,0,0,0.17213386348575216,True
1,10,33,60,25,0.159,0,10,0.005,0.025,5923,0,0,0.17710619618436604,True
1,10,34,60,25,0.159,0,10,0.005,0.025,5810,0,0,0.1802065404475043,True
1,10,35,60,25,0.159,0,10,0.005,0.025,5740,0,0,0.18222996515679443,True
1,10,36,60,25,0.159,0,10,0.005,0.025,5631,0,0,0.18646776771443793,True
1,10,37,60,25,0.159,0,10,0.005,0.025,5530,0,0,0.1895117540687161,True
1,10,38,60,25,0.159,0,10,0.005,0.025,5444,0,0,0.19158706833210876,True
1,10,39,60,25,0.159,0,10,0.005,0.025,5357,0,0,0.19525854022773942,True
1,10,40,60,25,0.159,0,10,0.005,0.025,5300,0,0,0.19716981132075473,True
1,10,41,60,25,0.159,0,10,0.005,0.025,5746,0,0,0.23999303863557256,True
1,10,42,60,25,0.159,0,10,0.005,0.025,5747,0,0,0.24238733252131547,True
1,10,43,60,25,0.159,0,10,0.005,0.025,5711,0,0,0.24969357380493784,True
1,10,44,60,25,0.159,0,10,0.005,0.025,5680,0,0,0.25140845070422535,True
1,10,45,60,25,0.159,0,10,0.005,0.025,5585,0,0,0.2495971351835273,True
1,10,46,60,25,0.159,0,10,0.005,0.025,5227,0,0,0.22804668069638415,True
1,10,47,60,25,0.159,0,10,0.005,0.025,5097,0,0,0.2268000784775358,True
1,10,48,60,25,0.159,0,10,0.005,0.025,5027,0,0,0.22578078376765467,True
1,10,49,60,25,0.159,0,10,0.005,0.025,4953,0,0,0.22895215021199272,True
1,10,50,60,25,0.159,0,10,0.005,0.025,4865,0,0,0.22939362795477902,True
1,10,51,60,25,0.159,0,10,0.005,0.025,4812,0,0,0.23067331670822944,True
1,10,52,60,25,0.159,0,10,0.005,0.025,4740,0,0,0.23586497890295358,True
1,11,1,60,25,0.159,0,10,0.005,0.025,4694,0,0,0.23604601619088197,True
1,11,2,60,25,0.159,0,10,0.005,0.025,4645,0,0,0.24004305705059203,True
1,11,3,60,25,0.159,0,10,0.005,0.025,4605,0,0,0.24125950054288817,True
1,11,4,60,25,0.159,0,10,0.005,0.025,4556,0,0,0.24451273046532046,True
1,11,5,60,25,0.159,0,10,0.005,0.025,4509,0,0,0.24839210467952982,True
1,11,6,60,25,0.159,0,10,0.005,0.025,4470,0,0,0.2505592841163311,True
1,11,7,60,25,0.159,0,10,0.005,0.025,4417,0,0,0.2528865745981435,True
1,11,8,60,25,0.159,0,10,0.005,0.025,4357,0,0,0.2561395455588708,True
1,11,9,60,25,0.159,0,10,0.005,0.025,4304,0,0,0.25813197026022305,True
1,11,10,60,25,0.159,0,10,0.005,0.025,4257,0,0,0.2612168193563542,True
1,11,11,60,25,0.159,0,10,0.005,0.025,4218,0,0,0.26458036984352773,True
1,11,12,60,25,0.159,0,10,0.005,0.025,4177,0,0,0.2657409624132152,True
1,11,13,60,25,0.159,0,10,0.005,0.025,4126,0,0,0.26781386330586526,True
1,11,14,60,25,0.159,0,10,0.005,0.025,4088,0,0,0.2707925636007828,True
1,11,15,60,25,0.159,0,10,0.005,0.025,4044,0,0,0.2734915924826904,True
1,11,16,60,25,0.159,0,10,0.005,0.025,3997,0,0,0.2752064048036027,True
1,11,17,60,25,0.159,0,10,0.005,0.025,3956,0,0,0.2788169868554095,True
1,11,18,60,25,0.159,0,10,0.005,0.025,8633,0,0,0.11988879879532029,True
1,11,19,60,25,0.159,0,10,0.005,0.025,8486,0,0,0.12302616073532878,True
1,11,20,60,25,0.159,0,10,0.005,0.025,8294,0,0,0.1268386785628165,True
1,11,21,60,25,0.159,0,10,0.005,0.025,8083,0,0,0.12990226401088706,True
1,11,22,60,25,0.159,0,10,0.005,0.025,7886,0,0,0.1322597007354806,True
1,11,23,60,25,0.159,0,10,0.005,0.025,7705,0,0,0.13588578844905905,True
1,11,24,60,25,0.159,0,10,0.005,0.025,7557,0,0,0.13907635305015217,True
1,11,25,60,25,0.159,0,10,0.005,0.025,7413,0,0,0.14326183731282882,True
1,11,26,60,25,0.159,0,10,0.005,0.025,7234,0,0,0.14680674592203483,True
1,11,27,60,25,0.159,0,10,0.005,0.025,7087,0,0,0.15126287568787922,True
1,11,28,60,25,0.159,0,10,0.005,0.025,6935,0,0,0.15457822638788754,True
1,11,29,60,25,0.159,0,10,0.005,0.025,6783,0,0,0.15789473684210525,True
1,11,30,60,25,0.159,0,10,0.005,0.025,6650,0,0,0.16255639097744362,True
1,11,31,60,25,0.159,0,10,0.005,0.025,6512,0,0,0.1656941031941032,True
1,11,32,60,25,0.159,0,10,0.005,0.025,6370,0,0,0.16797488226059654,True
1,11,33,60,25,0.159,0,10,0.005,0.025,6257,0,0,0.17292632251877896,True
1,11,34,60,25,0.159,0,10,0.005,0.025,6153,0,0,0.17438647814074434,True
1,11,35,60,25,0.159,0,10,0.005,0.025,6047,0,0,0.17810484537787333,True
1,11,36,60,25,0.159,0,10,0.005,0.025,5934,0,0,0.18149646107178968,True
1,11,37,60,25,0.159,0,10,0.005,0.025,5816,0,0,0.18311554332874827,True
1,11,38,60,25,0.159,0,10,0.005,0.025,5745,0,0,0.1865970409051349,True
1,11,39,60,25,0.159,0,10,0.005,0.025,5665,0,0,0.19029126213592232,True
1,11,40,60,25,0.159,0,10,0.005,0.025,5570,0,0,0.19263913824057452,True
1,11,41,60,25,0.159,0,10,0.005,0.025,6122,0,0,0.2427311336164652,True
1,11,42,60,25,0.159,0,10,0.005,0.025,6101,0,0,0.24799213243730536,True
1,11,43,60,25,0.159,0,10,0.005,0.025,6067,0,0,0.2510301631778474,True
1,11,44,60,25,0.159,0,10,0.005,0.025,5990,0,0,0.24858096828046744,True
1,11,45,60,25,0.159,0,10,0.005,0.025,5907,0,0,0.24919586930760115,True
1,11,46,60,25,0.159,0,10,0.005,0.025,5502,0,0,0.22591784805525264,True
1,11,47,60,25,0.159,0,10,0.005,0.025,5342,0,0,0.22145263946087607,True
1,11,48,60,25,0.159,0,10,0.005,0.025,5245,0,0,0.2223069590085796,True
1,11,49,60,25,0.159,0,10,0.005,0.025,5129,0,0,0.2246051861961396,True
1,11,50,60,25,0.159,0,10,0.005,0.025,5056,0,0,0.22409018987341772,True
1,11,51,60,25,0.159,0,10,0.005,0.025,5012,0,0,0.22745411013567438,True
1,11,52,60,25,0.159,0,10,0.005,0.025,4959,0,0,0.230288364589635,True
1,1,1,60,25,0.3,0,10,0.005,0.025,5653,0,0,0.0024765611179904477,True
1,1,2,60,25,0.3,0,10,0.005,0.025,5554,0,0,0.0041411595246669064,True
1,1,3,60,25,0.3,0,10,0.005,0.025,5452,0,0,0.0062362435803374906,True
1,1,4,60,25,0.3,0,10,0.005,0.025,5362,0,0,0.008205893323386795,True
1,1,5,60,25,0.3,0,10,0.005,0.025,5331,0,0,0.010879759894954042,True
1,1,6,60,25,0.3,0,10,0.005,0.025,5301,0,0,0.012261837389171854,True
1,1,7,60,25,0.3,0,10,0.005,0.025,5277,0,0,0.013454614364222095,True
1,1,8,60,25,0.3,0,10,0.005,0.025,5242,0,0,0.014689049980923312,True
1,1,9,60,25,0.3,0,10,0.005,0.025,5223,0,0,0.017422937009381582,True
1,1,10,60,25,0.3,0,10,0.005,0.025,5187,0,0,0.0192789666473877,True
1,1,11,60,25,0.3,0,10,0.005,0.025,5154,0,0,0.02173069460613116,True
1,1,12,60,25,0.3,0,10,0.005,0.025,5124,0,0,0.02302888368462139,True
1,1,13,60,25,0.3,0,10,0.005,0.025,5075,0,0,0.025221674876847292,True
1,1,14,60,25,0.3,0,10,0.005,0.025,5049,0,0,0.027332144979203804,True
1,1,15,60,25,0.3,0,10,0.005,0.025,5010,0,0,0.029141716566866267,True
1,1,16,60,25,0.3,0,10,0.005,0.025,4984,0,0,0.03130016051364366,True
1,1,17,60,25,0.3,0,10,0.005,0.025,4949,0,0,0.033744190745605175,True
1,1,18,60,25,0.3,0,10,0.005,0.025,14190,0,0,0.013460183227625088,True
1,1,19,60,25,0.3,0,10,0.005,0.025,13861,0,0,0.015439001515042204,True
1,1,20,60,25,0.3,0,10,0.005,0.025,13537,0,0,0.01721208539558248,True
1,1,21,60,25,0.3,0,10,0.005,0.025,13247,0,0,0.019853551747565486,True
1,1,22,60,25,0.3,0,10,0.005,0.025,12900,0,0,0.021550387596899225,True
1,1,23,60,25,0.3,0,10,0.005,0.025,12559,0,0,0.02348913130026276,True
1,1,24,60,25,0.3,0,10,0.005,0.025,12286,0,0,0.025638938629334203,True
1,1,25,60,25,0.3,0,10,0.005,0.025,12010,0,0,0.027726894254787676,True
1,1,26,60,25,0.3,0,10,0.005,0.025,11701,0,0,0.03016836167848902,True
1,1,27,60,25,0.3,0,10,0.005,0.025,11422,0,0,0.03143057257923306,True
1,1,28,60,25,0.3,0,10,0.005,0.025,11152,0,0,0.03308823529411765,True
1,1,29,60,25,0.3,0,10,0.005,0.025,10922,0,0,0.03579930415674785,True
1,1,30,60,25,0.3,0,10,0.005,0.025,10681,0,0,0.037262428611553225,True
1,1,31,60,25,0.3,0,10,0.005,0.025,10451,0,0,0.039804803368098746,True
1,1,32,60,25,0.3,0,10,0.005,0.025,10184,0,0,0.042124901806755696,True
1,1,33,60,25,0.3,0,10,0.005,0.025,9931,0,0,0.042895982277716245,True
1,1,34,60,25,0.3,0,10,0.005,0.025,9729,0,0,0.04388940281632234,True
1,1,35,60,25,0.3,0,10,0.005,0.025,9476,0,0,0.04643309413254538,True
1,1,36,60,25,0.3,0,10,0.005,0.025,9269,0,0,0.04941201855647859,True
1,1,37,60,25,0.3,0,10,0.005,0.025,9063,0,0,0.05108683658832616,True
1,1,38,60,25,0.3,0,10,0.005,0.025,8902,0,0,0.05302179285553808,True
1,1,39,60,25,0.3,0,10,0.005,0.025,8740,0,0,0.054576659038901604,True
1,1,40,60,25,0.3,0,10,0.005,0.025,8595,0,0,0.055264688772542175,True
1,1,41,60,25,0.3,0,10,0.005,0.025,8514,0,0,0.06647874089734555,True
1,1,42,60,25,0.3,0,10,0.005,0.025,8401,0,0,0.06880133317462207,True
1,1,43,60,25,0.3,0,10,0.005,0.025,8306,0,0,0.07223693715386467,True
1,1,44,60,25,0.3,0,10,0.005,0.025,8231,0,0,0.07593245049204228,True
1,1,45,60,25,0.3,0,10,0.005,0.025,8163,0,0,0.07926007595246845,True
1,1,46,60,25,0.3,0,10,0.005,0.025,7964,0,0,0.07822702159718735,True
1,1,47,60,25,0.3,0,10,0.005,0.025,7857,0,0,0.07954690085274278,True
1,1,48,60,25,0.3,0,10,0.005,0.025,7775,0,0,0.08231511254019293,True
1,1,49,60,25,0.3,0,10,0.005,0.025,7670,0,0,0.08565840938722295,True
1,1,50,60,25,0.3,0,10,0.005,0.025,7560,0,0,0.0873015873015873,True
1,1,51,60,25,0.3,0,10,0.005,0.025,7465,0,0,0.08948425987943738,True
1,1,52,60,25,0.3,0,10,0.005,0.025,7361,0,0,0.09292215731558212,True
1,2,1,60,25,0.3,0,10,0.005,0.025,7246,7,0,0.09674303063759315,False
1,2,2,60,25,0.3,0,10,0.005,0.025,7152,7,0,0.09829418344519016,False
1,2,3,60,25,0.3,0,10,0.005,0.025,7052,7,0,0.10053885422575155,False
1,2,4,60,25,0.3,0,10,0.005,0.025,6982,7,4,0.10183328559152105,False
1,2,5,60,25,0.3,0,10,0.005,0.025,6887,270,5,0.10410919122985335,False
1,2,6,60,25,0.3,0,10,0.005,0.025,6784,346,45,0.10716391509433962,False
1,2,7,60,25,0.3,0,10,0.005,0.025,6700,547,122,0.10970149253731343,False
1,2,8,60,25,0.3,0,10,0.005,0.025,6568,612,195,0.11221071863580999,False
1,2,9,60,25,0.3,0,10,0.005,0.025,6407,608,239,0.11581083190260652,False
1,2,10,60,25,0.3,0,10,0.005,0.025,6193,560,237,0.11965121911835944,False
1,2,11,60,25,0.3,0,10,0.005,0.025,5983,473,225,0.12318234999164299,False
1,2,12,60,25,0.3,0,10,0.005,0.025,5769,435,197,0.12740509620384816,False
1,2,13,60,25,0.3,0,10,0.005,0.025,5579,382,166,0.13156479655852305,False
1,2,14,60,25,0.3,0,10,0.005,0.025,5395,319,144,0.13586654309545876,False
1,2,15,60,25,0.3,0,10,0.005,0.025,5260,269,118,0.13840304182509505,False
1,2,16,60,25,0.3,0,10,0.005,0.025,5115,216,102,0.1421309872922776,False
1,2,17,60,25,0.3,0,10,0.005,0.025,5001,169,91,0.14657068586282743,False
1,2,18,60,25,0.3,0,10,0.005,0.025,9959,132,63,0.07500753087659404,False
1,2,19,60,25,0.3,0,10,0.005,0.025,9686,172,50,0.07836052033863308,False
1,2,20,60,25,0.3,0,10,0.005,0.025,9425,176,48,0.08148541114058355,False
1,2,21,60,25,0.3,0,10,0.005,0.025,9131,174,52,0.08542328332055635,False
1,2,22,60,25,0.3,0,10,0.005,0.025,8914,170,69,0.08873681848777204,False
1,2,23,60,25,0.3,0,10,0.005,0.025,8672,131,57,0.09305811808118081,False
1,2,24,60,25,0.3,0,10,0.005,0.025,8462,113,56,0.09714015599149137,False
1,2,25,60,25,0.3,0,10,0.005,0.025,8247,88,48,0.09979386443555233,False
1,2,26,60,25,0.3,0,10,0.005,0.025,8047,64,29,0.10326829874487387,False
1,2,27,60,25,0.3,0,10,0.005,0.025,7884,51,25,0.10514967021816336,False
1,2,28,60,25,0.3,0,10,0.005,0.025,7731,47,26,0.10852412365800027,False
1,2,29,60,25,0.3,0,10,0.005,0.025,7562,34,21,0.1116106850039672,False
1,2,30,60,25,0.3,0,10,0.005,0.025,7353,22,10,0.1142390860873113,False
1,2,31,60,25,0.3,0,10,0.005,0.025,7217,15,9,0.11680753775807122,False
1,2,32,60,25,0.3,0,10,0.005,0.025,7096,13,6,0.12063134160090191,False
1,2,33,60,25,0.3,0,10,0.005,0.025,6969,6,2,0.12297316688190559,False
1,2,34,60,25,0.3,0,10,0.005,0.025,6797,6,3,0.12505517139914668,False
1,2,35,60,25,0.3,0,10,0.005,0.025,6645,4,4,0.12836719337848007,False
1,2,36,60,25,0.3,0,10,0.005,0.025,6496,5,3,0.13054187192118227,False
1,2,37,60,25,0.3,0,10,0.005,0.025,6389,2,1,0.13444983565503207,False
1,2,38,60,25,0.3,0,10,0.005,0.025,6300,3,1,0.13555555555555557,False
1,2,39,60,25,0.3,0,10,0.005,0.025,6214,2,0,0.13807531380753138,False
1,2,40,60,25,0.3,0,10,0.005,0.025,6139,2,0,0.1400879622088288,False
1,2,41,60,25,0.3,0,10,0.005,0.025,6284,2,0,0.16263526416295354,False
1,2,42,60,25,0.3,0,10,0.005,0.025,6253,2,2,0.16695985926755158,False
1,2,43,60,25,0.3,0,10,0.005,0.025,6179,11,2,0.1700922479365593,False
1,2,44,60,25,0.3,0,10,0.005,0.025,6107,9,3,0.17471753725233338,False
1,2,45,60,25,0.3,0,10,0.005,0.025,6062,146,6,0.17749917518970637,False
1,2,46,60,25,0.3,0,10,0.005,0.025,5859,168,30,0.17033623485236388,False
1,2,47,60,25,0.3,0,10,0.005,0.025,5788,312,64,0.17190739460953697,False
1,2,48,60,25,0.3,0,10,0.005,0.025,5705,377,108,0.17370727432077127,False
1,2,49,60,25,0.3,0,10,0.005,0.025,5621,414,149,0.17594734033090198,False
1,2,50,60,25,0.3,0,10,0.005,0.025,5503,384,170,0.17917499545702345,False
1,2,51,60,25,0.3,0,10,0.005,0.025,5374,359,159,0.18254558987718644,False
1,2,52,60,25,0.3,0,10,0.005,0.025,5230,296,128,0.18910133843212237,False
1,3,1,60,25,0.3,0,10,0.005,0.025,5113,256,114,0.1930373557598279,False
1,3,2,60,25,0.3,0,10,0.005,0.025,5014,229,110,0.1974471479856402,False
1,3,3,60,25,0.3,0,10,0.005,0.025,4908,195,102,0.20191524042379788,False
1,3,4,60,25,0.3,0,10,0.005,0.025,4804,161,78,0.20857618651124063,False
1,3,5,60,25,0.3,0,10,0.005,0.025,4688,126,53,0.2098976109215017,False
1,3,6,60,25,0.3,0,10,0.005,0.025,4596,103,41,0.21257615317667536,False
1,3,7,60,25,0.3,0,10,0.005,0.025,4508,82,43,0.21583850931677018,False
1,3,8,60,25,0.3,0,10,0.005,0.025,4439,70,42,0.22054516783059247,False
1,3,9,60,25,0.3,0,10,0.005,0.025,4371,48,31,0.22512010981468772,False
1,3,10,60,25,0.3,0,10,0.005,0.025,4303,36,21,0.22705089472461074,False
1,3,11,60,25,0.3,0,10,0.005,0.025,4250,24,13,0.2291764705882353,False
1,3,12,60,25,0.3,0,10,0.005,0.025,4193,20,9,0.23181492964464584,False
1,3,13,60,25,0.3,0,10,0.005,0.025,4148,15,5,0.23577627772420442,False
1,3,14,60,25,0.3,0,10,0.005,0.025,4082,13,4,0.23664870161685447,False
1,3,15,60,25,0.3,0,10,0.005,0.025,4025,11,5,0.23975155279503105,False
1,3,16,60,25,0.3,0,10,0.005,0.025,3983,9,6,0.24303288978157167,False
1,3,17,60,25,0.3,0,10,0.005,0.025,3938,5,5,0.244794311833418,False
1,3,18,60,25,0.3,0,10,0.005,0.025,9006,3,2,0.10681767710415278,False
1,3,19,60,25,0.3,0,10,0.005,0.025,8812,1,1,0.10996368588288698,False
1,3,20,60,25,0.3,0,10,0.005,0.025,8616,5,1,0.11304549675023212,False
1,3,21,60,25,0.3,0,10,0.005,0.025,8377,2,0,0.11734511161513668,False
1,3,22,60,25,0.3,0,10,0.005,0.025,8164,2,1,0.12028417442430181,False
1,3,23,60,25,0.3,0,10,0.005,0.025,7968,6,2,0.12336847389558232,False
1,3,24,60,25,0.3,0,10,0.005,0.025,7775,9,2,0.12784565916398713,False
1,3,25,60,25,0.3,0,10,0.005,0.025,7612,10,4,0.13071466106148186,False
1,3,26,60,25,0.3,0,10,0.005,0.025,7428,9,3,0.1342218632202477,False
1,3,27,60,25,0.3,0,10,0.005,0.025,7267,6,1,0.1374707582220999,False
1,3,28,60,25,0.3,0,10,0.005,0.025,7118,8,3,0.1410508569822984,False
1,3,29,60,25,0.3,0,10,0.005,0.025,6982,7,3,0.14551704382698366,False
1,3,30,60,25,0.3,0,10,0.005,0.025,6826,5,1,0.14957515382361558,False
1,3,31,60,25,0.3,0,10,0.005,0.025,6642,4,2,0.15236374585968082,False
1,3,32,60,25,0.3,0,10,0.005,0.025,6507,7,4,0.15629322268326418,False
1,3,33,60,25,0.3,0,10,0.005,0.025,6375,30,2,0.15905882352941175,False
1,3,34,60,25,0.3,0,10,0.005,0.025,6233,26,7,0.16348467832504412,False
1,3,35,60,25,0.3,0,10,0.005,0.025,6142,41,12,0.1655812438944969,False
1,3,36,60,25,0.3,0,10,0.005,0.025,6004,40,10,0.16838774150566288,False
1,3,37,60,25,0.3,0,10,0.005,0.025,5879,40,11,0.17247831263820376,False
1,3,38,60,25,0.3,0,10,0.005,0.025,5783,41,22,0.17482275635483313,False
1,3,39,60,25,0.3,0,10,0.005,0.025,5691,37,22,0.1776489193463363,False
1,3,40,60,25,0.3,0,10,0.005,0.025,5597,25,11,0.18098981597284258,False
1,3,41,60,25,0.3,0,10,0.005,0.025,5804,22,6,0.2101998621640248,False
1,3,42,60,25,0.3,0,10,0.005,0.025,5765,32,5,0.21179531656548134,False
1,3,43,60,25,0.3,0,10,0.005,0.025,5725,34,12,0.21729257641921398,False
1,3,44,60,25,0.3,0,10,0.005,0.025,5694,60,14,0.22198805760449597,False
1,3,45,60,25,0.3,0,10,0.005,0.025,5628,52,12,0.226545842217484,False
1,3,46,60,25,0.3,0,10,0.005,0.025,5421,99,20,0.2161962737502306,False
1,3,47,60,25,0.3,0,10,0.005,0.025,5327,120,33,0.21494274450910456,False
1,3,48,60,25,0.3,0,10,0.005,0.025,5247,135,46,0.216504669334858,False
1,3,49,60,25,0.3,0,10,0.005,0.025,5142,132,46,0.21723064955270324,False
1,3,50,60,25,0.3,0,10,0.005,0.025,5034,138,46,0.22069924513309497,False
1,3,51,60,25,0.3,0,10,0.005,0.025,4960,124,57,0.22560483870967743,False
1,3,52,60,25,0.3,0,10,0.005,0.025,4882,115,54,0.2290045063498566,False
1,4,1,60,25,0.3,0,10,0.005,0.025,4813,103,43,0.23291086640349054,False
1,4,2,60,25,0.3,0,10,0.005,0.025,4745,160,37,0.23709167544783982,False
1,4,3,60,25,0.3,0,10,0.005,0.025,4673,159,48,0.24074470361652045,False
1,4,4,60,25,0.3,0,10,0.005,0.025,4597,199,68,0.2440722210137046,False
1,4,5,60,25,0.3,0,10,0.005,0.025,4503,213,69,0.24805685098823008,False
1,4,6,60,25,0.3,0,10,0.005,0.025,4433,212,74,0.25332731784344686,False
1,4,7,60,25,0.3,0,10,0.005,0.025,4332,188,86,0.2562326869806094,False
1,4,8,60,25,0.3,0,10,0.005,0.025,4241,161,79,0.26149493044093375,False
1,4,9,60,25,0.3,0,10,0.005,0.025,4150,122,62,0.26674698795180724,False
1,4,10,60,25,0.3,0,10,0.005,0.025,4073,93,51,0.27105327768229803,False
1,4,11,60,25,0.3,0,10,0.005,0.025,3990,73,41,0.2739348370927318,False
1,4,12,60,25,0.3,0,10,0.005,0.025,3928,53,28,0.27876782077393075,False
1,4,13,60,25,0.3,0,10,0.005,0.025,3865,37,21,0.2820181112548512,False
1,4,14,60,25,0.3,0,10,0.005,0.025,3792,30,21,0.2845464135021097,False
1,4,15,60,25,0.3,0,10,0.005,0.025,3737,36,13,0.28793149585228794,False
1,4,16,60,25,0.3,0,10,0.005,0.025,3687,28,8,0.2910225115269867,False
1,4,17,60,25,0.3,0,10,0.005,0.025,3628,32,12,0.2941014332965821,False
1,4,18,60,25,0.3,0,10,0.005,0.025,8070,34,15,0.13271375464684015,False
1,4,19,60,25,0.3,0,10,0.005,0.025,7880,45,14,0.13629441624365482,False
1,4,20,60,25,0.3,0,10,0.005,0.025,7682,89,13,0.13928664410309816,False
1,4,21,60,25,0.3,0,10,0.005,0.025,7453,132,24,0.142492955856702,False
1,4,22,60,25,0.3,0,10,0.005,0.025,7266,149,41,0.1453344343517754,False
1,4,23,60,25,0.3,0,10,0.005,0.025,7031,153,55,0.15147205233963873,False
1,4,24,60,25,0.3,0,10,0.005,0.025,6856,148,65,0.1557759626604434,False
1,4,25,60,25,0.3,0,10,0.005,0.025,6657,128,58,0.15968153823043413,False
1,4,26,60,25,0.3,0,10,0.005,0.025,6489,109,45,0.16350747418708583,False
1,4,27,60,25,0.3,0,10,0.005,0.025,6322,89,38,0.16766845934830749,False
1,4,28,60,25,0.3,0,10,0.005,0.025,6176,78,33,0.1716321243523316,False
1,4,29,60,25,0.3,0,10,0.005,0.025,6033,64,28,0.17586606994861595,False
1,4,30,60,25,0.3,0,10,0.005,0.025,5907,51,25,0.17995598442525818,False
1,4,31,60,25,0.3,0,10,0.005,0.025,5779,40,20,0.18273057622426025,False
1,4,32,60,25,0.3,0,10,0.005,0.025,5665,26,12,0.18623124448367168,False
1,4,33,60,25,0.3,0,10,0.005,0.025,5536,18,8,0.19002890173410406,False
1,4,34,60,25,0.3,0,10,0.005,0.025,5431,10,7,0.1938869453139385,False
1,4,35,60,25,0.3,0,10,0.005,0.025,5323,9,8,0.1980086417433778,False
1,4,36,60,25,0.3,0,10,0.005,0.025,5230,4,3,0.20172084130019122,False
1,4,37,60,25,0.3,0,10,0.005,0.025,5115,1,1,0.20684261974584556,False
1,4,38,60,25,0.3,0,10,0.005,0.025,5043,6,1,0.2097957564941503,False
1,4,39,60,25,0.3,0,10,0.005,0.025,4969,5,1,0.21191386596900785,False
1,4,40,60,25,0.3,0,10,0.005,0.025,4894,6,2,0.21495709031467103,False
1,4,41,60,25,0.3,0,10,0.005,0.025,5111,5,2,0.2457444727059284,False
1,4,42,60,25,0.3,0,10,0.005,0.025,5038,4,1,0.24553394204049225,False
1,4,43,60,25,0.3,0,10,0.005,0.025,5009,3,1,0.2499500898382911,False
1,4,44,60,25,0.3,0,10,0.005,0.025,4953,3,2,0.2531798909751666,False
1,4,45,60,25,0.3,0,10,0.005,0.025,4922,2,2,0.2592442096708655,False
1,4,46,60,25,0.3,0,10,0.005,0.025,4742,4,1,0.2507380851961198,False
1,4,47,60,25,0.3,0,10,0.005,0.025,4688,3,1,0.2502133105802048,False
1,4,48,60,25,0.3,0,10,0.005,0.025,4662,13,1,0.2516087516087516,False
1,4,49,60,25,0.3,0,10,0.005,0.025,4632,12,3,0.2551813471502591,False
1,4,50,60,25,0.3,0,10,0.005,0.025,4609,20,3,0.2631807333477978,False
1,4,51,60,25,0.3,0,10,0.005,0.025,4569,17,7,0.2676734515211206,False
1,4,52,60,25,0.3,0,10,0.005,0.025,4534,26,8,0.2699602999558888,False
1,5,1,60,25,0.3,0,10,0.005,0.025,4483,23,6,0.27370064688824447,False
1,5,2,60,25,0.3,0,10,0.005,0.025,4445,24,11,0.27626546681664793,False
1,5,3,60,25,0.3,0,10,0.005,0.025,4399,23,11,0.27847238008638325,False
1,5,4,60,25,0.3,0,10,0.005,0.025,4331,21,11,0.28169014084507044,False
1,5,5,60,25,0.3,0,10,0.005,0.025,4285,17,10,0.28448074679113183,False
1,5,6,60,25,0.3,0,10,0.005,0.025,4242,11,6,0.28783592644978784,False
1,5,7,60,25,0.3,0,10,0.005,0.025,4195,7,4,0.29129916567342073,False
1,5,8,60,25,0.3,0,10,0.005,0.025,4138,5,3,0.29362010633156116,False
1,5,9,60,25,0.3,0,10,0.005,0.025,4081,3,2,0.2972310708159765,False
1,5,10,60,25,0.3,0,10,0.005,0.025,4031,3,2,0.2991813445795088,False
1,5,11,60,25,0.3,0,10,0.005,0.025,3982,2,1,0.3033651431441487,False
1,5,12,60,25,0.3,0,10,0.005,0.025,3931,1,0,0.303739506486899,False
1,5,13,60,25,0.3,0,10,0.005,0.025,3876,1,1,0.30572755417956654,False
1,5,14,60,25,0.3,0,10,0.005,0.025,3824,1,1,0.3091004184100418,False
1,5,15,60,25,0.3,0,10,0.005,0.025,3776,0,0,0.3114406779661017,True
1,5,16,60,25,0.3,0,10,0.005,0.025,3738,0,0,0.31112894596040663,True
1,5,17,60,25,0.3,0,10,0.005,0.025,3692,0,0,0.31392199349945826,True
1,5,18,60,25,0.3,0,10,0.005,0.025,8362,0,0,0.13920114805070558,True
1,5,19,60,25,0.3,0,10,0.005,0.025,8222,0,0,0.14278764290926782,True
1,5,20,60,25,0.3,0,10,0.005,0.025,8020,0,0,0.14650872817955113,True
1,5,21,60,25,0.3,0,10,0.005,0.025,7839,0,0,0.14976400051026917,True
1,5,22,60,25,0.3,0,10,0.005,0.025,7680,0,0,0.15377604166666667,True
1,5,23,60,25,0.3,0,10,0.005,0.025,7518,0,0,0.15775472200053206,True
1,5,24,60,25,0.3,0,10,0.005,0.025,7341,0,0,0.16155837079416974,True
1,5,25,60,25,0.3,0,10,0.005,0.025,7187,0,0,0.16515931543063866,True
1,5,26,60,25,0.3,0,10,0.005,0.025,7002,0,0,0.1685232790631248,True
1,5,27,60,25,0.3,0,10,0.005,0.025,6821,0,0,0.17255534379123297,True
1,5,28,60,25,0.3,0,10,0.005,0.025,6676,0,0,0.17540443379269025,True
1,5,29,60,25,0.3,0,10,0.005,0.025,6520,0,0,0.17914110429447852,True
1,5,30,60,25,0.3,0,10,0.005,0.025,6351,0,0,0.18170366871358842,True
1,5,31,60,25,0.3,0,10,0.005,0.025,6208,0,0,0.18605025773195877,True
1,5,32,60,25,0.3,0,10,0.005,0.025,6068,0,0,0.18984838497033618,True
1,5,33,60,25,0.3,0,10,0.005,0.025,5938,0,0,0.19299427416638598,True
1,5,34,60,25,0.3,0,10,0.005,0.025,5809,0,0,0.19710793596143913,True
1,5,35,60,25,0.3,0,10,0.005,0.025,5681,0,0,0.20154902305932054,True
1,5,36,60,25,0.3,0,10,0.005,0.025,5576,0,0,0.20444763271162122,True
1,5,37,60,25,0.3,0,10,0.005,0.025,5477,0,0,0.20796056235165236,True
1,5,38,60,25,0.3,0,10,0.005,0.025,5383,0,0,0.21122050900984582,True
1,5,39,60,25,0.3,0,10,0.005,0.025,5300,0,0,0.21301886792452832,True
1,5,40,60,25,0.3,0,10,0.005,0.025,5226,0,0,0.216035208572522,True
1,5,41,60,25,0.3,0,10,0.005,0.025,5335,0,0,0.23636363636363636,True
1,5,42,60,25,0.3,0,10,0.005,0.025,5268,0,0,0.24069855732725892,True
1,5,43,60,25,0.3,0,10,0.005,0.025,5227,0,0,0.24296919839295963,True
1,5,44,60,25,0.3,0,10,0.005,0.025,5155,0,0,0.24500484966052377,True
1,5,45,60,25,0.3,0,10,0.005,0.025,5114,0,0,0.2436448963629253,True
1,5,46,60,25,0.3,0,10,0.005,0.025,4959,0,0,0.23774954627949182,True
1,5,47,60,25,0.3,0,10,0.005,0.025,4862,0,0,0.23817359111476757,True
1,5,48,60,25,0.3,0,10,0.005,0.025,4822,0,0,0.24201576109498132,True
1,5,49,60,25,0.3,0,10,0.005,0.025,4769,0,0,0.24470538897043406,True
1,5,50,60,25,0.3,0,10,0.005,0.025,4743,0,0,0.25026354627872655,True
1,5,51,60,25,0.3,0,10,0.005,0.025,4719,0,0,0.25047679593134137,True
1,5,52,60,25,0.3,0,10,0.005,0.025,4680,0,0,0.2564102564102564,True
1,6,1,60,25,0.3,0,10,0.005,0.025,4646,0,0,0.25807145931984504,True
1,6,2,60,25,0.3,0,10,0.005,0.025,4601,0,0,0.26211693110193435,True
1,6,3,60,25,0.3,0,10,0.005,0.025,4546,0,0,0.2635283765948086,True
1,6,4,60,25,0.3,0,10,0.005,0.025,4498,0,0,0.2683414851044909,True
1,6,5,60,25,0.3,0,10,0.005,0.025,4445,0,0,0.26996625421822273,True
1,6,6,60,25,0.3,0,10,0.005,0.025,4381,0,0,0.2732252910294453,True
1,6,7,60,25,0.3,0,10,0.005,0.025,4315,0,0,0.2764774044032445,True
1,6,8,60,25,0.3,0,10,0.005,0.025,4247,0,0,0.2773722627737226,True
1,6,9,60,25,0.3,0,10,0.005,0.025,4209,0,0,0.27963886909004515,True
1,6,10,60,25,0.3,0,10,0.005,0.025,4137,0,0,0.2825719120135364,True
1,6,11,60,25,0.3,0,10,0.005,0.025,4087,0,0,0.28456080254465377,True
1,6,12,60,25,0.3,0,10,0.005,0.025,4015,0,0,0.28617683686176837,True
1,6,13,60,25,0.3,0,10,0.005,0.025,3959,0,0,0.2864359686789593,True
1,6,14,60,25,0.3,0,10,0.005,0.025,3908,0,0,0.2883828045035824,True
1,6,15,60,25,0.3,0,10,0.005,0.025,3861,0,0,0.29033929033929035,True
1,6,16,60,25,0.3,0,10,0.005,0.025,3825,0,0,0.29333333333333333,True
1,6,17,60,25,0.3,0,10,0.005,0.025,3776,0,0,0.2936970338983051,True
1,6,18,60,25,0.3,0,10,0.005,0.025,8477,0,0,0.13165034800047187,True
1,6,19,60,25,0.3,0,10,0.005,0.025,8304,0,0,0.13427263969171482,True
1,6,20,60,25,0.3,0,10,0.005,0.025,8121,0,0,0.1380371875384805,True
1,6,21,60,25,0.3,0,10,0.005,0.025,7943,0,0,0.14062696714087877,True
1,6,22,60,25,0.3,0,10,0.005,0.025,7739,0,0,0.14446310892880218,True
1,6,23,60,25,0.3,0,10,0.005,0.025,7524,0,0,0.14779372674109517,True
1,6,24,60,25,0.3,0,10,0.005,0.025,7341,0,0,0.14970712436997685,True
1,6,25,60,25,0.3,0,10,0.005,0.025,7183,0,0,0.15369622720311849,True
1,6,26,60,25,0.3,0,10,0.005,0.025,7040,0,0,0.15795454545454546,True
1,6,27,60,25,0.3,0,10,0.005,0.025,6893,0,0,0.1624836790947338,True
1,6,28,60,25,0.3,0,10,0.005,0.025,6750,0,0,0.1645925925925926,True
1,6,29,60,25,0.3,0,10,0.005,0.025,6562,0,0,0.16885096007314843,True
1,6,30,60,25,0.3,0,10,0.005,0.025,6394,0,0,0.17109790428526744,True
1,6,31,60,25,0.3,0,10,0.005,0.025,6255,0,0,0.17250199840127897,True
1,6,32,60,25,0.3,0,10,0.005,0.025,6148,0,0,0.1758295380611581,True
1,6,33,60,25,0.3,0,10,0.005,0.025,6025,0,0,0.18091286307053941,True
1,6,34,60,25,0.3,0,10,0.005,0.025,5936,0,0,0.18514150943396226,True
1,6,35,60,25,0.3,0,10,0.005,0.025,5828,0,0,0.18685655456417297,True
1,6,36,60,25,0.3,0,10,0.005,0.025,5706,0,0,0.18909919383105503,True
1,6,37,60,25,0.3,0,10,0.005,0.025,5550,0,0,0.19153153153153152,True
1,6,38,60,25,0.3,0,10,0.005,0.025,5477,0,0,0.19554500639035968,True
1,6,39,60,25,0.3,0,10,0.005,0.025,5402,0,0,0.19640873750462792,True
1,6,40,60,25,0.3,0,10,0.005,0.025,5343,0,0,0.19876473891072433,True
1,6,41,60,25,0.3,0,10,0.005,0.025,5497,0,0,0.22430416590867747,True
1,6,42,60,25,0.3,0,10,0.005,0.025,5498,0,0,0.23117497271735177,True
1,6,43,60,25,0.3,0,10,0.005,0.025,5483,0,0,0.23527266095203356,True
1,6,44,60,25,0.3,0,10,0.005,0.025,5471,0,0,0.24017547066349845,True
1,6,45,60,25,0.3,0,10,0.005,0.025,5438,0,0,0.23758734828981243,True
1,6,46,60,25,0.3,0,10,0.005,0.025,5266,0,0,0.23110520319027725,True
1,6,47,60,25,0.3,0,10,0.005,0.025,5205,0,0,0.2297790585975024,True
1,6,48,60,25,0.3,0,10,0.005,0.025,5122,0,0,0.23115970324092153,True
1,6,49,60,25,0.3,0,10,0.005,0.025,5073,0,0,0.2331953479203627,True
1,6,50,60,25,0.3,0,10,0.005,0.025,5001,0,0,0.2349530093981204,True
1,6,51,60,25,0.3,0,10,0.005,0.025,4944,0,0,0.2354368932038835,True
1,6,52,60,25,0.3,0,10,0.005,0.025,4874,0,0,0.23635617562576938,True
1,7,1,60,25,0.3,0,10,0.005,0.025,4827,0,0,0.23969339134037704,True
1,7,2,60,25,0.3,0,10,0.005,0.025,4760,0,0,0.2426470588235294,True
1,7,3,60,25,0.3,0,10,0.005,0.025,4716,0,0,0.24512298558100085,True
1,7,4,60,25,0.3,0,10,0.005,0.025,4656,0,0,0.24720790378006874,True
1,7,5,60,25,0.3,0,10,0.005,0.025,4602,0,0,0.2494567579313342,True
1,7,6,60,25,0.3,0,10,0.005,0.025,4536,0,0,0.25,True
1,7,7,60,25,0.3,0,10,0.005,0.025,4494,0,0,0.25411659991099245,True
1,7,8,60,25,0.3,0,10,0.005,0.025,4449,0,0,0.25691166554281863,True
1,7,9,60,25,0.3,0,10,0.005,0.025,4395,0,0,0.2600682593856655,True
1,7,10,60,25,0.3,0,10,0.005,0.025,4338,0,0,0.2611802674043338,True
1,7,11,60,25,0.3,0,10,0.005,0.025,4287,0,0,0.2624212736179146,True
1,7,12,60,25,0.3,0,10,0.005,0.025,4236,0,0,0.26510859301227574,True
1,7,13,60,25,0.3,0,10,0.005,0.025,4189,0,0,0.2661733110527572,True
1,7,14,60,25,0.3,0,10,0.005,0.025,4145,0,0,0.2692400482509047,True
1,7,15,60,25,0.3,0,10,0.005,0.025,4083,0,0,0.2698995836394808,True
1,7,16,60,25,0.3,0,10,0.005,0.025,4034,0,0,0.27317798710956864,True
1,7,17,60,25,0.3,0,10,0.005,0.025,3969,0,0,0.2738725119677501,True
1,7,18,60,25,0.3,0,10,0.005,0.025,8962,0,0,0.1211783084133006,True
1,7,19,60,25,0.3,0,10,0.005,0.025,8795,0,0,0.12359295054007959,True
1,7,20,60,25,0.3,0,10,0.005,0.025,8603,0,0,0.12669998837614785,True
1,7,21,60,25,0.3,0,10,0.005,0.025,8401,0,0,0.12998452565170812,True
1,7,22,60,25,0.3,0,10,0.005,0.025,8221,0,0,0.1336820338158375,True
1,7,23,60,25,0.3,0,10,0.005,0.025,8041,0,0,0.13729635617460514,True
1,7,24,60,25,0.3,0,10,0.005,0.025,7860,0,0,0.14249363867684478,True
1,7,25,60,25,0.3,0,10,0.005,0.025,7678,0,0,0.1452201094034905,True
1,7,26,60,25,0.3,0,10,0.005,0.025,7545,0,0,0.14884029158383036,True
1,7,27,60,25,0.3,0,10,0.005,0.025,7380,0,0,0.1510840108401084,True
1,7,28,60,25,0.3,0,10,0.005,0.025,7251,0,0,0.15404771755619914,True
1,7,29,60,25,0.3,0,10,0.005,0.025,7101,0,0,0.15716096324461343,True
1,7,30,60,25,0.3,0,10,0.005,0.025,6914,0,0,0.15996528782181083,True
1,7,31,60,25,0.3,0,10,0.005,0.025,6748,0,0,0.1622703023117961,True
1,7,32,60,25,0.3,0,10,0.005,0.025,6584,0,0,0.16737545565006076,True
1,7,33,60,25,0.3,0,10,0.005,0.025,6443,0,0,0.17057271457395623,True
1,7,34,60,25,0.3,0,10,0.005,0.025,6309,0,0,0.17467110477096212,True
1,7,35,60,25,0.3,0,10,0.005,0.025,6143,0,0,0.17874002930164415,True
1,7,36,60,25,0.3,0,10,0.005,0.025,6015,0,0,0.18187863674147964,True
1,7,37,60,25,0.3,0,10,0.005,0.025,5911,0,0,0.18558619522923364,True
1,7,38,60,25,0.3,0,10,0.005,0.025,5800,0,0,0.18724137931034482,True
1,7,39,60,25,0.3,0,10,0.005,0.025,5716,0,0,0.19174247725682295,True
1,7,40,60,25,0.3,0,10,0.005,0.025,5630,0,0,0.1941385435168739,True
1,7,41,60,25,0.3,0,10,0.005,0.025,5802,0,0,0.21389176146156497,True
1,7,42,60,25,0.3,0,10,0.005,0.025,5790,0,0,0.2229706390328152,True
1,7,43,60,25,0.3,0,10,0.005,0.025,5721,0,0,0.22548505506030414,True
1,7,44,60,25,0.3,0,10,0.005,0.025,5741,0,0,0.22975091447483018,True
1,7,45,60,25,0.3,0,10,0.005,0.025,5696,0,0,0.23279494382022473,True
1,7,46,60,25,0.3,0,10,0.005,0.025,5518,0,0,0.2220007249003262,True
1,7,47,60,25,0.3,0,10,0.005,0.025,5433,0,0,0.22455365359838028,True
1,7,48,60,25,0.3,0,10,0.005,0.025,5380,0,0,0.22602230483271377,True
1,7,49,60,25,0.3,0,10,0.005,0.025,5332,0,0,0.2259939984996249,True
1,7,50,60,25,0.3,0,10,0.005,0.025,5280,0,0,0.2274621212121212,True
1,7,51,60,25,0.3,0,10,0.005,0.025,5198,0,0,0.22893420546363985,True
1,7,52,60,25,0.3,0,10,0.005,0.025,5127,0,0,0.229959040374488,True
1,8,1,60,25,0.3,0,10,0.005,0.025,5070,0,0,0.2341222879684418,True
1,8,2,60,25,0.3,0,10,0.005,0.025,5012,0,0,0.2368316041500399,True
1,8,3,60,25,0.3,0,10,0.005,0.025,4971,0,0,0.24140012070006034,True
1,8,4,60,25,0.3,0,10,0.005,0.025,4925,0,0,0.24243654822335026,True
1,8,5,60,25,0.3,0,10,0.005,0.025,4872,0,0,0.24630541871921183,True
1,8,6,60,25,0.3,0,10,0.005,0.025,4831,0,0,0.25005174912026495,True
1,8,7,60,25,0.3,0,10,0.005,0.025,4762,0,0,0.24947501049979,True
1,8,8,60,25,0.3,0,10,0.005,0.025,4719,0,0,0.25280779826234373,True
1,8,9,60,25,0.3,0,10,0.005,0.025,4673,0,0,0.25593836935587416,True
1,8,10,60,25,0.3,0,10,0.005,0.025,4613,0,0,0.25861695209191415,True
1,8,11,60,25,0.3,0,10,0.005,0.025,4565,0,0,0.26089813800657174,True
1,8,12,60,25,0.3,0,10,0.005,0.025,4521,0,0,0.2629949126299491,True
1,8,13,60,25,0.3,0,10,0.005,0.025,4454,0,0,0.2647058823529412,True
1,8,14,60,25,0.3,0,10,0.005,0.025,4415,0,0,0.26976217440543604,True
1,8,15,60,25,0.3,0,10,0.005,0.025,4374,0,0,0.2722908093278464,True
1,8,16,60,25,0.3,0,10,0.005,0.025,4341,0,0,0.27689472471780696,True
1,8,17,60,25,0.3,0,10,0.005,0.025,4299,0,0,0.2791346824842987,True
1,8,18,60,25,0.3,0,10,0.005,0.025,9600,0,0,0.1253125,True
1,8,19,60,25,0.3,0,10,0.005,0.025,9395,0,0,0.12900478978179883,True
1,8,20,60,25,0.3,0,10,0.005,0.025,9180,0,0,0.13278867102396513,True
1,8,21,60,25,0.3,0,10,0.005,0.025,8978,0,0,0.13722432613054134,True
1,8,22,60,25,0.3,0,10,0.005,0.025,8840,0,0,0.1420814479638009,True
1,8,23,60,25,0.3,0,10,0.005,0.025,8613,0,0,0.14605828398931847,True
1,8,24,60,25,0.3,0,10,0.005,0.025,8449,0,0,0.1491300745650373,True
1,8,25,60,25,0.3,0,10,0.005,0.025,8307,0,0,0.15264234982544841,True
1,8,26,60,25,0.3,0,10,0.005,0.025,8165,0,0,0.15627679118187385,True
1,8,27,60,25,0.3,0,10,0.005,0.025,8018,0,0,0.15989024694437515,True
1,8,28,60,25,0.3,0,10,0.005,0.025,7872,0,0,0.16476117886178862,True
1,8,29,60,25,0.3,0,10,0.005,0.025,7700,0,0,0.16844155844155845,True
1,8,30,60,25,0.3,0,10,0.005,0.025,7592,0,0,0.17215489989462593,True
1,8,31,60,25,0.3,0,10,0.005,0.025,7436,0,0,0.17630446476600323,True
1,8,32,60,25,0.3,0,10,0.005,0.025,7294,0,0,0.1816561557444475,True
1,8,33,60,25,0.3,0,10,0.005,0.025,7139,0,0,0.18433954335341085,True
1,8,34,60,25,0.3,0,10,0.005,0.025,7018,0,0,0.1878027928184668,True
1,8,35,60,25,0.3,0,10,0.005,0.025,6833,0,0,0.19200936631055174,True
1,8,36,60,25,0.3,0,10,0.005,0.025,6678,0,0,0.1954177897574124,True
1,8,37,60,25,0.3,0,10,0.005,0.025,6498,0,0,0.19667590027700832,True
1,8,38,60,25,0.3,0,10,0.005,0.025,6430,0,0,0.1995334370139969,True
1,8,39,60,25,0.3,0,10,0.005,0.025,6326,0,0,0.2028137843819159,True
1,8,40,60,25,0.3,0,10,0.005,0.025,6240,0,0,0.2064102564102564,True
1,8,41,60,25,0.3,0,10,0.005,0.025,6268,0,0,0.22319719208679004,True
1,8,42,60,25,0.3,0,10,0.005,0.025,6264,0,0,0.23116219667943805,True
1,8,43,60,25,0.3,0,10,0.005,0.025,6180,0,0,0.2307443365695793,True
1,8,44,60,25,0.3,0,10,0.005,0.025,6076,0,0,0.2305793285055958,True
1,8,45,60,25,0.3,0,10,0.005,0.025,6046,0,0,0.23370823685081046,True
1,8,46,60,25,0.3,0,10,0.005,0.025,5908,0,0,0.22714962762356128,True
1,8,47,60,25,0.3,0,10,0.005,0.025,5836,0,0,0.22772446881425634,True
1,8,48,60,25,0.3,0,10,0.005,0.025,5756,0,0,0.22915218902015289,True
1,8,49,60,25,0.3,0,10,0.005,0.025,5687,0,0,0.2315807983119395,True
1,8,50,60,25,0.3,0,10,0.005,0.025,5634,0,0,0.2339368122115726,True
1,8,51,60,25,0.3,0,10,0.005,0.025,5591,0,0,0.23466285101055268,True
1,8,52,60,25,0.3,0,10,0.005,0.025,5511,0,0,0.23661767374342224,True
1,9,1,60,25,0.3,0,10,0.005,0.025,5458,0,0,0.23836570172224258,True
1,9,2,60,25,0.3,0,10,0.005,0.025,5404,0,0,0.2414877868245744,True
1,9,3,60,25,0.3,0,10,0.005,0.025,5330,0,0,0.24446529080675422,True
1,9,4,60,25,0.3,0,10,0.005,0.025,5269,0,0,0.24691592332510912,True
1,9,5,60,25,0.3,0,10,0.005,0.025,5187,0,0,0.2506265664160401,True
1,9,6,60,25,0.3,0,10,0.005,0.025,5140,0,0,0.2529182879377432,True
1,9,7,60,25,0.3,0,10,0.005,0.025,5093,0,0,0.2581975260161005,True
1,9,8,60,25,0.3,0,10,0.005,0.025,5042,0,0,0.26120587068623563,True
1,9,9,60,25,0.3,0,10,0.005,0.025,4983,0,0,0.2634958860124423,True
1,9,10,60,25,0.3,0,10,0.005,0.025,4910,0,0,0.26720977596741347,True
1,9,11,60,25,0.3,0,10,0.005,0.025,4847,0,0,0.26696925933567156,True
1,9,12,60,25,0.3,0,10,0.005,0.025,4789,0,0,0.2683232407600752,True
1,9,13,60,25,0.3,0,10,0.005,0.025,4734,0,0,0.26996197718631176,True
1,9,14,60,25,0.3,0,10,0.005,0.025,4675,0,0,0.2722994652406417,True
1,9,15,60,25,0.3,0,10,0.005,0.025,4628,0,0,0.27614520311149526,True
1,9,16,60,25,0.3,0,10,0.005,0.025,4572,0,0,0.2777777777777778,True
1,9,17,60,25,0.3,0,10,0.005,0.025,4526,0,0,0.28236853733981443,True
1,9,18,60,25,0.3,0,10,0.005,0.025,9782,0,0,0.11960744224085054,True
1,9,19,60,25,0.3,0,10,0.005,0.025,9633,0,0,0.12208034880099658,True
1,9,20,60,25,0.3,0,10,0.005,0.025,9427,0,0,0.12612708178635834,True
1,9,21,60,25,0.3,0,10,0.005,0.025,9180,0,0,0.1298474945533769,True
1,9,22,60,25,0.3,0,10,0.005,0.025,9006,0,0,0.133133466577837,True
1,9,23,60,25,0.3,0,10,0.005,0.025,8805,0,0,0.13560477001703578,True
1,9,24,60,25,0.3,0,10,0.005,0.025,8618,0,0,0.13854722673474124,True
1,9,25,60,25,0.3,0,10,0.005,0.025,8423,0,0,0.14258577703905972,True
1,9,26,60,25,0.3,0,10,0.005,0.025,8275,0,0,0.14574018126888216,True
1,9,27,60,25,0.3,0,10,0.005,0.025,8103,0,0,0.14858694310749104,True
1,9,28,60,25,0.3,0,10,0.005,0.025,7937,0,0,0.1513166183696611,True
1,9,29,60,25,0.3,0,10,0.005,0.025,7784,0,0,0.15557553956834533,True
1,9,30,60,25,0.3,0,10,0.005,0.025,7638,0,0,0.16025137470542028,True
1,9,31,60,25,0.3,0,10,0.005,0.025,7472,0,0,0.1634100642398287,True
1,9,32,60,25,0.3,0,10,0.005,0.025,7295,0,0,0.16737491432488005,True
1,9,33,60,25,0.3,0,10,0.005,0.025,7143,0,0,0.17051658966820663,True
1,9,34,60,25,0.3,0,10,0.005,0.025,7012,0,0,0.17341699942954936,True
1,9,35,60,25,0.3,0,10,0.005,0.025,6871,0,0,0.17712123417260953,True
1,9,36,60,25,0.3,0,10,0.005,0.025,6745,0,0,0.18042994810971089,True
1,9,37,60,25,0.3,0,10,0.005,0.025,6618,0,0,0.1840435176790571,True
1,9,38,60,25,0.3,0,10,0.005,0.025,6550,0,0,0.18717557251908398,True
1,9,39,60,25,0.3,0,10,0.005,0.025,6454,0,0,0.19011465757669663,True
1,9,40,60,25,0.3,0,10,0.005,0.025,6390,0,0,0.19233176838810642,True
1,9,41,60,25,0.3,0,10,0.005,0.025,6439,0,0,0.20872806336387636,True
1,9,42,60,25,0.3,0,10,0.005,0.025,6406,0,0,0.21620355916328443,True
1,9,43,60,25,0.3,0,10,0.005,0.025,6353,0,0,0.21753502282386275,True
1,9,44,60,25,0.3,0,10,0.005,0.025,6271,0,0,0.21639291978950725,True
1,9,45,60,25,0.3,0,10,0.005,0.025,6245,0,0,0.22129703763010408,True
1,9,46,60,25,0.3,0,10,0.005,0.025,6105,0,0,0.21719901719901719,True
1,9,47,60,25,0.3,0,10,0.005,0.025,6047,0,0,0.2156441210517612,True
1,9,48,60,25,0.3,0,10,0.005,0.025,5969,0,0,0.21980231194504943,True
1,9,49,60,25,0.3,0,10,0.005,0.025,5911,0,0,0.22195905938081542,True
1,9,50,60,25,0.3,0,10,0.005,0.025,5847,0,0,0.22490165897041217,True
1,9,51,60,25,0.3,0,10,0.005,0.025,5817,0,0,0.22692109334708613,True
1,9,52,60,25,0.3,0,10,0.005,0.025,5785,0,0,0.2292134831460674,True
1,10,1,60,25,0.3,0,10,0.005,0.025,5730,0,0,0.23298429319371727,True
1,10,2,60,25,0.3,0,10,0.005,0.025,5671,0,0,0.23717157467818728,True
1,10,3,60,25,0.3,0,10,0.005,0.025,5628,0,0,0.23969438521677328,True
1,10,4,60,25,0.3,0,10,0.005,0.025,5559,0,0,0.2415902140672783,True
1,10,5,60,25,0.3,0,10,0.005,0.025,5480,0,0,0.24379562043795622,True
1,10,6,60,25,0.3,0,10,0.005,0.025,5420,0,0,0.24686346863468633,True
1,10,7,60,25,0.3,0,10,0.005,0.025,5361,0,0,0.2488341727289685,True
1,10,8,60,25,0.3,0,10,0.005,0.025,5308,0,0,0.25075357950263755,True
1,10,9,60,25,0.3,0,10,0.005,0.025,5243,0,0,0.2534808315849704,True
1,10,10,60,25,0.3,0,10,0.005,0.025,5169,0,0,0.2551750822209325,True
1,10,11,60,25,0.3,0,10,0.005,0.025,5099,0,0,0.2578937046479702,True
1,10,12,60,25,0.3,0,10,0.005,0.025,5047,0,0,0.2615415098078066,True
1,10,13,60,25,0.3,0,10,0.005,0.025,4993,0,0,0.2643701181654316,True
1,10,14,60,25,0.3,0,10,0.005,0.025,4929,0,0,0.2678027997565429,True
1,10,15,60,25,0.3,0,10,0.005,0.025,4862,0,0,0.2700534759358289,True
1,10,16,60,25,0.3,0,10,0.005,0.025,4819,0,0,0.27204814276820916,True
1,10,17,60,25,0.3,0,10,0.005,0.025,4768,0,0,0.27348993288590606,True
1,10,18,60,25,0.3,0,10,0.005,0.025,10459,0,0,0.11779328807725405,True
1,10,19,60,25,0.3,0,10,0.005,0.025,10254,0,0,0.12083089526038619,True
1,10,20,60,25,0.3,0,10,0.005,0.025,10052,0,0,0.1243533625149224,True
1,10,21,60,25,0.3,0,10,0.005,0.025,9830,0,0,0.12878942014242115,True
1,10,22,60,25,0.3,0,10,0.005,0.025,9605,0,0,0.13180635085892764,True
1,10,23,60,25,0.3,0,10,0.005,0.025,9452,0,0,0.13531527719001268,True
1,10,24,60,25,0.3,0,10,0.005,0.025,9243,0,0,0.13848317645786,True
1,10,25,60,25,0.3,0,10,0.005,0.025,9040,0,0,0.14115044247787611,True
1,10,26,60,25,0.3,0,10,0.005,0.025,8849,0,0,0.1440840772968697,True
1,10,27,60,25,0.3,0,10,0.005,0.025,8653,0,0,0.14757887437882816,True
1,10,28,60,25,0.3,0,10,0.005,0.025,8475,0,0,0.15103244837758112,True
1,10,29,60,25,0.3,0,10,0.005,0.025,8304,0,0,0.154383429672447,True
1,10,30,60,25,0.3,0,10,0.005,0.025,8141,0,0,0.15747451173074561,True
1,10,31,60,25,0.3,0,10,0.005,0.025,7982,0,0,0.16098722124780757,True
1,10,32,60,25,0.3,0,10,0.005,0.025,7841,0,0,0.163627088381584,True
1,10,33,60,25,0.3,0,10,0.005,0.025,7704,0,0,0.1665368639667705,True
1,10,34,60,25,0.3,0,10,0.005,0.025,7548,0,0,0.17037625861155273,True
1,10,35,60,25,0.3,0,10,0.005,0.025,7403,0,0,0.17357827907605025,True
1,10,36,60,25,0.3,0,10,0.005,0.025,7283,0,0,0.1758890567074008,True
1,10,37,60,25,0.3,0,10,0.005,0.025,7150,0,0,0.17888111888111888,True
1,10,38,60,25,0.3,0,10,0.005,0.025,7045,0,0,0.18424414478353443,True
1,10,39,60,25,0.3,0,10,0.005,0.025,6936,0,0,0.18786043829296425,True
1,10,40,60,25,0.3,0,10,0.005,0.025,6840,0,0,0.18976608187134503,True
1,10,41,60,25,0.3,0,10,0.005,0.025,6922,0,0,0.2052874891649812,True
1,10,42,60,25,0.3,0,10,0.005,0.025,6806,0,0,0.206729356450191,True
1,10,43,60,25,0.3,0,10,0.005,0.025,6723,0,0,0.20868659824483118,True
1,10,44,60,25,0.3,0,10,0.005,0.025,6678,0,0,0.2153339323150644,True
1,10,45,60,25,0.3,0,10,0.005,0.025,6567,0,0,0.2147099132023755,True
1,10,46,60,25,0.3,0,10,0.005,0.025,6428,0,0,0.21141879278158057,True
1,10,47,60,25,0.3,0,10,0.005,0.025,6358,0,0,0.210915382195659,True
1,10,48,60,25,0.3,0,10,0.005,0.025,6284,0,0,0.2127625716104392,True
1,10,49,60,25,0.3,0,10,0.005,0.025,6223,0,0,0.21500883818094166,True
1,10,50,60,25,0.3,0,10,0.005,0.025,6164,0,0,0.21787800129785853,True
1,10,51,60,25,0.3,0,10,0.005,0.025,6103,0,0,0.22038341799115188,True
1,10,52,60,25,0.3,0,10,0.005,0.025,6027,0,0,0.22083955533432886,True
1,11,1,60,25,0.3,0,10,0.005,0.025,5938,0,0,0.22583361401145166,True
1,11,2,60,25,0.3,0,10,0.005,0.025,5879,0,0,0.23048137438339852,True
1,11,3,60,25,0.3,0,10,0.005,0.025,5819,0,0,0.23217047602680874,True
1,11,4,60,25,0.3,0,10,0.005,0.025,5766,0,0,0.23482483524106834,True
1,11,5,60,25,0.3,0,10,0.005,0.025,5704,0,0,0.2373772791023843,True
1,11,6,60,25,0.3,0,10,0.005,0.025,5657,0,0,0.24041011136644866,True
1,11,7,60,25,0.3,0,10,0.005,0.025,5596,0,0,0.24356683345246605,True
1,11,8,60,25,0.3,0,10,0.005,0.025,5539,0,0,0.24571222242282,True
1,11,9,60,25,0.3,0,10,0.005,0.025,5486,0,0,0.24845060153117024,True
1,11,10,60,25,0.3,0,10,0.005,0.025,5424,0,0,0.25,True
1,11,11,60,25,0.3,0,10,0.005,0.025,5361,0,0,0.2527513523596344,True
1,11,12,60,25,0.3,0,10,0.005,0.025,5300,0,0,0.25660377358490566,True
1,11,13,60,25,0.3,0,10,0.005,0.025,5235,0,0,0.25711556829035337,True
1,11,14,60,25,0.3,0,10,0.005,0.025,5182,0,0,0.26071015052103436,True
1,11,15,60,25,0.3,0,10,0.005,0.025,5130,0,0,0.26179337231968813,True
1,11,16,60,25,0.3,0,10,0.005,0.025,5059,0,0,0.2640838110298478,True
1,11,17,60,25,0.3,0,10,0.005,0.025,4998,0,0,0.2665066026410564,True
1,11,18,60,25,0.3,0,10,0.005,0.025,11105,0,0,0.11175146330481765,True
1,11,19,60,25,0.3,0,10,0.005,0.025,10911,0,0,0.115296489780955,True
1,11,20,60,25,0.3,0,10,0.005,0.025,10680,0,0,0.11835205992509364,True
1,11,21,60,25,0.3,0,10,0.005,0.025,10454,0,0,0.12186722785536637,True
1,11,22,60,25,0.3,0,10,0.005,0.025,10193,0,0,0.12547826940056903,True
1,11,23,60,25,0.3,0,10,0.005,0.025,10000,0,0,0.1286,True
1,11,24,60,25,0.3,0,10,0.005,0.025,9783,0,0,0.13175917407748133,True
1,11,25,60,25,0.3,0,10,0.005,0.025,9600,0,0,0.135,True
1,11,26,60,25,0.3,0,10,0.005,0.025,9395,0,0,0.1378392762107504,True
1,11,27,60,25,0.3,0,10,0.005,0.025,9165,0,0,0.14097108565193672,True
1,11,28,60,25,0.3,0,10,0.005,0.025,8953,0,0,0.143527309281805,True
1,11,29,60,25,0.3,0,10,0.005,0.025,8766,0,0,0.14772986538900296,True
1,11,30,60,25,0.3,0,10,0.005,0.025,8581,0,0,0.15184710406712504,True
1,11,31,60,25,0.3,0,10,0.005,0.025,8405,0,0,0.1553837001784652,True
1,11,32,60,25,0.3,0,10,0.005,0.025,8232,0,0,0.15901360544217688,True
1,11,33,60,25,0.3,0,10,0.005,0.025,8073,0,0,0.1605351170568562,True
1,11,34,60,25,0.3,0,10,0.005,0.025,7869,0,0,0.16304485957554962,True
1,11,35,60,25,0.3,0,10,0.005,0.025,7719,0,0,0.16724964373623527,True
1,11,36,60,25,0.3,0,10,0.005,0.025,7567,0,0,0.17074137703184883,True
1,11,37,60,25,0.3,0,10,0.005,0.025,7394,0,0,0.17392480389505005,True
1,11,38,60,25,0.3,0,10,0.005,0.025,7277,0,0,0.17713343410746188,True
1,11,39,60,25,0.3,0,10,0.005,0.025,7158,0,0,0.1803576417993853,True
1,11,40,60,25,0.3,0,10,0.005,0.025,7047,0,0,0.18419185468993898,True
1,11,41,60,25,0.3,0,10,0.005,0.025,7118,0,0,0.20286597358808653,True
1,11,42,60,25,0.3,0,10,0.005,0.025,7011,0,0,0.20482099557837682,True
1,11,43,60,25,0.3,0,10,0.005,0.025,6934,0,0,0.20594173637150273,True
1,11,44,60,25,0.3,0,10,0.005,0.025,6863,0,0,0.20894652484336296,True
1,11,45,60,25,0.3,0,10,0.005,0.025,6796,0,0,0.2105650382577987,True
1,11,46,60,25,0.3,0,10,0.005,0.025,6642,0,0,0.20987654320987653,True
1,11,47,60,25,0.3,0,10,0.005,0.025,6516,0,0,0.21178637200736647,True
1,11,48,60,25,0.3,0,10,0.005,0.025,6467,0,0,0.21493737436214627,True
1,11,49,60,25,0.3,0,10,0.005,0.025,6412,0,0,0.21818465377417343,True
1,11,50,60,25,0.3,0,10,0.005,0.025,6343,0,0,0.2205580955383888,True
1,11,51,60,25,0.3,0,10,0.005,0.025,6232,0,0,0.2219191270860077,True
1,11,52,60,25,0.3,0,10,0.005,0.025,6166,0,0,0.22364579954589686,True
2,1,1,60,25,0.001,0,10,0.005,0.025,5354,0,0,0.002054538662682107,True
2,1,2,60,25,0.001,0,10,0.005,0.025,5240,0,0,0.00400763358778626,True
2,1,3,60,25,0.001,0,10,0.005,0.025,5104,0,0,0.005877742946708464,True
2,1,4,60,25,0.001,0,10,0.005,0.025,4979,0,0,0.006828680457923278,True
2,1,5,60,25,0.001,0,10,0.005,0.025,4877,0,0,0.00943202788599549,True
2,1,6,60,25,0.001,0,10,0.005,0.025,4731,0,0,0.011414077362079899,True
2,1,7,60,25,0.001,0,10,0.005,0.025,4622,0,0,0.014279532669839896,True
2,1,8,60,25,0.001,0,10,0.005,0.025,4522,0,0,0.01680672268907563,True
2,1,9,60,25,0.001,0,10,0.005,0.025,4402,0,0,0.018400726942298953,True
2,1,10,60,25,0.001,0,10,0.005,0.025,4313,0,0,0.021330860190122883,True
2,1,11,60,25,0.001,0,10,0.005,0.025,4233,0,0,0.023623907394283016,True
2,1,12,60,25,0.001,0,10,0.005,0.025,4102,0,0,0.025109702584105314,True
2,1,13,60,25,0.001,0,10,0.005,0.025,4008,0,0,0.02719560878243513,True
2,1,14,60,25,0.001,0,10,0.005,0.025,3936,0,0,0.028709349593495935,True
2,1,15,60,25,0.001,0,10,0.005,0.025,3848,0,0,0.030925155925155927,True
2,1,16,60,25,0.001,0,10,0.005,0.025,3763,0,0,0.032420940738772254,True
2,1,17,60,25,0.001,0,10,0.005,0.025,3687,0,0,0.03417412530512612,True
2,1,18,60,25,0.001,0,10,0.005,0.025,10576,0,0,0.01361573373676248,True
2,1,19,60,25,0.001,0,10,0.005,0.025,10211,0,0,0.015571442561943002,True
2,1,20,60,25,0.001,0,10,0.005,0.025,9891,0,0,0.017389546051966433,True
2,1,21,60,25,0.001,0,10,0.005,0.025,9581,0,0,0.01993528859200501,True
2,1,22,60,25,0.001,0,10,0.005,0.025,9288,0,0,0.021640826873385012,True
2,1,23,60,25,0.001,0,10,0.005,0.025,9004,0,0,0.02365615282096846,True
2,1,24,60,25,0.001,0,10,0.005,0.025,8770,0,0,0.02588369441277081,True
2,1,25,60,25,0.001,0,10,0.005,0.025,8541,0,0,0.029621824142372088,True
2,1,26,60,25,0.001,0,10,0.005,0.025,8352,0,0,0.032088122605363985,True
2,1,27,60,25,0.001,0,10,0.005,0.025,8119,0,0,0.03350166276635053,True
2,1,28,60,25,0.001,0,10,0.005,0.025,7935,0,0,0.03604284814114682,True
2,1,29,60,25,0.001,0,10,0.005,0.025,7764,0,0,0.03838227717671303,True
2,1,30,60,25,0.001,0,10,0.005,0.025,7551,0,0,0.04012713547874454,True
2,1,31,60,25,0.001,0,10,0.005,0.025,7390,0,0,0.041677943166441134,True
2,1,32,60,25,0.001,0,10,0.005,0.025,7224,0,0,0.04401993355481727,True
2,1,33,60,25,0.001,0,10,0.005,0.025,7035,0,0,0.045344705046197586,True
2,1,34,60,25,0.001,0,10,0.005,0.025,6914,0,0,0.04715070870697136,True
2,1,35,60,25,0.001,0,10,0.005,0.025,6742,0,0,0.048946900029664786,True
2,1,36,60,25,0.001,0,10,0.005,0.025,6577,0,0,0.050935076782727684,True
2,1,37,60,25,0.001,0,10,0.005,0.025,6429,0,0,0.05241872764037953,True
2,1,38,60,25,0.001,0,10,0.005,0.025,6300,0,0,0.054603174603174605,True
2,1,39,60,25,0.001,0,10,0.005,0.025,6204,0,0,0.05673758865248227,True
2,1,40,60,25,0.001,0,10,0.005,0.025,6103,0,0,0.058823529411764705,True
2,1,41,60,25,0.001,0,10,0.005,0.025,6518,0,0,0.0949677815280761,True
2,1,42,60,25,0.001,0,10,0.005,0.025,6480,0,0,0.09614197530864198,True
2,1,43,60,25,0.001,0,10,0.005,0.025,6422,0,0,0.10012457178449082,True
2,1,44,60,25,0.001,0,10,0.005,0.025,6371,0,0,0.10422225710249568,True
2,1,45,60,25,0.001,0,10,0.005,0.025,6336,0,0,0.11316287878787878,True
2,1,46,60,25,0.001,0,10,0.005,0.025,5950,0,0,0.0961344537815126,True
2,1,47,60,25,0.001,0,10,0.005,0.025,5810,0,0,0.09311531841652324,True
2,1,48,60,25,0.001,0,10,0.005,0.025,5727,0,0,0.09306792386939061,True
2,1,49,60,25,0.001,0,10,0.005,0.025,5627,0,0,0.0940110183046028,True
2,1,50,60,25,0.001,0,10,0.005,0.025,5544,0,0,0.09740259740259741,True
2,1,51,60,25,0.001,0,10,0.005,0.025,5443,0,0,0.09920999448833363,True
2,1,52,60,25,0.001,0,10,0.005,0.025,5406,0,0,0.10173880873103959,True
2,2,1,60,25,0.001,0,10,0.005,0.025,5322,6,0,0.10259301014656144,False
2,2,2,60,25,0.001,0,10,0.005,0.025,5265,7,0,0.1037037037037037,False
2,2,3,60,25,0.001,0,10,0.005,0.025,5199,7,2,0.10694364300827082,False
2,2,4,60,25,0.001,0,10,0.005,0.025,5138,7,4,0.11054885169326586,False
2,2,5,60,25,0.001,0,10,0.005,0.025,5045,5,4,0.11199207135777998,False
2,2,6,60,25,0.001,0,10,0.005,0.025,4981,3,2,0.11543866693435054,False
2,2,7,60,25,0.001,0,10,0.005,0.025,4905,1,0,0.11661569826707441,False
2,2,8,60,25,0.001,0,10,0.005,0.025,4825,1,0,0.1183419689119171,False
2,2,9,60,25,0.001,0,10,0.005,0.025,4751,1,0,0.12039570616712271,False
2,2,10,60,25,0.001,0,10,0.005,0.025,4682,1,1,0.1204613413071337,False
2,2,11,60,25,0.001,0,10,0.005,0.025,4604,1,1,0.12271937445699392,False
2,2,12,60,25,0.001,0,10,0.005,0.025,4501,0,0,0.12397245056654077,True
2,2,13,60,25,0.001,0,10,0.005,0.025,4439,0,0,0.127506195088984,True
2,2,14,60,25,0.001,0,10,0.005,0.025,4359,0,0,0.12961688460656115,True
2,2,15,60,25,0.001,0,10,0.005,0.025,4308,0,0,0.1320798514391829,True
2,2,16,60,25,0.001,0,10,0.005,0.025,4239,0,0,0.13234253361641896,True
2,2,17,60,25,0.001,0,10,0.005,0.025,4177,0,0,0.135264543931051,True
2,2,18,60,25,0.001,0,10,0.005,0.025,8585,0,0,0.06779266161910309,True
2,2,19,60,25,0.001,0,10,0.005,0.025,8411,0,0,0.07014623707050291,True
2,2,20,60,25,0.001,0,10,0.005,0.025,8226,0,0,0.0737904206175541,True
2,2,21,60,25,0.001,0,10,0.005,0.025,8008,0,0,0.07642357642357642,True
2,2,22,60,25,0.001,0,10,0.005,0.025,7813,0,0,0.078970945859465,True
2,2,23,60,25,0.001,0,10,0.005,0.025,7645,0,0,0.08319162851536953,True
2,2,24,60,25,0.001,0,10,0.005,0.025,7486,0,0,0.08696232968207321,True
2,2,25,60,25,0.001,0,10,0.005,0.025,7309,0,0,0.08920508961554248,True
2,2,26,60,25,0.001,0,10,0.005,0.025,7139,0,0,0.09301022552178176,True
2,2,27,60,25,0.001,0,10,0.005,0.025,6952,0,0,0.09651898734177215,True
2,2,28,60,25,0.001,0,10,0.005,0.025,6791,0,0,0.09924900603740244,True
2,2,29,60,25,0.001,0,10,0.005,0.025,6603,0,0,0.1004089050431622,True
2,2,30,60,25,0.001,0,10,0.005,0.025,6473,0,0,0.10350687471033523,True
2,2,31,60,25,0.001,0,10,0.005,0.025,6366,0,0,0.10587496072887213,True
2,2,32,60,25,0.001,0,10,0.005,0.025,6234,0,0,0.10907924286172602,True
2,2,33,60,25,0.001,0,10,0.005,0.025,6124,0,0,0.11071195297191379,True
2,2,34,60,25,0.001,0,10,0.005,0.025,5990,0,0,0.11268781302170283,True
2,2,35,60,25,0.001,0,10,0.005,0.025,5887,0,0,0.11414982164090369,True
2,2,36,60,25,0.001,0,10,0.005,0.025,5789,0,0,0.11867334600103645,True
2,2,37,60,25,0.001,0,10,0.005,0.025,5685,0,0,0.12242744063324539,True
2,2,38,60,25,0.001,0,10,0.005,0.025,5623,0,0,0.12413302507558242,True
2,2,39,60,25,0.001,0,10,0.005,0.025,5545,0,0,0.12623985572587917,True
2,2,40,60,25,0.001,0,10,0.005,0.025,5464,0,0,0.13085651537335286,True
2,2,41,60,25,0.001,0,10,0.005,0.025,5969,0,0,0.18210755570447312,True
2,2,42,60,25,0.001,0,10,0.005,0.025,5947,0,0,0.18833025054649402,True
2,2,43,60,25,0.001,0,10,0.005,0.025,5919,0,0,0.19226220645379288,True
2,2,44,60,25,0.001,0,10,0.005,0.025,5809,0,0,0.1934928559132381,True
2,2,45,60,25,0.001,0,10,0.005,0.025,5762,0,0,0.196459562651857,True
2,2,46,60,25,0.001,0,10,0.005,0.025,5403,0,0,0.17323709050527486,True
2,2,47,60,25,0.001,0,10,0.005,0.025,5283,0,0,0.16941131932614045,True
2,2,48,60,25,0.001,0,10,0.005,0.025,5212,0,0,0.17210283960092096,True
2,2,49,60,25,0.001,0,10,0.005,0.025,5182,0,0,0.17290621381705906,True
2,2,50,60,25,0.001,0,10,0.005,0.025,5132,0,0,0.1755650818394388,True
2,2,51,60,25,0.001,0,10,0.005,0.025,5106,0,0,0.18331374853113983,True
2,2,52,60,25,0.001,0,10,0.005,0.025,5050,0,0,0.18574257425742574,True
2,3,1,60,25,0.001,0,10,0.005,0.025,5021,0,0,0.1925911173073093,True
2,3,2,60,25,0.001,0,10,0.005,0.025,4967,0,0,0.19247030400644252,True
2,3,3,60,25,0.001,0,10,0.005,0.025,4913,0,0,0.1962141257887238,True
2,3,4,60,25,0.001,0,10,0.005,0.025,4876,0,0,0.20016406890894176,True
2,3,5,60,25,0.001,0,10,0.005,0.025,4849,0,0,0.20437203547123117,True
2,3,6,60,25,0.001,0,10,0.005,0.025,4817,0,0,0.20531451110649782,True
2,3,7,60,25,0.001,0,10,0.005,0.025,4774,0,0,0.20800167574361123,True
2,3,8,60,25,0.001,0,10,0.005,0.025,4717,0,0,0.20924316302734788,True
2,3,9,60,25,0.001,0,10,0.005,0.025,4650,0,0,0.20967741935483872,True
2,3,10,60,25,0.001,0,10,0.005,0.025,4588,0,0,0.21120313862249346,True
2,3,11,60,25,0.001,0,10,0.005,0.025,4527,0,0,0.21426993593991606,True
2,3,12,60,25,0.001,0,10,0.005,0.025,4462,0,0,0.21649484536082475,True
2,3,13,60,25,0.001,0,10,0.005,0.025,4420,0,0,0.217420814479638,True
2,3,14,60,25,0.001,0,10,0.005,0.025,4377,0,0,0.21978524103267078,True
2,3,15,60,25,0.001,0,10,0.005,0.025,4310,0,0,0.22180974477958237,True
2,3,16,60,25,0.001,0,10,0.005,0.025,4253,0,0,0.22384199388666823,True
2,3,17,60,25,0.001,0,10,0.005,0.025,4207,0,0,0.22605181839790825,True
2,3,18,60,25,0.001,0,10,0.005,0.025,9676,0,0,0.09869780901198842,True
2,3,19,60,25,0.001,0,10,0.005,0.025,9468,0,0,0.10192226446979298,True
2,3,20,60,25,0.001,0,10,0.005,0.025,9230,0,0,0.1057421451787649,True
2,3,21,60,25,0.001,0,10,0.005,0.025,8993,0,0,0.10875125097297898,True
2,3,22,60,25,0.001,0,10,0.005,0.025,8748,0,0,0.11248285322359397,True
2,3,23,60,25,0.001,0,10,0.005,0.025,8549,0,0,0.11556907240612938,True
2,3,24,60,25,0.001,0,10,0.005,0.025,8368,0,0,0.11854684512428298,True
2,3,25,60,25,0.001,0,10,0.005,0.025,8186,0,0,0.12179330564378207,True
2,3,26,60,25,0.001,0,10,0.005,0.025,7981,0,0,0.12454579626613206,True
2,3,27,60,25,0.001,0,10,0.005,0.025,7746,0,0,0.1275497030725536,True
2,3,28,60,25,0.001,0,10,0.005,0.025,7561,0,0,0.1298770003967729,True
2,3,29,60,25,0.001,0,10,0.005,0.025,7401,0,0,0.13322523983245507,True
2,3,30,60,25,0.001,0,10,0.005,0.025,7208,0,0,0.13693118756936737,True
2,3,31,60,25,0.001,0,10,0.005,0.025,7024,0,0,0.13980637813211846,True
2,3,32,60,25,0.001,0,10,0.005,0.025,6836,0,0,0.14394382679929785,True
2,3,33,60,25,0.001,0,10,0.005,0.025,6649,0,0,0.1470897879380358,True
2,3,34,60,25,0.001,0,10,0.005,0.025,6470,0,0,0.1510046367851623,True
2,3,35,60,25,0.001,0,10,0.005,0.025,6326,0,0,0.15301928548846033,True
2,3,36,60,25,0.001,0,10,0.005,0.025,6189,0,0,0.15543706576183552,True
2,3,37,60,25,0.001,0,10,0.005,0.025,6067,0,0,0.15839789022581177,True
2,3,38,60,25,0.001,0,10,0.005,0.025,5984,0,0,0.1590909090909091,True
2,3,39,60,25,0.001,0,10,0.005,0.025,5897,0,0,0.16126844158046463,True
2,3,40,60,25,0.001,0,10,0.005,0.025,5819,0,0,0.1634301426361918,True
2,3,41,60,25,0.001,0,10,0.005,0.025,6283,0,0,0.20818080534776381,True
2,3,42,60,25,0.001,0,10,0.005,0.025,6271,0,0,0.2138414925849147,True
2,3,43,60,25,0.001,0,10,0.005,0.025,6239,0,0,0.22150985734893414,True
2,3,44,60,25,0.001,0,10,0.005,0.025,6132,0,0,0.2237442922374429,True
2,3,45,60,25,0.001,0,10,0.005,0.025,6052,0,0,0.221083939193655,True
2,3,46,60,25,0.001,0,10,0.005,0.025,5645,0,0,0.2,True
2,3,47,60,25,0.001,0,10,0.005,0.025,5506,0,0,0.19723937522702506,True
2,3,48,60,25,0.001,0,10,0.005,0.025,5440,0,0,0.1988970588235294,True
2,3,49,60,25,0.001,0,10,0.005,0.025,5371,0,0,0.1984732824427481,True
2,3,50,60,25,0.001,0,10,0.005,0.025,5329,0,0,0.19984987802589604,True
2,3,51,60,25,0.001,0,10,0.005,0.025,5287,0,0,0.20427463589937583,True
2,3,52,60,25,0.001,0,10,0.005,0.025,5207,0,0,0.20683695025926638,True
2,4,1,60,25,0.001,0,10,0.005,0.025,5152,0,0,0.20729813664596272,True
2,4,2,60,25,0.001,0,10,0.005,0.025,5070,0,0,0.20927021696252465,True
2,4,3,60,25,0.001,0,10,0.005,0.025,5012,0,0,0.2122905027932961,True
2,4,4,60,25,0.001,0,10,0.005,0.025,4955,0,0,0.21553985872855702,True
2,4,5,60,25,0.001,0,10,0.005,0.025,4881,0,0,0.22003687768899816,True
2,4,6,60,25,0.001,0,10,0.005,0.025,4835,0,0,0.21944157187176835,True
2,4,7,60,25,0.001,0,10,0.005,0.025,4760,0,0,0.21932773109243697,True
2,4,8,60,25,0.001,0,10,0.005,0.025,4697,0,0,0.22333404300617415,True
2,4,9,60,25,0.001,0,10,0.005,0.025,4632,0,0,0.22495682210708118,True
2,4,10,60,25,0.001,0,10,0.005,0.025,4573,0,0,0.2269844740870326,True
2,4,11,60,25,0.001,0,10,0.005,0.025,4512,0,0,0.22872340425531915,True
2,4,12,60,25,0.001,0,10,0.005,0.025,4442,0,0,0.22917604682575415,True
2,4,13,60,25,0.001,0,10,0.005,0.025,4372,0,0,0.22964318389752975,True
2,4,14,60,25,0.001,0,10,0.005,0.025,4337,0,0,0.23380216739681808,True
2,4,15,60,25,0.001,0,10,0.005,0.025,4276,0,0,0.23479887745556596,True
2,4,16,60,25,0.001,0,10,0.005,0.025,4228,0,0,0.23628192999053926,True
2,4,17,60,25,0.001,0,10,0.005,0.025,4179,0,0,0.23737736300550372,True
2,4,18,60,25,0.001,0,10,0.005,0.025,9235,0,0,0.1100162425554954,True
2,4,19,60,25,0.001,0,10,0.005,0.025,9026,0,0,0.11212054066031464,True
2,4,20,60,25,0.001,0,10,0.005,0.025,8800,0,0,0.11488636363636363,True
2,4,21,60,25,0.001,0,10,0.005,0.025,8610,0,0,0.1183507549361208,True
2,4,22,60,25,0.001,0,10,0.005,0.025,8390,0,0,0.12288438617401669,True
2,4,23,60,25,0.001,0,10,0.005,0.025,8227,0,0,0.12337425550018233,True
2,4,24,60,25,0.001,0,10,0.005,0.025,8017,0,0,0.12860172134214792,True
2,4,25,60,25,0.001,0,10,0.005,0.025,7852,0,0,0.13219561895058585,True
2,4,26,60,25,0.001,0,10,0.005,0.025,7718,0,0,0.13462036797097693,True
2,4,27,60,25,0.001,0,10,0.005,0.025,7572,0,0,0.13787638668779714,True
2,4,28,60,25,0.001,0,10,0.005,0.025,7392,0,0,0.14082792207792208,True
2,4,29,60,25,0.001,0,10,0.005,0.025,7213,0,0,0.144045473450714,True
2,4,30,60,25,0.001,0,10,0.005,0.025,7045,0,0,0.1473385379701916,True
2,4,31,60,25,0.001,0,10,0.005,0.025,6928,0,0,0.15025981524249424,True
2,4,32,60,25,0.001,0,10,0.005,0.025,6749,0,0,0.1543932434434731,True
2,4,33,60,25,0.001,0,10,0.005,0.025,6574,0,0,0.1568299361119562,True
2,4,34,60,25,0.001,0,10,0.005,0.025,6476,0,0,0.15935762816553428,True
2,4,35,60,25,0.001,0,10,0.005,0.025,6345,0,0,0.1607565011820331,True
2,4,36,60,25,0.001,0,10,0.005,0.025,6220,0,0,0.16736334405144696,True
2,4,37,60,25,0.001,0,10,0.005,0.025,6080,0,0,0.17055921052631579,True
2,4,38,60,25,0.001,0,10,0.005,0.025,5989,0,0,0.17181499415595258,True
2,4,39,60,25,0.001,0,10,0.005,0.025,5903,0,0,0.17499576486532273,True
2,4,40,60,25,0.001,0,10,0.005,0.025,5812,0,0,0.17721954576737783,True
2,4,41,60,25,0.001,0,10,0.005,0.025,6286,0,0,0.2281259942729876,True
2,4,42,60,25,0.001,0,10,0.005,0.025,6247,0,0,0.23035056827277092,True
2,4,43,60,25,0.001,0,10,0.005,0.025,6180,0,0,0.23106796116504855,True
2,4,44,60,25,0.001,0,10,0.005,0.025,6069,0,0,0.23133959466139398,True
2,4,45,60,25,0.001,0,10,0.005,0.025,6003,0,0,0.23588205897051473,True
2,4,46,60,25,0.001,0,10,0.005,0.025,5627,0,0,0.2157455127065932,True
2,4,47,60,25,0.001,0,10,0.005,0.025,5481,0,0,0.21109286626528007,True
2,4,48,60,25,0.001,0,10,0.005,0.025,5406,0,0,0.21143174250832408,True
2,4,49,60,25,0.001,0,10,0.005,0.025,5341,0,0,0.21288148286837671,True
2,4,50,60,25,0.001,0,10,0.005,0.025,5312,0,0,0.21479668674698796,True
2,4,51,60,25,0.001,0,10,0.005,0.025,5232,0,0,0.21559633027522937,True
2,4,52,60,25,0.001,0,10,0.005,0.025,5187,0,0,0.21765953344900713,True
2,5,1,60,25,0.001,0,10,0.005,0.025,5123,0,0,0.22194026937341402,True
2,5,2,60,25,0.001,0,10,0.005,0.025,5075,0,0,0.2244334975369458,True
2,5,3,60,25,0.001,0,10,0.005,0.025,5012,0,0,0.2264565043894653,True
2,5,4,60,25,0.001,0,10,0.005,0.025,4994,0,0,0.23247897476972368,True
2,5,5,60,25,0.001,0,10,0.005,0.025,4922,0,0,0.2342543681430313,True
2,5,6,60,25,0.001,0,10,0.005,0.025,4875,0,0,0.23774358974358975,True
2,5,7,60,25,0.001,0,10,0.005,0.025,4826,0,0,0.2432656444260257,True
2,5,8,60,25,0.001,0,10,0.005,0.025,4787,0,0,0.24378525172341758,True
2,5,9,60,25,0.001,0,10,0.005,0.025,4740,0,0,0.2451476793248945,True
2,5,10,60,25,0.001,0,10,0.005,0.025,4700,0,0,0.25127659574468086,True
2,5,11,60,25,0.001,0,10,0.005,0.025,4638,0,0,0.2539887882708064,True
2,5,12,60,25,0.001,0,10,0.005,0.025,4600,0,0,0.2554347826086957,True
2,5,13,60,25,0.001,0,10,0.005,0.025,4553,0,0,0.2589501427630134,True
2,5,14,60,25,0.001,0,10,0.005,0.025,4492,0,0,0.26179875333926983,True
2,5,15,60,25,0.001,0,10,0.005,0.025,4480,0,0,0.2662946428571429,True
2,5,16,60,25,0.001,0,10,0.005,0.025,4441,0,0,0.265480747579374,True
2,5,17,60,25,0.001,0,10,0.005,0.025,4386,0,0,0.2722298221614227,True
2,5,18,60,25,0.001,0,10,0.005,0.025,9823,0,0,0.12226407411177848,True
2,5,19,60,25,0.001,0,10,0.005,0.025,9551,0,0,0.12428018008585488,True
2,5,20,60,25,0.001,0,10,0.005,0.025,9367,0,0,0.12832283548628162,True
2,5,21,60,25,0.001,0,10,0.005,0.025,9151,0,0,0.1329909299530106,True
2,5,22,60,25,0.001,0,10,0.005,0.025,8988,0,0,0.1359590565198042,True
2,5,23,60,25,0.001,0,10,0.005,0.025,8815,0,0,0.13953488372093023,True
2,5,24,60,25,0.001,0,10,0.005,0.025,8646,0,0,0.14226231783483692,True
2,5,25,60,25,0.001,0,10,0.005,0.025,8432,0,0,0.14670303605313093,True
2,5,26,60,25,0.001,0,10,0.005,0.025,8260,0,0,0.15024213075060533,True
2,5,27,60,25,0.001,0,10,0.005,0.025,8139,0,0,0.15284432977024204,True
2,5,28,60,25,0.001,0,10,0.005,0.025,7927,0,0,0.15541819099280937,True
2,5,29,60,25,0.001,0,10,0.005,0.025,7745,0,0,0.15997417688831503,True
2,5,30,60,25,0.001,0,10,0.005,0.025,7574,0,0,0.1638500132030631,True
2,5,31,60,25,0.001,0,10,0.005,0.025,7404,0,0,0.16639654240950838,True
2,5,32,60,25,0.001,0,10,0.005,0.025,7234,0,0,0.17058335637268454,True
2,5,33,60,25,0.001,0,10,0.005,0.025,7103,0,0,0.17443333802618613,True
2,5,34,60,25,0.001,0,10,0.005,0.025,6899,0,0,0.17770691404551384,True
2,5,35,60,25,0.001,0,10,0.005,0.025,6742,0,0,0.1828834173835657,True
2,5,36,60,25,0.001,0,10,0.005,0.025,6614,0,0,0.1871787118234049,True
2,5,37,60,25,0.001,0,10,0.005,0.025,6518,0,0,0.18916845658177356,True
2,5,38,60,25,0.001,0,10,0.005,0.025,6425,0,0,0.19190661478599222,True
2,5,39,60,25,0.001,0,10,0.005,0.025,6316,0,0,0.19316022799240026,True
2,5,40,60,25,0.001,0,10,0.005,0.025,6237,0,0,0.19576719576719576,True
2,5,41,60,25,0.001,0,10,0.005,0.025,6688,0,0,0.23908492822966507,True
2,5,42,60,25,0.001,0,10,0.005,0.025,6589,0,0,0.2396418272879041,True
2,5,43,60,25,0.001,0,10,0.005,0.025,6500,0,0,0.2396923076923077,True
2,5,44,60,25,0.001,0,10,0.005,0.025,6402,0,0,0.24476726023117776,True
2,5,45,60,25,0.001,0,10,0.005,0.025,6324,0,0,0.24304237824161923,True
2,5,46,60,25,0.001,0,10,0.005,0.025,5900,0,0,0.22491525423728814,True
2,5,47,60,25,0.001,0,10,0.005,0.025,5773,0,0,0.22310756972111553,True
2,5,48,60,25,0.001,0,10,0.005,0.025,5711,0,0,0.22447907546839432,True
2,5,49,60,25,0.001,0,10,0.005,0.025,5626,0,0,0.22573764664059723,True
2,5,50,60,25,0.001,0,10,0.005,0.025,5566,0,0,0.22727272727272727,True
2,5,51,60,25,0.001,0,10,0.005,0.025,5495,0,0,0.22493175614194721,True
2,5,52,60,25,0.001,0,10,0.005,0.025,5452,0,0,0.22835656639765223,True
2,6,1,60,25,0.001,0,10,0.005,0.025,5389,0,0,0.22954165893486733,True
2,6,2,60,25,0.001,0,10,0.005,0.025,5327,0,0,0.23352731368500093,True
2,6,3,60,25,0.001,0,10,0.005,0.025,5244,0,0,0.23684210526315788,True
2,6,4,60,25,0.001,0,10,0.005,0.025,5162,0,0,0.23944207671445175,True
2,6,5,60,25,0.001,0,10,0.005,0.025,5107,0,0,0.24221656549833562,True
2,6,6,60,25,0.001,0,10,0.005,0.025,5057,0,0,0.24263397271109352,True
2,6,7,60,25,0.001,0,10,0.005,0.025,4999,0,0,0.24384876975395078,True
2,6,8,60,25,0.001,0,10,0.005,0.025,4943,0,0,0.24600445073841795,True
2,6,9,60,25,0.001,0,10,0.005,0.025,4865,0,0,0.24912641315519013,True
2,6,10,60,25,0.001,0,10,0.005,0.025,4811,0,0,0.2527541051756392,True
2,6,11,60,25,0.001,0,10,0.005,0.025,4728,0,0,0.25380710659898476,True
2,6,12,60,25,0.001,0,10,0.005,0.025,4658,0,0,0.25611850579647916,True
2,6,13,60,25,0.001,0,10,0.005,0.025,4597,0,0,0.2566891450946269,True
2,6,14,60,25,0.001,0,10,0.005,0.025,4522,0,0,0.2565236620964175,True
2,6,15,60,25,0.001,0,10,0.005,0.025,4474,0,0,0.26151095216808223,True
2,6,16,60,25,0.001,0,10,0.005,0.025,4430,0,0,0.263431151241535,True
2,6,17,60,25,0.001,0,10,0.005,0.025,4382,0,0,0.2660885440438156,True
2,6,18,60,25,0.001,0,10,0.005,0.025,9654,0,0,0.12015744769007665,True
2,6,19,60,25,0.001,0,10,0.005,0.025,9502,0,0,0.12197432119553778,True
2,6,20,60,25,0.001,0,10,0.005,0.025,9293,0,0,0.1261164317228021,True
2,6,21,60,25,0.001,0,10,0.005,0.025,9090,0,0,0.1297029702970297,True
2,6,22,60,25,0.001,0,10,0.005,0.025,8854,0,0,0.1314660040659589,True
2,6,23,60,25,0.001,0,10,0.005,0.025,8666,0,0,0.13524117239787675,True
2,6,24,60,25,0.001,0,10,0.005,0.025,8478,0,0,0.13906581740976645,True
2,6,25,60,25,0.001,0,10,0.005,0.025,8239,0,0,0.14261439495084355,True
2,6,26,60,25,0.001,0,10,0.005,0.025,7982,0,0,0.14482585818090704,True
2,6,27,60,25,0.001,0,10,0.005,0.025,7766,0,0,0.1488539788823075,True
2,6,28,60,25,0.001,0,10,0.005,0.025,7548,0,0,0.15076841547429784,True
2,6,29,60,25,0.001,0,10,0.005,0.025,7412,0,0,0.15272531030760927,True
2,6,30,60,25,0.001,0,10,0.005,0.025,7231,0,0,0.1561333148942055,True
2,6,31,60,25,0.001,0,10,0.005,0.025,7079,0,0,0.15990959175024722,True
2,6,32,60,25,0.001,0,10,0.005,0.025,6949,0,0,0.16103036408116275,True
2,6,33,60,25,0.001,0,10,0.005,0.025,6774,0,0,0.16341895482728078,True
2,6,34,60,25,0.001,0,10,0.005,0.025,6628,0,0,0.16686783343391673,True
2,6,35,60,25,0.001,0,10,0.005,0.025,6524,0,0,0.17106069895769466,True
2,6,36,60,25,0.001,0,10,0.005,0.025,6423,0,0,0.17437334578857233,True
2,6,37,60,25,0.001,0,10,0.005,0.025,6300,0,0,0.1761904761904762,True
2,6,38,60,25,0.001,0,10,0.005,0.025,6223,0,0,0.1801381970110879,True
2,6,39,60,25,0.001,0,10,0.005,0.025,6127,0,0,0.18312387791741472,True
2,6,40,60,25,0.001,0,10,0.005,0.025,6052,0,0,0.1853932584269663,True
2,6,41,60,25,0.001,0,10,0.005,0.025,6556,0,0,0.23047589993898718,True
2,6,42,60,25,0.001,0,10,0.005,0.025,6465,0,0,0.23480278422273781,True
2,6,43,60,25,0.001,0,10,0.005,0.025,6427,0,0,0.23992531507701884,True
2,6,44,60,25,0.001,0,10,0.005,0.025,6302,0,0,0.23563947953030784,True
2,6,45,60,25,0.001,0,10,0.005,0.025,6204,0,0,0.2380722114764668,True
2,6,46,60,25,0.001,0,10,0.005,0.025,5774,0,0,0.21787322480083132,True
2,6,47,60,25,0.001,0,10,0.005,0.025,5674,0,0,0.2173070144518858,True
2,6,48,60,25,0.001,0,10,0.005,0.025,5618,0,0,0.21787112851548593,True
2,6,49,60,25,0.001,0,10,0.005,0.025,5485,0,0,0.21695533272561532,True
2,6,50,60,25,0.001,0,10,0.005,0.025,5417,0,0,0.2206018091194388,True
2,6,51,60,25,0.001,0,10,0.005,0.025,5352,0,0,0.22234678624813153,True
2,6,52,60,25,0.001,0,10,0.005,0.025,5296,0,0,0.2267749244712991,True
2,7,1,60,25,0.001,0,10,0.005,0.025,5257,0,0,0.22864751759558682,True
2,7,2,60,25,0.001,0,10,0.005,0.025,5192,0,0,0.23170261941448383,True
2,7,3,60,25,0.001,0,10,0.005,0.025,5123,0,0,0.2336521569392934,True
2,7,4,60,25,0.001,0,10,0.005,0.025,5053,0,0,0.23669107460914307,True
2,7,5,60,25,0.001,0,10,0.005,0.025,4968,0,0,0.2387278582930757,True
2,7,6,60,25,0.001,0,10,0.005,0.025,4906,0,0,0.23970648185894822,True
2,7,7,60,25,0.001,0,10,0.005,0.025,4840,0,0,0.2444214876033058,True
2,7,8,60,25,0.001,0,10,0.005,0.025,4777,0,0,0.24576093782708813,True
2,7,9,60,25,0.001,0,10,0.005,0.025,4687,0,0,0.24898655856624707,True
2,7,10,60,25,0.001,0,10,0.005,0.025,4628,0,0,0.24870354364736388,True
2,7,11,60,25,0.001,0,10,0.005,0.025,4567,0,0,0.25268228596452813,True
2,7,12,60,25,0.001,0,10,0.005,0.025,4508,0,0,0.2544365572315883,True
2,7,13,60,25,0.001,0,10,0.005,0.025,4442,0,0,0.25484016208914906,True
2,7,14,60,25,0.001,0,10,0.005,0.025,4372,0,0,0.25548947849954257,True
2,7,15,60,25,0.001,0,10,0.005,0.025,4318,0,0,0.25984251968503935,True
2,7,16,60,25,0.001,0,10,0.005,0.025,4267,0,0,0.26083899695336304,True
2,7,17,60,25,0.001,0,10,0.005,0.025,4212,0,0,0.26424501424501423,True
2,7,18,60,25,0.001,0,10,0.005,0.025,9440,0,0,0.11980932203389831,True
2,7,19,60,25,0.001,0,10,0.005,0.025,9267,0,0,0.12247760871911083,True
2,7,20,60,25,0.001,0,10,0.005,0.025,9024,0,0,0.1266622340425532,True
2,7,21,60,25,0.001,0,10,0.005,0.025,8832,0,0,0.13020833333333334,True
2,7,22,60,25,0.001,0,10,0.005,0.025,8656,0,0,0.13401109057301294,True
2,7,23,60,25,0.001,0,10,0.005,0.025,8445,0,0,0.137951450562463,True
2,7,24,60,25,0.001,0,10,0.005,0.025,8258,0,0,0.14155969968515378,True
2,7,25,60,25,0.001,0,10,0.005,0.025,8057,0,0,0.1452153406975301,True
2,7,26,60,25,0.001,0,10,0.005,0.025,7865,0,0,0.14787031150667515,True
2,7,27,60,25,0.001,0,10,0.005,0.025,7656,0,0,0.1507314524555904,True
2,7,28,60,25,0.001,0,10,0.005,0.025,7443,0,0,0.1545075910251243,True
2,7,29,60,25,0.001,0,10,0.005,0.025,7285,0,0,0.15868222374742622,True
2,7,30,60,25,0.001,0,10,0.005,0.025,7120,0,0,0.16151685393258428,True
2,7,31,60,25,0.001,0,10,0.005,0.025,6975,0,0,0.16587813620071684,True
2,7,32,60,25,0.001,0,10,0.005,0.025,6841,0,0,0.16810407835111826,True
2,7,33,60,25,0.001,0,10,0.005,0.025,6700,0,0,0.17059701492537313,True
2,7,34,60,25,0.001,0,10,0.005,0.025,6561,0,0,0.17360158512421886,True
2,7,35,60,25,0.001,0,10,0.005,0.025,6446,0,0,0.1768538628606888,True
2,7,36,60,25,0.001,0,10,0.005,0.025,6321,0,0,0.18019300743553235,True
2,7,37,60,25,0.001,0,10,0.005,0.025,6193,0,0,0.1834329081220733,True
2,7,38,60,25,0.001,0,10,0.005,0.025,6109,0,0,0.1872646914388607,True
2,7,39,60,25,0.001,0,10,0.005,0.025,6023,0,0,0.18861032707952846,True
2,7,40,60,25,0.001,0,10,0.005,0.025,5922,0,0,0.19148936170212766,True
2,7,41,60,25,0.001,0,10,0.005,0.025,6454,0,0,0.23969631236442515,True
2,7,42,60,25,0.001,0,10,0.005,0.025,6391,0,0,0.24644030668127054,True
2,7,43,60,25,0.001,0,10,0.005,0.025,6356,0,0,0.25031466331025803,True
2,7,44,60,25,0.001,0,10,0.005,0.025,6246,0,0,0.2478386167146974,True
2,7,45,60,25,0.001,0,10,0.005,0.025,6148,0,0,0.2508132726089785,True
2,7,46,60,25,0.001,0,10,0.005,0.025,5717,0,0,0.22739198880531747,True
2,7,47,60,25,0.001,0,10,0.005,0.025,5569,0,0,0.22535464176692405,True
2,7,48,60,25,0.001,0,10,0.005,0.025,5476,0,0,0.22297297297297297,True
2,7,49,60,25,0.001,0,10,0.005,0.025,5367,0,0,0.22228433016582821,True
2,7,50,60,25,0.001,0,10,0.005,0.025,5306,0,0,0.22163588390501318,True
2,7,51,60,25,0.001,0,10,0.005,0.025,5242,0,0,0.22567722243418542,True
2,7,52,60,25,0.001,0,10,0.005,0.025,5207,0,0,0.22777030919915497,True
2,8,1,60,25,0.001,0,10,0.005,0.025,5185,0,0,0.22989392478302798,True
2,8,2,60,25,0.001,0,10,0.005,0.025,5110,0,0,0.23365949119373777,True
2,8,3,60,25,0.001,0,10,0.005,0.025,5064,0,0,0.23597946287519747,True
2,8,4,60,25,0.001,0,10,0.005,0.025,4998,0,0,0.2390956382553021,True
2,8,5,60,25,0.001,0,10,0.005,0.025,4959,0,0,0.2413793103448276,True
2,8,6,60,25,0.001,0,10,0.005,0.025,4892,0,0,0.2428454619787408,True
2,8,7,60,25,0.001,0,10,0.005,0.025,4838,0,0,0.24472922695328647,True
2,8,8,60,25,0.001,0,10,0.005,0.025,4775,0,0,0.24586387434554974,True
2,8,9,60,25,0.001,0,10,0.005,0.025,4750,0,0,0.24526315789473685,True
2,8,10,60,25,0.001,0,10,0.005,0.025,4713,0,0,0.2510078506259283,True
2,8,11,60,25,0.001,0,10,0.005,0.025,4650,0,0,0.25204301075268815,True
2,8,12,60,25,0.001,0,10,0.005,0.025,4609,0,0,0.2547190279887177,True
2,8,13,60,25,0.001,0,10,0.005,0.025,4563,0,0,0.25882095112864345,True
2,8,14,60,25,0.001,0,10,0.005,0.025,4526,0,0,0.2587273530711445,True
2,8,15,60,25,0.001,0,10,0.005,0.025,4481,0,0,0.2604329390760991,True
2,8,16,60,25,0.001,0,10,0.005,0.025,4418,0,0,0.26392032593933906,True
2,8,17,60,25,0.001,0,10,0.005,0.025,4374,0,0,0.2652034750800183,True
2,8,18,60,25,0.001,0,10,0.005,0.025,9701,0,0,0.12143078033192455,True
2,8,19,60,25,0.001,0,10,0.005,0.025,9538,0,0,0.12528832040260013,True
2,8,20,60,25,0.001,0,10,0.005,0.025,9372,0,0,0.12974818608621425,True
2,8,21,60,25,0.001,0,10,0.005,0.025,9219,0,0,0.132335394294392,True
2,8,22,60,25,0.001,0,10,0.005,0.025,8977,0,0,0.1363484460287401,True
2,8,23,60,25,0.001,0,10,0.005,0.025,8796,0,0,0.13938153706230105,True
2,8,24,60,25,0.001,0,10,0.005,0.025,8546,0,0,0.14357594196115142,True
2,8,25,60,25,0.001,0,10,0.005,0.025,8388,0,0,0.146757272293753,True
2,8,26,60,25,0.001,0,10,0.005,0.025,8223,0,0,0.1509181563906117,True
2,8,27,60,25,0.001,0,10,0.005,0.025,8034,0,0,0.15372168284789645,True
2,8,28,60,25,0.001,0,10,0.005,0.025,7843,0,0,0.15772026010455184,True
2,8,29,60,25,0.001,0,10,0.005,0.025,7673,0,0,0.16238759285807378,True
2,8,30,60,25,0.001,0,10,0.005,0.025,7515,0,0,0.1656686626746507,True
2,8,31,60,25,0.001,0,10,0.005,0.025,7379,0,0,0.16899308849437594,True
2,8,32,60,25,0.001,0,10,0.005,0.025,7229,0,0,0.17249965417070134,True
2,8,33,60,25,0.001,0,10,0.005,0.025,7065,0,0,0.1770700636942675,True
2,8,34,60,25,0.001,0,10,0.005,0.025,6916,0,0,0.18016194331983806,True
2,8,35,60,25,0.001,0,10,0.005,0.025,6748,0,0,0.1828689982216953,True
2,8,36,60,25,0.001,0,10,0.005,0.025,6611,0,0,0.18801996672212978,True
2,8,37,60,25,0.001,0,10,0.005,0.025,6479,0,0,0.19092452538972063,True
2,8,38,60,25,0.001,0,10,0.005,0.025,6396,0,0,0.19355847404627893,True
2,8,39,60,25,0.001,0,10,0.005,0.025,6305,0,0,0.19555908009516257,True
2,8,40,60,25,0.001,0,10,0.005,0.025,6223,0,0,0.19733247629760567,True
2,8,41,60,25,0.001,0,10,0.005,0.025,6758,0,0,0.23838413731873334,True
2,8,42,60,25,0.001,0,10,0.005,0.025,6736,0,0,0.25,True
2,8,43,60,25,0.001,0,10,0.005,0.025,6651,0,0,0.2489851150202977,True
2,8,44,60,25,0.001,0,10,0.005,0.025,6582,0,0,0.2558492859313279,True
2,8,45,60,25,0.001,0,10,0.005,0.025,6462,0,0,0.2539461467038069,True
2,8,46,60,25,0.001,0,10,0.005,0.025,5971,0,0,0.23027968514486685,True
2,8,47,60,25,0.001,0,10,0.005,0.025,5828,0,0,0.23112560054907344,True
2,8,48,60,25,0.001,0,10,0.005,0.025,5696,0,0,0.22945926966292135,True
2,8,49,60,25,0.001,0,10,0.005,0.025,5611,0,0,0.2300837640349314,True
2,8,50,60,25,0.001,0,10,0.005,0.025,5538,0,0,0.228602383531961,True
2,8,51,60,25,0.001,0,10,0.005,0.025,5474,0,0,0.23109243697478993,True
2,8,52,60,25,0.001,0,10,0.005,0.025,5404,0,0,0.2351961509992598,True
2,9,1,60,25,0.001,0,10,0.005,0.025,5323,0,0,0.2357693030246102,True
2,9,2,60,25,0.001,0,10,0.005,0.025,5281,0,0,0.23859117591365273,True
2,9,3,60,25,0.001,0,10,0.005,0.025,5224,0,0,0.2417687595712098,True
2,9,4,60,25,0.001,0,10,0.005,0.025,5143,0,0,0.2442154384600428,True
2,9,5,60,25,0.001,0,10,0.005,0.025,5095,0,0,0.24690873405299313,True
2,9,6,60,25,0.001,0,10,0.005,0.025,5032,0,0,0.24900635930047696,True
2,9,7,60,25,0.001,0,10,0.005,0.025,4985,0,0,0.2513540621865597,True
2,9,8,60,25,0.001,0,10,0.005,0.025,4936,0,0,0.2530388978930308,True
2,9,9,60,25,0.001,0,10,0.005,0.025,4898,0,0,0.2533687219273173,True
2,9,10,60,25,0.001,0,10,0.005,0.025,4849,0,0,0.25613528562590226,True
2,9,11,60,25,0.001,0,10,0.005,0.025,4779,0,0,0.25695752249424564,True
2,9,12,60,25,0.001,0,10,0.005,0.025,4705,0,0,0.2563230605738576,True
2,9,13,60,25,0.001,0,10,0.005,0.025,4661,0,0,0.256382750482729,True
2,9,14,60,25,0.001,0,10,0.005,0.025,4594,0,0,0.25968654767087507,True
2,9,15,60,25,0.001,0,10,0.005,0.025,4537,0,0,0.2607449856733524,True
2,9,16,60,25,0.001,0,10,0.005,0.025,4492,0,0,0.2633570792520036,True
2,9,17,60,25,0.001,0,10,0.005,0.025,4444,0,0,0.2662016201620162,True
2,9,18,60,25,0.001,0,10,0.005,0.025,9584,0,0,0.11268781302170283,True
2,9,19,60,25,0.001,0,10,0.005,0.025,9431,0,0,0.11515215777754215,True
2,9,20,60,25,0.001,0,10,0.005,0.025,9224,0,0,0.11979618386817,True
2,9,21,60,25,0.001,0,10,0.005,0.025,9044,0,0,0.12218045112781954,True
2,9,22,60,25,0.001,0,10,0.005,0.025,8823,0,0,0.12671426952283804,True
2,9,23,60,25,0.001,0,10,0.005,0.025,8608,0,0,0.1299953531598513,True
2,9,24,60,25,0.001,0,10,0.005,0.025,8466,0,0,0.13453815261044177,True
2,9,25,60,25,0.001,0,10,0.005,0.025,8259,0,0,0.13573071800460104,True
2,9,26,60,25,0.001,0,10,0.005,0.025,8073,0,0,0.13811470333209463,True
2,9,27,60,25,0.001,0,10,0.005,0.025,7949,0,0,0.1424078500440307,True
2,9,28,60,25,0.001,0,10,0.005,0.025,7766,0,0,0.14602111769250578,True
2,9,29,60,25,0.001,0,10,0.005,0.025,7647,0,0,0.14960115077808292,True
2,9,30,60,25,0.001,0,10,0.005,0.025,7528,0,0,0.1531615302869288,True
2,9,31,60,25,0.001,0,10,0.005,0.025,7372,0,0,0.1562669560499186,True
2,9,32,60,25,0.001,0,10,0.005,0.025,7216,0,0,0.16033813747228381,True
2,9,33,60,25,0.001,0,10,0.005,0.025,7109,0,0,0.16275144183429455,True
2,9,34,60,25,0.001,0,10,0.005,0.025,6986,0,0,0.16661895219009448,True
2,9,35,60,25,0.001,0,10,0.005,0.025,6867,0,0,0.1690694626474443,True
2,9,36,60,25,0.001,0,10,0.005,0.025,6752,0,0,0.1738744075829384,True
2,9,37,60,25,0.001,0,10,0.005,0.025,6615,0,0,0.17732426303854876,True
2,9,38,60,25,0.001,0,10,0.005,0.025,6535,0,0,0.18117827084927315,True
2,9,39,60,25,0.001,0,10,0.005,0.025,6441,0,0,0.184132898618227,True
2,9,40,60,25,0.001,0,10,0.005,0.025,6359,0,0,0.18713634219216857,True
2,9,41,60,25,0.001,0,10,0.005,0.025,6949,0,0,0.23355878543675349,True
2,9,42,60,25,0.001,0,10,0.005,0.025,6932,0,0,0.241200230813618,True
2,9,43,60,25,0.001,0,10,0.005,0.025,6850,0,0,0.23854014598540146,True
2,9,44,60,25,0.001,0,10,0.005,0.025,6728,0,0,0.24182520808561236,True
2,9,45,60,25,0.001,0,10,0.005,0.025,6650,0,0,0.24330827067669172,True
2,9,46,60,25,0.001,0,10,0.005,0.025,6154,0,0,0.216769580760481,True
2,9,47,60,25,0.001,0,10,0.005,0.025,5987,0,0,0.21479873058292967,True
2,9,48,60,25,0.001,0,10,0.005,0.025,5875,0,0,0.216,True
2,9,49,60,25,0.001,0,10,0.005,0.025,5793,0,0,0.216468151216986,True
2,9,50,60,25,0.001,0,10,0.005,0.025,5723,0,0,0.2194653153940241,True
2,9,51,60,25,0.001,0,10,0.005,0.025,5669,0,0,0.22014464632210268,True
2,9,52,60,25,0.001,0,10,0.005,0.025,5600,0,0,0.22303571428571428,True
2,10,1,60,25,0.001,0,10,0.005,0.025,5547,0,0,0.22552731206057328,True
2,10,2,60,25,0.001,0,10,0.005,0.025,5504,0,0,0.2292877906976744,True
2,10,3,60,25,0.001,0,10,0.005,0.025,5453,0,0,0.23143223913442143,True
2,10,4,60,25,0.001,0,10,0.005,0.025,5405,0,0,0.2364477335800185,True
2,10,5,60,25,0.001,0,10,0.005,0.025,5322,0,0,0.23919579105599398,True
2,10,6,60,25,0.001,0,10,0.005,0.025,5227,0,0,0.24143868375741342,True
2,10,7,60,25,0.001,0,10,0.005,0.025,5178,0,0,0.24314407106991115,True
2,10,8,60,25,0.001,0,10,0.005,0.025,5146,0,0,0.24640497473766032,True
2,10,9,60,25,0.001,0,10,0.005,0.025,5085,0,0,0.24896755162241888,True
2,10,10,60,25,0.001,0,10,0.005,0.025,5041,0,0,0.2533227534219401,True
2,10,11,60,25,0.001,0,10,0.005,0.025,4989,0,0,0.25736620565243534,True
2,10,12,60,25,0.001,0,10,0.005,0.025,4961,0,0,0.2600282201169119,True
2,10,13,60,25,0.001,0,10,0.005,0.025,4911,0,0,0.2641009977601303,True
2,10,14,60,25,0.001,0,10,0.005,0.025,4863,0,0,0.2669134279251491,True
2,10,15,60,25,0.001,0,10,0.005,0.025,4803,0,0,0.26983135540287323,True
2,10,16,60,25,0.001,0,10,0.005,0.025,4760,0,0,0.2722689075630252,True
2,10,17,60,25,0.001,0,10,0.005,0.025,4728,0,0,0.2755922165820643,True
2,10,18,60,25,0.001,0,10,0.005,0.025,10276,0,0,0.1182366679641884,True
2,10,19,60,25,0.001,0,10,0.005,0.025,10145,0,0,0.1216362740266141,True
2,10,20,60,25,0.001,0,10,0.005,0.025,9996,0,0,0.1251500600240096,True
2,10,21,60,25,0.001,0,10,0.005,0.025,9805,0,0,0.12942376338602754,True
2,10,22,60,25,0.001,0,10,0.005,0.025,9569,0,0,0.13345177134496813,True
2,10,23,60,25,0.001,0,10,0.005,0.025,9378,0,0,0.1362763915547025,True
2,10,24,60,25,0.001,0,10,0.005,0.025,9163,0,0,0.14023791334715704,True
2,10,25,60,25,0.001,0,10,0.005,0.025,8944,0,0,0.14434257602862255,True
2,10,26,60,25,0.001,0,10,0.005,0.025,8710,0,0,0.14890929965556832,True
2,10,27,60,25,0.001,0,10,0.005,0.025,8524,0,0,0.15204129516658846,True
2,10,28,60,25,0.001,0,10,0.005,0.025,8352,0,0,0.15445402298850575,True
2,10,29,60,25,0.001,0,10,0.005,0.025,8131,0,0,0.15816012790554668,True
2,10,30,60,25,0.001,0,10,0.005,0.025,7933,0,0,0.161729484432119,True
2,10,31,60,25,0.001,0,10,0.005,0.025,7728,0,0,0.16511387163561075,True
2,10,32,60,25,0.001,0,10,0.005,0.025,7585,0,0,0.16756756756756758,True
2,10,33,60,25,0.001,0,10,0.005,0.025,7449,0,0,0.17062692978923347,True
2,10,34,60,25,0.001,0,10,0.005,0.025,7308,0,0,0.17337164750957854,True
2,10,35,60,25,0.001,0,10,0.005,0.025,7162,0,0,0.17704551801172858,True
2,10,36,60,25,0.001,0,10,0.005,0.025,7012,0,0,0.18083285795778664,True
2,10,37,60,25,0.001,0,10,0.005,0.025,6886,0,0,0.1853035143769968,True
2,10,38,60,25,0.001,0,10,0.005,0.025,6781,0,0,0.1880253649904144,True
2,10,39,60,25,0.001,0,10,0.005,0.025,6680,0,0,0.19011976047904192,True
2,10,40,60,25,0.001,0,10,0.005,0.025,6584,0,0,0.19304374240583233,True
2,10,41,60,25,0.001,0,10,0.005,0.025,7138,0,0,0.24012328383300643,True
2,10,42,60,25,0.001,0,10,0.005,0.025,7054,0,0,0.24681032038559683,True
2,10,43,60,25,0.001,0,10,0.005,0.025,6965,0,0,0.2466618808327351,True
2,10,44,60,25,0.001,0,10,0.005,0.025,6838,0,0,0.24597835624451594,True
2,10,45,60,25,0.001,0,10,0.005,0.025,6767,0,0,0.24870696024826364,True
2,10,46,60,25,0.001,0,10,0.005,0.025,6269,0,0,0.22459722443770935,True
2,10,47,60,25,0.001,0,10,0.005,0.025,6088,0,0,0.22388304862023653,True
2,10,48,60,25,0.001,0,10,0.005,0.025,5991,0,0,0.21966282757469538,True
2,10,49,60,25,0.001,0,10,0.005,0.025,5927,0,0,0.2206850008435971,True
2,10,50,60,25,0.001,0,10,0.005,0.025,5842,0,0,0.22646353988360152,True
2,10,51,60,25,0.001,0,10,0.005,0.025,5788,0,0,0.2290946786454734,True
2,10,52,60,25,0.001,0,10,0.005,0.025,5732,0,0,0.23203070481507326,True
2,11,1,60,25,0.001,0,10,0.005,0.025,5705,0,0,0.23488168273444346,True
2,11,2,60,25,0.001,0,10,0.005,0.025,5660,0,0,0.2381625441696113,True
2,11,3,60,25,0.001,0,10,0.005,0.025,5616,0,0,0.24234330484330485,True
2,11,4,60,25,0.001,0,10,0.005,0.025,5580,0,0,0.24408602150537634,True
2,11,5,60,25,0.001,0,10,0.005,0.025,5550,0,0,0.24900900900900902,True
2,11,6,60,25,0.001,0,10,0.005,0.025,5491,0,0,0.2491349480968858,True
2,11,7,60,25,0.001,0,10,0.005,0.025,5456,0,0,0.2531158357771261,True
2,11,8,60,25,0.001,0,10,0.005,0.025,5408,0,0,0.2548076923076923,True
2,11,9,60,25,0.001,0,10,0.005,0.025,5357,0,0,0.25779354116109765,True
2,11,10,60,25,0.001,0,10,0.005,0.025,5313,0,0,0.2608695652173913,True
2,11,11,60,25,0.001,0,10,0.005,0.025,5250,0,0,0.26304761904761903,True
2,11,12,60,25,0.001,0,10,0.005,0.025,5214,0,0,0.2660145761411584,True
2,11,13,60,25,0.001,0,10,0.005,0.025,5155,0,0,0.26808923375363725,True
2,11,14,60,25,0.001,0,10,0.005,0.025,5115,0,0,0.27038123167155426,True
2,11,15,60,25,0.001,0,10,0.005,0.025,5055,0,0,0.27359050445103855,True
2,11,16,60,25,0.001,0,10,0.005,0.025,5003,0,0,0.2762342594443334,True
2,11,17,60,25,0.001,0,10,0.005,0.025,4947,0,0,0.2773398019001415,True
2,11,18,60,25,0.001,0,10,0.005,0.025,10552,0,0,0.12158832448824868,True
2,11,19,60,25,0.001,0,10,0.005,0.025,10382,0,0,0.12569832402234637,True
2,11,20,60,25,0.001,0,10,0.005,0.025,10188,0,0,0.12838633686690223,True
2,11,21,60,25,0.001,0,10,0.005,0.025,9975,0,0,0.13112781954887218,True
2,11,22,60,25,0.001,0,10,0.005,0.025,9721,0,0,0.13465692829955767,True
2,11,23,60,25,0.001,0,10,0.005,0.025,9465,0,0,0.13861595351294242,True
2,11,24,60,25,0.001,0,10,0.005,0.025,9285,0,0,0.14227248249865374,True
2,11,25,60,25,0.001,0,10,0.005,0.025,9138,0,0,0.14543663821405123,True
2,11,26,60,25,0.001,0,10,0.005,0.025,8944,0,0,0.1483676207513417,True
2,11,27,60,25,0.001,0,10,0.005,0.025,8790,0,0,0.1515358361774744,True
2,11,28,60,25,0.001,0,10,0.005,0.025,8656,0,0,0.15376617375231053,True
2,11,29,60,25,0.001,0,10,0.005,0.025,8480,0,0,0.1571933962264151,True
2,11,30,60,25,0.001,0,10,0.005,0.025,8301,0,0,0.1609444645223467,True
2,11,31,60,25,0.001,0,10,0.005,0.025,8118,0,0,0.16383345651638334,True
2,11,32,60,25,0.001,0,10,0.005,0.025,7949,0,0,0.16832305950434018,True
2,11,33,60,25,0.001,0,10,0.005,0.025,7788,0,0,0.17180277349768874,True
2,11,34,60,25,0.001,0,10,0.005,0.025,7617,0,0,0.17526585269791256,True
2,11,35,60,25,0.001,0,10,0.005,0.025,7515,0,0,0.17831004657351962,True
2,11,36,60,25,0.001,0,10,0.005,0.025,7346,0,0,0.18309283964062076,True
2,11,37,60,25,0.001,0,10,0.005,0.025,7200,0,0,0.18597222222222223,True
2,11,38,60,25,0.001,0,10,0.005,0.025,7099,0,0,0.1880546555852937,True
2,11,39,60,25,0.001,0,10,0.005,0.025,6999,0,0,0.19102728961280183,True
2,11,40,60,25,0.001,0,10,0.005,0.025,6894,0,0,0.1946620249492312,True
2,11,41,60,25,0.001,0,10,0.005,0.025,7439,0,0,0.2430434198144912,True
2,11,42,60,25,0.001,0,10,0.005,0.025,7355,0,0,0.2504418762746431,True
2,11,43,60,25,0.001,0,10,0.005,0.025,7270,0,0,0.2548830811554333,True
2,11,44,60,25,0.001,0,10,0.005,0.025,7175,0,0,0.2593728222996516,True
2,11,45,60,25,0.001,0,10,0.005,0.025,7074,0,0,0.2582697201017812,True
2,11,46,60,25,0.001,0,10,0.005,0.025,6545,0,0,0.23376623376623376,True
2,11,47,60,25,0.001,0,10,0.005,0.025,6374,0,0,0.2314088484468152,True
2,11,48,60,25,0.001,0,10,0.005,0.025,6277,0,0,0.23020551218735064,True
2,11,49,60,25,0.001,0,10,0.005,0.025,6191,0,0,0.23194960426425457,True
2,11,50,60,25,0.001,0,10,0.005,0.025,6118,0,0,0.2343903236351749,True
2,11,51,60,25,0.001,0,10,0.005,0.025,6066,0,0,0.23821299043850971,True
2,11,52,60,25,0.001,0,10,0.005,0.025,6016,0,0,0.24318484042553193,True
2,1,1,60,25,0.00188,0,10,0.005,0.025,5443,0,0,0.001653499908138894,True
2,1,2,60,25,0.00188,0,10,0.005,0.025,5344,0,0,0.003929640718562874,True
2,1,3,60,25,0.00188,0,10,0.005,0.025,5272,0,0,0.005880121396054629,True
2,1,4,60,25,0.00188,0,10,0.005,0.025,5212,0,0,0.00825019186492709,True
2,1,5,60,25,0.00188,0,10,0.005,0.025,5147,0,0,0.00990868467068195,True
2,1,6,60,25,0.00188,0,10,0.005,0.025,5102,0,0,0.012348098784790278,True
2,1,7,60,25,0.00188,0,10,0.005,0.025,5055,0,0,0.013452027695351138,True
2,1,8,60,25,0.00188,0,10,0.005,0.025,5013,0,0,0.014562138440055855,True
2,1,9,60,25,0.00188,0,10,0.005,0.025,4971,0,0,0.017300341983504323,True
2,1,10,60,25,0.00188,0,10,0.005,0.025,4934,0,0,0.020064856100526957,True
2,1,11,60,25,0.00188,0,10,0.005,0.025,4890,0,0,0.020858895705521473,True
2,1,12,60,25,0.00188,0,10,0.005,0.025,4854,0,0,0.023073753605274,True
2,1,13,60,25,0.00188,0,10,0.005,0.025,4818,0,0,0.025529265255292654,True
2,1,14,60,25,0.00188,0,10,0.005,0.025,4783,0,0,0.02780681580597951,True
2,1,15,60,25,0.00188,0,10,0.005,0.025,4754,0,0,0.029869583508624318,True
2,1,16,60,25,0.00188,0,10,0.005,0.025,4715,0,0,0.03054082714740191,True
2,1,17,60,25,0.00188,0,10,0.005,0.025,4688,0,0,0.0322098976109215,True
2,1,18,60,25,0.00188,0,10,0.005,0.025,13639,0,0,0.012684214385218858,True
2,1,19,60,25,0.00188,0,10,0.005,0.025,13373,0,0,0.014731174755103566,True
2,1,20,60,25,0.00188,0,10,0.005,0.025,13063,0,0,0.016764908520248027,True
2,1,21,60,25,0.00188,0,10,0.005,0.025,12812,0,0,0.01896659381829535,True
2,1,22,60,25,0.00188,0,10,0.005,0.025,12510,0,0,0.021023181454836132,True
2,1,23,60,25,0.00188,0,10,0.005,0.025,12259,0,0,0.023656089403703402,True
2,1,24,60,25,0.00188,0,10,0.005,0.025,11954,0,0,0.024928894094027106,True
2,1,25,60,25,0.00188,0,10,0.005,0.025,11665,0,0,0.027689669952850406,True
2,1,26,60,25,0.00188,0,10,0.005,0.025,11389,0,0,0.029853367284221617,True
2,1,27,60,25,0.00188,0,10,0.005,0.025,11145,0,0,0.031852848811126065,True
2,1,28,60,25,0.00188,0,10,0.005,0.025,10897,0,0,0.03349545746535744,True
2,1,29,60,25,0.00188,0,10,0.005,0.025,10665,0,0,0.0360056258790436,True
2,1,30,60,25,0.00188,0,10,0.005,0.025,10401,0,0,0.037784828381886355,True
2,1,31,60,25,0.00188,0,10,0.005,0.025,10122,0,0,0.03981426595534479,True
2,1,32,60,25,0.00188,0,10,0.005,0.025,9863,0,0,0.04156950217986414,True
2,1,33,60,25,0.00188,0,10,0.005,0.025,9645,0,0,0.043753240020736134,True
2,1,34,60,25,0.00188,0,10,0.005,0.025,9453,0,0,0.04559399132550513,True
2,1,35,60,25,0.00188,0,10,0.005,0.025,9251,0,0,0.04810290779375203,True
2,1,36,60,25,0.00188,0,10,0.005,0.025,9048,0,0,0.05006631299734748,True
2,1,37,60,25,0.00188,0,10,0.005,0.025,8843,0,0,0.05337555128350108,True
2,1,38,60,25,0.00188,0,10,0.005,0.025,8693,0,0,0.0562521569078569,True
2,1,39,60,25,0.00188,0,10,0.005,0.025,8546,0,0,0.05874093142990873,True
2,1,40,60,25,0.00188,0,10,0.005,0.025,8406,0,0,0.0603140613847252,True
2,1,41,60,25,0.00188,0,10,0.005,0.025,8456,0,0,0.07131031220435194,True
2,1,42,60,25,0.00188,0,10,0.005,0.025,8372,0,0,0.07716196846631629,True
2,1,43,60,25,0.00188,0,10,0.005,0.025,8276,0,0,0.08071532141130981,True
2,1,44,60,25,0.00188,0,10,0.005,0.025,8259,0,0,0.08536142390119869,True
2,1,45,60,25,0.00188,0,10,0.005,0.025,8220,0,0,0.09002433090024331,True
2,1,46,60,25,0.00188,0,10,0.005,0.025,8038,0,0,0.08683752177158498,True
2,1,47,60,25,0.00188,0,10,0.005,0.025,7978,0,0,0.08924542491852594,True
2,1,48,60,25,0.00188,0,10,0.005,0.025,7892,0,0,0.0927521540800811,True
2,1,49,60,25,0.00188,0,10,0.005,0.025,7800,0,0,0.09487179487179487,True
2,1,50,60,25,0.00188,0,10,0.005,0.025,7692,0,0,0.0967238689547582,True
2,1,51,60,25,0.00188,0,10,0.005,0.025,7586,0,0,0.0992617980490377,True
2,1,52,60,25,0.00188,0,10,0.005,0.025,7489,0,0,0.1016157030311123,True
2,2,1,60,25,0.00188,0,10,0.005,0.025,7374,8,0,0.1027935991320857,False
2,2,2,60,25,0.00188,0,10,0.005,0.025,7253,7,0,0.10657658899765614,False
2,2,3,60,25,0.00188,0,10,0.005,0.025,7150,7,1,0.10867132867132867,False
2,2,4,60,25,0.00188,0,10,0.005,0.025,7065,7,2,0.1111111111111111,False
2,2,5,60,25,0.00188,0,10,0.005,0.025,6970,7,3,0.11162123385939741,False
2,2,6,60,25,0.00188,0,10,0.005,0.025,6882,7,4,0.11377506538796861,False
2,2,7,60,25,0.00188,0,10,0.005,0.025,6776,5,4,0.11747343565525384,False
2,2,8,60,25,0.00188,0,10,0.005,0.025,6672,3,2,0.11870503597122302,False
2,2,9,60,25,0.00188,0,10,0.005,0.025,6562,0,0,0.12221883572081682,False
2,2,10,60,25,0.00188,0,10,0.005,0.025,6453,1,0,0.12490314582364792,False
2,2,11,60,25,0.00188,0,10,0.005,0.025,6359,1,0,0.126434974052524,False
2,2,12,60,25,0.00188,0,10,0.005,0.025,6285,1,0,0.12871917263325378,False
2,2,13,60,25,0.00188,0,10,0.005,0.025,6182,0,0,0.1289226787447428,False
2,2,14,60,25,0.00188,0,10,0.005,0.025,6077,0,0,0.13312489715320058,False
2,2,15,60,25,0.00188,0,10,0.005,0.025,5996,0,0,0.13475650433622416,False
2,2,16,60,25,0.00188,0,10,0.005,0.025,5916,0,0,0.13674780256930358,True
2,2,17,60,25,0.00188,0,10,0.005,0.025,5843,0,0,0.1406811569399281,True
2,2,18,60,25,0.00188,0,10,0.005,0.025,11827,0,0,0.07068571911727403,True
2,2,19,60,25,0.00188,0,10,0.005,0.025,11597,0,0,0.0726912132448047,True
2,2,20,60,25,0.00188,0,10,0.005,0.025,11332,0,0,0.07624426403106248,True
2,2,21,60,25,0.00188,0,10,0.005,0.025,11132,0,0,0.07860222781171398,True
2,2,22,60,25,0.00188,0,10,0.005,0.025,10877,0,0,0.0824675921669578,True
2,2,23,60,25,0.00188,0,10,0.005,0.025,10649,0,0,0.08470278899427176,True
2,2,24,60,25,0.00188,0,10,0.005,0.025,10382,0,0,0.08803698709304565,True
2,2,25,60,25,0.00188,0,10,0.005,0.025,10118,0,0,0.0892468867365092,True
2,2,26,60,25,0.00188,0,10,0.005,0.025,9884,0,0,0.09227033589639821,True
2,2,27,60,25,0.00188,0,10,0.005,0.025,9706,0,0,0.09499278796620647,True
2,2,28,60,25,0.00188,0,10,0.005,0.025,9492,0,0,0.0979772439949431,True
2,2,29,60,25,0.00188,0,10,0.005,0.025,9348,0,0,0.10012836970474968,True
2,2,30,60,25,0.00188,0,10,0.005,0.025,9116,0,0,0.10289600702062308,True
2,2,31,60,25,0.00188,0,10,0.005,0.025,8904,0,0,0.10590745732255166,True
2,2,32,60,25,0.00188,0,10,0.005,0.025,8751,0,0,0.10833047651696949,True
2,2,33,60,25,0.00188,0,10,0.005,0.025,8560,0,0,0.11144859813084113,True
2,2,34,60,25,0.00188,0,10,0.005,0.025,8381,0,0,0.11478343873046176,True
2,2,35,60,25,0.00188,0,10,0.005,0.025,8208,0,0,0.11683723196881092,True
2,2,36,60,25,0.00188,0,10,0.005,0.025,8084,0,0,0.12209302325581395,True
2,2,37,60,25,0.00188,0,10,0.005,0.025,7915,0,0,0.12293114339861023,True
2,2,38,60,25,0.00188,0,10,0.005,0.025,7802,0,0,0.1252243014611638,True
2,2,39,60,25,0.00188,0,10,0.005,0.025,7667,0,0,0.12769010043041606,True
2,2,40,60,25,0.00188,0,10,0.005,0.025,7555,0,0,0.1314361350099272,True
2,2,41,60,25,0.00188,0,10,0.005,0.025,7611,0,0,0.14820654316121404,True
2,2,42,60,25,0.00188,0,10,0.005,0.025,7520,0,0,0.1517287234042553,True
2,2,43,60,25,0.00188,0,10,0.005,0.025,7440,0,0,0.15443548387096775,True
2,2,44,60,25,0.00188,0,10,0.005,0.025,7382,0,0,0.15686805743700893,True
2,2,45,60,25,0.00188,0,10,0.005,0.025,7377,0,0,0.16388775925172835,True
2,2,46,60,25,0.00188,0,10,0.005,0.025,7208,0,0,0.15441176470588236,True
2,2,47,60,25,0.00188,0,10,0.005,0.025,7162,0,0,0.16001117006422788,True
2,2,48,60,25,0.00188,0,10,0.005,0.025,7117,0,0,0.1618659547562175,True
2,2,49,60,25,0.00188,0,10,0.005,0.025,7042,0,0,0.16600397614314116,True
2,2,50,60,25,0.00188,0,10,0.005,0.025,6991,0,0,0.16893148333571736,True
2,2,51,60,25,0.00188,0,10,0.005,0.025,6910,0,0,0.17264833574529667,True
2,2,52,60,25,0.00188,0,10,0.005,0.025,6821,0,0,0.1729951619997068,True
2,3,1,60,25,0.00188,0,10,0.005,0.025,6776,0,0,0.17680047225501772,True
2,3,2,60,25,0.00188,0,10,0.005,0.025,6737,0,0,0.18034733560932165,True
2,3,3,60,25,0.00188,0,10,0.005,0.025,6659,0,0,0.18336086499474397,True
2,3,4,60,25,0.00188,0,10,0.005,0.025,6601,0,0,0.18754734131192244,True
2,3,5,60,25,0.00188,0,10,0.005,0.025,6523,0,0,0.19193622566303847,True
2,3,6,60,25,0.00188,0,10,0.005,0.025,6463,0,0,0.19526535664552067,True
2,3,7,60,25,0.00188,0,10,0.005,0.025,6409,0,0,0.19722265564050553,True
2,3,8,60,25,0.00188,0,10,0.005,0.025,6344,0,0,0.20081967213114754,True
2,3,9,60,25,0.00188,0,10,0.005,0.025,6263,0,0,0.20309755708127095,True
2,3,10,60,25,0.00188,0,10,0.005,0.025,6196,0,0,0.20416397675919948,True
2,3,11,60,25,0.00188,0,10,0.005,0.025,6121,0,0,0.2068289495180526,True
2,3,12,60,25,0.00188,0,10,0.005,0.025,6034,0,0,0.20815379516075572,True
2,3,13,60,25,0.00188,0,10,0.005,0.025,5965,0,0,0.2110645431684828,True
2,3,14,60,25,0.00188,0,10,0.005,0.025,5879,0,0,0.21262119408062596,True
2,3,15,60,25,0.00188,0,10,0.005,0.025,5806,0,0,0.21615570099896658,True
2,3,16,60,25,0.00188,0,10,0.005,0.025,5730,0,0,0.21780104712041884,True
2,3,17,60,25,0.00188,0,10,0.005,0.025,5666,0,0,0.21990822449699965,True
2,3,18,60,25,0.00188,0,10,0.005,0.025,13044,0,0,0.09475620975160993,True
2,3,19,60,25,0.00188,0,10,0.005,0.025,12768,0,0,0.09782268170426066,True
2,3,20,60,25,0.00188,0,10,0.005,0.025,12464,0,0,0.10060975609756098,True
2,3,21,60,25,0.00188,0,10,0.005,0.025,12200,0,0,0.10336065573770492,True
2,3,22,60,25,0.00188,0,10,0.005,0.025,11892,0,0,0.10645812310797174,True
2,3,23,60,25,0.00188,0,10,0.005,0.025,11577,0,0,0.10961388960870692,True
2,3,24,60,25,0.00188,0,10,0.005,0.025,11323,0,0,0.11357414112867614,True
2,3,25,60,25,0.00188,0,10,0.005,0.025,11044,0,0,0.11644331763853676,True
2,3,26,60,25,0.00188,0,10,0.005,0.025,10781,0,0,0.11956219274649847,True
2,3,27,60,25,0.00188,0,10,0.005,0.025,10469,0,0,0.12264781736555545,True
2,3,28,60,25,0.00188,0,10,0.005,0.025,10227,0,0,0.12633225774909554,True
2,3,29,60,25,0.00188,0,10,0.005,0.025,9973,0,0,0.1287476185701394,True
2,3,30,60,25,0.00188,0,10,0.005,0.025,9746,0,0,0.13277241945413504,True
2,3,31,60,25,0.00188,0,10,0.005,0.025,9522,0,0,0.1368409997899601,True
2,3,32,60,25,0.00188,0,10,0.005,0.025,9332,0,0,0.14048435490784397,True
2,3,33,60,25,0.00188,0,10,0.005,0.025,9133,0,0,0.14310741267929486,True
2,3,34,60,25,0.00188,0,10,0.005,0.025,8937,0,0,0.14501510574018128,True
2,3,35,60,25,0.00188,0,10,0.005,0.025,8686,0,0,0.14839972369329957,True
2,3,36,60,25,0.00188,0,10,0.005,0.025,8495,0,0,0.15173631547969393,True
2,3,37,60,25,0.00188,0,10,0.005,0.025,8295,0,0,0.15467148884870405,True
2,3,38,60,25,0.00188,0,10,0.005,0.025,8184,0,0,0.15750244379276637,True
2,3,39,60,25,0.00188,0,10,0.005,0.025,8057,0,0,0.15998510611890282,True
2,3,40,60,25,0.00188,0,10,0.005,0.025,7945,0,0,0.1628697293895532,True
2,3,41,60,25,0.00188,0,10,0.005,0.025,8027,0,0,0.18001744113616544,True
2,3,42,60,25,0.00188,0,10,0.005,0.025,7973,0,0,0.18336886993603413,True
2,3,43,60,25,0.00188,0,10,0.005,0.025,7897,0,0,0.18627326832974547,True
2,3,44,60,25,0.00188,0,10,0.005,0.025,7805,0,0,0.1911595131326073,True
2,3,45,60,25,0.00188,0,10,0.005,0.025,7752,0,0,0.19259545923632612,True
2,3,46,60,25,0.00188,0,10,0.005,0.025,7569,0,0,0.1906460562822037,True
2,3,47,60,25,0.00188,0,10,0.005,0.025,7517,0,0,0.19169881601702807,True
2,3,48,60,25,0.00188,0,10,0.005,0.025,7459,0,0,0.1962729588416678,True
2,3,49,60,25,0.00188,0,10,0.005,0.025,7421,0,0,0.20051206036922248,True
2,3,50,60,25,0.00188,0,10,0.005,0.025,7367,0,0,0.20320347495588434,True
2,3,51,60,25,0.00188,0,10,0.005,0.025,7297,0,0,0.20734548444566261,True
2,3,52,60,25,0.00188,0,10,0.005,0.025,7227,0,0,0.2115677321156773,True
2,4,1,60,25,0.00188,0,10,0.005,0.025,7167,0,0,0.21417608483326356,True
2,4,2,60,25,0.00188,0,10,0.005,0.025,7064,0,0,0.21687429218573046,True
2,4,3,60,25,0.00188,0,10,0.005,0.025,6968,0,0,0.22014925373134328,True
2,4,4,60,25,0.00188,0,10,0.005,0.025,6887,0,0,0.22302889501960216,True
2,4,5,60,25,0.00188,0,10,0.005,0.025,6803,0,0,0.22607673085403499,True
2,4,6,60,25,0.00188,0,10,0.005,0.025,6710,0,0,0.22831594634873323,True
2,4,7,60,25,0.00188,0,10,0.005,0.025,6617,0,0,0.23137373432068914,True
2,4,8,60,25,0.00188,0,10,0.005,0.025,6535,0,0,0.23289977046671767,True
2,4,9,60,25,0.00188,0,10,0.005,0.025,6434,0,0,0.23531240285980728,True
2,4,10,60,25,0.00188,0,10,0.005,0.025,6364,0,0,0.23790069138906347,True
2,4,11,60,25,0.00188,0,10,0.005,0.025,6267,0,0,0.23998723472155736,True
2,4,12,60,25,0.00188,0,10,0.005,0.025,6177,0,0,0.24267443742917275,True
2,4,13,60,25,0.00188,0,10,0.005,0.025,6098,0,0,0.24532633650377172,True
2,4,14,60,25,0.00188,0,10,0.005,0.025,6018,0,0,0.2477567298105683,True
2,4,15,60,25,0.00188,0,10,0.005,0.025,5934,0,0,0.24941017863161444,True
2,4,16,60,25,0.00188,0,10,0.005,0.025,5861,0,0,0.25166353864528235,True
2,4,17,60,25,0.00188,0,10,0.005,0.025,5801,0,0,0.25237028098603687,True
2,4,18,60,25,0.00188,0,10,0.005,0.025,12813,0,0,0.1161320533832826,True
2,4,19,60,25,0.00188,0,10,0.005,0.025,12568,0,0,0.1191120305537874,True
2,4,20,60,25,0.00188,0,10,0.005,0.025,12283,0,0,0.12277130994056827,True
2,4,21,60,25,0.00188,0,10,0.005,0.025,11956,0,0,0.12654734024757444,True
2,4,22,60,25,0.00188,0,10,0.005,0.025,11666,0,0,0.1297788445054003,True
2,4,23,60,25,0.00188,0,10,0.005,0.025,11381,0,0,0.13346806080309287,True
2,4,24,60,25,0.00188,0,10,0.005,0.025,11163,0,0,0.13705993012631013,True
2,4,25,60,25,0.00188,0,10,0.005,0.025,10890,0,0,0.14049586776859505,True
2,4,26,60,25,0.00188,0,10,0.005,0.025,10636,0,0,0.1446032342986085,True
2,4,27,60,25,0.00188,0,10,0.005,0.025,10413,0,0,0.14750792278882166,True
2,4,28,60,25,0.00188,0,10,0.005,0.025,10160,0,0,0.15137795275590551,True
2,4,29,60,25,0.00188,0,10,0.005,0.025,9938,0,0,0.15516200442745018,True
2,4,30,60,25,0.00188,0,10,0.005,0.025,9706,0,0,0.15876777251184834,True
2,4,31,60,25,0.00188,0,10,0.005,0.025,9461,0,0,0.16287918824648556,True
2,4,32,60,25,0.00188,0,10,0.005,0.025,9246,0,0,0.16558511788881677,True
2,4,33,60,25,0.00188,0,10,0.005,0.025,9061,0,0,0.16929698708751795,True
2,4,34,60,25,0.00188,0,10,0.005,0.025,8827,0,0,0.17276537895094596,True
2,4,35,60,25,0.00188,0,10,0.005,0.025,8611,0,0,0.1766345372198351,True
2,4,36,60,25,0.00188,0,10,0.005,0.025,8423,0,0,0.18045826902528792,True
2,4,37,60,25,0.00188,0,10,0.005,0.025,8249,0,0,0.18353739847254213,True
2,4,38,60,25,0.00188,0,10,0.005,0.025,8106,0,0,0.18751542067604243,True
2,4,39,60,25,0.00188,0,10,0.005,0.025,7997,0,0,0.18969613605101912,True
2,4,40,60,25,0.00188,0,10,0.005,0.025,7869,0,0,0.19290888295844452,True
2,4,41,60,25,0.00188,0,10,0.005,0.025,7947,0,0,0.2088838555429722,True
2,4,42,60,25,0.00188,0,10,0.005,0.025,7851,0,0,0.21322124570118456,True
2,4,43,60,25,0.00188,0,10,0.005,0.025,7746,0,0,0.2168861347792409,True
2,4,44,60,25,0.00188,0,10,0.005,0.025,7637,0,0,0.21683907293439833,True
2,4,45,60,25,0.00188,0,10,0.005,0.025,7539,0,0,0.21793341291948534,True
2,4,46,60,25,0.00188,0,10,0.005,0.025,7410,0,0,0.2143049932523617,True
2,4,47,60,25,0.00188,0,10,0.005,0.025,7344,0,0,0.2162309368191721,True
2,4,48,60,25,0.00188,0,10,0.005,0.025,7296,0,0,0.21792763157894737,True
2,4,49,60,25,0.00188,0,10,0.005,0.025,7234,0,0,0.2206248272048659,True
2,4,50,60,25,0.00188,0,10,0.005,0.025,7147,0,0,0.22191129145095845,True
2,4,51,60,25,0.00188,0,10,0.005,0.025,7055,0,0,0.2238128986534373,True
2,4,52,60,25,0.00188,0,10,0.005,0.025,6983,0,0,0.22669339825289989,True
2,5,1,60,25,0.00188,0,10,0.005,0.025,6901,0,0,0.23011157803216925,True
2,5,2,60,25,0.00188,0,10,0.005,0.025,6822,0,0,0.2336558194077983,True
2,5,3,60,25,0.00188,0,10,0.005,0.025,6742,0,0,0.2373183031741323,True
2,5,4,60,25,0.00188,0,10,0.005,0.025,6645,0,0,0.2401805869074492,True
2,5,5,60,25,0.00188,0,10,0.005,0.025,6547,0,0,0.24179013288529097,True
2,5,6,60,25,0.00188,0,10,0.005,0.025,6475,0,0,0.24478764478764478,True
2,5,7,60,25,0.00188,0,10,0.005,0.025,6392,0,0,0.24593241551939926,True
2,5,8,60,25,0.00188,0,10,0.005,0.025,6331,0,0,0.24956562944242616,True
2,5,9,60,25,0.00188,0,10,0.005,0.025,6255,0,0,0.2501998401278977,True
2,5,10,60,25,0.00188,0,10,0.005,0.025,6171,0,0,0.2542537676227516,True
2,5,11,60,25,0.00188,0,10,0.005,0.025,6080,0,0,0.25592105263157894,True
2,5,12,60,25,0.00188,0,10,0.005,0.025,5993,0,0,0.2574670448857,True
2,5,13,60,25,0.00188,0,10,0.005,0.025,5920,0,0,0.2606418918918919,True
2,5,14,60,25,0.00188,0,10,0.005,0.025,5856,0,0,0.2612704918032787,True
2,5,15,60,25,0.00188,0,10,0.005,0.025,5793,0,0,0.2629035042292422,True
2,5,16,60,25,0.00188,0,10,0.005,0.025,5737,0,0,0.2658183719714136,True
2,5,17,60,25,0.00188,0,10,0.005,0.025,5663,0,0,0.26876214020837014,True
2,5,18,60,25,0.00188,0,10,0.005,0.025,12685,0,0,0.12093023255813953,True
2,5,19,60,25,0.00188,0,10,0.005,0.025,12437,0,0,0.12350245235989386,True
2,5,20,60,25,0.00188,0,10,0.005,0.025,12126,0,0,0.1256803562592776,True
2,5,21,60,25,0.00188,0,10,0.005,0.025,11794,0,0,0.128963879938952,True
2,5,22,60,25,0.00188,0,10,0.005,0.025,11514,0,0,0.1331422615945805,True
2,5,23,60,25,0.00188,0,10,0.005,0.025,11254,0,0,0.13604051892660388,True
2,5,24,60,25,0.00188,0,10,0.005,0.025,10994,0,0,0.1399854466072403,True
2,5,25,60,25,0.00188,0,10,0.005,0.025,10766,0,0,0.1425784878320639,True
2,5,26,60,25,0.00188,0,10,0.005,0.025,10523,0,0,0.14625106908676233,True
2,5,27,60,25,0.00188,0,10,0.005,0.025,10313,0,0,0.14864733831086976,True
2,5,28,60,25,0.00188,0,10,0.005,0.025,10077,0,0,0.15242631735635606,True
2,5,29,60,25,0.00188,0,10,0.005,0.025,9854,0,0,0.15658615790541913,True
2,5,30,60,25,0.00188,0,10,0.005,0.025,9669,0,0,0.15947874650946323,True
2,5,31,60,25,0.00188,0,10,0.005,0.025,9462,0,0,0.16339040372014374,True
2,5,32,60,25,0.00188,0,10,0.005,0.025,9226,0,0,0.1668111857793193,True
2,5,33,60,25,0.00188,0,10,0.005,0.025,9012,0,0,0.17177097203728361,True
2,5,34,60,25,0.00188,0,10,0.005,0.025,8819,0,0,0.17587028007710626,True
2,5,35,60,25,0.00188,0,10,0.005,0.025,8598,0,0,0.18004187020237264,True
2,5,36,60,25,0.00188,0,10,0.005,0.025,8424,0,0,0.18198005698005698,True
2,5,37,60,25,0.00188,0,10,0.005,0.025,8241,0,0,0.1839582574930227,True
2,5,38,60,25,0.00188,0,10,0.005,0.025,8124,0,0,0.18660758247168882,True
2,5,39,60,25,0.00188,0,10,0.005,0.025,8000,0,0,0.189,True
2,5,40,60,25,0.00188,0,10,0.005,0.025,7908,0,0,0.19258978249873546,True
2,5,41,60,25,0.00188,0,10,0.005,0.025,8017,0,0,0.20992890108519396,True
2,5,42,60,25,0.00188,0,10,0.005,0.025,7956,0,0,0.21405228758169934,True
2,5,43,60,25,0.00188,0,10,0.005,0.025,7835,0,0,0.21786853860880664,True
2,5,44,60,25,0.00188,0,10,0.005,0.025,7770,0,0,0.21969111969111968,True
2,5,45,60,25,0.00188,0,10,0.005,0.025,7646,0,0,0.21867643212137064,True
2,5,46,60,25,0.00188,0,10,0.005,0.025,7473,0,0,0.2126321423792319,True
2,5,47,60,25,0.00188,0,10,0.005,0.025,7417,0,0,0.21464203856006472,True
2,5,48,60,25,0.00188,0,10,0.005,0.025,7338,0,0,0.2176342327609703,True
2,5,49,60,25,0.00188,0,10,0.005,0.025,7248,0,0,0.21950883002207505,True
2,5,50,60,25,0.00188,0,10,0.005,0.025,7160,0,0,0.22192737430167597,True
2,5,51,60,25,0.00188,0,10,0.005,0.025,7100,0,0,0.22380281690140846,True
2,5,52,60,25,0.00188,0,10,0.005,0.025,7017,0,0,0.22488242838820008,True
2,6,1,60,25,0.00188,0,10,0.005,0.025,6916,0,0,0.22643146327356853,True
2,6,2,60,25,0.00188,0,10,0.005,0.025,6828,0,0,0.22803163444639718,True
2,6,3,60,25,0.00188,0,10,0.005,0.025,6743,0,0,0.2314993326412576,True
2,6,4,60,25,0.00188,0,10,0.005,0.025,6657,0,0,0.23328826798858346,True
2,6,5,60,25,0.00188,0,10,0.005,0.025,6590,0,0,0.23611532625189682,True
2,6,6,60,25,0.00188,0,10,0.005,0.025,6504,0,0,0.24015990159901598,True
2,6,7,60,25,0.00188,0,10,0.005,0.025,6428,0,0,0.24144368388301182,True
2,6,8,60,25,0.00188,0,10,0.005,0.025,6358,0,0,0.2431582258571878,True
2,6,9,60,25,0.00188,0,10,0.005,0.025,6279,0,0,0.24573976747889792,True
2,6,10,60,25,0.00188,0,10,0.005,0.025,6199,0,0,0.24762058396515568,True
2,6,11,60,25,0.00188,0,10,0.005,0.025,6123,0,0,0.2508574228319451,True
2,6,12,60,25,0.00188,0,10,0.005,0.025,6046,0,0,0.2552100562355276,True
2,6,13,60,25,0.00188,0,10,0.005,0.025,5965,0,0,0.25750209555741826,True
2,6,14,60,25,0.00188,0,10,0.005,0.025,5883,0,0,0.2588815230324664,True
2,6,15,60,25,0.00188,0,10,0.005,0.025,5827,0,0,0.26136948687146044,True
2,6,16,60,25,0.00188,0,10,0.005,0.025,5744,0,0,0.2641016713091922,True
2,6,17,60,25,0.00188,0,10,0.005,0.025,5661,0,0,0.26532414767708884,True
2,6,18,60,25,0.00188,0,10,0.005,0.025,12558,0,0,0.11992355470616341,True
2,6,19,60,25,0.00188,0,10,0.005,0.025,12327,0,0,0.12249533544252454,True
2,6,20,60,25,0.00188,0,10,0.005,0.025,12089,0,0,0.1254859789891637,True
2,6,21,60,25,0.00188,0,10,0.005,0.025,11807,0,0,0.12899127636148047,True
2,6,22,60,25,0.00188,0,10,0.005,0.025,11525,0,0,0.1332754880694143,True
2,6,23,60,25,0.00188,0,10,0.005,0.025,11301,0,0,0.1363596141934342,True
2,6,24,60,25,0.00188,0,10,0.005,0.025,11064,0,0,0.1393709327548807,True
2,6,25,60,25,0.00188,0,10,0.005,0.025,10808,0,0,0.14276461880088823,True
2,6,26,60,25,0.00188,0,10,0.005,0.025,10566,0,0,0.14518266136664773,True
2,6,27,60,25,0.00188,0,10,0.005,0.025,10336,0,0,0.14870356037151702,True
2,6,28,60,25,0.00188,0,10,0.005,0.025,10115,0,0,0.1518536826495304,True
2,6,29,60,25,0.00188,0,10,0.005,0.025,9878,0,0,0.155902004454343,True
2,6,30,60,25,0.00188,0,10,0.005,0.025,9655,0,0,0.15919212843086483,True
2,6,31,60,25,0.00188,0,10,0.005,0.025,9411,0,0,0.16246945064286472,True
2,6,32,60,25,0.00188,0,10,0.005,0.025,9150,0,0,0.16633879781420766,True
2,6,33,60,25,0.00188,0,10,0.005,0.025,8903,0,0,0.17039200269572055,True
2,6,34,60,25,0.00188,0,10,0.005,0.025,8648,0,0,0.17425994449583718,True
2,6,35,60,25,0.00188,0,10,0.005,0.025,8406,0,0,0.17844396859386152,True
2,6,36,60,25,0.00188,0,10,0.005,0.025,8207,0,0,0.18264895820640917,True
2,6,37,60,25,0.00188,0,10,0.005,0.025,8022,0,0,0.18524058838194965,True
2,6,38,60,25,0.00188,0,10,0.005,0.025,7898,0,0,0.1878956697898202,True
2,6,39,60,25,0.00188,0,10,0.005,0.025,7793,0,0,0.18991402540741692,True
2,6,40,60,25,0.00188,0,10,0.005,0.025,7696,0,0,0.19243762993762994,True
2,6,41,60,25,0.00188,0,10,0.005,0.025,7840,0,0,0.21096938775510204,True
2,6,42,60,25,0.00188,0,10,0.005,0.025,7759,0,0,0.21536280448511405,True
2,6,43,60,25,0.00188,0,10,0.005,0.025,7684,0,0,0.2181155648099948,True
2,6,44,60,25,0.00188,0,10,0.005,0.025,7618,0,0,0.21987398267261749,True
2,6,45,60,25,0.00188,0,10,0.005,0.025,7566,0,0,0.2225746761829236,True
2,6,46,60,25,0.00188,0,10,0.005,0.025,7374,0,0,0.21670735014917278,True
2,6,47,60,25,0.00188,0,10,0.005,0.025,7280,0,0,0.21744505494505495,True
2,6,48,60,25,0.00188,0,10,0.005,0.025,7202,0,0,0.21980005554012774,True
2,6,49,60,25,0.00188,0,10,0.005,0.025,7114,0,0,0.221394433511386,True
2,6,50,60,25,0.00188,0,10,0.005,0.025,7029,0,0,0.22392943519704084,True
2,6,51,60,25,0.00188,0,10,0.005,0.025,6973,0,0,0.22529757636598308,True
2,6,52,60,25,0.00188,0,10,0.005,0.025,6907,0,0,0.22701607065296076,True
2,7,1,60,25,0.00188,0,10,0.005,0.025,6808,0,0,0.2295828437132785,True
2,7,2,60,25,0.00188,0,10,0.005,0.025,6729,0,0,0.23004904146232724,True
2,7,3,60,25,0.00188,0,10,0.005,0.025,6654,0,0,0.23384430417793808,True
2,7,4,60,25,0.00188,0,10,0.005,0.025,6566,0,0,0.2348461772768809,True
2,7,5,60,25,0.00188,0,10,0.005,0.025,6485,0,0,0.23700848111025444,True
2,7,6,60,25,0.00188,0,10,0.005,0.025,6410,0,0,0.23868954758190328,True
2,7,7,60,25,0.00188,0,10,0.005,0.025,6341,0,0,0.24191767859958996,True
2,7,8,60,25,0.00188,0,10,0.005,0.025,6251,0,0,0.24188129899216126,True
2,7,9,60,25,0.00188,0,10,0.005,0.025,6155,0,0,0.2445166531275386,True
2,7,10,60,25,0.00188,0,10,0.005,0.025,6075,0,0,0.24691358024691357,True
2,7,11,60,25,0.00188,0,10,0.005,0.025,5994,0,0,0.24874874874874875,True
2,7,12,60,25,0.00188,0,10,0.005,0.025,5906,0,0,0.2505926176769387,True
2,7,13,60,25,0.00188,0,10,0.005,0.025,5839,0,0,0.25295427299195067,True
2,7,14,60,25,0.00188,0,10,0.005,0.025,5764,0,0,0.25607217210270644,True
2,7,15,60,25,0.00188,0,10,0.005,0.025,5700,0,0,0.25842105263157894,True
2,7,16,60,25,0.00188,0,10,0.005,0.025,5640,0,0,0.26063829787234044,True
2,7,17,60,25,0.00188,0,10,0.005,0.025,5581,0,0,0.2626769396165562,True
2,7,18,60,25,0.00188,0,10,0.005,0.025,12250,0,0,0.11991836734693878,True
2,7,19,60,25,0.00188,0,10,0.005,0.025,12015,0,0,0.12326258843112775,True
2,7,20,60,25,0.00188,0,10,0.005,0.025,11800,0,0,0.12550847457627118,True
2,7,21,60,25,0.00188,0,10,0.005,0.025,11453,0,0,0.12966035099973805,True
2,7,22,60,25,0.00188,0,10,0.005,0.025,11155,0,0,0.1329448677722994,True
2,7,23,60,25,0.00188,0,10,0.005,0.025,10894,0,0,0.13640536074903617,True
2,7,24,60,25,0.00188,0,10,0.005,0.025,10655,0,0,0.1396527451900516,True
2,7,25,60,25,0.00188,0,10,0.005,0.025,10393,0,0,0.14307707110555182,True
2,7,26,60,25,0.00188,0,10,0.005,0.025,10156,0,0,0.1459235919653407,True
2,7,27,60,25,0.00188,0,10,0.005,0.025,9938,0,0,0.14852082914067216,True
2,7,28,60,25,0.00188,0,10,0.005,0.025,9748,0,0,0.15192860073861306,True
2,7,29,60,25,0.00188,0,10,0.005,0.025,9539,0,0,0.15431386937834154,True
2,7,30,60,25,0.00188,0,10,0.005,0.025,9373,0,0,0.15736690493972047,True
2,7,31,60,25,0.00188,0,10,0.005,0.025,9170,0,0,0.16095965103598692,True
2,7,32,60,25,0.00188,0,10,0.005,0.025,8967,0,0,0.16382290621166498,True
2,7,33,60,25,0.00188,0,10,0.005,0.025,8770,0,0,0.16738882554161916,True
2,7,34,60,25,0.00188,0,10,0.005,0.025,8598,0,0,0.16992323796231681,True
2,7,35,60,25,0.00188,0,10,0.005,0.025,8434,0,0,0.17251600663979133,True
2,7,36,60,25,0.00188,0,10,0.005,0.025,8285,0,0,0.1763427881713941,True
2,7,37,60,25,0.00188,0,10,0.005,0.025,8094,0,0,0.17914504571287374,True
2,7,38,60,25,0.00188,0,10,0.005,0.025,7992,0,0,0.1816816816816817,True
2,7,39,60,25,0.00188,0,10,0.005,0.025,7866,0,0,0.18459191456903126,True
2,7,40,60,25,0.00188,0,10,0.005,0.025,7742,0,0,0.18729010591578404,True
2,7,41,60,25,0.00188,0,10,0.005,0.025,7831,0,0,0.20393308645128336,True
2,7,42,60,25,0.00188,0,10,0.005,0.025,7732,0,0,0.20887221934816347,True
2,7,43,60,25,0.00188,0,10,0.005,0.025,7675,0,0,0.21133550488599348,True
2,7,44,60,25,0.00188,0,10,0.005,0.025,7615,0,0,0.21602101116217992,True
2,7,45,60,25,0.00188,0,10,0.005,0.025,7529,0,0,0.21503519723734893,True
2,7,46,60,25,0.00188,0,10,0.005,0.025,7339,0,0,0.2077939773811146,True
2,7,47,60,25,0.00188,0,10,0.005,0.025,7245,0,0,0.20814354727398204,True
2,7,48,60,25,0.00188,0,10,0.005,0.025,7187,0,0,0.21010157228328927,True
2,7,49,60,25,0.00188,0,10,0.005,0.025,7127,0,0,0.21173004069033255,True
2,7,50,60,25,0.00188,0,10,0.005,0.025,7044,0,0,0.21365701306076093,True
2,7,51,60,25,0.00188,0,10,0.005,0.025,6956,0,0,0.21564117308798159,True
2,7,52,60,25,0.00188,0,10,0.005,0.025,6877,0,0,0.21782754107895885,True
2,8,1,60,25,0.00188,0,10,0.005,0.025,6790,0,0,0.22017673048600883,True
2,8,2,60,25,0.00188,0,10,0.005,0.025,6719,0,0,0.22294984372674506,True
2,8,3,60,25,0.00188,0,10,0.005,0.025,6635,0,0,0.22562170308967597,True
2,8,4,60,25,0.00188,0,10,0.005,0.025,6564,0,0,0.22775746496039,True
2,8,5,60,25,0.00188,0,10,0.005,0.025,6469,0,0,0.23110217962590818,True
2,8,6,60,25,0.00188,0,10,0.005,0.025,6398,0,0,0.23226008127539857,True
2,8,7,60,25,0.00188,0,10,0.005,0.025,6335,0,0,0.2339384372533544,True
2,8,8,60,25,0.00188,0,10,0.005,0.025,6267,0,0,0.23679591511089837,True
2,8,9,60,25,0.00188,0,10,0.005,0.025,6200,0,0,0.23951612903225805,True
2,8,10,60,25,0.00188,0,10,0.005,0.025,6126,0,0,0.24077701599738818,True
2,8,11,60,25,0.00188,0,10,0.005,0.025,6064,0,0,0.24323878627968337,True
2,8,12,60,25,0.00188,0,10,0.005,0.025,6004,0,0,0.24616922051965356,True
2,8,13,60,25,0.00188,0,10,0.005,0.025,5922,0,0,0.24940898345153664,True
2,8,14,60,25,0.00188,0,10,0.005,0.025,5858,0,0,0.25298736770228747,True
2,8,15,60,25,0.00188,0,10,0.005,0.025,5792,0,0,0.2539709944751381,True
2,8,16,60,25,0.00188,0,10,0.005,0.025,5730,0,0,0.256195462478185,True
2,8,17,60,25,0.00188,0,10,0.005,0.025,5670,0,0,0.25925925925925924,True
2,8,18,60,25,0.00188,0,10,0.005,0.025,12873,0,0,0.11551308941194749,True
2,8,19,60,25,0.00188,0,10,0.005,0.025,12640,0,0,0.11835443037974684,True
2,8,20,60,25,0.00188,0,10,0.005,0.025,12315,0,0,0.1220462850182704,True
2,8,21,60,25,0.00188,0,10,0.005,0.025,12046,0,0,0.12526979910343683,True
2,8,22,60,25,0.00188,0,10,0.005,0.025,11770,0,0,0.1290569243840272,True
2,8,23,60,25,0.00188,0,10,0.005,0.025,11545,0,0,0.13347769597228237,True
2,8,24,60,25,0.00188,0,10,0.005,0.025,11317,0,0,0.13687372978704604,True
2,8,25,60,25,0.00188,0,10,0.005,0.025,11077,0,0,0.1400198609731877,True
2,8,26,60,25,0.00188,0,10,0.005,0.025,10837,0,0,0.142843960505675,True
2,8,27,60,25,0.00188,0,10,0.005,0.025,10637,0,0,0.14675190373225533,True
2,8,28,60,25,0.00188,0,10,0.005,0.025,10406,0,0,0.15029790505477608,True
2,8,29,60,25,0.00188,0,10,0.005,0.025,10198,0,0,0.15404981368895862,True
2,8,30,60,25,0.00188,0,10,0.005,0.025,9993,0,0,0.15801060742519762,True
2,8,31,60,25,0.00188,0,10,0.005,0.025,9756,0,0,0.16154161541615417,True
2,8,32,60,25,0.00188,0,10,0.005,0.025,9581,0,0,0.1647009706711199,True
2,8,33,60,25,0.00188,0,10,0.005,0.025,9388,0,0,0.16787388155091607,True
2,8,34,60,25,0.00188,0,10,0.005,0.025,9194,0,0,0.17087230802697412,True
2,8,35,60,25,0.00188,0,10,0.005,0.025,9046,0,0,0.1737784656201636,True
2,8,36,60,25,0.00188,0,10,0.005,0.025,8898,0,0,0.17812991683524387,True
2,8,37,60,25,0.00188,0,10,0.005,0.025,8753,0,0,0.17982406032217527,True
2,8,38,60,25,0.00188,0,10,0.005,0.025,8634,0,0,0.1832290942784341,True
2,8,39,60,25,0.00188,0,10,0.005,0.025,8500,0,0,0.1851764705882353,True
2,8,40,60,25,0.00188,0,10,0.005,0.025,8389,0,0,0.18858028370485158,True
2,8,41,60,25,0.00188,0,10,0.005,0.025,8546,0,0,0.21039082611748186,True
2,8,42,60,25,0.00188,0,10,0.005,0.025,8453,0,0,0.210812729208565,True
2,8,43,60,25,0.00188,0,10,0.005,0.025,8365,0,0,0.214584578601315,True
2,8,44,60,25,0.00188,0,10,0.005,0.025,8314,0,0,0.2191484243444792,True
2,8,45,60,25,0.00188,0,10,0.005,0.025,8182,0,0,0.22072842825714983,True
2,8,46,60,25,0.00188,0,10,0.005,0.025,7965,0,0,0.2135593220338983,True
2,8,47,60,25,0.00188,0,10,0.005,0.025,7840,0,0,0.2149234693877551,True
2,8,48,60,25,0.00188,0,10,0.005,0.025,7771,0,0,0.2177325955475486,True
2,8,49,60,25,0.00188,0,10,0.005,0.025,7699,0,0,0.21950902714638265,True
2,8,50,60,25,0.00188,0,10,0.005,0.025,7614,0,0,0.2214342001576044,True
2,8,51,60,25,0.00188,0,10,0.005,0.025,7525,0,0,0.2237873754152824,True
2,8,52,60,25,0.00188,0,10,0.005,0.025,7457,0,0,0.22676679629877966,True
2,9,1,60,25,0.00188,0,10,0.005,0.025,7366,0,0,0.22848221558512083,True
2,9,2,60,25,0.00188,0,10,0.005,0.025,7274,0,0,0.2297222985977454,True
2,9,3,60,25,0.00188,0,10,0.005,0.025,7202,0,0,0.2321577339627881,True
2,9,4,60,25,0.00188,0,10,0.005,0.025,7134,0,0,0.2345107933837959,True
2,9,5,60,25,0.00188,0,10,0.005,0.025,7054,0,0,0.23674510915792457,True
2,9,6,60,25,0.00188,0,10,0.005,0.025,6966,0,0,0.23858742463393626,True
2,9,7,60,25,0.00188,0,10,0.005,0.025,6871,0,0,0.23999417843108717,True
2,9,8,60,25,0.00188,0,10,0.005,0.025,6814,0,0,0.24156149104784266,True
2,9,9,60,25,0.00188,0,10,0.005,0.025,6728,0,0,0.24464922711058265,True
2,9,10,60,25,0.00188,0,10,0.005,0.025,6637,0,0,0.2481542865752599,True
2,9,11,60,25,0.00188,0,10,0.005,0.025,6549,0,0,0.2513360818445564,True
2,9,12,60,25,0.00188,0,10,0.005,0.025,6455,0,0,0.25375677769171184,True
2,9,13,60,25,0.00188,0,10,0.005,0.025,6387,0,0,0.25536245498669174,True
2,9,14,60,25,0.00188,0,10,0.005,0.025,6315,0,0,0.25843230403800477,True
2,9,15,60,25,0.00188,0,10,0.005,0.025,6239,0,0,0.2619009456643693,True
2,9,16,60,25,0.00188,0,10,0.005,0.025,6170,0,0,0.2654781199351702,True
2,9,17,60,25,0.00188,0,10,0.005,0.025,6087,0,0,0.2663052406768523,True
2,9,18,60,25,0.00188,0,10,0.005,0.025,12880,0,0,0.11444099378881988,True
2,9,19,60,25,0.00188,0,10,0.005,0.025,12634,0,0,0.11761912300142473,True
2,9,20,60,25,0.00188,0,10,0.005,0.025,12342,0,0,0.12137416950251174,True
2,9,21,60,25,0.00188,0,10,0.005,0.025,12109,0,0,0.12453546948550664,True
2,9,22,60,25,0.00188,0,10,0.005,0.025,11848,0,0,0.12786968264686022,True
2,9,23,60,25,0.00188,0,10,0.005,0.025,11619,0,0,0.1321972631035373,True
2,9,24,60,25,0.00188,0,10,0.005,0.025,11343,0,0,0.13541391166358108,True
2,9,25,60,25,0.00188,0,10,0.005,0.025,11060,0,0,0.13978300180831826,True
2,9,26,60,25,0.00188,0,10,0.005,0.025,10846,0,0,0.14272542872948552,True
2,9,27,60,25,0.00188,0,10,0.005,0.025,10651,0,0,0.1459956811566989,True
2,9,28,60,25,0.00188,0,10,0.005,0.025,10457,0,0,0.1482260686621402,True
2,9,29,60,25,0.00188,0,10,0.005,0.025,10254,0,0,0.1516481373122684,True
2,9,30,60,25,0.00188,0,10,0.005,0.025,10048,0,0,0.15575238853503184,True
2,9,31,60,25,0.00188,0,10,0.005,0.025,9860,0,0,0.15933062880324544,True
2,9,32,60,25,0.00188,0,10,0.005,0.025,9693,0,0,0.1623852264520788,True
2,9,33,60,25,0.00188,0,10,0.005,0.025,9491,0,0,0.1663681382362238,True
2,9,34,60,25,0.00188,0,10,0.005,0.025,9358,0,0,0.16894635605898697,True
2,9,35,60,25,0.00188,0,10,0.005,0.025,9180,0,0,0.17037037037037037,True
2,9,36,60,25,0.00188,0,10,0.005,0.025,8994,0,0,0.1734489659773182,True
2,9,37,60,25,0.00188,0,10,0.005,0.025,8785,0,0,0.1775754126351736,True
2,9,38,60,25,0.00188,0,10,0.005,0.025,8652,0,0,0.18007397133610725,True
2,9,39,60,25,0.00188,0,10,0.005,0.025,8552,0,0,0.1833489242282507,True
2,9,40,60,25,0.00188,0,10,0.005,0.025,8425,0,0,0.18433234421364986,True
2,9,41,60,25,0.00188,0,10,0.005,0.025,8564,0,0,0.20282578234469875,True
2,9,42,60,25,0.00188,0,10,0.005,0.025,8522,0,0,0.2086364703121333,True
2,9,43,60,25,0.00188,0,10,0.005,0.025,8434,0,0,0.21484467631017312,True
2,9,44,60,25,0.00188,0,10,0.005,0.025,8353,0,0,0.2181252244702502,True
2,9,45,60,25,0.00188,0,10,0.005,0.025,8265,0,0,0.21972171808832425,True
2,9,46,60,25,0.00188,0,10,0.005,0.025,8063,0,0,0.2148083839761875,True
2,9,47,60,25,0.00188,0,10,0.005,0.025,7976,0,0,0.21627382146439317,True
2,9,48,60,25,0.00188,0,10,0.005,0.025,7905,0,0,0.21695129664769133,True
2,9,49,60,25,0.00188,0,10,0.005,0.025,7834,0,0,0.2196834311973449,True
2,9,50,60,25,0.00188,0,10,0.005,0.025,7729,0,0,0.220985897270022,True
2,9,51,60,25,0.00188,0,10,0.005,0.025,7649,0,0,0.2234278990717741,True
2,9,52,60,25,0.00188,0,10,0.005,0.025,7575,0,0,0.2252145214521452,True
2,10,1,60,25,0.00188,0,10,0.005,0.025,7500,0,0,0.22813333333333333,True
2,10,2,60,25,0.00188,0,10,0.005,0.025,7430,0,0,0.23028263795423956,True
2,10,3,60,25,0.00188,0,10,0.005,0.025,7346,0,0,0.23209910155186497,True
2,10,4,60,25,0.00188,0,10,0.005,0.025,7257,0,0,0.2354967617472785,True
2,10,5,60,25,0.00188,0,10,0.005,0.025,7179,0,0,0.23861262014208107,True
2,10,6,60,25,0.00188,0,10,0.005,0.025,7112,0,0,0.24001687289088863,True
2,10,7,60,25,0.00188,0,10,0.005,0.025,7023,0,0,0.24305852199914565,True
2,10,8,60,25,0.00188,0,10,0.005,0.025,6935,0,0,0.2465753424657534,True
2,10,9,60,25,0.00188,0,10,0.005,0.025,6871,0,0,0.24901761024596128,True
2,10,10,60,25,0.00188,0,10,0.005,0.025,6794,0,0,0.2506623491315867,True
2,10,11,60,25,0.00188,0,10,0.005,0.025,6714,0,0,0.25409591897527556,True
2,10,12,60,25,0.00188,0,10,0.005,0.025,6658,0,0,0.25803544607990386,True
2,10,13,60,25,0.00188,0,10,0.005,0.025,6576,0,0,0.26094890510948904,True
2,10,14,60,25,0.00188,0,10,0.005,0.025,6521,0,0,0.2642232786382457,True
2,10,15,60,25,0.00188,0,10,0.005,0.025,6426,0,0,0.26641767818238404,True
2,10,16,60,25,0.00188,0,10,0.005,0.025,6373,0,0,0.2698885924996077,True
2,10,17,60,25,0.00188,0,10,0.005,0.025,6296,0,0,0.27080686149936467,True
2,10,18,60,25,0.00188,0,10,0.005,0.025,13619,0,0,0.11799691607313312,True
2,10,19,60,25,0.00188,0,10,0.005,0.025,13335,0,0,0.12103487064116986,True
2,10,20,60,25,0.00188,0,10,0.005,0.025,13054,0,0,0.12440631224145855,True
2,10,21,60,25,0.00188,0,10,0.005,0.025,12828,0,0,0.12722170252572498,True
2,10,22,60,25,0.00188,0,10,0.005,0.025,12560,0,0,0.13248407643312102,True
2,10,23,60,25,0.00188,0,10,0.005,0.025,12358,0,0,0.13626800453147758,True
2,10,24,60,25,0.00188,0,10,0.005,0.025,12146,0,0,0.1395521159229376,True
2,10,25,60,25,0.00188,0,10,0.005,0.025,11884,0,0,0.1438067990575564,True
2,10,26,60,25,0.00188,0,10,0.005,0.025,11670,0,0,0.14738646101113967,True
2,10,27,60,25,0.00188,0,10,0.005,0.025,11429,0,0,0.1507568466182518,True
2,10,28,60,25,0.00188,0,10,0.005,0.025,11202,0,0,0.15363327977146937,True
2,10,29,60,25,0.00188,0,10,0.005,0.025,11006,0,0,0.15646011266581863,True
2,10,30,60,25,0.00188,0,10,0.005,0.025,10808,0,0,0.16080680977054035,True
2,10,31,60,25,0.00188,0,10,0.005,0.025,10633,0,0,0.16382958713439294,True
2,10,32,60,25,0.00188,0,10,0.005,0.025,10430,0,0,0.16768935762224352,True
2,10,33,60,25,0.00188,0,10,0.005,0.025,10213,0,0,0.17183981200430823,True
2,10,34,60,25,0.00188,0,10,0.005,0.025,10005,0,0,0.1760119940029985,True
2,10,35,60,25,0.00188,0,10,0.005,0.025,9804,0,0,0.18002855977152182,True
2,10,36,60,25,0.00188,0,10,0.005,0.025,9611,0,0,0.1840599313286859,True
2,10,37,60,25,0.00188,0,10,0.005,0.025,9451,0,0,0.18707015130674004,True
2,10,38,60,25,0.00188,0,10,0.005,0.025,9325,0,0,0.19013404825737265,True
2,10,39,60,25,0.00188,0,10,0.005,0.025,9194,0,0,0.19284315858168372,True
2,10,40,60,25,0.00188,0,10,0.005,0.025,9064,0,0,0.19549867608120036,True
2,10,41,60,25,0.00188,0,10,0.005,0.025,9067,0,0,0.21109518032425278,True
2,10,42,60,25,0.00188,0,10,0.005,0.025,8934,0,0,0.21087978509066488,True
2,10,43,60,25,0.00188,0,10,0.005,0.025,8836,0,0,0.21582163875056587,True
2,10,44,60,25,0.00188,0,10,0.005,0.025,8758,0,0,0.22036994747659283,True
2,10,45,60,25,0.00188,0,10,0.005,0.025,8672,0,0,0.22255535055350553,True
2,10,46,60,25,0.00188,0,10,0.005,0.025,8440,0,0,0.2161137440758294,True
2,10,47,60,25,0.00188,0,10,0.005,0.025,8395,0,0,0.21929720071471115,True
2,10,48,60,25,0.00188,0,10,0.005,0.025,8343,0,0,0.2222222222222222,True
2,10,49,60,25,0.00188,0,10,0.005,0.025,8295,0,0,0.22555756479807113,True
2,10,50,60,25,0.00188,0,10,0.005,0.025,8202,0,0,0.22860277980980248,True
2,10,51,60,25,0.00188,0,10,0.005,0.025,8095,0,0,0.23211859172328597,True
2,10,52,60,25,0.00188,0,10,0.005,0.025,8030,0,0,0.23486924034869242,True
2,11,1,60,25,0.00188,0,10,0.005,0.025,7942,0,0,0.23684210526315788,True
2,11,2,60,25,0.00188,0,10,0.005,0.025,7863,0,0,0.23858578150833015,True
2,11,3,60,25,0.00188,0,10,0.005,0.025,7776,0,0,0.2425411522633745,True
2,11,4,60,25,0.00188,0,10,0.005,0.025,7667,0,0,0.24403286813616798,True
2,11,5,60,25,0.00188,0,10,0.005,0.025,7557,0,0,0.24626174407833795,True
2,11,6,60,25,0.00188,0,10,0.005,0.025,7479,0,0,0.24776039577483622,True
2,11,7,60,25,0.00188,0,10,0.005,0.025,7390,0,0,0.2503382949932341,True
2,11,8,60,25,0.00188,0,10,0.005,0.025,7308,0,0,0.25383141762452105,True
2,11,9,60,25,0.00188,0,10,0.005,0.025,7211,0,0,0.2562751352100957,True
2,11,10,60,25,0.00188,0,10,0.005,0.025,7110,0,0,0.26047819971870606,True
2,11,11,60,25,0.00188,0,10,0.005,0.025,7022,0,0,0.2627456565081173,True
2,11,12,60,25,0.00188,0,10,0.005,0.025,6936,0,0,0.2647058823529412,True
2,11,13,60,25,0.00188,0,10,0.005,0.025,6853,0,0,0.2663067269808843,True
2,11,14,60,25,0.00188,0,10,0.005,0.025,6788,0,0,0.26959340011785504,True
2,11,15,60,25,0.00188,0,10,0.005,0.025,6707,0,0,0.27165647830624723,True
2,11,16,60,25,0.00188,0,10,0.005,0.025,6626,0,0,0.2749773619076366,True
2,11,17,60,25,0.00188,0,10,0.005,0.025,6562,0,0,0.2772020725388601,True
2,11,18,60,25,0.00188,0,10,0.005,0.025,14076,0,0,0.12155441886899687,True
2,11,19,60,25,0.00188,0,10,0.005,0.025,13801,0,0,0.1244112745453228,True
2,11,20,60,25,0.00188,0,10,0.005,0.025,13494,0,0,0.12776048614198904,True
2,11,21,60,25,0.00188,0,10,0.005,0.025,13177,0,0,0.131061698413903,True
2,11,22,60,25,0.00188,0,10,0.005,0.025,12909,0,0,0.13502207762026494,True
2,11,23,60,25,0.00188,0,10,0.005,0.025,12634,0,0,0.13819851195187588,True
2,11,24,60,25,0.00188,0,10,0.005,0.025,12388,0,0,0.14126574103971584,True
2,11,25,60,25,0.00188,0,10,0.005,0.025,12090,0,0,0.14598842018196856,True
2,11,26,60,25,0.00188,0,10,0.005,0.025,11834,0,0,0.14880851782998142,True
2,11,27,60,25,0.00188,0,10,0.005,0.025,11586,0,0,0.1532884515794925,True
2,11,28,60,25,0.00188,0,10,0.005,0.025,11333,0,0,0.1573281567104915,True
2,11,29,60,25,0.00188,0,10,0.005,0.025,11090,0,0,0.15978358881875562,True
2,11,30,60,25,0.00188,0,10,0.005,0.025,10840,0,0,0.16494464944649445,True
2,11,31,60,25,0.00188,0,10,0.005,0.025,10610,0,0,0.16974552309142318,True
2,11,32,60,25,0.00188,0,10,0.005,0.025,10413,0,0,0.1732449822337463,True
2,11,33,60,25,0.00188,0,10,0.005,0.025,10218,0,0,0.17606185163437071,True
2,11,34,60,25,0.00188,0,10,0.005,0.025,9997,0,0,0.17955386615984795,True
2,11,35,60,25,0.00188,0,10,0.005,0.025,9813,0,0,0.18302252114541934,True
2,11,36,60,25,0.00188,0,10,0.005,0.025,9593,0,0,0.18659439174398,True
2,11,37,60,25,0.00188,0,10,0.005,0.025,9426,0,0,0.1895820072140887,True
2,11,38,60,25,0.00188,0,10,0.005,0.025,9304,0,0,0.1927128116938951,True
2,11,39,60,25,0.00188,0,10,0.005,0.025,9166,0,0,0.19594152301985598,True
2,11,40,60,25,0.00188,0,10,0.005,0.025,9053,0,0,0.1978349718325417,True
2,11,41,60,25,0.00188,0,10,0.005,0.025,9178,0,0,0.21606014382218347,True
2,11,42,60,25,0.00188,0,10,0.005,0.025,9019,0,0,0.2190930258343497,True
2,11,43,60,25,0.00188,0,10,0.005,0.025,8874,0,0,0.2210953346855984,True
2,11,44,60,25,0.00188,0,10,0.005,0.025,8759,0,0,0.22194314419454275,True
2,11,45,60,25,0.00188,0,10,0.005,0.025,8659,0,0,0.22427532047580553,True
2,11,46,60,25,0.00188,0,10,0.005,0.025,8450,0,0,0.22201183431952662,True
2,11,47,60,25,0.00188,0,10,0.005,0.025,8368,0,0,0.2237093690248566,True
2,11,48,60,25,0.00188,0,10,0.005,0.025,8289,0,0,0.22463505851128002,True
2,11,49,60,25,0.00188,0,10,0.005,0.025,8207,0,0,0.2263921043012063,True
2,11,50,60,25,0.00188,0,10,0.005,0.025,8137,0,0,0.23018311416984147,True
2,11,51,60,25,0.00188,0,10,0.005,0.025,8036,0,0,0.23332503733200596,True
2,11,52,60,25,0.00188,0,10,0.005,0.025,7957,0,0,0.23564157345733316,True
2,1,1,60,25,0.00355,0,10,0.005,0.025,5354,0,0,0.0016809861785580874,True
2,1,2,60,25,0.00355,0,10,0.005,0.025,5168,0,0,0.004063467492260062,True
2,1,3,60,25,0.00355,0,10,0.005,0.025,4931,0,0,0.005881160008111945,True
2,1,4,60,25,0.00355,0,10,0.005,0.025,4752,0,0,0.00904882154882155,True
2,1,5,60,25,0.00355,0,10,0.005,0.025,4588,0,0,0.011769834350479512,True
2,1,6,60,25,0.00355,0,10,0.005,0.025,4424,0,0,0.01333634719710669,True
2,1,7,60,25,0.00355,0,10,0.005,0.025,4244,0,0,0.014844486333647502,True
2,1,8,60,25,0.00355,0,10,0.005,0.025,4108,0,0,0.01679649464459591,True
2,1,9,60,25,0.00355,0,10,0.005,0.025,3965,0,0,0.017402269861286256,True
2,1,10,60,25,0.00355,0,10,0.005,0.025,3863,0,0,0.02019156096298214,True
2,1,11,60,25,0.00355,0,10,0.005,0.025,3715,0,0,0.023149394347240917,True
2,1,12,60,25,0.00355,0,10,0.005,0.025,3569,0,0,0.02549733818996918,True
2,1,13,60,25,0.00355,0,10,0.005,0.025,3452,0,0,0.027809965237543453,True
2,1,14,60,25,0.00355,0,10,0.005,0.025,3339,0,0,0.02994908655286014,True
2,1,15,60,25,0.00355,0,10,0.005,0.025,3234,0,0,0.031849103277674706,True
2,1,16,60,25,0.00355,0,10,0.005,0.025,3164,0,0,0.03381795195954488,True
2,1,17,60,25,0.00355,0,10,0.005,0.025,3092,0,0,0.036545924967658475,True
2,1,18,60,25,0.00355,0,10,0.005,0.025,9051,0,0,0.013479173571980996,True
2,1,19,60,25,0.00355,0,10,0.005,0.025,8796,0,0,0.015461573442473852,True
2,1,20,60,25,0.00355,0,10,0.005,0.025,8561,0,0,0.017988552739165987,True
2,1,21,60,25,0.00355,0,10,0.005,0.025,8326,0,0,0.01993754503963488,True
2,1,22,60,25,0.00355,0,10,0.005,0.025,8114,0,0,0.022923342371210253,True
2,1,23,60,25,0.00355,0,10,0.005,0.025,7910,0,0,0.024399494310998734,True
2,1,24,60,25,0.00355,0,10,0.005,0.025,7684,0,0,0.026028110359187923,True
2,1,25,60,25,0.00355,0,10,0.005,0.025,7415,0,0,0.0275118004045853,True
2,1,26,60,25,0.00355,0,10,0.005,0.025,7235,0,0,0.0304077401520387,True
2,1,27,60,25,0.00355,0,10,0.005,0.025,7033,0,0,0.03270297170482014,True
2,1,28,60,25,0.00355,0,10,0.005,0.025,6865,0,0,0.03554260742898762,True
2,1,29,60,25,0.00355,0,10,0.005,0.025,6684,0,0,0.037253141831238776,True
2,1,30,60,25,0.00355,0,10,0.005,0.025,6527,0,0,0.03998774322046882,True
2,1,31,60,25,0.00355,0,10,0.005,0.025,6372,0,0,0.04205900816070308,True
2,1,32,60,25,0.00355,0,10,0.005,0.025,6207,0,0,0.04366038343805381,True
2,1,33,60,25,0.00355,0,10,0.005,0.025,6042,0,0,0.04667328699106256,True
2,1,34,60,25,0.00355,0,10,0.005,0.025,5909,0,0,0.04907767811812489,True
2,1,35,60,25,0.00355,0,10,0.005,0.025,5779,0,0,0.05243121647343831,True
2,1,36,60,25,0.00355,0,10,0.005,0.025,5658,0,0,0.05496641922940969,True
2,1,37,60,25,0.00355,0,10,0.005,0.025,5538,0,0,0.05669916937522571,True
2,1,38,60,25,0.00355,0,10,0.005,0.025,5423,0,0,0.057532730960722846,True
2,1,39,60,25,0.00355,0,10,0.005,0.025,5326,0,0,0.0591438227562899,True
2,1,40,60,25,0.00355,0,10,0.005,0.025,5226,0,0,0.06199770378874857,True
2,1,41,60,25,0.00355,0,10,0.005,0.025,5871,0,0,0.11224663600749446,True
2,1,42,60,25,0.00355,0,10,0.005,0.025,5846,0,0,0.12196373588778651,True
2,1,43,60,25,0.00355,0,10,0.005,0.025,5825,0,0,0.12412017167381974,True
2,1,44,60,25,0.00355,0,10,0.005,0.025,5798,0,0,0.129182476716109,True
2,1,45,60,25,0.00355,0,10,0.005,0.025,5713,0,0,0.13005426220899702,True
2,1,46,60,25,0.00355,0,10,0.005,0.025,5252,0,0,0.10795887281035796,True
2,1,47,60,25,0.00355,0,10,0.005,0.025,5103,0,0,0.10327258475406624,True
2,1,48,60,25,0.00355,0,10,0.005,0.025,5024,0,0,0.10330414012738853,True
2,1,49,60,25,0.00355,0,10,0.005,0.025,4943,0,0,0.10479465911389844,True
2,1,50,60,25,0.00355,0,10,0.005,0.025,4883,0,0,0.10546795003071882,True
2,1,51,60,25,0.00355,0,10,0.005,0.025,4808,0,0,0.10898502495840266,True
2,1,52,60,25,0.00355,0,10,0.005,0.025,4741,0,0,0.11242353933769247,True
2,2,1,60,25,0.00355,0,10,0.005,0.025,4689,3,0,0.11303049690765622,False
2,2,2,60,25,0.00355,0,10,0.005,0.025,4609,3,0,0.1154263397700152,False
2,2,3,60,25,0.00355,0,10,0.005,0.025,4533,3,0,0.11736157070372821,False
2,2,4,60,25,0.00355,0,10,0.005,0.025,4460,3,1,0.11748878923766816,False
2,2,5,60,25,0.00355,0,10,0.005,0.025,4382,3,1,0.11706983112733911,False
2,2,6,60,25,0.00355,0,10,0.005,0.025,4315,2,1,0.11749710312862109,False
2,2,7,60,25,0.00355,0,10,0.005,0.025,4251,2,1,0.11808986120912726,False
2,2,8,60,25,0.00355,0,10,0.005,0.025,4173,1,0,0.12245387011742152,False
2,2,9,60,25,0.00355,0,10,0.005,0.025,4101,1,0,0.1250914411119239,False
2,2,10,60,25,0.00355,0,10,0.005,0.025,4040,1,0,0.12722772277227723,False
2,2,11,60,25,0.00355,0,10,0.005,0.025,3983,1,0,0.13130805925182024,False
2,2,12,60,25,0.00355,0,10,0.005,0.025,3925,1,1,0.1335031847133758,False
2,2,13,60,25,0.00355,0,10,0.005,0.025,3864,2,1,0.1363871635610766,False
2,2,14,60,25,0.00355,0,10,0.005,0.025,3788,1,0,0.13806758183738121,False
2,2,15,60,25,0.00355,0,10,0.005,0.025,3732,1,0,0.14094319399785638,False
2,2,16,60,25,0.00355,0,10,0.005,0.025,3672,1,1,0.14188453159041395,False
2,2,17,60,25,0.00355,0,10,0.005,0.025,3619,2,1,0.14285714285714285,False
2,2,18,60,25,0.00355,0,10,0.005,0.025,7113,1,0,0.07338675664276677,False
2,2,19,60,25,0.00355,0,10,0.005,0.025,6998,1,0,0.07659331237496428,False
2,2,20,60,25,0.00355,0,10,0.005,0.025,6870,1,0,0.07874818049490538,False
2,2,21,60,25,0.00355,0,10,0.005,0.025,6711,1,1,0.0809119356280733,False
2,2,22,60,25,0.00355,0,10,0.005,0.025,6569,3,1,0.08357436443903182,False
2,2,23,60,25,0.00355,0,10,0.005,0.025,6404,2,0,0.0863522798251093,False
2,2,24,60,25,0.00355,0,10,0.005,0.025,6243,2,1,0.0885792087137594,False
2,2,25,60,25,0.00355,0,10,0.005,0.025,6077,4,1,0.09198617739015962,False
2,2,26,60,25,0.00355,0,10,0.005,0.025,5952,2,0,0.09543010752688172,False
2,2,27,60,25,0.00355,0,10,0.005,0.025,5821,2,1,0.09860848651434462,False
2,2,28,60,25,0.00355,0,10,0.005,0.025,5705,5,2,0.10026292725679228,False
2,2,29,60,25,0.00355,0,10,0.005,0.025,5592,4,1,0.10354077253218884,False
2,2,30,60,25,0.00355,0,10,0.005,0.025,5487,3,0,0.1060688901038819,False
2,2,31,60,25,0.00355,0,10,0.005,0.025,5367,3,1,0.10788149804359978,False
2,2,32,60,25,0.00355,0,10,0.005,0.025,5231,4,2,0.11106862932517683,False
2,2,33,60,25,0.00355,0,10,0.005,0.025,5137,4,1,0.11485302705859451,False
2,2,34,60,25,0.00355,0,10,0.005,0.025,5011,3,0,0.11853921372979445,False
2,2,35,60,25,0.00355,0,10,0.005,0.025,4892,3,0,0.12060506950122649,False
2,2,36,60,25,0.00355,0,10,0.005,0.025,4755,3,2,0.123869610935857,False
2,2,37,60,25,0.00355,0,10,0.005,0.025,4673,5,3,0.1262572223411085,False
2,2,38,60,25,0.00355,0,10,0.005,0.025,4615,3,2,0.12914409534127844,False
2,2,39,60,25,0.00355,0,10,0.005,0.025,4560,2,2,0.131359649122807,False
2,2,40,60,25,0.00355,0,10,0.005,0.025,4499,2,1,0.13380751278061792,False
2,2,41,60,25,0.00355,0,10,0.005,0.025,5242,1,0,0.2113697062190004,False
2,2,42,60,25,0.00355,0,10,0.005,0.025,5258,1,0,0.21395968048687714,False
2,2,43,60,25,0.00355,0,10,0.005,0.025,5249,1,0,0.21680320060963992,False
2,2,44,60,25,0.00355,0,10,0.005,0.025,5221,1,0,0.22045585136946946,False
2,2,45,60,25,0.00355,0,10,0.005,0.025,5197,1,1,0.22051183375024053,False
2,2,46,60,25,0.00355,0,10,0.005,0.025,4658,1,1,0.18419922713610992,False
2,2,47,60,25,0.00355,0,10,0.005,0.025,4523,0,0,0.17665266416095513,True
2,2,48,60,25,0.00355,0,10,0.005,0.025,4432,0,0,0.17486462093862815,True
2,2,49,60,25,0.00355,0,10,0.005,0.025,4362,0,0,0.17239798257679964,True
2,2,50,60,25,0.00355,0,10,0.005,0.025,4297,0,0,0.1719804514777752,True
2,2,51,60,25,0.00355,0,10,0.005,0.025,4259,0,0,0.17562808170932143,True
2,2,52,60,25,0.00355,0,10,0.005,0.025,4197,0,0,0.1753633547772218,True
2,3,1,60,25,0.00355,0,10,0.005,0.025,4135,0,0,0.17629987908101571,True
2,3,2,60,25,0.00355,0,10,0.005,0.025,4096,0,0,0.1796875,True
2,3,3,60,25,0.00355,0,10,0.005,0.025,4027,0,0,0.18127638440526447,True
2,3,4,60,25,0.00355,0,10,0.005,0.025,3972,0,0,0.18277945619335348,True
2,3,5,60,25,0.00355,0,10,0.005,0.025,3932,0,0,0.18413021363173956,True
2,3,6,60,25,0.00355,0,10,0.005,0.025,3880,0,0,0.18711340206185567,True
2,3,7,60,25,0.00355,0,10,0.005,0.025,3828,0,0,0.18834900731452456,True
2,3,8,60,25,0.00355,0,10,0.005,0.025,3758,0,0,0.1873336881319851,True
2,3,9,60,25,0.00355,0,10,0.005,0.025,3718,0,0,0.18746637977407207,True
2,3,10,60,25,0.00355,0,10,0.005,0.025,3652,0,0,0.18811610076670318,True
2,3,11,60,25,0.00355,0,10,0.005,0.025,3588,0,0,0.1886845039018952,True
2,3,12,60,25,0.00355,0,10,0.005,0.025,3543,0,0,0.19023426474738922,True
2,3,13,60,25,0.00355,0,10,0.005,0.025,3492,0,0,0.19215349369988546,True
2,3,14,60,25,0.00355,0,10,0.005,0.025,3455,0,0,0.1939218523878437,True
2,3,15,60,25,0.00355,0,10,0.005,0.025,3422,0,0,0.19608416130917591,True
2,3,16,60,25,0.00355,0,10,0.005,0.025,3377,0,0,0.1986970684039088,True
2,3,17,60,25,0.00355,0,10,0.005,0.025,3345,0,0,0.20239162929745888,True
2,3,18,60,25,0.00355,0,10,0.005,0.025,7643,0,0,0.09001700902786863,True
2,3,19,60,25,0.00355,0,10,0.005,0.025,7469,0,0,0.09251573169098942,True
2,3,20,60,25,0.00355,0,10,0.005,0.025,7283,0,0,0.09625154469312097,True
2,3,21,60,25,0.00355,0,10,0.005,0.025,7103,0,0,0.10009854990848938,True
2,3,22,60,25,0.00355,0,10,0.005,0.025,6926,0,0,0.103234190008663,True
2,3,23,60,25,0.00355,0,10,0.005,0.025,6787,0,0,0.1059378223073523,True
2,3,24,60,25,0.00355,0,10,0.005,0.025,6594,0,0,0.10903851986654535,True
2,3,25,60,25,0.00355,0,10,0.005,0.025,6440,0,0,0.11149068322981366,True
2,3,26,60,25,0.00355,0,10,0.005,0.025,6272,0,0,0.11495535714285714,True
2,3,27,60,25,0.00355,0,10,0.005,0.025,6148,0,0,0.11727391021470397,True
2,3,28,60,25,0.00355,0,10,0.005,0.025,6002,0,0,0.11962679106964345,True
2,3,29,60,25,0.00355,0,10,0.005,0.025,5846,0,0,0.12213479302086896,True
2,3,30,60,25,0.00355,0,10,0.005,0.025,5698,0,0,0.12513162513162512,True
2,3,31,60,25,0.00355,0,10,0.005,0.025,5568,0,0,0.12589798850574713,True
2,3,32,60,25,0.00355,0,10,0.005,0.025,5450,0,0,0.12935779816513762,True
2,3,33,60,25,0.00355,0,10,0.005,0.025,5313,0,0,0.13156408808582723,True
2,3,34,60,25,0.00355,0,10,0.005,0.025,5205,0,0,0.13256484149855907,True
2,3,35,60,25,0.00355,0,10,0.005,0.025,5081,0,0,0.13520960440858099,True
2,3,36,60,25,0.00355,0,10,0.005,0.025,4956,0,0,0.1394269572235674,True
2,3,37,60,25,0.00355,0,10,0.005,0.025,4864,0,0,0.140625,True
2,3,38,60,25,0.00355,0,10,0.005,0.025,4790,0,0,0.14279749478079332,True
2,3,39,60,25,0.00355,0,10,0.005,0.025,4706,0,0,0.1440713982150446,True
2,3,40,60,25,0.00355,0,10,0.005,0.025,4631,0,0,0.1481321528827467,True
2,3,41,60,25,0.00355,0,10,0.005,0.025,5443,0,0,0.22616204299099762,True
2,3,42,60,25,0.00355,0,10,0.005,0.025,5461,0,0,0.22981138985533786,True
2,3,43,60,25,0.00355,0,10,0.005,0.025,5439,0,0,0.23478580621437764,True
2,3,44,60,25,0.00355,0,10,0.005,0.025,5428,0,0,0.23894620486366985,True
2,3,45,60,25,0.00355,0,10,0.005,0.025,5391,0,0,0.2370617696160267,True
2,3,46,60,25,0.00355,0,10,0.005,0.025,4837,0,0,0.19888360554062434,True
2,3,47,60,25,0.00355,0,10,0.005,0.025,4659,0,0,0.18952564928096158,True
2,3,48,60,25,0.00355,0,10,0.005,0.025,4573,0,0,0.18893505357533347,True
2,3,49,60,25,0.00355,0,10,0.005,0.025,4508,0,0,0.18855368234250222,True
2,3,50,60,25,0.00355,0,10,0.005,0.025,4446,0,0,0.19095816464237517,True
2,3,51,60,25,0.00355,0,10,0.005,0.025,4384,0,0,0.19320255474452555,True
2,3,52,60,25,0.00355,0,10,0.005,0.025,4318,0,0,0.19221861973135712,True
2,4,1,60,25,0.00355,0,10,0.005,0.025,4250,0,0,0.19247058823529412,True
2,4,2,60,25,0.00355,0,10,0.005,0.025,4189,0,0,0.19527333492480306,True
2,4,3,60,25,0.00355,0,10,0.005,0.025,4134,0,0,0.19569424286405418,True
2,4,4,60,25,0.00355,0,10,0.005,0.025,4086,0,0,0.1994615761135585,True
2,4,5,60,25,0.00355,0,10,0.005,0.025,4033,0,0,0.19985122737416317,True
2,4,6,60,25,0.00355,0,10,0.005,0.025,3980,0,0,0.20326633165829144,True
2,4,7,60,25,0.00355,0,10,0.005,0.025,3938,0,0,0.207465718638903,True
2,4,8,60,25,0.00355,0,10,0.005,0.025,3886,0,0,0.20689655172413793,True
2,4,9,60,25,0.00355,0,10,0.005,0.025,3833,0,0,0.2081920166971041,True
2,4,10,60,25,0.00355,0,10,0.005,0.025,3773,0,0,0.20964749536178107,True
2,4,11,60,25,0.00355,0,10,0.005,0.025,3707,0,0,0.20933369301321825,True
2,4,12,60,25,0.00355,0,10,0.005,0.025,3667,0,0,0.211617125715844,True
2,4,13,60,25,0.00355,0,10,0.005,0.025,3617,0,0,0.21426596627038982,True
2,4,14,60,25,0.00355,0,10,0.005,0.025,3557,0,0,0.21563114984537532,True
2,4,15,60,25,0.00355,0,10,0.005,0.025,3513,0,0,0.21776259607173357,True
2,4,16,60,25,0.00355,0,10,0.005,0.025,3470,0,0,0.2195965417867435,True
2,4,17,60,25,0.00355,0,10,0.005,0.025,3413,0,0,0.2206270143568708,True
2,4,18,60,25,0.00355,0,10,0.005,0.025,7293,0,0,0.10420951597422186,True
2,4,19,60,25,0.00355,0,10,0.005,0.025,7201,0,0,0.1083182891265102,True
2,4,20,60,25,0.00355,0,10,0.005,0.025,7019,0,0,0.1105570594101724,True
2,4,21,60,25,0.00355,0,10,0.005,0.025,6866,0,0,0.11316632682784736,True
2,4,22,60,25,0.00355,0,10,0.005,0.025,6667,0,0,0.11789410529473526,True
2,4,23,60,25,0.00355,0,10,0.005,0.025,6504,0,0,0.12130996309963099,True
2,4,24,60,25,0.00355,0,10,0.005,0.025,6335,0,0,0.12596685082872927,True
2,4,25,60,25,0.00355,0,10,0.005,0.025,6185,0,0,0.12853678253839934,True
2,4,26,60,25,0.00355,0,10,0.005,0.025,6036,0,0,0.13154406891981443,True
2,4,27,60,25,0.00355,0,10,0.005,0.025,5844,0,0,0.1367214236824093,True
2,4,28,60,25,0.00355,0,10,0.005,0.025,5723,0,0,0.1392626244976411,True
2,4,29,60,25,0.00355,0,10,0.005,0.025,5542,0,0,0.1398412125586431,True
2,4,30,60,25,0.00355,0,10,0.005,0.025,5397,0,0,0.14378358347229941,True
2,4,31,60,25,0.00355,0,10,0.005,0.025,5257,0,0,0.14742248430663876,True
2,4,32,60,25,0.00355,0,10,0.005,0.025,5172,0,0,0.1511987625676721,True
2,4,33,60,25,0.00355,0,10,0.005,0.025,5029,0,0,0.15450387751043945,True
2,4,34,60,25,0.00355,0,10,0.005,0.025,4909,0,0,0.15889183133020982,True
2,4,35,60,25,0.00355,0,10,0.005,0.025,4781,0,0,0.16084501150386948,True
2,4,36,60,25,0.00355,0,10,0.005,0.025,4704,0,0,0.164328231292517,True
2,4,37,60,25,0.00355,0,10,0.005,0.025,4612,0,0,0.1673894189071986,True
2,4,38,60,25,0.00355,0,10,0.005,0.025,4541,0,0,0.1691257432283638,True
2,4,39,60,25,0.00355,0,10,0.005,0.025,4475,0,0,0.17229050279329608,True
2,4,40,60,25,0.00355,0,10,0.005,0.025,4405,0,0,0.17412031782065834,True
2,4,41,60,25,0.00355,0,10,0.005,0.025,5216,0,0,0.24923312883435583,True
2,4,42,60,25,0.00355,0,10,0.005,0.025,5235,0,0,0.2534861509073543,True
2,4,43,60,25,0.00355,0,10,0.005,0.025,5200,0,0,0.2542307692307692,True
2,4,44,60,25,0.00355,0,10,0.005,0.025,5203,0,0,0.2560061502979051,True
2,4,45,60,25,0.00355,0,10,0.005,0.025,5164,0,0,0.26123160340821067,True
2,4,46,60,25,0.00355,0,10,0.005,0.025,4646,0,0,0.22341799397331039,True
2,4,47,60,25,0.00355,0,10,0.005,0.025,4486,0,0,0.2166740971912617,True
2,4,48,60,25,0.00355,0,10,0.005,0.025,4389,0,0,0.21553884711779447,True
2,4,49,60,25,0.00355,0,10,0.005,0.025,4337,0,0,0.21558681115978787,True
2,4,50,60,25,0.00355,0,10,0.005,0.025,4280,0,0,0.21705607476635513,True
2,4,51,60,25,0.00355,0,10,0.005,0.025,4212,0,0,0.2167616334283001,True
2,4,52,60,25,0.00355,0,10,0.005,0.025,4138,0,0,0.2182213629772837,True
2,5,1,60,25,0.00355,0,10,0.005,0.025,4078,0,0,0.22069641981363414,True
2,5,2,60,25,0.00355,0,10,0.005,0.025,4030,0,0,0.2240694789081886,True
2,5,3,60,25,0.00355,0,10,0.005,0.025,3968,0,0,0.22807459677419356,True
2,5,4,60,25,0.00355,0,10,0.005,0.025,3925,0,0,0.22955414012738853,True
2,5,5,60,25,0.00355,0,10,0.005,0.025,3882,0,0,0.23235445646573932,True
2,5,6,60,25,0.00355,0,10,0.005,0.025,3804,0,0,0.23212407991587802,True
2,5,7,60,25,0.00355,0,10,0.005,0.025,3755,0,0,0.23462050599201065,True
2,5,8,60,25,0.00355,0,10,0.005,0.025,3718,0,0,0.235610543302851,True
2,5,9,60,25,0.00355,0,10,0.005,0.025,3665,0,0,0.23710777626193724,True
2,5,10,60,25,0.00355,0,10,0.005,0.025,3629,0,0,0.23863323229539818,True
2,5,11,60,25,0.00355,0,10,0.005,0.025,3576,0,0,0.2418903803131991,True
2,5,12,60,25,0.00355,0,10,0.005,0.025,3521,0,0,0.24368077250781028,True
2,5,13,60,25,0.00355,0,10,0.005,0.025,3477,0,0,0.24561403508771928,True
2,5,14,60,25,0.00355,0,10,0.005,0.025,3438,0,0,0.2472367655613729,True
2,5,15,60,25,0.00355,0,10,0.005,0.025,3403,0,0,0.24684102262709373,True
2,5,16,60,25,0.00355,0,10,0.005,0.025,3365,0,0,0.24962852897473997,True
2,5,17,60,25,0.00355,0,10,0.005,0.025,3333,0,0,0.2508250825082508,True
2,5,18,60,25,0.00355,0,10,0.005,0.025,7422,0,0,0.1130423066558879,True
2,5,19,60,25,0.00355,0,10,0.005,0.025,7290,0,0,0.11550068587105625,True
2,5,20,60,25,0.00355,0,10,0.005,0.025,7115,0,0,0.11820098383696416,True
2,5,21,60,25,0.00355,0,10,0.005,0.025,6946,0,0,0.12107687877915346,True
2,5,22,60,25,0.00355,0,10,0.005,0.025,6765,0,0,0.12387287509238729,True
2,5,23,60,25,0.00355,0,10,0.005,0.025,6585,0,0,0.12741078208048595,True
2,5,24,60,25,0.00355,0,10,0.005,0.025,6422,0,0,0.13033322952351292,True
2,5,25,60,25,0.00355,0,10,0.005,0.025,6291,0,0,0.13241138133841995,True
2,5,26,60,25,0.00355,0,10,0.005,0.025,6109,0,0,0.13602880995252906,True
2,5,27,60,25,0.00355,0,10,0.005,0.025,5966,0,0,0.13845122360040227,True
2,5,28,60,25,0.00355,0,10,0.005,0.025,5858,0,0,0.14117446227381358,True
2,5,29,60,25,0.00355,0,10,0.005,0.025,5707,0,0,0.14403364289469073,True
2,5,30,60,25,0.00355,0,10,0.005,0.025,5546,0,0,0.14803461954561847,True
2,5,31,60,25,0.00355,0,10,0.005,0.025,5395,0,0,0.1499536607970343,True
2,5,32,60,25,0.00355,0,10,0.005,0.025,5291,0,0,0.15138915138915138,True
2,5,33,60,25,0.00355,0,10,0.005,0.025,5161,0,0,0.15442743654330557,True
2,5,34,60,25,0.00355,0,10,0.005,0.025,5039,0,0,0.15598333002579878,True
2,5,35,60,25,0.00355,0,10,0.005,0.025,4924,0,0,0.16043866774979693,True
2,5,36,60,25,0.00355,0,10,0.005,0.025,4803,0,0,0.16364772017489068,True
2,5,37,60,25,0.00355,0,10,0.005,0.025,4703,0,0,0.1667021050393366,True
2,5,38,60,25,0.00355,0,10,0.005,0.025,4638,0,0,0.16882276843467012,True
2,5,39,60,25,0.00355,0,10,0.005,0.025,4571,0,0,0.17107853861299496,True
2,5,40,60,25,0.00355,0,10,0.005,0.025,4529,0,0,0.1731066460587326,True
2,5,41,60,25,0.00355,0,10,0.005,0.025,5353,0,0,0.2501401083504577,True
2,5,42,60,25,0.00355,0,10,0.005,0.025,5396,0,0,0.2544477390659748,True
2,5,43,60,25,0.00355,0,10,0.005,0.025,5313,0,0,0.24750611707133446,True
2,5,44,60,25,0.00355,0,10,0.005,0.025,5286,0,0,0.25387816874763525,True
2,5,45,60,25,0.00355,0,10,0.005,0.025,5292,0,0,0.2600151171579743,True
2,5,46,60,25,0.00355,0,10,0.005,0.025,4766,0,0,0.2224087284934956,True
2,5,47,60,25,0.00355,0,10,0.005,0.025,4613,0,0,0.21699544764795145,True
2,5,48,60,25,0.00355,0,10,0.005,0.025,4508,0,0,0.21428571428571427,True
2,5,49,60,25,0.00355,0,10,0.005,0.025,4395,0,0,0.21137656427758816,True
2,5,50,60,25,0.00355,0,10,0.005,0.025,4347,0,0,0.21164021164021163,True
2,5,51,60,25,0.00355,0,10,0.005,0.025,4294,0,0,0.21378667908709828,True
2,5,52,60,25,0.00355,0,10,0.005,0.025,4237,0,0,0.2166627330658485,True
2,6,1,60,25,0.00355,0,10,0.005,0.025,4163,0,0,0.2157098246456882,True
2,6,2,60,25,0.00355,0,10,0.005,0.025,4118,0,0,0.2185526954832443,True
2,6,3,60,25,0.00355,0,10,0.005,0.025,4072,0,0,0.2193025540275049,True
2,6,4,60,25,0.00355,0,10,0.005,0.025,4018,0,0,0.22075659532105524,True
2,6,5,60,25,0.00355,0,10,0.005,0.025,3962,0,0,0.22110045431600203,True
2,6,6,60,25,0.00355,0,10,0.005,0.025,3900,0,0,0.22282051282051282,True
2,6,7,60,25,0.00355,0,10,0.005,0.025,3848,0,0,0.22661122661122662,True
2,6,8,60,25,0.00355,0,10,0.005,0.025,3793,0,0,0.2259425257052465,True
2,6,9,60,25,0.00355,0,10,0.005,0.025,3743,0,0,0.2278920651883516,True
2,6,10,60,25,0.00355,0,10,0.005,0.025,3682,0,0,0.22868006518196632,True
2,6,11,60,25,0.00355,0,10,0.005,0.025,3628,0,0,0.23015435501653803,True
2,6,12,60,25,0.00355,0,10,0.005,0.025,3591,0,0,0.23475355054302421,True
2,6,13,60,25,0.00355,0,10,0.005,0.025,3545,0,0,0.23582510578279267,True
2,6,14,60,25,0.00355,0,10,0.005,0.025,3496,0,0,0.23770022883295194,True
2,6,15,60,25,0.00355,0,10,0.005,0.025,3456,0,0,0.23900462962962962,True
2,6,16,60,25,0.00355,0,10,0.005,0.025,3416,0,0,0.2426814988290398,True
2,6,17,60,25,0.00355,0,10,0.005,0.025,3371,0,0,0.2435479086324533,True
2,6,18,60,25,0.00355,0,10,0.005,0.025,7325,0,0,0.11208191126279864,True
2,6,19,60,25,0.00355,0,10,0.005,0.025,7204,0,0,0.11549139367018323,True
2,6,20,60,25,0.00355,0,10,0.005,0.025,7076,0,0,0.1178631995477671,True
2,6,21,60,25,0.00355,0,10,0.005,0.025,6923,0,0,0.12075689729885887,True
2,6,22,60,25,0.00355,0,10,0.005,0.025,6774,0,0,0.12297018010038382,True
2,6,23,60,25,0.00355,0,10,0.005,0.025,6631,0,0,0.12667772583320766,True
2,6,24,60,25,0.00355,0,10,0.005,0.025,6438,0,0,0.12861136999068035,True
2,6,25,60,25,0.00355,0,10,0.005,0.025,6267,0,0,0.13212063188128292,True
2,6,26,60,25,0.00355,0,10,0.005,0.025,6136,0,0,0.13477835723598436,True
2,6,27,60,25,0.00355,0,10,0.005,0.025,6032,0,0,0.1377652519893899,True
2,6,28,60,25,0.00355,0,10,0.005,0.025,5945,0,0,0.1407905803195963,True
2,6,29,60,25,0.00355,0,10,0.005,0.025,5805,0,0,0.14280792420327304,True
2,6,30,60,25,0.00355,0,10,0.005,0.025,5661,0,0,0.14520402755696873,True
2,6,31,60,25,0.00355,0,10,0.005,0.025,5514,0,0,0.14671744649981863,True
2,6,32,60,25,0.00355,0,10,0.005,0.025,5383,0,0,0.14973063347575702,True
2,6,33,60,25,0.00355,0,10,0.005,0.025,5268,0,0,0.15242976461655278,True
2,6,34,60,25,0.00355,0,10,0.005,0.025,5145,0,0,0.15626822157434403,True
2,6,35,60,25,0.00355,0,10,0.005,0.025,5051,0,0,0.15878043951692733,True
2,6,36,60,25,0.00355,0,10,0.005,0.025,4931,0,0,0.16183329953356318,True
2,6,37,60,25,0.00355,0,10,0.005,0.025,4852,0,0,0.1640560593569662,True
2,6,38,60,25,0.00355,0,10,0.005,0.025,4785,0,0,0.16802507836990596,True
2,6,39,60,25,0.00355,0,10,0.005,0.025,4715,0,0,0.17158006362672323,True
2,6,40,60,25,0.00355,0,10,0.005,0.025,4652,0,0,0.17282889079965605,True
2,6,41,60,25,0.00355,0,10,0.005,0.025,5452,0,0,0.24156272927366104,True
2,6,42,60,25,0.00355,0,10,0.005,0.025,5498,0,0,0.2533648599490724,True
2,6,43,60,25,0.00355,0,10,0.005,0.025,5476,0,0,0.2512783053323594,True
2,6,44,60,25,0.00355,0,10,0.005,0.025,5456,0,0,0.25751466275659823,True
2,6,45,60,25,0.00355,0,10,0.005,0.025,5385,0,0,0.2523676880222841,True
2,6,46,60,25,0.00355,0,10,0.005,0.025,4869,0,0,0.21934688847812692,True
2,6,47,60,25,0.00355,0,10,0.005,0.025,4685,0,0,0.21067235859124867,True
2,6,48,60,25,0.00355,0,10,0.005,0.025,4620,0,0,0.21212121212121213,True
2,6,49,60,25,0.00355,0,10,0.005,0.025,4526,0,0,0.20989836500220946,True
2,6,50,60,25,0.00355,0,10,0.005,0.025,4453,0,0,0.21131821244105098,True
2,6,51,60,25,0.00355,0,10,0.005,0.025,4413,0,0,0.21232721504645366,True
2,6,52,60,25,0.00355,0,10,0.005,0.025,4356,0,0,0.21418732782369146,True
2,7,1,60,25,0.00355,0,10,0.005,0.025,4299,0,0,0.2144684810421028,True
2,7,2,60,25,0.00355,0,10,0.005,0.025,4244,0,0,0.21583411875589067,True
2,7,3,60,25,0.00355,0,10,0.005,0.025,4192,0,0,0.21922709923664122,True
2,7,4,60,25,0.00355,0,10,0.005,0.025,4146,0,0,0.22069464544138928,True
2,7,5,60,25,0.00355,0,10,0.005,0.025,4090,0,0,0.2215158924205379,True
2,7,6,60,25,0.00355,0,10,0.005,0.025,4029,0,0,0.22412509307520476,True
2,7,7,60,25,0.00355,0,10,0.005,0.025,3977,0,0,0.2270555695247674,True
2,7,8,60,25,0.00355,0,10,0.005,0.025,3935,0,0,0.2289707750952986,True
2,7,9,60,25,0.00355,0,10,0.005,0.025,3901,0,0,0.23071007433991284,True
2,7,10,60,25,0.00355,0,10,0.005,0.025,3837,0,0,0.23012770393536616,True
2,7,11,60,25,0.00355,0,10,0.005,0.025,3803,0,0,0.23165921640809886,True
2,7,12,60,25,0.00355,0,10,0.005,0.025,3762,0,0,0.2355130249867092,True
2,7,13,60,25,0.00355,0,10,0.005,0.025,3725,0,0,0.23758389261744967,True
2,7,14,60,25,0.00355,0,10,0.005,0.025,3683,0,0,0.23947868585392343,True
2,7,15,60,25,0.00355,0,10,0.005,0.025,3642,0,0,0.24217462932454695,True
2,7,16,60,25,0.00355,0,10,0.005,0.025,3604,0,0,0.2427857935627081,True
2,7,17,60,25,0.00355,0,10,0.005,0.025,3561,0,0,0.2445942151081157,True
2,7,18,60,25,0.00355,0,10,0.005,0.025,7933,0,0,0.11017269633177865,True
2,7,19,60,25,0.00355,0,10,0.005,0.025,7779,0,0,0.11248232420619617,True
2,7,20,60,25,0.00355,0,10,0.005,0.025,7602,0,0,0.1157590107866351,True
2,7,21,60,25,0.00355,0,10,0.005,0.025,7432,0,0,0.11813778256189451,True
2,7,22,60,25,0.00355,0,10,0.005,0.025,7237,0,0,0.12201188337708996,True
2,7,23,60,25,0.00355,0,10,0.005,0.025,7041,0,0,0.12569237324243715,True
2,7,24,60,25,0.00355,0,10,0.005,0.025,6891,0,0,0.1290088521259614,True
2,7,25,60,25,0.00355,0,10,0.005,0.025,6708,0,0,0.13282647584973167,True
2,7,26,60,25,0.00355,0,10,0.005,0.025,6525,0,0,0.13701149425287357,True
2,7,27,60,25,0.00355,0,10,0.005,0.025,6356,0,0,0.13971050975456262,True
2,7,28,60,25,0.00355,0,10,0.005,0.025,6200,0,0,0.14419354838709678,True
2,7,29,60,25,0.00355,0,10,0.005,0.025,6045,0,0,0.14623655913978495,True
2,7,30,60,25,0.00355,0,10,0.005,0.025,5891,0,0,0.14887115939568835,True
2,7,31,60,25,0.00355,0,10,0.005,0.025,5772,0,0,0.15263340263340264,True
2,7,32,60,25,0.00355,0,10,0.005,0.025,5681,0,0,0.15613448336560465,True
2,7,33,60,25,0.00355,0,10,0.005,0.025,5568,0,0,0.16002155172413793,True
2,7,34,60,25,0.00355,0,10,0.005,0.025,5438,0,0,0.16311143802868702,True
2,7,35,60,25,0.00355,0,10,0.005,0.025,5295,0,0,0.16619452313503305,True
2,7,36,60,25,0.00355,0,10,0.005,0.025,5144,0,0,0.16854587869362364,True
2,7,37,60,25,0.00355,0,10,0.005,0.025,5026,0,0,0.17250298448070037,True
2,7,38,60,25,0.00355,0,10,0.005,0.025,4959,0,0,0.17503528937285742,True
2,7,39,60,25,0.00355,0,10,0.005,0.025,4889,0,0,0.17692779709552056,True
2,7,40,60,25,0.00355,0,10,0.005,0.025,4824,0,0,0.17786069651741293,True
2,7,41,60,25,0.00355,0,10,0.005,0.025,5739,0,0,0.24847534413660916,True
2,7,42,60,25,0.00355,0,10,0.005,0.025,5763,0,0,0.2581988547631442,True
2,7,43,60,25,0.00355,0,10,0.005,0.025,5748,0,0,0.2592205984690327,True
2,7,44,60,25,0.00355,0,10,0.005,0.025,5719,0,0,0.2615841930407414,True
2,7,45,60,25,0.00355,0,10,0.005,0.025,5676,0,0,0.2596899224806202,True
2,7,46,60,25,0.00355,0,10,0.005,0.025,5110,0,0,0.22367906066536203,True
2,7,47,60,25,0.00355,0,10,0.005,0.025,4912,0,0,0.21457654723127037,True
2,7,48,60,25,0.00355,0,10,0.005,0.025,4837,0,0,0.21459582385776307,True
2,7,49,60,25,0.00355,0,10,0.005,0.025,4754,0,0,0.216238956668069,True
2,7,50,60,25,0.00355,0,10,0.005,0.025,4671,0,0,0.21622778848212373,True
2,7,51,60,25,0.00355,0,10,0.005,0.025,4613,0,0,0.21829611966182527,True
2,7,52,60,25,0.00355,0,10,0.005,0.025,4538,0,0,0.22124283825473778,True
2,8,1,60,25,0.00355,0,10,0.005,0.025,4472,0,0,0.2238372093023256,True
2,8,2,60,25,0.00355,0,10,0.005,0.025,4420,0,0,0.22805429864253393,True
2,8,3,60,25,0.00355,0,10,0.005,0.025,4363,0,0,0.23172129268851707,True
2,8,4,60,25,0.00355,0,10,0.005,0.025,4306,0,0,0.23316302833255922,True
2,8,5,60,25,0.00355,0,10,0.005,0.025,4249,0,0,0.23605554248058366,True
2,8,6,60,25,0.00355,0,10,0.005,0.025,4202,0,0,0.23774393146120895,True
2,8,7,60,25,0.00355,0,10,0.005,0.025,4154,0,0,0.23904670197400096,True
2,8,8,60,25,0.00355,0,10,0.005,0.025,4109,0,0,0.2433682161109759,True
2,8,9,60,25,0.00355,0,10,0.005,0.025,4057,0,0,0.24550160216909045,True
2,8,10,60,25,0.00355,0,10,0.005,0.025,3999,0,0,0.24781195298824707,True
2,8,11,60,25,0.00355,0,10,0.005,0.025,3934,0,0,0.25063548551093034,True
2,8,12,60,25,0.00355,0,10,0.005,0.025,3892,0,0,0.25308324768756424,True
2,8,13,60,25,0.00355,0,10,0.005,0.025,3844,0,0,0.2554630593132154,True
2,8,14,60,25,0.00355,0,10,0.005,0.025,3789,0,0,0.25758775402480866,True
2,8,15,60,25,0.00355,0,10,0.005,0.025,3744,0,0,0.26014957264957267,True
2,8,16,60,25,0.00355,0,10,0.005,0.025,3693,0,0,0.2613051719469266,True
2,8,17,60,25,0.00355,0,10,0.005,0.025,3639,0,0,0.26325913712558396,True
2,8,18,60,25,0.00355,0,10,0.005,0.025,8058,0,0,0.11975676346487962,True
2,8,19,60,25,0.00355,0,10,0.005,0.025,7916,0,0,0.12228398180899444,True
2,8,20,60,25,0.00355,0,10,0.005,0.025,7738,0,0,0.1260015507883174,True
2,8,21,60,25,0.00355,0,10,0.005,0.025,7543,0,0,0.1299217817844359,True
2,8,22,60,25,0.00355,0,10,0.005,0.025,7351,0,0,0.13317915929805468,True
2,8,23,60,25,0.00355,0,10,0.005,0.025,7144,0,0,0.13689809630459127,True
2,8,24,60,25,0.00355,0,10,0.005,0.025,7032,0,0,0.14035836177474403,True
2,8,25,60,25,0.00355,0,10,0.005,0.025,6863,0,0,0.14352324056535043,True
2,8,26,60,25,0.00355,0,10,0.005,0.025,6695,0,0,0.14667662434652726,True
2,8,27,60,25,0.00355,0,10,0.005,0.025,6548,0,0,0.1504276114844227,True
2,8,28,60,25,0.00355,0,10,0.005,0.025,6442,0,0,0.15336851909344923,True
2,8,29,60,25,0.00355,0,10,0.005,0.025,6318,0,0,0.1555872111427667,True
2,8,30,60,25,0.00355,0,10,0.005,0.025,6161,0,0,0.15841584158415842,True
2,8,31,60,25,0.00355,0,10,0.005,0.025,6014,0,0,0.1619554373129365,True
2,8,32,60,25,0.00355,0,10,0.005,0.025,5877,0,0,0.16539050535987748,True
2,8,33,60,25,0.00355,0,10,0.005,0.025,5765,0,0,0.16843018213356462,True
2,8,34,60,25,0.00355,0,10,0.005,0.025,5662,0,0,0.1720240197809961,True
2,8,35,60,25,0.00355,0,10,0.005,0.025,5523,0,0,0.17490494296577946,True
2,8,36,60,25,0.00355,0,10,0.005,0.025,5407,0,0,0.1784723506565563,True
2,8,37,60,25,0.00355,0,10,0.005,0.025,5288,0,0,0.1798411497730711,True
2,8,38,60,25,0.00355,0,10,0.005,0.025,5206,0,0,0.18248175182481752,True
2,8,39,60,25,0.00355,0,10,0.005,0.025,5132,0,0,0.18550272798129383,True
2,8,40,60,25,0.00355,0,10,0.005,0.025,5060,0,0,0.1875494071146245,True
2,8,41,60,25,0.00355,0,10,0.005,0.025,5963,0,0,0.2602716753312091,True
2,8,42,60,25,0.00355,0,10,0.005,0.025,5987,0,0,0.26641055620511106,True
2,8,43,60,25,0.00355,0,10,0.005,0.025,5945,0,0,0.26358284272497895,True
2,8,44,60,25,0.00355,0,10,0.005,0.025,5917,0,0,0.2658441777928004,True
2,8,45,60,25,0.00355,0,10,0.005,0.025,5830,0,0,0.26809605488850774,True
2,8,46,60,25,0.00355,0,10,0.005,0.025,5247,0,0,0.22984562607204118,True
2,8,47,60,25,0.00355,0,10,0.005,0.025,5074,0,0,0.2238864800945999,True
2,8,48,60,25,0.00355,0,10,0.005,0.025,4975,0,0,0.22251256281407036,True
2,8,49,60,25,0.00355,0,10,0.005,0.025,4891,0,0,0.22204048251891229,True
2,8,50,60,25,0.00355,0,10,0.005,0.025,4823,0,0,0.22392701637984658,True
2,8,51,60,25,0.00355,0,10,0.005,0.025,4767,0,0,0.2252989301447451,True
2,8,52,60,25,0.00355,0,10,0.005,0.025,4704,0,0,0.22895408163265307,True
2,9,1,60,25,0.00355,0,10,0.005,0.025,4656,0,0,0.23281786941580757,True
2,9,2,60,25,0.00355,0,10,0.005,0.025,4576,0,0,0.23273601398601398,True
2,9,3,60,25,0.00355,0,10,0.005,0.025,4520,0,0,0.2334070796460177,True
2,9,4,60,25,0.00355,0,10,0.005,0.025,4464,0,0,0.23543906810035842,True
2,9,5,60,25,0.00355,0,10,0.005,0.025,4424,0,0,0.23801989150090416,True
2,9,6,60,25,0.00355,0,10,0.005,0.025,4378,0,0,0.23983554134307902,True
2,9,7,60,25,0.00355,0,10,0.005,0.025,4324,0,0,0.2432932469935245,True
2,9,8,60,25,0.00355,0,10,0.005,0.025,4264,0,0,0.2450750469043152,True
2,9,9,60,25,0.00355,0,10,0.005,0.025,4199,0,0,0.2476780185758514,True
2,9,10,60,25,0.00355,0,10,0.005,0.025,4153,0,0,0.249458222971346,True
2,9,11,60,25,0.00355,0,10,0.005,0.025,4092,0,0,0.25146627565982405,True
2,9,12,60,25,0.00355,0,10,0.005,0.025,4043,0,0,0.2532772693544398,True
2,9,13,60,25,0.00355,0,10,0.005,0.025,3998,0,0,0.2556278139069535,True
2,9,14,60,25,0.00355,0,10,0.005,0.025,3926,0,0,0.25674987264391236,True
2,9,15,60,25,0.00355,0,10,0.005,0.025,3884,0,0,0.25952626158599384,True
2,9,16,60,25,0.00355,0,10,0.005,0.025,3831,0,0,0.26233359436178544,True
2,9,17,60,25,0.00355,0,10,0.005,0.025,3767,0,0,0.2665250862755508,True
2,9,18,60,25,0.00355,0,10,0.005,0.025,8003,0,0,0.11458203173809821,True
2,9,19,60,25,0.00355,0,10,0.005,0.025,7837,0,0,0.1170090595891285,True
2,9,20,60,25,0.00355,0,10,0.005,0.025,7683,0,0,0.12065599375244045,True
2,9,21,60,25,0.00355,0,10,0.005,0.025,7507,0,0,0.12388437458372185,True
2,9,22,60,25,0.00355,0,10,0.005,0.025,7344,0,0,0.127859477124183,True
2,9,23,60,25,0.00355,0,10,0.005,0.025,7173,0,0,0.13062874668897254,True
2,9,24,60,25,0.00355,0,10,0.005,0.025,7018,0,0,0.13394129381590197,True
2,9,25,60,25,0.00355,0,10,0.005,0.025,6862,0,0,0.13727776158554358,True
2,9,26,60,25,0.00355,0,10,0.005,0.025,6749,0,0,0.1394280634168025,True
2,9,27,60,25,0.00355,0,10,0.005,0.025,6604,0,0,0.1441550575408843,True
2,9,28,60,25,0.00355,0,10,0.005,0.025,6452,0,0,0.14801611903285802,True
2,9,29,60,25,0.00355,0,10,0.005,0.025,6314,0,0,0.15251821349382325,True
2,9,30,60,25,0.00355,0,10,0.005,0.025,6209,0,0,0.15509743920115962,True
2,9,31,60,25,0.00355,0,10,0.005,0.025,6046,0,0,0.15977505788951374,True
2,9,32,60,25,0.00355,0,10,0.005,0.025,5942,0,0,0.1617300572197913,True
2,9,33,60,25,0.00355,0,10,0.005,0.025,5821,0,0,0.16371757429994846,True
2,9,34,60,25,0.00355,0,10,0.005,0.025,5712,0,0,0.16771708683473388,True
2,9,35,60,25,0.00355,0,10,0.005,0.025,5593,0,0,0.1700339710352226,True
2,9,36,60,25,0.00355,0,10,0.005,0.025,5491,0,0,0.17373884538335457,True
2,9,37,60,25,0.00355,0,10,0.005,0.025,5381,0,0,0.1776621445827913,True
2,9,38,60,25,0.00355,0,10,0.005,0.025,5305,0,0,0.18190386427898209,True
2,9,39,60,25,0.00355,0,10,0.005,0.025,5225,0,0,0.18373205741626794,True
2,9,40,60,25,0.00355,0,10,0.005,0.025,5153,0,0,0.18629924315932467,True
2,9,41,60,25,0.00355,0,10,0.005,0.025,6112,0,0,0.26210732984293195,True
2,9,42,60,25,0.00355,0,10,0.005,0.025,6082,0,0,0.26192042091417295,True
2,9,43,60,25,0.00355,0,10,0.005,0.025,6083,0,0,0.2648364293933914,True
2,9,44,60,25,0.00355,0,10,0.005,0.025,6036,0,0,0.26872100728959575,True
2,9,45,60,25,0.00355,0,10,0.005,0.025,5941,0,0,0.2706615047971722,True
2,9,46,60,25,0.00355,0,10,0.005,0.025,5355,0,0,0.23492063492063492,True
2,9,47,60,25,0.00355,0,10,0.005,0.025,5150,0,0,0.22699029126213593,True
2,9,48,60,25,0.00355,0,10,0.005,0.025,5057,0,0,0.227407553885703,True
2,9,49,60,25,0.00355,0,10,0.005,0.025,4961,0,0,0.22596250755895989,True
2,9,50,60,25,0.00355,0,10,0.005,0.025,4904,0,0,0.22797716150081565,True
2,9,51,60,25,0.00355,0,10,0.005,0.025,4830,0,0,0.22919254658385094,True
2,9,52,60,25,0.00355,0,10,0.005,0.025,4776,0,0,0.23115577889447236,True
2,10,1,60,25,0.00355,0,10,0.005,0.025,4713,0,0,0.23318480797793337,True
2,10,2,60,25,0.00355,0,10,0.005,0.025,4670,0,0,0.2342612419700214,True
2,10,3,60,25,0.00355,0,10,0.005,0.025,4616,0,0,0.2365684575389948,True
2,10,4,60,25,0.00355,0,10,0.005,0.025,4565,0,0,0.23921139101861993,True
2,10,5,60,25,0.00355,0,10,0.005,0.025,4518,0,0,0.24302788844621515,True
2,10,6,60,25,0.00355,0,10,0.005,0.025,4468,0,0,0.24440465532676814,True
2,10,7,60,25,0.00355,0,10,0.005,0.025,4424,0,0,0.24796564195298373,True
2,10,8,60,25,0.00355,0,10,0.005,0.025,4355,0,0,0.24890929965556832,True
2,10,9,60,25,0.00355,0,10,0.005,0.025,4302,0,0,0.2498837749883775,True
2,10,10,60,25,0.00355,0,10,0.005,0.025,4238,0,0,0.25106182161396884,True
2,10,11,60,25,0.00355,0,10,0.005,0.025,4175,0,0,0.2512574850299401,True
2,10,12,60,25,0.00355,0,10,0.005,0.025,4129,0,0,0.2540566723177525,True
2,10,13,60,25,0.00355,0,10,0.005,0.025,4079,0,0,0.2549644520715862,True
2,10,14,60,25,0.00355,0,10,0.005,0.025,4021,0,0,0.25690126834120863,True
2,10,15,60,25,0.00355,0,10,0.005,0.025,3972,0,0,0.2580563947633434,True
2,10,16,60,25,0.00355,0,10,0.005,0.025,3924,0,0,0.2594291539245668,True
2,10,17,60,25,0.00355,0,10,0.005,0.025,3866,0,0,0.2628039317123642,True
2,10,18,60,25,0.00355,0,10,0.005,0.025,8542,0,0,0.11062982907984079,True
2,10,19,60,25,0.00355,0,10,0.005,0.025,8407,0,0,0.11312001903175925,True
2,10,20,60,25,0.00355,0,10,0.005,0.025,8245,0,0,0.11667677380230443,True
2,10,21,60,25,0.00355,0,10,0.005,0.025,8059,0,0,0.11986598833602184,True
2,10,22,60,25,0.00355,0,10,0.005,0.025,7831,0,0,0.12322819563274166,True
2,10,23,60,25,0.00355,0,10,0.005,0.025,7657,0,0,0.12707326629228158,True
2,10,24,60,25,0.00355,0,10,0.005,0.025,7472,0,0,0.12968415417558887,True
2,10,25,60,25,0.00355,0,10,0.005,0.025,7263,0,0,0.13382899628252787,True
2,10,26,60,25,0.00355,0,10,0.005,0.025,7114,0,0,0.1380376721956705,True
2,10,27,60,25,0.00355,0,10,0.005,0.025,6967,0,0,0.14152432897947467,True
2,10,28,60,25,0.00355,0,10,0.005,0.025,6774,0,0,0.14511366991437852,True
2,10,29,60,25,0.00355,0,10,0.005,0.025,6629,0,0,0.1481369739025494,True
2,10,30,60,25,0.00355,0,10,0.005,0.025,6500,0,0,0.1513846153846154,True
2,10,31,60,25,0.00355,0,10,0.005,0.025,6355,0,0,0.15420928402832415,True
2,10,32,60,25,0.00355,0,10,0.005,0.025,6209,0,0,0.15751328716379448,True
2,10,33,60,25,0.00355,0,10,0.005,0.025,6077,0,0,0.16159289122922493,True
2,10,34,60,25,0.00355,0,10,0.005,0.025,5958,0,0,0.16599530043638805,True
2,10,35,60,25,0.00355,0,10,0.005,0.025,5863,0,0,0.16885553470919323,True
2,10,36,60,25,0.00355,0,10,0.005,0.025,5718,0,0,0.17138859741168241,True
2,10,37,60,25,0.00355,0,10,0.005,0.025,5582,0,0,0.17520601934790397,True
2,10,38,60,25,0.00355,0,10,0.005,0.025,5498,0,0,0.17824663514005093,True
2,10,39,60,25,0.00355,0,10,0.005,0.025,5420,0,0,0.18136531365313655,True
2,10,40,60,25,0.00355,0,10,0.005,0.025,5343,0,0,0.18454052030694368,True
2,10,41,60,25,0.00355,0,10,0.005,0.025,6305,0,0,0.2564631245043616,True
2,10,42,60,25,0.00355,0,10,0.005,0.025,6389,0,0,0.2667084050712161,True
2,10,43,60,25,0.00355,0,10,0.005,0.025,6332,0,0,0.27147820593809224,True
2,10,44,60,25,0.00355,0,10,0.005,0.025,6253,0,0,0.2685111146649608,True
2,10,45,60,25,0.00355,0,10,0.005,0.025,6217,0,0,0.2689400032169857,True
2,10,46,60,25,0.00355,0,10,0.005,0.025,5566,0,0,0.2290693496227093,True
2,10,47,60,25,0.00355,0,10,0.005,0.025,5341,0,0,0.218498408537727,True
2,10,48,60,25,0.00355,0,10,0.005,0.025,5232,0,0,0.21731651376146788,True
2,10,49,60,25,0.00355,0,10,0.005,0.025,5134,0,0,0.21756914686404363,True
2,10,50,60,25,0.00355,0,10,0.005,0.025,5031,0,0,0.21685549592526338,True
2,10,51,60,25,0.00355,0,10,0.005,0.025,4961,0,0,0.21789961701269905,True
2,10,52,60,25,0.00355,0,10,0.005,0.025,4905,0,0,0.21896024464831804,True
2,11,1,60,25,0.00355,0,10,0.005,0.025,4816,0,0,0.21864617940199335,True
2,11,2,60,25,0.00355,0,10,0.005,0.025,4752,0,0,0.21906565656565657,True
2,11,3,60,25,0.00355,0,10,0.005,0.025,4682,0,0,0.2219137120888509,True
2,11,4,60,25,0.00355,0,10,0.005,0.025,4627,0,0,0.22692889561270801,True
2,11,5,60,25,0.00355,0,10,0.005,0.025,4561,0,0,0.229335672001754,True
2,11,6,60,25,0.00355,0,10,0.005,0.025,4498,0,0,0.23210315695864828,True
2,11,7,60,25,0.00355,0,10,0.005,0.025,4438,0,0,0.23456511942316358,True
2,11,8,60,25,0.00355,0,10,0.005,0.025,4390,0,0,0.23712984054669703,True
2,11,9,60,25,0.00355,0,10,0.005,0.025,4328,0,0,0.23914048059149723,True
2,11,10,60,25,0.00355,0,10,0.005,0.025,4271,0,0,0.2413954577382346,True
2,11,11,60,25,0.00355,0,10,0.005,0.025,4214,0,0,0.24537256763170384,True
2,11,12,60,25,0.00355,0,10,0.005,0.025,4155,0,0,0.2464500601684717,True
2,11,13,60,25,0.00355,0,10,0.005,0.025,4102,0,0,0.25036567528035103,True
2,11,14,60,25,0.00355,0,10,0.005,0.025,4060,0,0,0.25320197044334974,True
2,11,15,60,25,0.00355,0,10,0.005,0.025,4008,0,0,0.2569860279441118,True
2,11,16,60,25,0.00355,0,10,0.005,0.025,3968,0,0,0.25882056451612906,True
2,11,17,60,25,0.00355,0,10,0.005,0.025,3922,0,0,0.26134625191228966,True
2,11,18,60,25,0.00355,0,10,0.005,0.025,8485,0,0,0.11384796700058927,True
2,11,19,60,25,0.00355,0,10,0.005,0.025,8309,0,0,0.11710193765796124,True
2,11,20,60,25,0.00355,0,10,0.005,0.025,8096,0,0,0.12030632411067194,True
2,11,21,60,25,0.00355,0,10,0.005,0.025,7893,0,0,0.12416064867604207,True
2,11,22,60,25,0.00355,0,10,0.005,0.025,7715,0,0,0.1287103046014258,True
2,11,23,60,25,0.00355,0,10,0.005,0.025,7570,0,0,0.130779392338177,True
2,11,24,60,25,0.00355,0,10,0.005,0.025,7412,0,0,0.13410685375067458,True
2,11,25,60,25,0.00355,0,10,0.005,0.025,7222,0,0,0.137219606757131,True
2,11,26,60,25,0.00355,0,10,0.005,0.025,7029,0,0,0.1414141414141414,True
2,11,27,60,25,0.00355,0,10,0.005,0.025,6890,0,0,0.14383164005805515,True
2,11,28,60,25,0.00355,0,10,0.005,0.025,6752,0,0,0.14647511848341233,True
2,11,29,60,25,0.00355,0,10,0.005,0.025,6597,0,0,0.15067454903744126,True
2,11,30,60,25,0.00355,0,10,0.005,0.025,6448,0,0,0.15307071960297766,True
2,11,31,60,25,0.00355,0,10,0.005,0.025,6311,0,0,0.15591823799714782,True
2,11,32,60,25,0.00355,0,10,0.005,0.025,6155,0,0,0.15873273761169782,True
2,11,33,60,25,0.00355,0,10,0.005,0.025,6023,0,0,0.16337373401959157,True
2,11,34,60,25,0.00355,0,10,0.005,0.025,5886,0,0,0.1671763506625892,True
2,11,35,60,25,0.00355,0,10,0.005,0.025,5778,0,0,0.1703011422637591,True
2,11,36,60,25,0.00355,0,10,0.005,0.025,5681,0,0,0.17373701813061082,True
2,11,37,60,25,0.00355,0,10,0.005,0.025,5590,0,0,0.17889087656529518,True
2,11,38,60,25,0.00355,0,10,0.005,0.025,5515,0,0,0.18077969174977335,True
2,11,39,60,25,0.00355,0,10,0.005,0.025,5440,0,0,0.18400735294117648,True
2,11,40,60,25,0.00355,0,10,0.005,0.025,5373,0,0,0.18555741671319562,True
2,11,41,60,25,0.00355,0,10,0.005,0.025,6371,0,0,0.25804426306702244,True
2,11,42,60,25,0.00355,0,10,0.005,0.025,6414,0,0,0.26972248207047084,True
2,11,43,60,25,0.00355,0,10,0.005,0.025,6345,0,0,0.2672970843183609,True
2,11,44,60,25,0.00355,0,10,0.005,0.025,6291,0,0,0.26545859163884916,True
2,11,45,60,25,0.00355,0,10,0.005,0.025,6219,0,0,0.2669239427560701,True
2,11,46,60,25,0.00355,0,10,0.005,0.025,5604,0,0,0.23215560314061384,True
2,11,47,60,25,0.00355,0,10,0.005,0.025,5411,0,0,0.22472740713361672,True
2,11,48,60,25,0.00355,0,10,0.005,0.025,5299,0,0,0.22475938856387997,True
2,11,49,60,25,0.00355,0,10,0.005,0.025,5163,0,0,0.2221576602750339,True
2,11,50,60,25,0.00355,0,10,0.005,0.025,5097,0,0,0.22464194624288797,True
2,11,51,60,25,0.00355,0,10,0.005,0.025,5040,0,0,0.2263888888888889,True
2,11,52,60,25,0.00355,0,10,0.005,0.025,4971,0,0,0.23013478173405755,True
2,1,1,60,25,0.00669,0,10,0.005,0.025,5429,0,0,0.0012893718916927612,True
2,1,2,60,25,0.00669,0,10,0.005,0.025,5284,0,0,0.003974261922785769,True
2,1,3,60,25,0.00669,0,10,0.005,0.025,5148,0,0,0.005439005439005439,True
2,1,4,60,25,0.00669,0,10,0.005,0.025,5046,0,0,0.008719778042013475,True
2,1,5,60,25,0.00669,0,10,0.005,0.025,4944,0,0,0.010315533980582525,True
2,1,6,60,25,0.00669,0,10,0.005,0.025,4874,0,0,0.012925728354534264,True
2,1,7,60,25,0.00669,0,10,0.005,0.025,4795,0,0,0.01564129301355579,True
2,1,8,60,25,0.00669,0,10,0.005,0.025,4692,0,0,0.017050298380221655,True
2,1,9,60,25,0.00669,0,10,0.005,0.025,4600,0,0,0.01934782608695652,True
2,1,10,60,25,0.00669,0,10,0.005,0.025,4530,0,0,0.02163355408388521,True
2,1,11,60,25,0.00669,0,10,0.005,0.025,4451,0,0,0.02403954167602786,True
2,1,12,60,25,0.00669,0,10,0.005,0.025,4373,0,0,0.026526412074091014,True
2,1,13,60,25,0.00669,0,10,0.005,0.025,4316,0,0,0.02896200185356812,True
2,1,14,60,25,0.00669,0,10,0.005,0.025,4247,0,0,0.030138921591711797,True
2,1,15,60,25,0.00669,0,10,0.005,0.025,4188,0,0,0.03127984718242598,True
2,1,16,60,25,0.00669,0,10,0.005,0.025,4148,0,0,0.033510125361620055,True
2,1,17,60,25,0.00669,0,10,0.005,0.025,4108,0,0,0.03602726387536514,True
2,1,18,60,25,0.00669,0,10,0.005,0.025,11869,0,0,0.014070267082315275,True
2,1,19,60,25,0.00669,0,10,0.005,0.025,11600,0,0,0.01663793103448276,True
2,1,20,60,25,0.00669,0,10,0.005,0.025,11299,0,0,0.01867421895742986,True
2,1,21,60,25,0.00669,0,10,0.005,0.025,11006,0,0,0.020988551699073234,True
2,1,22,60,25,0.00669,0,10,0.005,0.025,10721,0,0,0.023598544911855236,True
2,1,23,60,25,0.00669,0,10,0.005,0.025,10464,0,0,0.025802752293577983,True
2,1,24,60,25,0.00669,0,10,0.005,0.025,10208,0,0,0.028017241379310345,True
2,1,25,60,25,0.00669,0,10,0.005,0.025,10001,0,0,0.0306969303069693,True
2,1,26,60,25,0.00669,0,10,0.005,0.025,9761,0,0,0.032885974797664176,True
2,1,27,60,25,0.00669,0,10,0.005,0.025,9488,0,0,0.03541315345699832,True
2,1,28,60,25,0.00669,0,10,0.005,0.025,9260,0,0,0.03682505399568035,True
2,1,29,60,25,0.00669,0,10,0.005,0.025,8992,0,0,0.038923487544483985,True
2,1,30,60,25,0.00669,0,10,0.005,0.025,8707,0,0,0.04019754220741932,True
2,1,31,60,25,0.00669,0,10,0.005,0.025,8475,0,0,0.04212389380530973,True
2,1,32,60,25,0.00669,0,10,0.005,0.025,8273,0,0,0.04436117490632177,True
2,1,33,60,25,0.00669,0,10,0.005,0.025,8097,0,0,0.04767197727553415,True
2,1,34,60,25,0.00669,0,10,0.005,0.025,7908,0,0,0.05032878098128477,True
2,1,35,60,25,0.00669,0,10,0.005,0.025,7687,0,0,0.05346689215558736,True
2,1,36,60,25,0.00669,0,10,0.005,0.025,7524,0,0,0.05688463583200425,True
2,1,37,60,25,0.00669,0,10,0.005,0.025,7356,0,0,0.057640021750951606,True
2,1,38,60,25,0.00669,0,10,0.005,0.025,7228,0,0,0.058799114554510236,True
2,1,39,60,25,0.00669,0,10,0.005,0.025,7108,0,0,0.06035453010692178,True
2,1,40,60,25,0.00669,0,10,0.005,0.025,6991,0,0,0.06422543269918467,True
2,1,41,60,25,0.00669,0,10,0.005,0.025,7291,0,0,0.08887669729803868,True
2,1,42,60,25,0.00669,0,10,0.005,0.025,7244,0,0,0.09497515184980673,True
2,1,43,60,25,0.00669,0,10,0.005,0.025,7173,0,0,0.09661229611041405,True
2,1,44,60,25,0.00669,0,10,0.005,0.025,7073,0,0,0.10108864696734059,True
2,1,45,60,25,0.00669,0,10,0.005,0.025,7064,0,0,0.10518120045300114,True
2,1,46,60,25,0.00669,0,10,0.005,0.025,6750,0,0,0.09288888888888888,True
2,1,47,60,25,0.00669,0,10,0.005,0.025,6625,0,0,0.09418867924528301,True
2,1,48,60,25,0.00669,0,10,0.005,0.025,6535,0,0,0.09609793420045906,True
2,1,49,60,25,0.00669,0,10,0.005,0.025,6425,0,0,0.09603112840466926,True
2,1,50,60,25,0.00669,0,10,0.005,0.025,6355,0,0,0.1010228166797797,True
2,1,51,60,25,0.00669,0,10,0.005,0.025,6252,0,0,0.1009277031349968,True
2,1,52,60,25,0.00669,0,10,0.005,0.025,6164,0,0,0.10366645035691109,True
2,2,1,60,25,0.00669,0,10,0.005,0.025,6050,7,0,0.10578512396694215,False
2,2,2,60,25,0.00669,0,10,0.005,0.025,5951,7,0,0.10704083347336582,False
2,2,3,60,25,0.00669,0,10,0.005,0.025,5867,7,1,0.10874382137378558,False
2,2,4,60,25,0.00669,0,10,0.005,0.025,5748,7,2,0.10890744606819763,False
2,2,5,60,25,0.00669,0,10,0.005,0.025,5657,8,3,0.1097754993812975,False
2,2,6,60,25,0.00669,0,10,0.005,0.025,5562,6,3,0.11057173678532901,False
2,2,7,60,25,0.00669,0,10,0.005,0.025,5464,4,2,0.1123718887262079,False
2,2,8,60,25,0.00669,0,10,0.005,0.025,5396,3,1,0.11397331356560415,False
2,2,9,60,25,0.00669,0,10,0.005,0.025,5301,2,1,0.11563855876249764,False
2,2,10,60,25,0.00669,0,10,0.005,0.025,5219,2,1,0.11803027399885035,False
2,2,11,60,25,0.00669,0,10,0.005,0.025,5143,1,1,0.12152440209994167,False
2,2,12,60,25,0.00669,0,10,0.005,0.025,5090,3,1,0.1237721021611002,False
2,2,13,60,25,0.00669,0,10,0.005,0.025,5027,2,0,0.12651680923015715,False
2,2,14,60,25,0.00669,0,10,0.005,0.025,4965,2,0,0.12890231621349446,False
2,2,15,60,25,0.00669,0,10,0.005,0.025,4885,2,1,0.13039918116683727,False
2,2,16,60,25,0.00669,0,10,0.005,0.025,4822,2,2,0.13272501036914144,False
2,2,17,60,25,0.00669,0,10,0.005,0.025,4741,3,1,0.13499261759122547,False
2,2,18,60,25,0.00669,0,10,0.005,0.025,9733,2,1,0.06719408198910921,False
2,2,19,60,25,0.00669,0,10,0.005,0.025,9524,6,2,0.06950860982780345,False
2,2,20,60,25,0.00669,0,10,0.005,0.025,9311,8,3,0.07292449790570293,False
2,2,21,60,25,0.00669,0,10,0.005,0.025,9091,16,4,0.07578924210757892,False
2,2,22,60,25,0.00669,0,10,0.005,0.025,8852,18,4,0.0789652056032535,False
2,2,23,60,25,0.00669,0,10,0.005,0.025,8620,18,7,0.08167053364269142,False
2,2,24,60,25,0.00669,0,10,0.005,0.025,8448,16,7,0.08546401515151515,False
2,2,25,60,25,0.00669,0,10,0.005,0.025,8290,16,4,0.08745476477683957,False
2,2,26,60,25,0.00669,0,10,0.005,0.025,8133,15,5,0.08938890938153203,False
2,2,27,60,25,0.00669,0,10,0.005,0.025,8009,17,4,0.09189661630665501,False
2,2,28,60,25,0.00669,0,10,0.005,0.025,7869,17,7,0.09403990341847757,False
2,2,29,60,25,0.00669,0,10,0.005,0.025,7711,16,9,0.09596680067436131,False
2,2,30,60,25,0.00669,0,10,0.005,0.025,7563,16,7,0.09877032923443078,False
2,2,31,60,25,0.00669,0,10,0.005,0.025,7412,15,7,0.10051268213707501,False
2,2,32,60,25,0.00669,0,10,0.005,0.025,7246,16,7,0.10198730333977367,False
2,2,33,60,25,0.00669,0,10,0.005,0.025,7123,18,7,0.10473115260423979,False
2,2,34,60,25,0.00669,0,10,0.005,0.025,6945,14,8,0.10698344132469402,False
2,2,35,60,25,0.00669,0,10,0.005,0.025,6799,14,6,0.10810413296072952,False
2,2,36,60,25,0.00669,0,10,0.005,0.025,6646,13,4,0.11074330424315378,False
2,2,37,60,25,0.00669,0,10,0.005,0.025,6501,12,4,0.11305952930318412,False
2,2,38,60,25,0.00669,0,10,0.005,0.025,6420,12,3,0.11588785046728972,False
2,2,39,60,25,0.00669,0,10,0.005,0.025,6302,12,4,0.11821643922564265,False
2,2,40,60,25,0.00669,0,10,0.005,0.025,6202,13,3,0.11947758787487907,False
2,2,41,60,25,0.00669,0,10,0.005,0.025,6607,13,5,0.160587255940669,False
2,2,42,60,25,0.00669,0,10,0.005,0.025,6576,14,8,0.16286496350364962,False
2,2,43,60,25,0.00669,0,10,0.005,0.025,6542,12,5,0.1690614490981351,False
2,2,44,60,25,0.00669,0,10,0.005,0.025,6535,9,2,0.1745983167559296,False
2,2,45,60,25,0.00669,0,10,0.005,0.025,6531,10,2,0.18021742459041495,False
2,2,46,60,25,0.00669,0,10,0.005,0.025,6219,10,6,0.1640135069946937,False
2,2,47,60,25,0.00669,0,10,0.005,0.025,6125,9,6,0.16375510204081634,False
2,2,48,60,25,0.00669,0,10,0.005,0.025,6038,4,1,0.16528651871480624,False
2,2,49,60,25,0.00669,0,10,0.005,0.025,5960,3,1,0.16610738255033558,False
2,2,50,60,25,0.00669,0,10,0.005,0.025,5880,4,2,0.16666666666666666,False
2,2,51,60,25,0.00669,0,10,0.005,0.025,5783,5,2,0.16859761369531384,False
2,2,52,60,25,0.00669,0,10,0.005,0.025,5712,5,2,0.16911764705882354,False
2,3,1,60,25,0.00669,0,10,0.005,0.025,5625,8,2,0.17048888888888888,False
2,3,2,60,25,0.00669,0,10,0.005,0.025,5541,7,4,0.174517235156109,False
2,3,3,60,25,0.00669,0,10,0.005,0.025,5460,8,3,0.17637362637362639,False
2,3,4,60,25,0.00669,0,10,0.005,0.025,5375,9,4,0.1786046511627907,False
2,3,5,60,25,0.00669,0,10,0.005,0.025,5306,9,3,0.17979645684131174,False
2,3,6,60,25,0.00669,0,10,0.005,0.025,5208,6,3,0.18183563748079878,False
2,3,7,60,25,0.00669,0,10,0.005,0.025,5143,7,4,0.1835504569317519,False
2,3,8,60,25,0.00669,0,10,0.005,0.025,5079,8,2,0.18330379996062218,False
2,3,9,60,25,0.00669,0,10,0.005,0.025,5021,10,1,0.18721370244971122,False
2,3,10,60,25,0.00669,0,10,0.005,0.025,4955,9,2,0.18970736629667004,False
2,3,11,60,25,0.00669,0,10,0.005,0.025,4918,10,6,0.1925579503863359,False
2,3,12,60,25,0.00669,0,10,0.005,0.025,4837,7,3,0.19619598924953482,False
2,3,13,60,25,0.00669,0,10,0.005,0.025,4774,4,0,0.1960620025136154,False
2,3,14,60,25,0.00669,0,10,0.005,0.025,4724,4,1,0.20004233700254023,False
2,3,15,60,25,0.00669,0,10,0.005,0.025,4650,8,3,0.2036559139784946,False
2,3,16,60,25,0.00669,0,10,0.005,0.025,4593,7,2,0.2059655998258219,False
2,3,17,60,25,0.00669,0,10,0.005,0.025,4532,5,2,0.20741394527802295,False
2,3,18,60,25,0.00669,0,10,0.005,0.025,10317,10,3,0.09140253949791606,False
2,3,19,60,25,0.00669,0,10,0.005,0.025,10108,12,4,0.0922041946972695,False
2,3,20,60,25,0.00669,0,10,0.005,0.025,9837,22,4,0.09484598963098506,False
2,3,21,60,25,0.00669,0,10,0.005,0.025,9632,24,5,0.09956395348837209,False
2,3,22,60,25,0.00669,0,10,0.005,0.025,9414,28,14,0.10165710643722116,False
2,3,23,60,25,0.00669,0,10,0.005,0.025,9182,31,12,0.10444347636680462,False
2,3,24,60,25,0.00669,0,10,0.005,0.025,8953,26,5,0.10856696079526416,False
2,3,25,60,25,0.00669,0,10,0.005,0.025,8717,27,13,0.11081794195250659,False
2,3,26,60,25,0.00669,0,10,0.005,0.025,8569,27,12,0.11261524098494574,False
2,3,27,60,25,0.00669,0,10,0.005,0.025,8362,26,11,0.11552260224826597,False
2,3,28,60,25,0.00669,0,10,0.005,0.025,8214,28,10,0.11930849768687607,False
2,3,29,60,25,0.00669,0,10,0.005,0.025,8009,27,10,0.12560869022349858,False
2,3,30,60,25,0.00669,0,10,0.005,0.025,7782,32,13,0.12798766383962992,False
2,3,31,60,25,0.00669,0,10,0.005,0.025,7571,25,12,0.1318187821952186,False
2,3,32,60,25,0.00669,0,10,0.005,0.025,7386,22,10,0.13268345518548605,False
2,3,33,60,25,0.00669,0,10,0.005,0.025,7198,18,9,0.13559322033898305,False
2,3,34,60,25,0.00669,0,10,0.005,0.025,7045,18,8,0.13967352732434352,False
2,3,35,60,25,0.00669,0,10,0.005,0.025,6882,14,5,0.14283638477186864,False
2,3,36,60,25,0.00669,0,10,0.005,0.025,6741,13,5,0.1474558670820353,False
2,3,37,60,25,0.00669,0,10,0.005,0.025,6613,11,6,0.1498563435657039,False
2,3,38,60,25,0.00669,0,10,0.005,0.025,6493,12,6,0.15200985676882797,False
2,3,39,60,25,0.00669,0,10,0.005,0.025,6413,13,4,0.15749259317012318,False
2,3,40,60,25,0.00669,0,10,0.005,0.025,6308,12,2,0.15916296766011415,False
2,3,41,60,25,0.00669,0,10,0.005,0.025,6772,13,6,0.19536326048434732,False
2,3,42,60,25,0.00669,0,10,0.005,0.025,6765,15,8,0.20044345898004434,False
2,3,43,60,25,0.00669,0,10,0.005,0.025,6750,11,4,0.20192592592592593,False
2,3,44,60,25,0.00669,0,10,0.005,0.025,6723,12,1,0.2106202588130299,False
2,3,45,60,25,0.00669,0,10,0.005,0.025,6666,11,5,0.21047104710471048,False
2,3,46,60,25,0.00669,0,10,0.005,0.025,6318,16,8,0.19468186134852802,False
2,3,47,60,25,0.00669,0,10,0.005,0.025,6186,13,4,0.191884901390236,False
2,3,48,60,25,0.00669,0,10,0.005,0.025,6102,12,5,0.19567354965585054,False
2,3,49,60,25,0.00669,0,10,0.005,0.025,6012,12,9,0.19610778443113772,False
2,3,50,60,25,0.00669,0,10,0.005,0.025,5903,10,6,0.1960020328646451,False
2,3,51,60,25,0.00669,0,10,0.005,0.025,5817,7,1,0.1987278665979027,False
2,3,52,60,25,0.00669,0,10,0.005,0.025,5725,6,2,0.20034934497816595,False
2,4,1,60,25,0.00669,0,10,0.005,0.025,5647,10,3,0.20293961395431204,False
2,4,2,60,25,0.00669,0,10,0.005,0.025,5554,11,4,0.20327691753691032,False
2,4,3,60,25,0.00669,0,10,0.005,0.025,5476,10,5,0.2058071585098612,False
2,4,4,60,25,0.00669,0,10,0.005,0.025,5408,12,6,0.21042899408284024,False
2,4,5,60,25,0.00669,0,10,0.005,0.025,5344,11,6,0.2122005988023952,False
2,4,6,60,25,0.00669,0,10,0.005,0.025,5277,8,4,0.2135683153306803,False
2,4,7,60,25,0.00669,0,10,0.005,0.025,5234,8,3,0.2164692395873137,False
2,4,8,60,25,0.00669,0,10,0.005,0.025,5162,6,1,0.21948857032158078,False
2,4,9,60,25,0.00669,0,10,0.005,0.025,5109,4,1,0.2203953807007242,False
2,4,10,60,25,0.00669,0,10,0.005,0.025,5043,5,1,0.22407297243704144,False
2,4,11,60,25,0.00669,0,10,0.005,0.025,4991,4,1,0.22801041875375677,False
2,4,12,60,25,0.00669,0,10,0.005,0.025,4933,7,3,0.23008311372390025,False
2,4,13,60,25,0.00669,0,10,0.005,0.025,4868,9,2,0.23171733771569433,False
2,4,14,60,25,0.00669,0,10,0.005,0.025,4807,7,1,0.2336176409402954,False
2,4,15,60,25,0.00669,0,10,0.005,0.025,4740,10,4,0.23818565400843883,False
2,4,16,60,25,0.00669,0,10,0.005,0.025,4691,10,6,0.24237902366233213,False
2,4,17,60,25,0.00669,0,10,0.005,0.025,4666,7,3,0.24432061723103302,False
2,4,18,60,25,0.00669,0,10,0.005,0.025,10335,4,2,0.11223996129656506,False
2,4,19,60,25,0.00669,0,10,0.005,0.025,10120,6,4,0.1158102766798419,False
2,4,20,60,25,0.00669,0,10,0.005,0.025,9889,9,3,0.12013348164627363,False
2,4,21,60,25,0.00669,0,10,0.005,0.025,9641,12,1,0.12332745565812675,False
2,4,22,60,25,0.00669,0,10,0.005,0.025,9493,10,3,0.12809438533656378,False
2,4,23,60,25,0.00669,0,10,0.005,0.025,9335,15,5,0.13208355650776646,False
2,4,24,60,25,0.00669,0,10,0.005,0.025,9119,18,3,0.1355411777607194,False
2,4,25,60,25,0.00669,0,10,0.005,0.025,8945,14,5,0.13907210732252656,False
2,4,26,60,25,0.00669,0,10,0.005,0.025,8785,17,7,0.1439954467842914,False
2,4,27,60,25,0.00669,0,10,0.005,0.025,8581,13,5,0.14765178883580002,False
2,4,28,60,25,0.00669,0,10,0.005,0.025,8407,12,6,0.1523730224812656,False
2,4,29,60,25,0.00669,0,10,0.005,0.025,8200,10,6,0.15414634146341463,False
2,4,30,60,25,0.00669,0,10,0.005,0.025,8054,9,4,0.1575614601440278,False
2,4,31,60,25,0.00669,0,10,0.005,0.025,7883,6,2,0.15971077001141698,False
2,4,32,60,25,0.00669,0,10,0.005,0.025,7684,3,0,0.16345653305570015,False
2,4,33,60,25,0.00669,0,10,0.005,0.025,7515,3,1,0.16726546906187625,False
2,4,34,60,25,0.00669,0,10,0.005,0.025,7321,6,2,0.16951236169922143,False
2,4,35,60,25,0.00669,0,10,0.005,0.025,7170,6,2,0.17336122733612275,False
2,4,36,60,25,0.00669,0,10,0.005,0.025,7009,6,1,0.17620202596661436,False
2,4,37,60,25,0.00669,0,10,0.005,0.025,6807,5,0,0.1786396356691641,False
2,4,38,60,25,0.00669,0,10,0.005,0.025,6708,5,1,0.18112701252236135,False
2,4,39,60,25,0.00669,0,10,0.005,0.025,6604,8,2,0.1839794064203513,False
2,4,40,60,25,0.00669,0,10,0.005,0.025,6510,9,2,0.18617511520737326,False
2,4,41,60,25,0.00669,0,10,0.005,0.025,6878,8,2,0.21997673742366966,False
2,4,42,60,25,0.00669,0,10,0.005,0.025,6811,9,2,0.22008515636470416,False
2,4,43,60,25,0.00669,0,10,0.005,0.025,6722,9,4,0.2228503421600714,False
2,4,44,60,25,0.00669,0,10,0.005,0.025,6694,12,5,0.22423065431729908,False
2,4,45,60,25,0.00669,0,10,0.005,0.025,6658,13,4,0.22604385701411836,False
2,4,46,60,25,0.00669,0,10,0.005,0.025,6333,11,5,0.2144323385441339,False
2,4,47,60,25,0.00669,0,10,0.005,0.025,6241,14,4,0.21599102707899376,False
2,4,48,60,25,0.00669,0,10,0.005,0.025,6162,11,4,0.21729957805907174,False
2,4,49,60,25,0.00669,0,10,0.005,0.025,6115,12,8,0.22158626328699918,False
2,4,50,60,25,0.00669,0,10,0.005,0.025,6049,13,5,0.22416928417920318,False
2,4,51,60,25,0.00669,0,10,0.005,0.025,5977,8,3,0.22686966705705203,False
2,4,52,60,25,0.00669,0,10,0.005,0.025,5893,11,5,0.229933819786187,False
2,5,1,60,25,0.00669,0,10,0.005,0.025,5823,15,3,0.2314957925467972,False
2,5,2,60,25,0.00669,0,10,0.005,0.025,5729,14,5,0.23337406179088846,False
2,5,3,60,25,0.00669,0,10,0.005,0.025,5657,13,5,0.23493017500441932,False
2,5,4,60,25,0.00669,0,10,0.005,0.025,5585,11,4,0.23670546105640108,False
2,5,5,60,25,0.00669,0,10,0.005,0.025,5526,12,7,0.2395946435034383,False
2,5,6,60,25,0.00669,0,10,0.005,0.025,5450,12,7,0.24238532110091743,False
2,5,7,60,25,0.00669,0,10,0.005,0.025,5377,11,5,0.24456016366003347,False
2,5,8,60,25,0.00669,0,10,0.005,0.025,5312,11,2,0.2473644578313253,False
2,5,9,60,25,0.00669,0,10,0.005,0.025,5219,9,1,0.24736539566966853,False
2,5,10,60,25,0.00669,0,10,0.005,0.025,5158,13,2,0.25087243117487396,False
2,5,11,60,25,0.00669,0,10,0.005,0.025,5078,16,4,0.2540370224497834,False
2,5,12,60,25,0.00669,0,10,0.005,0.025,5009,17,8,0.2577360750648832,False
2,5,13,60,25,0.00669,0,10,0.005,0.025,4926,16,7,0.2618757612667479,False
2,5,14,60,25,0.00669,0,10,0.005,0.025,4857,12,5,0.2627136092238007,False
2,5,15,60,25,0.00669,0,10,0.005,0.025,4793,13,4,0.26476110995201335,False
2,5,16,60,25,0.00669,0,10,0.005,0.025,4738,12,3,0.26741241029970453,False
2,5,17,60,25,0.00669,0,10,0.005,0.025,4677,14,6,0.2702587128501176,False
2,5,18,60,25,0.00669,0,10,0.005,0.025,10400,14,6,0.12346153846153846,False
2,5,19,60,25,0.00669,0,10,0.005,0.025,10172,16,4,0.12573731812819505,False
2,5,20,60,25,0.00669,0,10,0.005,0.025,9950,15,4,0.12904522613065328,False
2,5,21,60,25,0.00669,0,10,0.005,0.025,9688,18,7,0.13274153592072668,False
2,5,22,60,25,0.00669,0,10,0.005,0.025,9472,22,7,0.13714104729729729,False
2,5,23,60,25,0.00669,0,10,0.005,0.025,9269,20,8,0.14089977343834287,False
2,5,24,60,25,0.00669,0,10,0.005,0.025,9025,21,8,0.14581717451523546,False
2,5,25,60,25,0.00669,0,10,0.005,0.025,8809,16,6,0.14825746395731637,False
2,5,26,60,25,0.00669,0,10,0.005,0.025,8590,22,6,0.15215366705471478,False
2,5,27,60,25,0.00669,0,10,0.005,0.025,8405,21,4,0.15597858417608565,False
2,5,28,60,25,0.00669,0,10,0.005,0.025,8220,25,8,0.1586374695863747,False
2,5,29,60,25,0.00669,0,10,0.005,0.025,8018,25,13,0.16225991519082064,False
2,5,30,60,25,0.00669,0,10,0.005,0.025,7840,19,10,0.16581632653061223,False
2,5,31,60,25,0.00669,0,10,0.005,0.025,7630,16,7,0.17142857142857143,False
2,5,32,60,25,0.00669,0,10,0.005,0.025,7413,15,6,0.17469310670443816,False
2,5,33,60,25,0.00669,0,10,0.005,0.025,7223,16,7,0.1794268309566662,False
2,5,34,60,25,0.00669,0,10,0.005,0.025,7061,17,9,0.1818439314544682,False
2,5,35,60,25,0.00669,0,10,0.005,0.025,6893,16,7,0.18569563325112434,False
2,5,36,60,25,0.00669,0,10,0.005,0.025,6726,15,4,0.1886708296164139,False
2,5,37,60,25,0.00669,0,10,0.005,0.025,6579,13,1,0.19136646906824745,False
2,5,38,60,25,0.00669,0,10,0.005,0.025,6494,12,4,0.1946412072682476,False
2,5,39,60,25,0.00669,0,10,0.005,0.025,6390,14,6,0.19718309859154928,False
2,5,40,60,25,0.00669,0,10,0.005,0.025,6300,12,5,0.2007936507936508,False
2,5,41,60,25,0.00669,0,10,0.005,0.025,6685,15,4,0.2324607329842932,False
2,5,42,60,25,0.00669,0,10,0.005,0.025,6673,12,2,0.23647534841900195,False
2,5,43,60,25,0.00669,0,10,0.005,0.025,6597,12,6,0.2408670607852054,False
2,5,44,60,25,0.00669,0,10,0.005,0.025,6548,14,5,0.2403787416004887,False
2,5,45,60,25,0.00669,0,10,0.005,0.025,6490,9,3,0.24345146379044685,False
2,5,46,60,25,0.00669,0,10,0.005,0.025,6190,8,5,0.2310177705977383,False
2,5,47,60,25,0.00669,0,10,0.005,0.025,6088,7,4,0.23291721419185282,False
2,5,48,60,25,0.00669,0,10,0.005,0.025,6019,4,3,0.23658415019106163,False
2,5,49,60,25,0.00669,0,10,0.005,0.025,5917,3,3,0.23931046138245732,False
2,5,50,60,25,0.00669,0,10,0.005,0.025,5834,1,1,0.24168666438121358,False
2,5,51,60,25,0.00669,0,10,0.005,0.025,5748,0,0,0.24391092553931804,True
2,5,52,60,25,0.00669,0,10,0.005,0.025,5668,0,0,0.24453069865913904,True
2,6,1,60,25,0.00669,0,10,0.005,0.025,5584,0,0,0.24695558739255014,True
2,6,2,60,25,0.00669,0,10,0.005,0.025,5508,0,0,0.2494553376906318,True
2,6,3,60,25,0.00669,0,10,0.005,0.025,5423,0,0,0.2509680988382814,True
2,6,4,60,25,0.00669,0,10,0.005,0.025,5324,0,0,0.2531930879038317,True
2,6,5,60,25,0.00669,0,10,0.005,0.025,5260,0,0,0.25741444866920155,True
2,6,6,60,25,0.00669,0,10,0.005,0.025,5190,0,0,0.261271676300578,True
2,6,7,60,25,0.00669,0,10,0.005,0.025,5120,0,0,0.2623046875,True
2,6,8,60,25,0.00669,0,10,0.005,0.025,5046,0,0,0.26516052318668254,True
2,6,9,60,25,0.00669,0,10,0.005,0.025,4969,0,0,0.26826323203863955,True
2,6,10,60,25,0.00669,0,10,0.005,0.025,4919,0,0,0.26977027851189267,True
2,6,11,60,25,0.00669,0,10,0.005,0.025,4863,0,0,0.27143738433066006,True
2,6,12,60,25,0.00669,0,10,0.005,0.025,4811,0,0,0.2735398046144253,True
2,6,13,60,25,0.00669,0,10,0.005,0.025,4767,0,0,0.275854835326201,True
2,6,14,60,25,0.00669,0,10,0.005,0.025,4699,0,0,0.27856990849116836,True
2,6,15,60,25,0.00669,0,10,0.005,0.025,4633,0,0,0.28037988344485215,True
2,6,16,60,25,0.00669,0,10,0.005,0.025,4583,0,0,0.28322059786166265,True
2,6,17,60,25,0.00669,0,10,0.005,0.025,4533,0,0,0.2843591440547099,True
2,6,18,60,25,0.00669,0,10,0.005,0.025,9899,0,0,0.13092231538539245,True
2,6,19,60,25,0.00669,0,10,0.005,0.025,9675,0,0,0.1343669250645995,True
2,6,20,60,25,0.00669,0,10,0.005,0.025,9428,0,0,0.1386296139159949,True
2,6,21,60,25,0.00669,0,10,0.005,0.025,9232,0,0,0.14113951473136915,True
2,6,22,60,25,0.00669,0,10,0.005,0.025,9017,0,0,0.1437285128091383,True
2,6,23,60,25,0.00669,0,10,0.005,0.025,8812,0,0,0.147526100771675,True
2,6,24,60,25,0.00669,0,10,0.005,0.025,8646,0,0,0.15012722646310434,True
2,6,25,60,25,0.00669,0,10,0.005,0.025,8446,0,0,0.15344541794932512,True
2,6,26,60,25,0.00669,0,10,0.005,0.025,8273,0,0,0.15617067569201015,True
2,6,27,60,25,0.00669,0,10,0.005,0.025,8084,0,0,0.15994557149925778,True
2,6,28,60,25,0.00669,0,10,0.005,0.025,7886,0,0,0.16383464367233072,True
2,6,29,60,25,0.00669,0,10,0.005,0.025,7690,0,0,0.1669700910273082,True
2,6,30,60,25,0.00669,0,10,0.005,0.025,7523,0,0,0.17067659178519207,True
2,6,31,60,25,0.00669,0,10,0.005,0.025,7384,0,0,0.17375406283856987,True
2,6,32,60,25,0.00669,0,10,0.005,0.025,7250,0,0,0.17848275862068966,True
2,6,33,60,25,0.00669,0,10,0.005,0.025,7119,0,0,0.18176710212108443,True
2,6,34,60,25,0.00669,0,10,0.005,0.025,6940,0,0,0.18501440922190202,True
2,6,35,60,25,0.00669,0,10,0.005,0.025,6785,0,0,0.18938835666912307,True
2,6,36,60,25,0.00669,0,10,0.005,0.025,6640,0,0,0.19352409638554216,True
2,6,37,60,25,0.00669,0,10,0.005,0.025,6495,0,0,0.19738260200153965,True
2,6,38,60,25,0.00669,0,10,0.005,0.025,6402,0,0,0.20087472664792252,True
2,6,39,60,25,0.00669,0,10,0.005,0.025,6312,0,0,0.20326362484157162,True
2,6,40,60,25,0.00669,0,10,0.005,0.025,6237,0,0,0.20666987333654,True
2,6,41,60,25,0.00669,0,10,0.005,0.025,6664,0,0,0.23949579831932774,True
2,6,42,60,25,0.00669,0,10,0.005,0.025,6594,0,0,0.24249317561419473,True
2,6,43,60,25,0.00669,0,10,0.005,0.025,6572,0,0,0.24680462568472306,True
2,6,44,60,25,0.00669,0,10,0.005,0.025,6526,0,0,0.2520686484829911,True
2,6,45,60,25,0.00669,0,10,0.005,0.025,6489,0,0,0.2568962860224996,True
2,6,46,60,25,0.00669,0,10,0.005,0.025,6196,0,0,0.2446739832149774,True
2,6,47,60,25,0.00669,0,10,0.005,0.025,6092,0,0,0.24392646093237033,True
2,6,48,60,25,0.00669,0,10,0.005,0.025,6024,0,0,0.2448539176626826,True
2,6,49,60,25,0.00669,0,10,0.005,0.025,5950,0,0,0.24739495798319328,True
2,6,50,60,25,0.00669,0,10,0.005,0.025,5864,0,0,0.24727148703956345,True
2,6,51,60,25,0.00669,0,10,0.005,0.025,5810,0,0,0.25197934595524957,True
2,6,52,60,25,0.00669,0,10,0.005,0.025,5761,0,0,0.25585835792397155,True
2,7,1,60,25,0.00669,0,10,0.005,0.025,5680,0,0,0.2575704225352113,True
2,7,2,60,25,0.00669,0,10,0.005,0.025,5635,0,0,0.25944986690328303,True
2,7,3,60,25,0.00669,0,10,0.005,0.025,5562,0,0,0.26105717367853293,True
2,7,4,60,25,0.00669,0,10,0.005,0.025,5514,0,0,0.26296699310845123,True
2,7,5,60,25,0.00669,0,10,0.005,0.025,5463,0,0,0.2663371773750686,True
2,7,6,60,25,0.00669,0,10,0.005,0.025,5416,0,0,0.26809453471196454,True
2,7,7,60,25,0.00669,0,10,0.005,0.025,5351,0,0,0.27004298262007104,True
2,7,8,60,25,0.00669,0,10,0.005,0.025,5298,0,0,0.2729331823329558,True
2,7,9,60,25,0.00669,0,10,0.005,0.025,5229,0,0,0.2767259514247466,True
2,7,10,60,25,0.00669,0,10,0.005,0.025,5172,0,0,0.2793890177880897,True
2,7,11,60,25,0.00669,0,10,0.005,0.025,5131,0,0,0.2822061976222959,True
2,7,12,60,25,0.00669,0,10,0.005,0.025,5068,0,0,0.281767955801105,True
2,7,13,60,25,0.00669,0,10,0.005,0.025,5017,0,0,0.28403428343631654,True
2,7,14,60,25,0.00669,0,10,0.005,0.025,4965,0,0,0.28700906344410876,True
2,7,15,60,25,0.00669,0,10,0.005,0.025,4906,0,0,0.28903383611903793,True
2,7,16,60,25,0.00669,0,10,0.005,0.025,4853,0,0,0.29260251390892233,True
2,7,17,60,25,0.00669,0,10,0.005,0.025,4807,0,0,0.2945704181402122,True
2,7,18,60,25,0.00669,0,10,0.005,0.025,10627,0,0,0.13446880587183588,True
2,7,19,60,25,0.00669,0,10,0.005,0.025,10435,0,0,0.13713464302827025,True
2,7,20,60,25,0.00669,0,10,0.005,0.025,10204,0,0,0.14043512348098786,True
2,7,21,60,25,0.00669,0,10,0.005,0.025,9967,0,0,0.143172469148189,True
2,7,22,60,25,0.00669,0,10,0.005,0.025,9695,0,0,0.14667354306343475,True
2,7,23,60,25,0.00669,0,10,0.005,0.025,9448,0,0,0.14966130397967825,True
2,7,24,60,25,0.00669,0,10,0.005,0.025,9257,0,0,0.15307334989737495,True
2,7,25,60,25,0.00669,0,10,0.005,0.025,8990,0,0,0.15628476084538376,True
2,7,26,60,25,0.00669,0,10,0.005,0.025,8776,0,0,0.16020966271649956,True
2,7,27,60,25,0.00669,0,10,0.005,0.025,8548,0,0,0.164365933551708,True
2,7,28,60,25,0.00669,0,10,0.005,0.025,8390,0,0,0.16853396901072706,True
2,7,29,60,25,0.00669,0,10,0.005,0.025,8220,0,0,0.1714111922141119,True
2,7,30,60,25,0.00669,0,10,0.005,0.025,8054,0,0,0.17469580332753912,True
2,7,31,60,25,0.00669,0,10,0.005,0.025,7860,0,0,0.1782442748091603,True
2,7,32,60,25,0.00669,0,10,0.005,0.025,7710,0,0,0.182230869001297,True
2,7,33,60,25,0.00669,0,10,0.005,0.025,7571,0,0,0.18597279091269317,True
2,7,34,60,25,0.00669,0,10,0.005,0.025,7402,0,0,0.18778708457173737,True
2,7,35,60,25,0.00669,0,10,0.005,0.025,7237,0,0,0.19082492745612822,True
2,7,36,60,25,0.00669,0,10,0.005,0.025,7035,0,0,0.19374555792466241,True
2,7,37,60,25,0.00669,0,10,0.005,0.025,6840,0,0,0.19809941520467836,True
2,7,38,60,25,0.00669,0,10,0.005,0.025,6731,0,0,0.20071311840736888,True
2,7,39,60,25,0.00669,0,10,0.005,0.025,6637,0,0,0.2028024709959319,True
2,7,40,60,25,0.00669,0,10,0.005,0.025,6545,0,0,0.20504201680672268,True
2,7,41,60,25,0.00669,0,10,0.005,0.025,6830,0,0,0.23382137628111274,True
2,7,42,60,25,0.00669,0,10,0.005,0.025,6789,0,0,0.23685373398144058,True
2,7,43,60,25,0.00669,0,10,0.005,0.025,6786,0,0,0.24314765694076038,True
2,7,44,60,25,0.00669,0,10,0.005,0.025,6739,0,0,0.24588217836474255,True
2,7,45,60,25,0.00669,0,10,0.005,0.025,6651,0,0,0.2485340550293189,True
2,7,46,60,25,0.00669,0,10,0.005,0.025,6380,0,0,0.23746081504702193,True
2,7,47,60,25,0.00669,0,10,0.005,0.025,6309,0,0,0.23680456490727533,True
2,7,48,60,25,0.00669,0,10,0.005,0.025,6224,0,0,0.23811053984575836,True
2,7,49,60,25,0.00669,0,10,0.005,0.025,6157,0,0,0.24135130745492936,True
2,7,50,60,25,0.00669,0,10,0.005,0.025,6081,0,0,0.24420325604341392,True
2,7,51,60,25,0.00669,0,10,0.005,0.025,5994,0,0,0.24824824824824826,True
2,7,52,60,25,0.00669,0,10,0.005,0.025,5897,0,0,0.2502967610649483,True
2,8,1,60,25,0.00669,0,10,0.005,0.025,5832,0,0,0.25308641975308643,True
2,8,2,60,25,0.00669,0,10,0.005,0.025,5744,0,0,0.2562674094707521,True
2,8,3,60,25,0.00669,0,10,0.005,0.025,5665,0,0,0.2578993821712268,True
2,8,4,60,25,0.00669,0,10,0.005,0.025,5594,0,0,0.25992134429746155,True
2,8,5,60,25,0.00669,0,10,0.005,0.025,5523,0,0,0.2603657432554771,True
2,8,6,60,25,0.00669,0,10,0.005,0.025,5459,0,0,0.26250228979666607,True
2,8,7,60,25,0.00669,0,10,0.005,0.025,5385,0,0,0.2648096564531105,True
2,8,8,60,25,0.00669,0,10,0.005,0.025,5328,0,0,0.26707957957957956,True
2,8,9,60,25,0.00669,0,10,0.005,0.025,5267,0,0,0.26922346686918547,True
2,8,10,60,25,0.00669,0,10,0.005,0.025,5203,0,0,0.27080530463194313,True
2,8,11,60,25,0.00669,0,10,0.005,0.025,5148,0,0,0.27292152292152294,True
2,8,12,60,25,0.00669,0,10,0.005,0.025,5094,0,0,0.2752257557911268,True
2,8,13,60,25,0.00669,0,10,0.005,0.025,5043,0,0,0.2766210588935158,True
2,8,14,60,25,0.00669,0,10,0.005,0.025,4976,0,0,0.279943729903537,True
2,8,15,60,25,0.00669,0,10,0.005,0.025,4928,0,0,0.2820616883116883,True
2,8,16,60,25,0.00669,0,10,0.005,0.025,4863,0,0,0.2841867160189184,True
2,8,17,60,25,0.00669,0,10,0.005,0.025,4823,0,0,0.2867509848641924,True
2,8,18,60,25,0.00669,0,10,0.005,0.025,10783,0,0,0.12946304367986647,True
2,8,19,60,25,0.00669,0,10,0.005,0.025,10617,0,0,0.13242912310445512,True
2,8,20,60,25,0.00669,0,10,0.005,0.025,10415,0,0,0.13595775324051848,True
2,8,21,60,25,0.00669,0,10,0.005,0.025,10208,0,0,0.1391065830721003,True
2,8,22,60,25,0.00669,0,10,0.005,0.025,9960,0,0,0.14357429718875503,True
2,8,23,60,25,0.00669,0,10,0.005,0.025,9733,0,0,0.14753929929107162,True
2,8,24,60,25,0.00669,0,10,0.005,0.025,9531,0,0,0.1511908509075648,True
2,8,25,60,25,0.00669,0,10,0.005,0.025,9294,0,0,0.15590703679793416,True
2,8,26,60,25,0.00669,0,10,0.005,0.025,9070,0,0,0.1582138919514884,True
2,8,27,60,25,0.00669,0,10,0.005,0.025,8847,0,0,0.1614106476771787,True
2,8,28,60,25,0.00669,0,10,0.005,0.025,8641,0,0,0.16583728735100103,True
2,8,29,60,25,0.00669,0,10,0.005,0.025,8498,0,0,0.16827488820899036,True
2,8,30,60,25,0.00669,0,10,0.005,0.025,8323,0,0,0.17265409107293042,True
2,8,31,60,25,0.00669,0,10,0.005,0.025,8139,0,0,0.17680304705737807,True
2,8,32,60,25,0.00669,0,10,0.005,0.025,7983,0,0,0.1800075159714393,True
2,8,33,60,25,0.00669,0,10,0.005,0.025,7826,0,0,0.18336314847942756,True
2,8,34,60,25,0.00669,0,10,0.005,0.025,7643,0,0,0.18723014523093026,True
2,8,35,60,25,0.00669,0,10,0.005,0.025,7488,0,0,0.19110576923076922,True
2,8,36,60,25,0.00669,0,10,0.005,0.025,7349,0,0,0.1940400054429174,True
2,8,37,60,25,0.00669,0,10,0.005,0.025,7204,0,0,0.19877845641310382,True
2,8,38,60,25,0.00669,0,10,0.005,0.025,7097,0,0,0.20233901648583907,True
2,8,39,60,25,0.00669,0,10,0.005,0.025,6995,0,0,0.2045746962115797,True
2,8,40,60,25,0.00669,0,10,0.005,0.025,6897,0,0,0.2066115702479339,True
2,8,41,60,25,0.00669,0,10,0.005,0.025,7301,0,0,0.23654293932338036,True
2,8,42,60,25,0.00669,0,10,0.005,0.025,7246,0,0,0.24109853712393045,True
2,8,43,60,25,0.00669,0,10,0.005,0.025,7208,0,0,0.245976692563818,True
2,8,44,60,25,0.00669,0,10,0.005,0.025,7138,0,0,0.24740823760156908,True
2,8,45,60,25,0.00669,0,10,0.005,0.025,7087,0,0,0.25074079300126995,True
2,8,46,60,25,0.00669,0,10,0.005,0.025,6753,0,0,0.2373759810454613,True
2,8,47,60,25,0.00669,0,10,0.005,0.025,6646,0,0,0.23773698465242252,True
2,8,48,60,25,0.00669,0,10,0.005,0.025,6561,0,0,0.2385307117817406,True
2,8,49,60,25,0.00669,0,10,0.005,0.025,6455,0,0,0.2399690162664601,True
2,8,50,60,25,0.00669,0,10,0.005,0.025,6365,0,0,0.24304791830322073,True
2,8,51,60,25,0.00669,0,10,0.005,0.025,6275,0,0,0.24573705179282868,True
2,8,52,60,25,0.00669,0,10,0.005,0.025,6194,0,0,0.2486277042298999,True
2,9,1,60,25,0.00669,0,10,0.005,0.025,6104,0,0,0.252129750982962,True
2,9,2,60,25,0.00669,0,10,0.005,0.025,6024,0,0,0.2554780876494024,True
2,9,3,60,25,0.00669,0,10,0.005,0.025,5943,0,0,0.25811879522126874,True
2,9,4,60,25,0.00669,0,10,0.005,0.025,5858,0,0,0.2610105838170024,True
2,9,5,60,25,0.00669,0,10,0.005,0.025,5794,0,0,0.2619951674145668,True
2,9,6,60,25,0.00669,0,10,0.005,0.025,5726,0,0,0.2635347537548027,True
2,9,7,60,25,0.00669,0,10,0.005,0.025,5664,0,0,0.2664194915254237,True
2,9,8,60,25,0.00669,0,10,0.005,0.025,5578,0,0,0.2689135891000359,True
2,9,9,60,25,0.00669,0,10,0.005,0.025,5511,0,0,0.2721829069134458,True
2,9,10,60,25,0.00669,0,10,0.005,0.025,5452,0,0,0.27329420396184884,True
2,9,11,60,25,0.00669,0,10,0.005,0.025,5386,0,0,0.2747864834756777,True
2,9,12,60,25,0.00669,0,10,0.005,0.025,5329,0,0,0.2769750422218052,True
2,9,13,60,25,0.00669,0,10,0.005,0.025,5276,0,0,0.2799469294920394,True
2,9,14,60,25,0.00669,0,10,0.005,0.025,5209,0,0,0.283163755039355,True
2,9,15,60,25,0.00669,0,10,0.005,0.025,5158,0,0,0.2863512989530826,True
2,9,16,60,25,0.00669,0,10,0.005,0.025,5103,0,0,0.2900254752106604,True
2,9,17,60,25,0.00669,0,10,0.005,0.025,5042,0,0,0.29432764775882586,True
2,9,18,60,25,0.00669,0,10,0.005,0.025,10793,0,0,0.12767534513110348,True
2,9,19,60,25,0.00669,0,10,0.005,0.025,10574,0,0,0.1312653678834878,True
2,9,20,60,25,0.00669,0,10,0.005,0.025,10369,0,0,0.13463207638152183,True
2,9,21,60,25,0.00669,0,10,0.005,0.025,10160,0,0,0.1388779527559055,True
2,9,22,60,25,0.00669,0,10,0.005,0.025,10002,0,0,0.14227154569086184,True
2,9,23,60,25,0.00669,0,10,0.005,0.025,9812,0,0,0.14482266612311456,True
2,9,24,60,25,0.00669,0,10,0.005,0.025,9613,0,0,0.14782065952356185,True
2,9,25,60,25,0.00669,0,10,0.005,0.025,9411,0,0,0.1507810009563277,True
2,9,26,60,25,0.00669,0,10,0.005,0.025,9186,0,0,0.15392989331591553,True
2,9,27,60,25,0.00669,0,10,0.005,0.025,8998,0,0,0.1570348966436986,True
2,9,28,60,25,0.00669,0,10,0.005,0.025,8813,0,0,0.159990922500851,True
2,9,29,60,25,0.00669,0,10,0.005,0.025,8625,0,0,0.16382608695652173,True
2,9,30,60,25,0.00669,0,10,0.005,0.025,8460,0,0,0.16796690307328604,True
2,9,31,60,25,0.00669,0,10,0.005,0.025,8297,0,0,0.17102567192961313,True
2,9,32,60,25,0.00669,0,10,0.005,0.025,8148,0,0,0.17525773195876287,True
2,9,33,60,25,0.00669,0,10,0.005,0.025,7968,0,0,0.1778363453815261,True
2,9,34,60,25,0.00669,0,10,0.005,0.025,7795,0,0,0.1807568954457986,True
2,9,35,60,25,0.00669,0,10,0.005,0.025,7651,0,0,0.18415893347274867,True
2,9,36,60,25,0.00669,0,10,0.005,0.025,7507,0,0,0.18809111495937125,True
2,9,37,60,25,0.00669,0,10,0.005,0.025,7360,0,0,0.1921195652173913,True
2,9,38,60,25,0.00669,0,10,0.005,0.025,7250,0,0,0.1946206896551724,True
2,9,39,60,25,0.00669,0,10,0.005,0.025,7162,0,0,0.19840826584752863,True
2,9,40,60,25,0.00669,0,10,0.005,0.025,7052,0,0,0.19994327850255247,True
2,9,41,60,25,0.00669,0,10,0.005,0.025,7472,0,0,0.23099571734475374,True
2,9,42,60,25,0.00669,0,10,0.005,0.025,7427,0,0,0.23320317759526055,True
2,9,43,60,25,0.00669,0,10,0.005,0.025,7353,0,0,0.23419012647898818,True
2,9,44,60,25,0.00669,0,10,0.005,0.025,7262,0,0,0.23588543101074083,True
2,9,45,60,25,0.00669,0,10,0.005,0.025,7228,0,0,0.2400387382401771,True
2,9,46,60,25,0.00669,0,10,0.005,0.025,6925,0,0,0.22945848375451264,True
2,9,47,60,25,0.00669,0,10,0.005,0.025,6776,0,0,0.22933884297520662,True
2,9,48,60,25,0.00669,0,10,0.005,0.025,6673,0,0,0.23138018882062042,True
2,9,49,60,25,0.00669,0,10,0.005,0.025,6587,0,0,0.23257932290875968,True
2,9,50,60,25,0.00669,0,10,0.005,0.025,6511,0,0,0.23391184149900168,True
2,9,51,60,25,0.00669,0,10,0.005,0.025,6418,0,0,0.2374571517606731,True
2,9,52,60,25,0.00669,0,10,0.005,0.025,6322,0,0,0.23789939892439102,True
2,10,1,60,25,0.00669,0,10,0.005,0.025,6233,0,0,0.2395315257500401,True
2,10,2,60,25,0.00669,0,10,0.005,0.025,6143,0,0,0.2414129903955722,True
2,10,3,60,25,0.00669,0,10,0.005,0.025,6066,0,0,0.2443125618199802,True
2,10,4,60,25,0.00669,0,10,0.005,0.025,5991,0,0,0.24653647137372725,True
2,10,5,60,25,0.00669,0,10,0.005,0.025,5913,0,0,0.24759005580923388,True
2,10,6,60,25,0.00669,0,10,0.005,0.025,5838,0,0,0.2516272696128811,True
2,10,7,60,25,0.00669,0,10,0.005,0.025,5749,0,0,0.25465298312750045,True
2,10,8,60,25,0.00669,0,10,0.005,0.025,5674,0,0,0.2571378216425802,True
2,10,9,60,25,0.00669,0,10,0.005,0.025,5608,0,0,0.25909415121255347,True
2,10,10,60,25,0.00669,0,10,0.005,0.025,5544,0,0,0.2615440115440115,True
2,10,11,60,25,0.00669,0,10,0.005,0.025,5497,0,0,0.26523558304529743,True
2,10,12,60,25,0.00669,0,10,0.005,0.025,5432,0,0,0.26877761413843887,True
2,10,13,60,25,0.00669,0,10,0.005,0.025,5378,0,0,0.27240609892153217,True
2,10,14,60,25,0.00669,0,10,0.005,0.025,5312,0,0,0.2761671686746988,True
2,10,15,60,25,0.00669,0,10,0.005,0.025,5244,0,0,0.27936689549961863,True
2,10,16,60,25,0.00669,0,10,0.005,0.025,5153,0,0,0.2815835435668543,True
2,10,17,60,25,0.00669,0,10,0.005,0.025,5086,0,0,0.2864726700747149,True
2,10,18,60,25,0.00669,0,10,0.005,0.025,11149,0,0,0.12359852901605525,True
2,10,19,60,25,0.00669,0,10,0.005,0.025,10966,0,0,0.12730257158489877,True
2,10,20,60,25,0.00669,0,10,0.005,0.025,10730,0,0,0.13028890959925443,True
2,10,21,60,25,0.00669,0,10,0.005,0.025,10509,0,0,0.13369492815681797,True
2,10,22,60,25,0.00669,0,10,0.005,0.025,10269,0,0,0.13701431492842536,True
2,10,23,60,25,0.00669,0,10,0.005,0.025,10026,0,0,0.14083383203670458,True
2,10,24,60,25,0.00669,0,10,0.005,0.025,9814,0,0,0.1445893621357245,True
2,10,25,60,25,0.00669,0,10,0.005,0.025,9604,0,0,0.14868804664723032,True
2,10,26,60,25,0.00669,0,10,0.005,0.025,9401,0,0,0.15232422082757152,True
2,10,27,60,25,0.00669,0,10,0.005,0.025,9175,0,0,0.15727520435967302,True
2,10,28,60,25,0.00669,0,10,0.005,0.025,9009,0,0,0.16106116106116106,True
2,10,29,60,25,0.00669,0,10,0.005,0.025,8785,0,0,0.1644849174729653,True
2,10,30,60,25,0.00669,0,10,0.005,0.025,8630,0,0,0.16732329084588643,True
2,10,31,60,25,0.00669,0,10,0.005,0.025,8423,0,0,0.17155407811943488,True
2,10,32,60,25,0.00669,0,10,0.005,0.025,8268,0,0,0.17464925012094823,True
2,10,33,60,25,0.00669,0,10,0.005,0.025,8098,0,0,0.1780686589281304,True
2,10,34,60,25,0.00669,0,10,0.005,0.025,7936,0,0,0.18044354838709678,True
2,10,35,60,25,0.00669,0,10,0.005,0.025,7759,0,0,0.18481763113803326,True
2,10,36,60,25,0.00669,0,10,0.005,0.025,7620,0,0,0.1889763779527559,True
2,10,37,60,25,0.00669,0,10,0.005,0.025,7439,0,0,0.1926334184702245,True
2,10,38,60,25,0.00669,0,10,0.005,0.025,7338,0,0,0.19528481875170345,True
2,10,39,60,25,0.00669,0,10,0.005,0.025,7218,0,0,0.19880853422000555,True
2,10,40,60,25,0.00669,0,10,0.005,0.025,7120,0,0,0.200561797752809,True
2,10,41,60,25,0.00669,0,10,0.005,0.025,7572,0,0,0.235472794506075,True
2,10,42,60,25,0.00669,0,10,0.005,0.025,7589,0,0,0.2429832652523389,True
2,10,43,60,25,0.00669,0,10,0.005,0.025,7518,0,0,0.24434690077148177,True
2,10,44,60,25,0.00669,0,10,0.005,0.025,7429,0,0,0.24337057477453225,True
2,10,45,60,25,0.00669,0,10,0.005,0.025,7367,0,0,0.2488122709379666,True
2,10,46,60,25,0.00669,0,10,0.005,0.025,7001,0,0,0.23468075989144407,True
2,10,47,60,25,0.00669,0,10,0.005,0.025,6901,0,0,0.2348934936965657,True
2,10,48,60,25,0.00669,0,10,0.005,0.025,6792,0,0,0.23851590106007067,True
2,10,49,60,25,0.00669,0,10,0.005,0.025,6696,0,0,0.24074074074074073,True
2,10,50,60,25,0.00669,0,10,0.005,0.025,6601,0,0,0.24284199363732767,True
2,10,51,60,25,0.00669,0,10,0.005,0.025,6502,0,0,0.24500153798831129,True
2,10,52,60,25,0.00669,0,10,0.005,0.025,6438,0,0,0.24697110904007455,True
2,11,1,60,25,0.00669,0,10,0.005,0.025,6365,0,0,0.24854673998428908,True
2,11,2,60,25,0.00669,0,10,0.005,0.025,6286,0,0,0.250238625517022,True
2,11,3,60,25,0.00669,0,10,0.005,0.025,6181,0,0,0.25190098689532436,True
2,11,4,60,25,0.00669,0,10,0.005,0.025,6098,0,0,0.2538537225319777,True
2,11,5,60,25,0.00669,0,10,0.005,0.025,6034,0,0,0.25654623798475307,True
2,11,6,60,25,0.00669,0,10,0.005,0.025,5956,0,0,0.25822699798522497,True
2,11,7,60,25,0.00669,0,10,0.005,0.025,5874,0,0,0.26149131767109296,True
2,11,8,60,25,0.00669,0,10,0.005,0.025,5798,0,0,0.26388409796481543,True
2,11,9,60,25,0.00669,0,10,0.005,0.025,5742,0,0,0.26489028213166144,True
2,11,10,60,25,0.00669,0,10,0.005,0.025,5685,0,0,0.2673702726473175,True
2,11,11,60,25,0.00669,0,10,0.005,0.025,5625,0,0,0.26844444444444443,True
2,11,12,60,25,0.00669,0,10,0.005,0.025,5562,0,0,0.27094570298453796,True
2,11,13,60,25,0.00669,0,10,0.005,0.025,5493,0,0,0.2736209721463681,True
2,11,14,60,25,0.00669,0,10,0.005,0.025,5422,0,0,0.2762818148284766,True
2,11,15,60,25,0.00669,0,10,0.005,0.025,5360,0,0,0.27817164179104475,True
2,11,16,60,25,0.00669,0,10,0.005,0.025,5308,0,0,0.2807083647324793,True
2,11,17,60,25,0.00669,0,10,0.005,0.025,5243,0,0,0.2824718672515735,True
2,11,18,60,25,0.00669,0,10,0.005,0.025,10992,0,0,0.12490902474526928,True
2,11,19,60,25,0.00669,0,10,0.005,0.025,10805,0,0,0.12873669597408607,True
2,11,20,60,25,0.00669,0,10,0.005,0.025,10605,0,0,0.13116454502593117,True
2,11,21,60,25,0.00669,0,10,0.005,0.025,10392,0,0,0.13433410315627406,True
2,11,22,60,25,0.00669,0,10,0.005,0.025,10216,0,0,0.1379209083790133,True
2,11,23,60,25,0.00669,0,10,0.005,0.025,10006,0,0,0.14161503098141115,True
2,11,24,60,25,0.00669,0,10,0.005,0.025,9804,0,0,0.14545083639330886,True
2,11,25,60,25,0.00669,0,10,0.005,0.025,9597,0,0,0.14931749505053662,True
2,11,26,60,25,0.00669,0,10,0.005,0.025,9355,0,0,0.15243185462319614,True
2,11,27,60,25,0.00669,0,10,0.005,0.025,9177,0,0,0.15626021575678326,True
2,11,28,60,25,0.00669,0,10,0.005,0.025,8993,0,0,0.1595685533192483,True
2,11,29,60,25,0.00669,0,10,0.005,0.025,8817,0,0,0.16264035386185777,True
2,11,30,60,25,0.00669,0,10,0.005,0.025,8623,0,0,0.16699524527426649,True
2,11,31,60,25,0.00669,0,10,0.005,0.025,8406,0,0,0.17047347133000237,True
2,11,32,60,25,0.00669,0,10,0.005,0.025,8243,0,0,0.17469367948562417,True
2,11,33,60,25,0.00669,0,10,0.005,0.025,8072,0,0,0.17913776015857286,True
2,11,34,60,25,0.00669,0,10,0.005,0.025,7929,0,0,0.18325135578257032,True
2,11,35,60,25,0.00669,0,10,0.005,0.025,7747,0,0,0.18613656899444947,True
2,11,36,60,25,0.00669,0,10,0.005,0.025,7614,0,0,0.18951930654058313,True
2,11,37,60,25,0.00669,0,10,0.005,0.025,7495,0,0,0.19172781854569712,True
2,11,38,60,25,0.00669,0,10,0.005,0.025,7396,0,0,0.1929421308815576,True
2,11,39,60,25,0.00669,0,10,0.005,0.025,7293,0,0,0.1958041958041958,True
2,11,40,60,25,0.00669,0,10,0.005,0.025,7184,0,0,0.1991926503340757,True
2,11,41,60,25,0.00669,0,10,0.005,0.025,7664,0,0,0.2309498956158664,True
2,11,42,60,25,0.00669,0,10,0.005,0.025,7589,0,0,0.23481354592172882,True
2,11,43,60,25,0.00669,0,10,0.005,0.025,7542,0,0,0.23932643861044817,True
2,11,44,60,25,0.00669,0,10,0.005,0.025,7411,0,0,0.24099311833760625,True
2,11,45,60,25,0.00669,0,10,0.005,0.025,7381,0,0,0.2445468093754234,True
2,11,46,60,25,0.00669,0,10,0.005,0.025,7025,0,0,0.23274021352313168,True
2,11,47,60,25,0.00669,0,10,0.005,0.025,6915,0,0,0.23181489515545914,True
2,11,48,60,25,0.00669,0,10,0.005,0.025,6819,0,0,0.23375861563279074,True
2,11,49,60,25,0.00669,0,10,0.005,0.025,6751,0,0,0.23522441119834098,True
2,11,50,60,25,0.00669,0,10,0.005,0.025,6697,0,0,0.2377183813647902,True
2,11,51,60,25,0.00669,0,10,0.005,0.025,6608,0,0,0.23955811138014527,True
2,11,52,60,25,0.00669,0,10,0.005,0.025,6523,0,0,0.2409934079411314,True
2,1,1,60,25,0.0126,0,10,0.005,0.025,5592,0,0,0.002682403433476395,True
2,1,2,60,25,0.0126,0,10,0.005,0.025,5531,0,0,0.0034351835111191466,True
2,1,3,60,25,0.0126,0,10,0.005,0.025,5451,0,0,0.005320124747752706,True
2,1,4,60,25,0.0126,0,10,0.005,0.025,5408,0,0,0.007766272189349112,True
2,1,5,60,25,0.0126,0,10,0.005,0.025,5361,0,0,0.008953553441522105,True
2,1,6,60,25,0.0126,0,10,0.005,0.025,5310,0,0,0.010357815442561206,True
2,1,7,60,25,0.0126,0,10,0.005,0.025,5259,0,0,0.01159916333903784,True
2,1,8,60,25,0.0126,0,10,0.005,0.025,5196,0,0,0.012509622786759045,True
2,1,9,60,25,0.0126,0,10,0.005,0.025,5158,0,0,0.015122140364482357,True
2,1,10,60,25,0.0126,0,10,0.005,0.025,5117,0,0,0.017588430721125658,True
2,1,11,60,25,0.0126,0,10,0.005,0.025,5068,0,0,0.019139700078926597,True
2,1,12,60,25,0.0126,0,10,0.005,0.025,5032,0,0,0.02106518282988871,True
2,1,13,60,25,0.0126,0,10,0.005,0.025,4994,0,0,0.023227873448137766,True
2,1,14,60,25,0.0126,0,10,0.005,0.025,4955,0,0,0.024419778002018163,True
2,1,15,60,25,0.0126,0,10,0.005,0.025,4912,0,0,0.025651465798045604,True
2,1,16,60,25,0.0126,0,10,0.005,0.025,4873,0,0,0.028319310486353375,True
2,1,17,60,25,0.0126,0,10,0.005,0.025,4824,0,0,0.03005804311774461,True
2,1,18,60,25,0.0126,0,10,0.005,0.025,14012,0,0,0.012275192691978304,True
2,1,19,60,25,0.0126,0,10,0.005,0.025,13725,0,0,0.013989071038251366,True
2,1,20,60,25,0.0126,0,10,0.005,0.025,13450,0,0,0.015687732342007436,True
2,1,21,60,25,0.0126,0,10,0.005,0.025,13125,0,0,0.017752380952380954,True
2,1,22,60,25,0.0126,0,10,0.005,0.025,12875,0,0,0.019883495145631067,True
2,1,23,60,25,0.0126,0,10,0.005,0.025,12539,0,0,0.02097455937475078,True
2,1,24,60,25,0.0126,0,10,0.005,0.025,12259,0,0,0.023166653071212986,True
2,1,25,60,25,0.0126,0,10,0.005,0.025,12009,0,0,0.025813972853693065,True
2,1,26,60,25,0.0126,0,10,0.005,0.025,11716,0,0,0.028508023216114713,True
2,1,27,60,25,0.0126,0,10,0.005,0.025,11440,0,0,0.02998251748251748,True
2,1,28,60,25,0.0126,0,10,0.005,0.025,11154,0,0,0.03263403263403263,True
2,1,29,60,25,0.0126,0,10,0.005,0.025,10858,0,0,0.03426045312212194,True
2,1,30,60,25,0.0126,0,10,0.005,0.025,10590,0,0,0.03578847969782814,True
2,1,31,60,25,0.0126,0,10,0.005,0.025,10388,0,0,0.036965729688101655,True
2,1,32,60,25,0.0126,0,10,0.005,0.025,10121,0,0,0.038533741725125976,True
2,1,33,60,25,0.0126,0,10,0.005,0.025,9883,0,0,0.041283011231407464,True
2,1,34,60,25,0.0126,0,10,0.005,0.025,9668,0,0,0.0430285477865122,True
2,1,35,60,25,0.0126,0,10,0.005,0.025,9459,0,0,0.044613595517496565,True
2,1,36,60,25,0.0126,0,10,0.005,0.025,9212,0,0,0.04732957012592271,True
2,1,37,60,25,0.0126,0,10,0.005,0.025,9015,0,0,0.04914032168607876,True
2,1,38,60,25,0.0126,0,10,0.005,0.025,8873,0,0,0.051617265862729626,True
2,1,39,60,25,0.0126,0,10,0.005,0.025,8706,0,0,0.052837123822651044,True
2,1,40,60,25,0.0126,0,10,0.005,0.025,8548,0,0,0.0554515676181563,True
2,1,41,60,25,0.0126,0,10,0.005,0.025,8545,0,0,0.06834406085430077,True
2,1,42,60,25,0.0126,0,10,0.005,0.025,8420,0,0,0.07197149643705464,True
2,1,43,60,25,0.0126,0,10,0.005,0.025,8357,0,0,0.077300466674644,True
2,1,44,60,25,0.0126,0,10,0.005,0.025,8280,0,0,0.08031400966183574,True
2,1,45,60,25,0.0126,0,10,0.005,0.025,8211,0,0,0.082450371452929,True
2,1,46,60,25,0.0126,0,10,0.005,0.025,8067,0,0,0.07883971736705095,True
2,1,47,60,25,0.0126,0,10,0.005,0.025,8030,0,0,0.07833125778331258,True
2,1,48,60,25,0.0126,0,10,0.005,0.025,7986,0,0,0.08026546456298522,True
2,1,49,60,25,0.0126,0,10,0.005,0.025,7887,0,0,0.08266768099404083,True
2,1,50,60,25,0.0126,0,10,0.005,0.025,7759,0,0,0.08274262147183915,True
2,1,51,60,25,0.0126,0,10,0.005,0.025,7631,0,0,0.08426156467042327,True
2,1,52,60,25,0.0126,0,10,0.005,0.025,7528,0,0,0.08621147715196599,True
2,2,1,60,25,0.0126,0,10,0.005,0.025,7439,8,0,0.08831832235515526,False
2,2,2,60,25,0.0126,0,10,0.005,0.025,7288,8,0,0.0895993413830955,False
2,2,3,60,25,0.0126,0,10,0.005,0.025,7172,7,2,0.09230340211935303,False
2,2,4,60,25,0.0126,0,10,0.005,0.025,7066,12,4,0.09411265213699406,False
2,2,5,60,25,0.0126,0,10,0.005,0.025,6955,15,4,0.09690869877785765,False
2,2,6,60,25,0.0126,0,10,0.005,0.025,6859,13,7,0.0981192593672547,False
2,2,7,60,25,0.0126,0,10,0.005,0.025,6748,18,7,0.10032602252519265,False
2,2,8,60,25,0.0126,0,10,0.005,0.025,6633,18,4,0.10342228252676014,False
2,2,9,60,25,0.0126,0,10,0.005,0.025,6510,21,7,0.1032258064516129,False
2,2,10,60,25,0.0126,0,10,0.005,0.025,6404,23,9,0.10524672079950032,False
2,2,11,60,25,0.0126,0,10,0.005,0.025,6306,26,6,0.1065651760228354,False
2,2,12,60,25,0.0126,0,10,0.005,0.025,6198,23,12,0.11035818005808325,False
2,2,13,60,25,0.0126,0,10,0.005,0.025,6114,24,15,0.11122015047432122,False
2,2,14,60,25,0.0126,0,10,0.005,0.025,6000,19,7,0.11366666666666667,False
2,2,15,60,25,0.0126,0,10,0.005,0.025,5908,15,2,0.11543669600541638,False
2,2,16,60,25,0.0126,0,10,0.005,0.025,5806,13,5,0.11815363417154667,False
2,2,17,60,25,0.0126,0,10,0.005,0.025,5713,19,10,0.11815158410642394,False
2,2,18,60,25,0.0126,0,10,0.005,0.025,11548,15,7,0.05888465535157603,False
2,2,19,60,25,0.0126,0,10,0.005,0.025,11299,21,5,0.06124435790777945,False
2,2,20,60,25,0.0126,0,10,0.005,0.025,11028,31,6,0.063746826260428,False
2,2,21,60,25,0.0126,0,10,0.005,0.025,10780,37,9,0.0663265306122449,False
2,2,22,60,25,0.0126,0,10,0.005,0.025,10515,40,13,0.06875891583452211,False
2,2,23,60,25,0.0126,0,10,0.005,0.025,10281,53,19,0.07197743410174108,False
2,2,24,60,25,0.0126,0,10,0.005,0.025,10021,51,23,0.07414429697634967,False
2,2,25,60,25,0.0126,0,10,0.005,0.025,9793,50,22,0.07770856734402123,False
2,2,26,60,25,0.0126,0,10,0.005,0.025,9564,49,19,0.08061480552070263,False
2,2,27,60,25,0.0126,0,10,0.005,0.025,9374,45,15,0.08320887561339876,False
2,2,28,60,25,0.0126,0,10,0.005,0.025,9137,41,15,0.08514829812848856,False
2,2,29,60,25,0.0126,0,10,0.005,0.025,8921,42,18,0.08754623921085081,False
2,2,30,60,25,0.0126,0,10,0.005,0.025,8731,39,12,0.09036765548047188,False
2,2,31,60,25,0.0126,0,10,0.005,0.025,8523,31,12,0.09210371934764754,False
2,2,32,60,25,0.0126,0,10,0.005,0.025,8418,33,12,0.09396531242575433,False
2,2,33,60,25,0.0126,0,10,0.005,0.025,8217,32,8,0.09723743458683218,False
2,2,34,60,25,0.0126,0,10,0.005,0.025,8022,35,12,0.09972575417601595,False
2,2,35,60,25,0.0126,0,10,0.005,0.025,7834,37,17,0.101225427623181,False
2,2,36,60,25,0.0126,0,10,0.005,0.025,7662,34,14,0.1033672670321065,False
2,2,37,60,25,0.0126,0,10,0.005,0.025,7471,33,14,0.10574220318565118,False
2,2,38,60,25,0.0126,0,10,0.005,0.025,7361,36,15,0.10705067246298057,False
2,2,39,60,25,0.0126,0,10,0.005,0.025,7240,32,17,0.10911602209944751,False
2,2,40,60,25,0.0126,0,10,0.005,0.025,7125,31,13,0.11157894736842106,False
2,2,41,60,25,0.0126,0,10,0.005,0.025,7273,31,7,0.13488244190842844,False
2,2,42,60,25,0.0126,0,10,0.005,0.025,7125,33,9,0.13866666666666666,False
2,2,43,60,25,0.0126,0,10,0.005,0.025,7076,37,14,0.142736009044658,False
2,2,44,60,25,0.0126,0,10,0.005,0.025,6988,38,15,0.14324556382369777,False
2,2,45,60,25,0.0126,0,10,0.005,0.025,6948,35,13,0.1489637305699482,False
2,2,46,60,25,0.0126,0,10,0.005,0.025,6780,37,20,0.13997050147492626,False
2,2,47,60,25,0.0126,0,10,0.005,0.025,6781,44,17,0.14348916089072408,False
2,2,48,60,25,0.0126,0,10,0.005,0.025,6723,38,11,0.14561951509742674,False
2,2,49,60,25,0.0126,0,10,0.005,0.025,6682,34,13,0.14860820113738402,False
2,2,50,60,25,0.0126,0,10,0.005,0.025,6599,43,9,0.1501742688286104,False
2,2,51,60,25,0.0126,0,10,0.005,0.025,6555,41,13,0.15469107551487415,False
2,2,52,60,25,0.0126,0,10,0.005,0.025,6496,54,17,0.15578817733990147,False
2,3,1,60,25,0.0126,0,10,0.005,0.025,6441,54,18,0.16099984474460488,False
2,3,2,60,25,0.0126,0,10,0.005,0.025,6387,55,23,0.16345702207609206,False
2,3,3,60,25,0.0126,0,10,0.005,0.025,6323,53,25,0.16732563656492172,False
2,3,4,60,25,0.0126,0,10,0.005,0.025,6207,61,26,0.17174158208474302,False
2,3,5,60,25,0.0126,0,10,0.005,0.025,6119,54,20,0.1733943454812878,False
2,3,6,60,25,0.0126,0,10,0.005,0.025,6035,48,16,0.175973487986744,False
2,3,7,60,25,0.0126,0,10,0.005,0.025,5958,45,18,0.17841557569654246,False
2,3,8,60,25,0.0126,0,10,0.005,0.025,5859,45,20,0.1793821471240826,False
2,3,9,60,25,0.0126,0,10,0.005,0.025,5785,46,22,0.1797752808988764,False
2,3,10,60,25,0.0126,0,10,0.005,0.025,5700,47,16,0.18228070175438596,False
2,3,11,60,25,0.0126,0,10,0.005,0.025,5627,39,14,0.18535631775368758,False
2,3,12,60,25,0.0126,0,10,0.005,0.025,5567,44,17,0.18771331058020477,False
2,3,13,60,25,0.0126,0,10,0.005,0.025,5488,39,18,0.19041545189504372,False
2,3,14,60,25,0.0126,0,10,0.005,0.025,5392,36,15,0.1925074183976261,False
2,3,15,60,25,0.0126,0,10,0.005,0.025,5321,26,10,0.1977071978951325,False
2,3,16,60,25,0.0126,0,10,0.005,0.025,5233,27,11,0.20084081788648958,False
2,3,17,60,25,0.0126,0,10,0.005,0.025,5172,28,9,0.2039829853054911,False
2,3,18,60,25,0.0126,0,10,0.005,0.025,12017,32,13,0.08887409503203794,False
2,3,19,60,25,0.0126,0,10,0.005,0.025,11767,40,14,0.09161213563355146,False
2,3,20,60,25,0.0126,0,10,0.005,0.025,11458,40,13,0.0947809390818642,False
2,3,21,60,25,0.0126,0,10,0.005,0.025,11142,45,14,0.09836654101597558,False
2,3,22,60,25,0.0126,0,10,0.005,0.025,10868,54,16,0.10250276039749724,False
2,3,23,60,25,0.0126,0,10,0.005,0.025,10589,56,19,0.10605345169515534,False
2,3,24,60,25,0.0126,0,10,0.005,0.025,10345,58,19,0.1109714838086032,False
2,3,25,60,25,0.0126,0,10,0.005,0.025,10102,55,18,0.11403682439120966,False
2,3,26,60,25,0.0126,0,10,0.005,0.025,9852,53,19,0.11753958587088915,False
2,3,27,60,25,0.0126,0,10,0.005,0.025,9646,51,21,0.12087912087912088,False
2,3,28,60,25,0.0126,0,10,0.005,0.025,9367,50,17,0.1238390092879257,False
2,3,29,60,25,0.0126,0,10,0.005,0.025,9138,47,19,0.1274896038520464,False
2,3,30,60,25,0.0126,0,10,0.005,0.025,8906,48,19,0.12912643161913318,False
2,3,31,60,25,0.0126,0,10,0.005,0.025,8650,40,22,0.13167630057803467,False
2,3,32,60,25,0.0126,0,10,0.005,0.025,8466,42,16,0.134892511221356,False
2,3,33,60,25,0.0126,0,10,0.005,0.025,8267,34,9,0.13947018265392525,False
2,3,34,60,25,0.0126,0,10,0.005,0.025,8042,36,15,0.14312360109425515,False
2,3,35,60,25,0.0126,0,10,0.005,0.025,7885,32,12,0.14635383639822447,False
2,3,36,60,25,0.0126,0,10,0.005,0.025,7715,28,10,0.1506156837329877,False
2,3,37,60,25,0.0126,0,10,0.005,0.025,7557,27,11,0.1540293767368003,False
2,3,38,60,25,0.0126,0,10,0.005,0.025,7444,30,11,0.15609887157442234,False
2,3,39,60,25,0.0126,0,10,0.005,0.025,7324,26,10,0.1586564718732933,False
2,3,40,60,25,0.0126,0,10,0.005,0.025,7200,27,13,0.1609722222222222,False
2,3,41,60,25,0.0126,0,10,0.005,0.025,7303,27,12,0.1834862385321101,False
2,3,42,60,25,0.0126,0,10,0.005,0.025,7188,24,11,0.18614357262103506,False
2,3,43,60,25,0.0126,0,10,0.005,0.025,7112,26,11,0.19263217097862767,False
2,3,44,60,25,0.0126,0,10,0.005,0.025,7019,19,10,0.19276250178088047,False
2,3,45,60,25,0.0126,0,10,0.005,0.025,6914,18,12,0.1929418571015331,False
2,3,46,60,25,0.0126,0,10,0.005,0.025,6721,23,9,0.18762088974854932,False
2,3,47,60,25,0.0126,0,10,0.005,0.025,6672,16,6,0.18794964028776978,False
2,3,48,60,25,0.0126,0,10,0.005,0.025,6647,18,5,0.19001053106664662,False
2,3,49,60,25,0.0126,0,10,0.005,0.025,6576,15,3,0.19099756690997566,False
2,3,50,60,25,0.0126,0,10,0.005,0.025,6533,20,6,0.19225470687279964,False
2,3,51,60,25,0.0126,0,10,0.005,0.025,6473,25,12,0.19542715896802101,False
2,3,52,60,25,0.0126,0,10,0.005,0.025,6412,31,12,0.1974422956955708,False
2,4,1,60,25,0.0126,0,10,0.005,0.025,6330,25,11,0.19968404423380726,False
2,4,2,60,25,0.0126,0,10,0.005,0.025,6245,27,11,0.20176140912730184,False
2,4,3,60,25,0.0126,0,10,0.005,0.025,6162,26,12,0.2044790652385589,False
2,4,4,60,25,0.0126,0,10,0.005,0.025,6076,25,11,0.20457537853851218,False
2,4,5,60,25,0.0126,0,10,0.005,0.025,5987,18,9,0.20577918824118924,False
2,4,6,60,25,0.0126,0,10,0.005,0.025,5903,17,10,0.2070133830255802,False
2,4,7,60,25,0.0126,0,10,0.005,0.025,5829,14,8,0.21152856407617088,False
2,4,8,60,25,0.0126,0,10,0.005,0.025,5752,16,5,0.21244784422809457,False
2,4,9,60,25,0.0126,0,10,0.005,0.025,5674,17,7,0.2150158618258724,False
2,4,10,60,25,0.0126,0,10,0.005,0.025,5606,21,8,0.21673207277916517,False
2,4,11,60,25,0.0126,0,10,0.005,0.025,5520,23,5,0.22028985507246376,False
2,4,12,60,25,0.0126,0,10,0.005,0.025,5457,25,7,0.2230163093274693,False
2,4,13,60,25,0.0126,0,10,0.005,0.025,5388,24,10,0.2256867112100965,False
2,4,14,60,25,0.0126,0,10,0.005,0.025,5307,22,10,0.22875447522140568,False
2,4,15,60,25,0.0126,0,10,0.005,0.025,5247,17,7,0.22984562607204118,False
2,4,16,60,25,0.0126,0,10,0.005,0.025,5188,17,7,0.23265227447956824,False
2,4,17,60,25,0.0126,0,10,0.005,0.025,5123,13,4,0.2348233456958813,False
2,4,18,60,25,0.0126,0,10,0.005,0.025,11426,13,6,0.10651146507964292,False
2,4,19,60,25,0.0126,0,10,0.005,0.025,11182,20,5,0.10838848148810588,False
2,4,20,60,25,0.0126,0,10,0.005,0.025,10910,21,6,0.11182401466544455,False
2,4,21,60,25,0.0126,0,10,0.005,0.025,10642,25,7,0.11454613794399549,False
2,4,22,60,25,0.0126,0,10,0.005,0.025,10319,31,7,0.11871305359046419,False
2,4,23,60,25,0.0126,0,10,0.005,0.025,10081,41,9,0.12131732962999703,False
2,4,24,60,25,0.0126,0,10,0.005,0.025,9882,42,15,0.12426634284557782,False
2,4,25,60,25,0.0126,0,10,0.005,0.025,9657,44,15,0.12716164440302372,False
2,4,26,60,25,0.0126,0,10,0.005,0.025,9432,40,14,0.13072519083969467,False
2,4,27,60,25,0.0126,0,10,0.005,0.025,9204,39,20,0.13352890047805302,False
2,4,28,60,25,0.0126,0,10,0.005,0.025,8942,36,23,0.13766495191232386,False
2,4,29,60,25,0.0126,0,10,0.005,0.025,8726,27,14,0.14015585606234243,False
2,4,30,60,25,0.0126,0,10,0.005,0.025,8463,26,5,0.1445114025759187,False
2,4,31,60,25,0.0126,0,10,0.005,0.025,8264,21,9,0.1489593417231365,False
2,4,32,60,25,0.0126,0,10,0.005,0.025,8081,33,12,0.15196139091696573,False
2,4,33,60,25,0.0126,0,10,0.005,0.025,7932,31,11,0.15582450832072617,False
2,4,34,60,25,0.0126,0,10,0.005,0.025,7770,36,12,0.1592020592020592,False
2,4,35,60,25,0.0126,0,10,0.005,0.025,7617,27,13,0.16161218327425494,False
2,4,36,60,25,0.0126,0,10,0.005,0.025,7458,26,16,0.16559399302762134,False
2,4,37,60,25,0.0126,0,10,0.005,0.025,7317,24,8,0.16782834495011617,False
2,4,38,60,25,0.0126,0,10,0.005,0.025,7192,21,5,0.17032814238042268,False
2,4,39,60,25,0.0126,0,10,0.005,0.025,7091,21,9,0.1733182907911437,False
2,4,40,60,25,0.0126,0,10,0.005,0.025,6997,23,10,0.17564670573102759,False
2,4,41,60,25,0.0126,0,10,0.005,0.025,7168,21,7,0.19907924107142858,False
2,4,42,60,25,0.0126,0,10,0.005,0.025,7083,20,4,0.20358605110828745,False
2,4,43,60,25,0.0126,0,10,0.005,0.025,6980,21,7,0.20787965616045845,False
2,4,44,60,25,0.0126,0,10,0.005,0.025,6878,24,10,0.2079092759523117,False
2,4,45,60,25,0.0126,0,10,0.005,0.025,6822,20,10,0.21225447082966872,False
2,4,46,60,25,0.0126,0,10,0.005,0.025,6619,18,7,0.20350506118749057,False
2,4,47,60,25,0.0126,0,10,0.005,0.025,6590,18,5,0.20364188163884675,False
2,4,48,60,25,0.0126,0,10,0.005,0.025,6548,16,8,0.2069334147831399,False
2,4,49,60,25,0.0126,0,10,0.005,0.025,6488,15,8,0.20761405672009864,False
2,4,50,60,25,0.0126,0,10,0.005,0.025,6398,14,7,0.21037824320100032,False
2,4,51,60,25,0.0126,0,10,0.005,0.025,6320,17,7,0.2107594936708861,False
2,4,52,60,25,0.0126,0,10,0.005,0.025,6270,17,4,0.21291866028708134,False
2,5,1,60,25,0.0126,0,10,0.005,0.025,6199,14,7,0.21519599935473463,False
2,5,2,60,25,0.0126,0,10,0.005,0.025,6133,15,10,0.21816403065383988,False
2,5,3,60,25,0.0126,0,10,0.005,0.025,6060,14,6,0.22112211221122113,False
2,5,4,60,25,0.0126,0,10,0.005,0.025,5981,11,5,0.2220364487543889,False
2,5,5,60,25,0.0126,0,10,0.005,0.025,5898,15,4,0.22617836554764326,False
2,5,6,60,25,0.0126,0,10,0.005,0.025,5828,15,3,0.2282086479066575,False
2,5,7,60,25,0.0126,0,10,0.005,0.025,5754,15,6,0.22888425443169969,False
2,5,8,60,25,0.0126,0,10,0.005,0.025,5686,14,5,0.23091804431938093,False
2,5,9,60,25,0.0126,0,10,0.005,0.025,5592,15,6,0.2347997138769671,False
2,5,10,60,25,0.0126,0,10,0.005,0.025,5516,17,8,0.2374909354604786,False
2,5,11,60,25,0.0126,0,10,0.005,0.025,5445,15,6,0.24003673094582184,False
2,5,12,60,25,0.0126,0,10,0.005,0.025,5389,15,6,0.2436444609389497,False
2,5,13,60,25,0.0126,0,10,0.005,0.025,5329,11,6,0.24638768999812347,False
2,5,14,60,25,0.0126,0,10,0.005,0.025,5268,9,6,0.2488610478359909,False
2,5,15,60,25,0.0126,0,10,0.005,0.025,5209,7,3,0.25340756383182955,False
2,5,16,60,25,0.0126,0,10,0.005,0.025,5135,3,1,0.2555014605647517,False
2,5,17,60,25,0.0126,0,10,0.005,0.025,5078,3,3,0.2583694367861363,False
2,5,18,60,25,0.0126,0,10,0.005,0.025,11526,3,2,0.11417664410897102,False
2,5,19,60,25,0.0126,0,10,0.005,0.025,11305,1,0,0.11649712516585582,False
2,5,20,60,25,0.0126,0,10,0.005,0.025,11008,1,1,0.12018531976744186,False
2,5,21,60,25,0.0126,0,10,0.005,0.025,10808,5,1,0.12305699481865284,False
2,5,22,60,25,0.0126,0,10,0.005,0.025,10506,4,0,0.1283076337331049,False
2,5,23,60,25,0.0126,0,10,0.005,0.025,10216,4,1,0.13243931088488645,False
2,5,24,60,25,0.0126,0,10,0.005,0.025,9921,5,2,0.1362765850216712,False
2,5,25,60,25,0.0126,0,10,0.005,0.025,9697,6,2,0.1397339383314427,False
2,5,26,60,25,0.0126,0,10,0.005,0.025,9447,4,1,0.1432200698634487,False
2,5,27,60,25,0.0126,0,10,0.005,0.025,9202,3,2,0.14681590958487287,False
2,5,28,60,25,0.0126,0,10,0.005,0.025,8987,6,2,0.14954934905975298,False
2,5,29,60,25,0.0126,0,10,0.005,0.025,8686,4,0,0.15231406861616395,False
2,5,30,60,25,0.0126,0,10,0.005,0.025,8435,4,1,0.15506816834617665,False
2,5,31,60,25,0.0126,0,10,0.005,0.025,8267,8,2,0.15664690939881457,False
2,5,32,60,25,0.0126,0,10,0.005,0.025,8145,7,2,0.16009821976672806,False
2,5,33,60,25,0.0126,0,10,0.005,0.025,7977,9,2,0.16309389494797544,False
2,5,34,60,25,0.0126,0,10,0.005,0.025,7771,8,3,0.16587311800283103,False
2,5,35,60,25,0.0126,0,10,0.005,0.025,7640,9,4,0.168848167539267,False
2,5,36,60,25,0.0126,0,10,0.005,0.025,7459,8,5,0.17214103767261027,False
2,5,37,60,25,0.0126,0,10,0.005,0.025,7316,7,4,0.1741388737014762,False
2,5,38,60,25,0.0126,0,10,0.005,0.025,7205,5,1,0.17626648160999306,False
2,5,39,60,25,0.0126,0,10,0.005,0.025,7094,4,0,0.1786016351846631,False
2,5,40,60,25,0.0126,0,10,0.005,0.025,6997,4,3,0.1820780334429041,False
2,5,41,60,25,0.0126,0,10,0.005,0.025,7181,6,3,0.21125191477510097,False
2,5,42,60,25,0.0126,0,10,0.005,0.025,7051,2,0,0.21089207204651822,False
2,5,43,60,25,0.0126,0,10,0.005,0.025,6973,2,0,0.21540226588269037,False
2,5,44,60,25,0.0126,0,10,0.005,0.025,6877,2,0,0.21724589210411516,False
2,5,45,60,25,0.0126,0,10,0.005,0.025,6812,2,0,0.22254844392248974,False
2,5,46,60,25,0.0126,0,10,0.005,0.025,6649,2,2,0.2125131598736652,False
2,5,47,60,25,0.0126,0,10,0.005,0.025,6616,3,2,0.21296856106408707,False
2,5,48,60,25,0.0126,0,10,0.005,0.025,6570,1,0,0.21445966514459666,False
2,5,49,60,25,0.0126,0,10,0.005,0.025,6498,1,1,0.21437365343182518,False
2,5,50,60,25,0.0126,0,10,0.005,0.025,6429,0,0,0.21854098615647846,True
2,5,51,60,25,0.0126,0,10,0.005,0.025,6370,0,0,0.21946624803767661,True
2,5,52,60,25,0.0126,0,10,0.005,0.025,6293,0,0,0.22278722389957095,True
2,6,1,60,25,0.0126,0,10,0.005,0.025,6226,0,0,0.22550594282043046,True
2,6,2,60,25,0.0126,0,10,0.005,0.025,6132,0,0,0.2271689497716895,True
2,6,3,60,25,0.0126,0,10,0.005,0.025,6066,0,0,0.22997032640949555,True
2,6,4,60,25,0.0126,0,10,0.005,0.025,5972,0,0,0.2299062290689886,True
2,6,5,60,25,0.0126,0,10,0.005,0.025,5930,0,0,0.23355817875210794,True
2,6,6,60,25,0.0126,0,10,0.005,0.025,5851,0,0,0.23534438557511536,True
2,6,7,60,25,0.0126,0,10,0.005,0.025,5781,0,0,0.24009686905379693,True
2,6,8,60,25,0.0126,0,10,0.005,0.025,5711,0,0,0.24216424444055332,True
2,6,9,60,25,0.0126,0,10,0.005,0.025,5653,0,0,0.24517955068105432,True
2,6,10,60,25,0.0126,0,10,0.005,0.025,5590,0,0,0.24633273703041145,True
2,6,11,60,25,0.0126,0,10,0.005,0.025,5541,0,0,0.24706731636888649,True
2,6,12,60,25,0.0126,0,10,0.005,0.025,5465,0,0,0.24977127172918573,True
2,6,13,60,25,0.0126,0,10,0.005,0.025,5399,0,0,0.25226893869235045,True
2,6,14,60,25,0.0126,0,10,0.005,0.025,5335,0,0,0.25473289597000937,True
2,6,15,60,25,0.0126,0,10,0.005,0.025,5274,0,0,0.2571103526734926,True
2,6,16,60,25,0.0126,0,10,0.005,0.025,5210,0,0,0.25854126679462575,True
2,6,17,60,25,0.0126,0,10,0.005,0.025,5148,0,0,0.2606837606837607,True
2,6,18,60,25,0.0126,0,10,0.005,0.025,11545,0,0,0.11676050238198354,True
2,6,19,60,25,0.0126,0,10,0.005,0.025,11321,0,0,0.12021906192032505,True
2,6,20,60,25,0.0126,0,10,0.005,0.025,11062,0,0,0.1224914120412222,True
2,6,21,60,25,0.0126,0,10,0.005,0.025,10827,0,0,0.12625842800406392,True
2,6,22,60,25,0.0126,0,10,0.005,0.025,10566,0,0,0.1293772477758849,True
2,6,23,60,25,0.0126,0,10,0.005,0.025,10331,0,0,0.13290097764011227,True
2,6,24,60,25,0.0126,0,10,0.005,0.025,10099,0,0,0.13734033072581445,True
2,6,25,60,25,0.0126,0,10,0.005,0.025,9884,0,0,0.14042897612302713,True
2,6,26,60,25,0.0126,0,10,0.005,0.025,9643,0,0,0.14300528881053615,True
2,6,27,60,25,0.0126,0,10,0.005,0.025,9379,0,0,0.14745708497707644,True
2,6,28,60,25,0.0126,0,10,0.005,0.025,9148,0,0,0.14921294271972016,True
2,6,29,60,25,0.0126,0,10,0.005,0.025,8926,0,0,0.15269997759354695,True
2,6,30,60,25,0.0126,0,10,0.005,0.025,8730,0,0,0.15578465063001146,True
2,6,31,60,25,0.0126,0,10,0.005,0.025,8564,0,0,0.15880429705744978,True
2,6,32,60,25,0.0126,0,10,0.005,0.025,8399,0,0,0.16228122395523276,True
2,6,33,60,25,0.0126,0,10,0.005,0.025,8204,0,0,0.1658946855192589,True
2,6,34,60,25,0.0126,0,10,0.005,0.025,8019,0,0,0.168973687492206,True
2,6,35,60,25,0.0126,0,10,0.005,0.025,7870,0,0,0.17191867852604828,True
2,6,36,60,25,0.0126,0,10,0.005,0.025,7706,0,0,0.17596677913314301,True
2,6,37,60,25,0.0126,0,10,0.005,0.025,7568,0,0,0.18023255813953487,True
2,6,38,60,25,0.0126,0,10,0.005,0.025,7446,0,0,0.1834542035992479,True
2,6,39,60,25,0.0126,0,10,0.005,0.025,7319,0,0,0.1859543653504577,True
2,6,40,60,25,0.0126,0,10,0.005,0.025,7221,0,0,0.18958592992660298,True
2,6,41,60,25,0.0126,0,10,0.005,0.025,7294,0,0,0.20811625993967645,True
2,6,42,60,25,0.0126,0,10,0.005,0.025,7190,0,0,0.2105702364394993,True
2,6,43,60,25,0.0126,0,10,0.005,0.025,7104,0,0,0.21354166666666666,True
2,6,44,60,25,0.0126,0,10,0.005,0.025,7019,0,0,0.21527283088759083,True
2,6,45,60,25,0.0126,0,10,0.005,0.025,6934,0,0,0.22007499278915488,True
2,6,46,60,25,0.0126,0,10,0.005,0.025,6792,0,0,0.2124558303886926,True
2,6,47,60,25,0.0126,0,10,0.005,0.025,6773,0,0,0.21438062896796103,True
2,6,48,60,25,0.0126,0,10,0.005,0.025,6730,0,0,0.21500742942050521,True
2,6,49,60,25,0.0126,0,10,0.005,0.025,6683,0,0,0.2168187939548107,True
2,6,50,60,25,0.0126,0,10,0.005,0.025,6609,0,0,0.22030564381903464,True
2,6,51,60,25,0.0126,0,10,0.005,0.025,6560,0,0,0.22179878048780488,True
2,6,52,60,25,0.0126,0,10,0.005,0.025,6499,0,0,0.22372672718879827,True
2,7,1,60,25,0.0126,0,10,0.005,0.025,6423,0,0,0.2248170636774093,True
2,7,2,60,25,0.0126,0,10,0.005,0.025,6349,0,0,0.22822491730981256,True
2,7,3,60,25,0.0126,0,10,0.005,0.025,6264,0,0,0.23084291187739464,True
2,7,4,60,25,0.0126,0,10,0.005,0.025,6188,0,0,0.2341628959276018,True
2,7,5,60,25,0.0126,0,10,0.005,0.025,6095,0,0,0.23740771123872026,True
2,7,6,60,25,0.0126,0,10,0.005,0.025,6009,0,0,0.23847561990347813,True
2,7,7,60,25,0.0126,0,10,0.005,0.025,5941,0,0,0.24137350614374684,True
2,7,8,60,25,0.0126,0,10,0.005,0.025,5847,0,0,0.24337266974516847,True
2,7,9,60,25,0.0126,0,10,0.005,0.025,5793,0,0,0.24564129121353356,True
2,7,10,60,25,0.0126,0,10,0.005,0.025,5723,0,0,0.2465490127555478,True
2,7,11,60,25,0.0126,0,10,0.005,0.025,5652,0,0,0.24805378627034677,True
2,7,12,60,25,0.0126,0,10,0.005,0.025,5585,0,0,0.2495971351835273,True
2,7,13,60,25,0.0126,0,10,0.005,0.025,5514,0,0,0.2529923830250272,True
2,7,14,60,25,0.0126,0,10,0.005,0.025,5451,0,0,0.25481563015960373,True
2,7,15,60,25,0.0126,0,10,0.005,0.025,5387,0,0,0.25691479487655466,True
2,7,16,60,25,0.0126,0,10,0.005,0.025,5316,0,0,0.2584650112866817,True
2,7,17,60,25,0.0126,0,10,0.005,0.025,5251,0,0,0.2618548847838507,True
2,7,18,60,25,0.0126,0,10,0.005,0.025,11778,0,0,0.11699779249448124,True
2,7,19,60,25,0.0126,0,10,0.005,0.025,11539,0,0,0.11994106941676055,True
2,7,20,60,25,0.0126,0,10,0.005,0.025,11312,0,0,0.12296676096181047,True
2,7,21,60,25,0.0126,0,10,0.005,0.025,11076,0,0,0.12585771036475263,True
2,7,22,60,25,0.0126,0,10,0.005,0.025,10864,0,0,0.12923416789396172,True
2,7,23,60,25,0.0126,0,10,0.005,0.025,10636,0,0,0.13256863482512224,True
2,7,24,60,25,0.0126,0,10,0.005,0.025,10302,0,0,0.1362842166569598,True
2,7,25,60,25,0.0126,0,10,0.005,0.025,10059,0,0,0.13888060443384034,True
2,7,26,60,25,0.0126,0,10,0.005,0.025,9819,0,0,0.14278439759649658,True
2,7,27,60,25,0.0126,0,10,0.005,0.025,9569,0,0,0.14599226669453444,True
2,7,28,60,25,0.0126,0,10,0.005,0.025,9402,0,0,0.14901084875558393,True
2,7,29,60,25,0.0126,0,10,0.005,0.025,9163,0,0,0.1515879078904289,True
2,7,30,60,25,0.0126,0,10,0.005,0.025,8921,0,0,0.15480327317565296,True
2,7,31,60,25,0.0126,0,10,0.005,0.025,8694,0,0,0.15746491833448356,True
2,7,32,60,25,0.0126,0,10,0.005,0.025,8513,0,0,0.1612827440385293,True
2,7,33,60,25,0.0126,0,10,0.005,0.025,8348,0,0,0.16530905606133206,True
2,7,34,60,25,0.0126,0,10,0.005,0.025,8194,0,0,0.16743958994386135,True
2,7,35,60,25,0.0126,0,10,0.005,0.025,8029,0,0,0.16938597583758874,True
2,7,36,60,25,0.0126,0,10,0.005,0.025,7845,0,0,0.17233906947100064,True
2,7,37,60,25,0.0126,0,10,0.005,0.025,7679,0,0,0.17684594348222424,True
2,7,38,60,25,0.0126,0,10,0.005,0.025,7563,0,0,0.1807483802723787,True
2,7,39,60,25,0.0126,0,10,0.005,0.025,7451,0,0,0.18386793718963898,True
2,7,40,60,25,0.0126,0,10,0.005,0.025,7337,0,0,0.1863159329426196,True
2,7,41,60,25,0.0126,0,10,0.005,0.025,7431,0,0,0.20616336966760868,True
2,7,42,60,25,0.0126,0,10,0.005,0.025,7347,0,0,0.20947325438954675,True
2,7,43,60,25,0.0126,0,10,0.005,0.025,7263,0,0,0.2134104364587636,True
2,7,44,60,25,0.0126,0,10,0.005,0.025,7160,0,0,0.21396648044692737,True
2,7,45,60,25,0.0126,0,10,0.005,0.025,7089,0,0,0.21540414727041896,True
2,7,46,60,25,0.0126,0,10,0.005,0.025,6969,0,0,0.21193858516286412,True
2,7,47,60,25,0.0126,0,10,0.005,0.025,6957,0,0,0.21331033491447463,True
2,7,48,60,25,0.0126,0,10,0.005,0.025,6935,0,0,0.21571737563085797,True
2,7,49,60,25,0.0126,0,10,0.005,0.025,6914,0,0,0.21796355221290137,True
2,7,50,60,25,0.0126,0,10,0.005,0.025,6842,0,0,0.22040339082139726,True
2,7,51,60,25,0.0126,0,10,0.005,0.025,6786,0,0,0.2234011199528441,True
2,7,52,60,25,0.0126,0,10,0.005,0.025,6691,0,0,0.22522791809893888,True
2,8,1,60,25,0.0126,0,10,0.005,0.025,6625,0,0,0.2280754716981132,True
2,8,2,60,25,0.0126,0,10,0.005,0.025,6536,0,0,0.22995716034271727,True
2,8,3,60,25,0.0126,0,10,0.005,0.025,6471,0,0,0.23133982382939267,True
2,8,4,60,25,0.0126,0,10,0.005,0.025,6388,0,0,0.23231058234189106,True
2,8,5,60,25,0.0126,0,10,0.005,0.025,6315,0,0,0.23515439429928742,True
2,8,6,60,25,0.0126,0,10,0.005,0.025,6238,0,0,0.2382173773645399,True
2,8,7,60,25,0.0126,0,10,0.005,0.025,6169,0,0,0.23990922353704003,True
2,8,8,60,25,0.0126,0,10,0.005,0.025,6079,0,0,0.24198058891265012,True
2,8,9,60,25,0.0126,0,10,0.005,0.025,6020,0,0,0.24368770764119602,True
2,8,10,60,25,0.0126,0,10,0.005,0.025,5950,0,0,0.2480672268907563,True
2,8,11,60,25,0.0126,0,10,0.005,0.025,5884,0,0,0.25067980965329706,True
2,8,12,60,25,0.0126,0,10,0.005,0.025,5806,0,0,0.25387530141233206,True
2,8,13,60,25,0.0126,0,10,0.005,0.025,5736,0,0,0.25645048814504884,True
2,8,14,60,25,0.0126,0,10,0.005,0.025,5658,0,0,0.25786496995404734,True
2,8,15,60,25,0.0126,0,10,0.005,0.025,5599,0,0,0.2598678335417039,True
2,8,16,60,25,0.0126,0,10,0.005,0.025,5542,0,0,0.26308191988451823,True
2,8,17,60,25,0.0126,0,10,0.005,0.025,5475,0,0,0.2663013698630137,True
2,8,18,60,25,0.0126,0,10,0.005,0.025,12383,0,0,0.11887264798514093,True
2,8,19,60,25,0.0126,0,10,0.005,0.025,12170,0,0,0.12152834839769926,True
2,8,20,60,25,0.0126,0,10,0.005,0.025,11889,0,0,0.12507359744301455,True
2,8,21,60,25,0.0126,0,10,0.005,0.025,11610,0,0,0.12876830318690785,True
2,8,22,60,25,0.0126,0,10,0.005,0.025,11401,0,0,0.13174282957635294,True
2,8,23,60,25,0.0126,0,10,0.005,0.025,11118,0,0,0.13572584997301673,True
2,8,24,60,25,0.0126,0,10,0.005,0.025,10871,0,0,0.139177628553031,True
2,8,25,60,25,0.0126,0,10,0.005,0.025,10598,0,0,0.14229099830156633,True
2,8,26,60,25,0.0126,0,10,0.005,0.025,10378,0,0,0.145885527076508,True
2,8,27,60,25,0.0126,0,10,0.005,0.025,10134,0,0,0.15018748766528517,True
2,8,28,60,25,0.0126,0,10,0.005,0.025,9910,0,0,0.15388496468213925,True
2,8,29,60,25,0.0126,0,10,0.005,0.025,9678,0,0,0.15809051456912585,True
2,8,30,60,25,0.0126,0,10,0.005,0.025,9419,0,0,0.16243762607495488,True
2,8,31,60,25,0.0126,0,10,0.005,0.025,9247,0,0,0.16632421325835406,True
2,8,32,60,25,0.0126,0,10,0.005,0.025,9044,0,0,0.16873065015479877,True
2,8,33,60,25,0.0126,0,10,0.005,0.025,8855,0,0,0.17199322416713722,True
2,8,34,60,25,0.0126,0,10,0.005,0.025,8698,0,0,0.17325822028052426,True
2,8,35,60,25,0.0126,0,10,0.005,0.025,8570,0,0,0.17596266044340725,True
2,8,36,60,25,0.0126,0,10,0.005,0.025,8430,0,0,0.17912218268090155,True
2,8,37,60,25,0.0126,0,10,0.005,0.025,8301,0,0,0.18274906637754487,True
2,8,38,60,25,0.0126,0,10,0.005,0.025,8177,0,0,0.18478659655130245,True
2,8,39,60,25,0.0126,0,10,0.005,0.025,8050,0,0,0.18695652173913044,True
2,8,40,60,25,0.0126,0,10,0.005,0.025,7936,0,0,0.18939012096774194,True
2,8,41,60,25,0.0126,0,10,0.005,0.025,8021,0,0,0.20745542949756887,True
2,8,42,60,25,0.0126,0,10,0.005,0.025,7897,0,0,0.21235912371786755,True
2,8,43,60,25,0.0126,0,10,0.005,0.025,7769,0,0,0.21289741279443944,True
2,8,44,60,25,0.0126,0,10,0.005,0.025,7663,0,0,0.21714733133237635,True
2,8,45,60,25,0.0126,0,10,0.005,0.025,7610,0,0,0.22036793692509857,True
2,8,46,60,25,0.0126,0,10,0.005,0.025,7458,0,0,0.21547331724322874,True
2,8,47,60,25,0.0126,0,10,0.005,0.025,7448,0,0,0.2162996777658432,True
2,8,48,60,25,0.0126,0,10,0.005,0.025,7402,0,0,0.22007565522831668,True
2,8,49,60,25,0.0126,0,10,0.005,0.025,7339,0,0,0.22155607030930644,True
2,8,50,60,25,0.0126,0,10,0.005,0.025,7277,0,0,0.2231688882781366,True
2,8,51,60,25,0.0126,0,10,0.005,0.025,7210,0,0,0.22524271844660193,True
2,8,52,60,25,0.0126,0,10,0.005,0.025,7144,0,0,0.22802351623740202,True
2,9,1,60,25,0.0126,0,10,0.005,0.025,7069,0,0,0.23072570377705476,True
2,9,2,60,25,0.0126,0,10,0.005,0.025,6997,0,0,0.23410032871230527,True
2,9,3,60,25,0.0126,0,10,0.005,0.025,6924,0,0,0.2368573079145003,True
2,9,4,60,25,0.0126,0,10,0.005,0.025,6845,0,0,0.24032140248356465,True
2,9,5,60,25,0.0126,0,10,0.005,0.025,6772,0,0,0.2424689899586533,True
2,9,6,60,25,0.0126,0,10,0.005,0.025,6707,0,0,0.24407335619502013,True
2,9,7,60,25,0.0126,0,10,0.005,0.025,6630,0,0,0.24781297134238311,True
2,9,8,60,25,0.0126,0,10,0.005,0.025,6547,0,0,0.2511073774247747,True
2,9,9,60,25,0.0126,0,10,0.005,0.025,6478,0,0,0.2547082432849645,True
2,9,10,60,25,0.0126,0,10,0.005,0.025,6397,0,0,0.25668282007190873,True
2,9,11,60,25,0.0126,0,10,0.005,0.025,6328,0,0,0.25916561314791403,True
2,9,12,60,25,0.0126,0,10,0.005,0.025,6243,0,0,0.2612526029152651,True
2,9,13,60,25,0.0126,0,10,0.005,0.025,6165,0,0,0.2629359286293593,True
2,9,14,60,25,0.0126,0,10,0.005,0.025,6081,0,0,0.26591021213616184,True
2,9,15,60,25,0.0126,0,10,0.005,0.025,6022,0,0,0.2678512122218532,True
2,9,16,60,25,0.0126,0,10,0.005,0.025,5957,0,0,0.27010240053718315,True
2,9,17,60,25,0.0126,0,10,0.005,0.025,5897,0,0,0.2731897575038155,True
2,9,18,60,25,0.0126,0,10,0.005,0.025,12467,0,0,0.11903425042111174,True
2,9,19,60,25,0.0126,0,10,0.005,0.025,12235,0,0,0.12210870453616673,True
2,9,20,60,25,0.0126,0,10,0.005,0.025,11991,0,0,0.12451004920356934,True
2,9,21,60,25,0.0126,0,10,0.005,0.025,11717,0,0,0.12759238712981139,True
2,9,22,60,25,0.0126,0,10,0.005,0.025,11455,0,0,0.13051069402007856,True
2,9,23,60,25,0.0126,0,10,0.005,0.025,11162,0,0,0.13366780146927074,True
2,9,24,60,25,0.0126,0,10,0.005,0.025,10937,0,0,0.1373319923196489,True
2,9,25,60,25,0.0126,0,10,0.005,0.025,10679,0,0,0.1411180822174361,True
2,9,26,60,25,0.0126,0,10,0.005,0.025,10426,0,0,0.14463840399002495,True
2,9,27,60,25,0.0126,0,10,0.005,0.025,10206,0,0,0.1472663139329806,True
2,9,28,60,25,0.0126,0,10,0.005,0.025,10007,0,0,0.1503947236934146,True
2,9,29,60,25,0.0126,0,10,0.005,0.025,9765,0,0,0.1547363031233999,True
2,9,30,60,25,0.0126,0,10,0.005,0.025,9539,0,0,0.1578781842960478,True
2,9,31,60,25,0.0126,0,10,0.005,0.025,9394,0,0,0.1622312114115393,True
2,9,32,60,25,0.0126,0,10,0.005,0.025,9166,0,0,0.16572114335588042,True
2,9,33,60,25,0.0126,0,10,0.005,0.025,8972,0,0,0.16852429781542577,True
2,9,34,60,25,0.0126,0,10,0.005,0.025,8844,0,0,0.17028493894165536,True
2,9,35,60,25,0.0126,0,10,0.005,0.025,8659,0,0,0.17392308580667515,True
2,9,36,60,25,0.0126,0,10,0.005,0.025,8503,0,0,0.17699635422791957,True
2,9,37,60,25,0.0126,0,10,0.005,0.025,8355,0,0,0.18096947935368043,True
2,9,38,60,25,0.0126,0,10,0.005,0.025,8231,0,0,0.1828453407848378,True
2,9,39,60,25,0.0126,0,10,0.005,0.025,8122,0,0,0.18640728884511204,True
2,9,40,60,25,0.0126,0,10,0.005,0.025,7999,0,0,0.19027378422302788,True
2,9,41,60,25,0.0126,0,10,0.005,0.025,8010,0,0,0.20599250936329588,True
2,9,42,60,25,0.0126,0,10,0.005,0.025,7897,0,0,0.21210586298594403,True
2,9,43,60,25,0.0126,0,10,0.005,0.025,7768,0,0,0.21472708547888775,True
2,9,44,60,25,0.0126,0,10,0.005,0.025,7689,0,0,0.21706333723501106,True
2,9,45,60,25,0.0126,0,10,0.005,0.025,7581,0,0,0.21870465637778658,True
2,9,46,60,25,0.0126,0,10,0.005,0.025,7474,0,0,0.2158148247257158,True
2,9,47,60,25,0.0126,0,10,0.005,0.025,7472,0,0,0.21694325481798715,True
2,9,48,60,25,0.0126,0,10,0.005,0.025,7442,0,0,0.2179521633969363,True
2,9,49,60,25,0.0126,0,10,0.005,0.025,7375,0,0,0.21871186440677967,True
2,9,50,60,25,0.0126,0,10,0.005,0.025,7303,0,0,0.22319594687114885,True
2,9,51,60,25,0.0126,0,10,0.005,0.025,7216,0,0,0.22574833702882482,True
2,9,52,60,25,0.0126,0,10,0.005,0.025,7131,0,0,0.2291403730192119,True
2,10,1,60,25,0.0126,0,10,0.005,0.025,7041,0,0,0.23249538417838375,True
2,10,2,60,25,0.0126,0,10,0.005,0.025,6942,0,0,0.2348026505329876,True
2,10,3,60,25,0.0126,0,10,0.005,0.025,6872,0,0,0.23763096623981372,True
2,10,4,60,25,0.0126,0,10,0.005,0.025,6798,0,0,0.23933509855839952,True
2,10,5,60,25,0.0126,0,10,0.005,0.025,6720,0,0,0.24211309523809524,True
2,10,6,60,25,0.0126,0,10,0.005,0.025,6625,0,0,0.24437735849056605,True
2,10,7,60,25,0.0126,0,10,0.005,0.025,6546,0,0,0.24686831652917812,True
2,10,8,60,25,0.0126,0,10,0.005,0.025,6467,0,0,0.2498840265965672,True
2,10,9,60,25,0.0126,0,10,0.005,0.025,6392,0,0,0.25406758448060074,True
2,10,10,60,25,0.0126,0,10,0.005,0.025,6321,0,0,0.2566049675684227,True
2,10,11,60,25,0.0126,0,10,0.005,0.025,6240,0,0,0.2586538461538462,True
2,10,12,60,25,0.0126,0,10,0.005,0.025,6177,0,0,0.260968107495548,True
2,10,13,60,25,0.0126,0,10,0.005,0.025,6112,0,0,0.26325261780104714,True
2,10,14,60,25,0.0126,0,10,0.005,0.025,6052,0,0,0.2661929940515532,True
2,10,15,60,25,0.0126,0,10,0.005,0.025,5983,0,0,0.26892863112151094,True
2,10,16,60,25,0.0126,0,10,0.005,0.025,5918,0,0,0.27120648867860764,True
2,10,17,60,25,0.0126,0,10,0.005,0.025,5856,0,0,0.2728825136612022,True
2,10,18,60,25,0.0126,0,10,0.005,0.025,12755,0,0,0.11814974519796158,True
2,10,19,60,25,0.0126,0,10,0.005,0.025,12494,0,0,0.12061789659036337,True
2,10,20,60,25,0.0126,0,10,0.005,0.025,12231,0,0,0.12484670100564141,True
2,10,21,60,25,0.0126,0,10,0.005,0.025,11980,0,0,0.12796327212020034,True
2,10,22,60,25,0.0126,0,10,0.005,0.025,11741,0,0,0.13210118388552936,True
2,10,23,60,25,0.0126,0,10,0.005,0.025,11492,0,0,0.134963452836756,True
2,10,24,60,25,0.0126,0,10,0.005,0.025,11281,0,0,0.1392607038383122,True
2,10,25,60,25,0.0126,0,10,0.005,0.025,10996,0,0,0.14332484539832666,True
2,10,26,60,25,0.0126,0,10,0.005,0.025,10769,0,0,0.1469960070572941,True
2,10,27,60,25,0.0126,0,10,0.005,0.025,10539,0,0,0.1511528608027327,True
2,10,28,60,25,0.0126,0,10,0.005,0.025,10319,0,0,0.1550537842814226,True
2,10,29,60,25,0.0126,0,10,0.005,0.025,10091,0,0,0.15756614805272023,True
2,10,30,60,25,0.0126,0,10,0.005,0.025,9866,0,0,0.15963916480843302,True
2,10,31,60,25,0.0126,0,10,0.005,0.025,9642,0,0,0.16386641775565236,True
2,10,32,60,25,0.0126,0,10,0.005,0.025,9452,0,0,0.16684299619128226,True
2,10,33,60,25,0.0126,0,10,0.005,0.025,9274,0,0,0.17101574293724392,True
2,10,34,60,25,0.0126,0,10,0.005,0.025,9107,0,0,0.17360272317997144,True
2,10,35,60,25,0.0126,0,10,0.005,0.025,8929,0,0,0.1770635009519543,True
2,10,36,60,25,0.0126,0,10,0.005,0.025,8780,0,0,0.18006833712984055,True
2,10,37,60,25,0.0126,0,10,0.005,0.025,8592,0,0,0.18342644320297952,True
2,10,38,60,25,0.0126,0,10,0.005,0.025,8460,0,0,0.18652482269503545,True
2,10,39,60,25,0.0126,0,10,0.005,0.025,8316,0,0,0.18987493987493986,True
2,10,40,60,25,0.0126,0,10,0.005,0.025,8184,0,0,0.1935483870967742,True
2,10,41,60,25,0.0126,0,10,0.005,0.025,8270,0,0,0.21596130592503024,True
2,10,42,60,25,0.0126,0,10,0.005,0.025,8132,0,0,0.21864240039350713,True
2,10,43,60,25,0.0126,0,10,0.005,0.025,7971,0,0,0.21741312256931375,True
2,10,44,60,25,0.0126,0,10,0.005,0.025,7871,0,0,0.22131876508702833,True
2,10,45,60,25,0.0126,0,10,0.005,0.025,7783,0,0,0.2229217525375819,True
2,10,46,60,25,0.0126,0,10,0.005,0.025,7630,0,0,0.2182175622542595,True
2,10,47,60,25,0.0126,0,10,0.005,0.025,7612,0,0,0.21899632159747767,True
2,10,48,60,25,0.0126,0,10,0.005,0.025,7585,0,0,0.22214897824653923,True
2,10,49,60,25,0.0126,0,10,0.005,0.025,7550,0,0,0.22450331125827813,True
2,10,50,60,25,0.0126,0,10,0.005,0.025,7502,0,0,0.22647294054918687,True
2,10,51,60,25,0.0126,0,10,0.005,0.025,7411,0,0,0.2293887464579679,True
2,10,52,60,25,0.0126,0,10,0.005,0.025,7336,0,0,0.23173391494002182,True
2,11,1,60,25,0.0126,0,10,0.005,0.025,7251,0,0,0.23183009240104813,True
2,11,2,60,25,0.0126,0,10,0.005,0.025,7173,0,0,0.23588456712672523,True
2,11,3,60,25,0.0126,0,10,0.005,0.025,7096,0,0,0.23900789177001128,True
2,11,4,60,25,0.0126,0,10,0.005,0.025,7021,0,0,0.24056402221905712,True
2,11,5,60,25,0.0126,0,10,0.005,0.025,6940,0,0,0.2436599423631124,True
2,11,6,60,25,0.0126,0,10,0.005,0.025,6859,0,0,0.24697477766438256,True
2,11,7,60,25,0.0126,0,10,0.005,0.025,6787,0,0,0.2493001326064535,True
2,11,8,60,25,0.0126,0,10,0.005,0.025,6713,0,0,0.2529420527335022,True
2,11,9,60,25,0.0126,0,10,0.005,0.025,6630,0,0,0.25429864253393664,True
2,11,10,60,25,0.0126,0,10,0.005,0.025,6556,0,0,0.25701647345942646,True
2,11,11,60,25,0.0126,0,10,0.005,0.025,6480,0,0,0.25895061728395063,True
2,11,12,60,25,0.0126,0,10,0.005,0.025,6402,0,0,0.26038737894408,True
2,11,13,60,25,0.0126,0,10,0.005,0.025,6324,0,0,0.2637571157495256,True
2,11,14,60,25,0.0126,0,10,0.005,0.025,6273,0,0,0.2670173760561135,True
2,11,15,60,25,0.0126,0,10,0.005,0.025,6196,0,0,0.26904454486765655,True
2,11,16,60,25,0.0126,0,10,0.005,0.025,6129,0,0,0.27149616576929353,True
2,11,17,60,25,0.0126,0,10,0.005,0.025,6057,0,0,0.2747234604589731,True
2,11,18,60,25,0.0126,0,10,0.005,0.025,13164,0,0,0.11858097842601033,True
2,11,19,60,25,0.0126,0,10,0.005,0.025,12912,0,0,0.12151486988847583,True
2,11,20,60,25,0.0126,0,10,0.005,0.025,12659,0,0,0.12497037680701477,True
2,11,21,60,25,0.0126,0,10,0.005,0.025,12360,0,0,0.12823624595469255,True
2,11,22,60,25,0.0126,0,10,0.005,0.025,12050,0,0,0.13228215767634854,True
2,11,23,60,25,0.0126,0,10,0.005,0.025,11848,0,0,0.13428426738690075,True
2,11,24,60,25,0.0126,0,10,0.005,0.025,11578,0,0,0.1381067541889791,True
2,11,25,60,25,0.0126,0,10,0.005,0.025,11379,0,0,0.14175235082168908,True
2,11,26,60,25,0.0126,0,10,0.005,0.025,11177,0,0,0.14494050281828755,True
2,11,27,60,25,0.0126,0,10,0.005,0.025,10903,0,0,0.14867467669448775,True
2,11,28,60,25,0.0126,0,10,0.005,0.025,10678,0,0,0.15227570706124743,True
2,11,29,60,25,0.0126,0,10,0.005,0.025,10475,0,0,0.15436754176610978,True
2,11,30,60,25,0.0126,0,10,0.005,0.025,10282,0,0,0.15707060883096674,True
2,11,31,60,25,0.0126,0,10,0.005,0.025,10063,0,0,0.15979330219616417,True
2,11,32,60,25,0.0126,0,10,0.005,0.025,9875,0,0,0.1631392405063291,True
2,11,33,60,25,0.0126,0,10,0.005,0.025,9669,0,0,0.16475333540179957,True
2,11,34,60,25,0.0126,0,10,0.005,0.025,9461,0,0,0.16922101257795158,True
2,11,35,60,25,0.0126,0,10,0.005,0.025,9255,0,0,0.17298757428417072,True
2,11,36,60,25,0.0126,0,10,0.005,0.025,9070,0,0,0.17541345093715546,True
2,11,37,60,25,0.0126,0,10,0.005,0.025,8878,0,0,0.18010813246226628,True
2,11,38,60,25,0.0126,0,10,0.005,0.025,8763,0,0,0.18292822092890562,True
2,11,39,60,25,0.0126,0,10,0.005,0.025,8645,0,0,0.18519375361480625,True
2,11,40,60,25,0.0126,0,10,0.005,0.025,8526,0,0,0.1870748299319728,True
2,11,41,60,25,0.0126,0,10,0.005,0.025,8545,0,0,0.20339379754242248,True
2,11,42,60,25,0.0126,0,10,0.005,0.025,8417,0,0,0.20613045027919685,True
2,11,43,60,25,0.0126,0,10,0.005,0.025,8319,0,0,0.21048202909003486,True
2,11,44,60,25,0.0126,0,10,0.005,0.025,8187,0,0,0.21326493220960058,True
2,11,45,60,25,0.0126,0,10,0.005,0.025,8080,0,0,0.2162128712871287,True
2,11,46,60,25,0.0126,0,10,0.005,0.025,7923,0,0,0.2115360343304304,True
2,11,47,60,25,0.0126,0,10,0.005,0.025,7924,0,0,0.21504290762241293,True
2,11,48,60,25,0.0126,0,10,0.005,0.025,7876,0,0,0.21559167089893347,True
2,11,49,60,25,0.0126,0,10,0.005,0.025,7832,0,0,0.21693054136874362,True
2,11,50,60,25,0.0126,0,10,0.005,0.025,7757,0,0,0.21928580636844142,True
2,11,51,60,25,0.0126,0,10,0.005,0.025,7681,0,0,0.2218461137872673,True
2,11,52,60,25,0.0126,0,10,0.005,0.025,7598,0,0,0.22466438536456962,True
2,1,1,60,25,0.0238,0,10,0.005,0.025,5519,0,0,0.0021743069396629824,True
2,1,2,60,25,0.0238,0,10,0.005,0.025,5390,0,0,0.004081632653061225,True
2,1,3,60,25,0.0238,0,10,0.005,0.025,5241,0,0,0.006868918145392101,True
2,1,4,60,25,0.0238,0,10,0.005,0.025,5165,0,0,0.008712487899322363,True
2,1,5,60,25,0.0238,0,10,0.005,0.025,5012,0,0,0.009776536312849162,True
2,1,6,60,25,0.0238,0,10,0.005,0.025,4906,0,0,0.011210762331838564,True
2,1,7,60,25,0.0238,0,10,0.005,0.025,4804,0,0,0.0126977518734388,True
2,1,8,60,25,0.0238,0,10,0.005,0.025,4718,0,0,0.015048749470114454,True
2,1,9,60,25,0.0238,0,10,0.005,0.025,4639,0,0,0.01659840482862686,True
2,1,10,60,25,0.0238,0,10,0.005,0.025,4541,0,0,0.01849812816560229,True
2,1,11,60,25,0.0238,0,10,0.005,0.025,4435,0,0,0.020744081172491543,True
2,1,12,60,25,0.0238,0,10,0.005,0.025,4340,0,0,0.02142857142857143,True
2,1,13,60,25,0.0238,0,10,0.005,0.025,4266,0,0,0.02390998593530239,True
2,1,14,60,25,0.0238,0,10,0.005,0.025,4179,0,0,0.024168461354391,True
2,1,15,60,25,0.0238,0,10,0.005,0.025,4104,0,0,0.027046783625730993,True
2,1,16,60,25,0.0238,0,10,0.005,0.025,3993,0,0,0.029301277235161533,True
2,1,17,60,25,0.0238,0,10,0.005,0.025,3947,0,0,0.031162908538130224,True
2,1,18,60,25,0.0238,0,10,0.005,0.025,11456,0,0,0.013006284916201117,True
2,1,19,60,25,0.0238,0,10,0.005,0.025,11095,0,0,0.015141955835962145,True
2,1,20,60,25,0.0238,0,10,0.005,0.025,10748,0,0,0.017212504652028286,True
2,1,21,60,25,0.0238,0,10,0.005,0.025,10406,0,0,0.020372861810493945,True
2,1,22,60,25,0.0238,0,10,0.005,0.025,10066,0,0,0.022352473673753228,True
2,1,23,60,25,0.0238,0,10,0.005,0.025,9765,0,0,0.023963133640552997,True
2,1,24,60,25,0.0238,0,10,0.005,0.025,9421,0,0,0.024838127587304956,True
2,1,25,60,25,0.0238,0,10,0.005,0.025,9085,0,0,0.027077600440286186,True
2,1,26,60,25,0.0238,0,10,0.005,0.025,8719,0,0,0.02959054937492832,True
2,1,27,60,25,0.0238,0,10,0.005,0.025,8429,0,0,0.03132044133349152,True
2,1,28,60,25,0.0238,0,10,0.005,0.025,8165,0,0,0.033925290875688914,True
2,1,29,60,25,0.0238,0,10,0.005,0.025,7950,0,0,0.036226415094339624,True
2,1,30,60,25,0.0238,0,10,0.005,0.025,7739,0,0,0.038506266959555495,True
2,1,31,60,25,0.0238,0,10,0.005,0.025,7523,0,0,0.0404094111391732,True
2,1,32,60,25,0.0238,0,10,0.005,0.025,7359,0,0,0.043484169044707165,True
2,1,33,60,25,0.0238,0,10,0.005,0.025,7155,0,0,0.04514325646401118,True
2,1,34,60,25,0.0238,0,10,0.005,0.025,6973,0,0,0.04789903915101104,True
2,1,35,60,25,0.0238,0,10,0.005,0.025,6829,0,0,0.04920193293307951,True
2,1,36,60,25,0.0238,0,10,0.005,0.025,6693,0,0,0.051098162259076645,True
2,1,37,60,25,0.0238,0,10,0.005,0.025,6540,0,0,0.054587155963302755,True
2,1,38,60,25,0.0238,0,10,0.005,0.025,6424,0,0,0.054950186799501866,True
2,1,39,60,25,0.0238,0,10,0.005,0.025,6333,0,0,0.058266224538133585,True
2,1,40,60,25,0.0238,0,10,0.005,0.025,6227,0,0,0.05973984262084471,True
2,1,41,60,25,0.0238,0,10,0.005,0.025,6733,0,0,0.09847022129808407,True
2,1,42,60,25,0.0238,0,10,0.005,0.025,6667,0,0,0.10409479526023699,True
2,1,43,60,25,0.0238,0,10,0.005,0.025,6638,0,0,0.10650798433263031,True
2,1,44,60,25,0.0238,0,10,0.005,0.025,6545,0,0,0.11275783040488922,True
2,1,45,60,25,0.0238,0,10,0.005,0.025,6480,0,0,0.11419753086419752,True
2,1,46,60,25,0.0238,0,10,0.005,0.025,6066,0,0,0.09709858226178701,True
2,1,47,60,25,0.0238,0,10,0.005,0.025,5957,0,0,0.09736444519053215,True
2,1,48,60,25,0.0238,0,10,0.005,0.025,5848,0,0,0.09507523939808482,True
2,1,49,60,25,0.0238,0,10,0.005,0.025,5757,0,0,0.0969254820218864,True
2,1,50,60,25,0.0238,0,10,0.005,0.025,5671,0,0,0.09769000176335743,True
2,1,51,60,25,0.0238,0,10,0.005,0.025,5606,0,0,0.10024973242953977,True
2,1,52,60,25,0.0238,0,10,0.005,0.025,5544,0,0,0.10263347763347763,True
2,2,1,60,25,0.0238,0,10,0.005,0.025,5465,6,0,0.1039341262580055,False
2,2,2,60,25,0.0238,0,10,0.005,0.025,5388,6,0,0.10690423162583519,False
2,2,3,60,25,0.0238,0,10,0.005,0.025,5304,6,4,0.10897435897435898,False
2,2,4,60,25,0.0238,0,10,0.005,0.025,5246,22,6,0.11036980556614563,False
2,2,5,60,25,0.0238,0,10,0.005,0.025,5146,32,5,0.11193159735717062,False
2,2,6,60,25,0.0238,0,10,0.005,0.025,5065,41,11,0.11510365251727542,False
2,2,7,60,25,0.0238,0,10,0.005,0.025,4994,58,17,0.11754104925911094,False
2,2,8,60,25,0.0238,0,10,0.005,0.025,4908,66,23,0.12102689486552567,False
2,2,9,60,25,0.0238,0,10,0.005,0.025,4817,78,21,0.12331326551795724,False
2,2,10,60,25,0.0238,0,10,0.005,0.025,4753,74,24,0.12623606143488322,False
2,2,11,60,25,0.0238,0,10,0.005,0.025,4684,81,35,0.12937660119555935,False
2,2,12,60,25,0.0238,0,10,0.005,0.025,4581,77,33,0.1318489412791967,False
2,2,13,60,25,0.0238,0,10,0.005,0.025,4483,74,28,0.1347312067811733,False
2,2,14,60,25,0.0238,0,10,0.005,0.025,4417,74,22,0.13810278469549467,False
2,2,15,60,25,0.0238,0,10,0.005,0.025,4348,73,22,0.1391444342226311,False
2,2,16,60,25,0.0238,0,10,0.005,0.025,4270,80,32,0.13887587822014053,False
2,2,17,60,25,0.0238,0,10,0.005,0.025,4196,72,31,0.14227836034318397,False
2,2,18,60,25,0.0238,0,10,0.005,0.025,8420,58,25,0.07173396674584323,False
2,2,19,60,25,0.0238,0,10,0.005,0.025,8241,67,16,0.0748695546656959,False
2,2,20,60,25,0.0238,0,10,0.005,0.025,8015,82,17,0.07747972551466001,False
2,2,21,60,25,0.0238,0,10,0.005,0.025,7843,103,38,0.07956139232436568,False
2,2,22,60,25,0.0238,0,10,0.005,0.025,7658,111,40,0.08226691042047532,False
2,2,23,60,25,0.0238,0,10,0.005,0.025,7431,97,31,0.08464540438702732,False
2,2,24,60,25,0.0238,0,10,0.005,0.025,7206,97,38,0.08867610324729393,False
2,2,25,60,25,0.0238,0,10,0.005,0.025,7019,94,38,0.09103860948853112,False
2,2,26,60,25,0.0238,0,10,0.005,0.025,6841,91,37,0.09399210641719047,False
2,2,27,60,25,0.0238,0,10,0.005,0.025,6639,88,40,0.0968519355324597,False
2,2,28,60,25,0.0238,0,10,0.005,0.025,6449,80,29,0.09955031787874088,False
2,2,29,60,25,0.0238,0,10,0.005,0.025,6285,76,27,0.10326173428798727,False
2,2,30,60,25,0.0238,0,10,0.005,0.025,6146,86,37,0.10575984380084608,False
2,2,31,60,25,0.0238,0,10,0.005,0.025,5986,75,27,0.10758436351486803,False
2,2,32,60,25,0.0238,0,10,0.005,0.025,5829,70,20,0.1116829644879053,False
2,2,33,60,25,0.0238,0,10,0.005,0.025,5737,70,30,0.11399686247167509,False
2,2,34,60,25,0.0238,0,10,0.005,0.025,5610,69,32,0.11693404634581105,False
2,2,35,60,25,0.0238,0,10,0.005,0.025,5461,54,25,0.11994140267350302,False
2,2,36,60,25,0.0238,0,10,0.005,0.025,5352,47,22,0.12238415545590434,False
2,2,37,60,25,0.0238,0,10,0.005,0.025,5230,45,20,0.12676864244741873,False
2,2,38,60,25,0.0238,0,10,0.005,0.025,5148,37,16,0.1282051282051282,False
2,2,39,60,25,0.0238,0,10,0.005,0.025,5092,32,12,0.1307934014139827,False
2,2,40,60,25,0.0238,0,10,0.005,0.025,5011,31,13,0.1323089203751746,False
2,2,41,60,25,0.0238,0,10,0.005,0.025,5462,32,14,0.18839253020871477,False
2,2,42,60,25,0.0238,0,10,0.005,0.025,5432,35,14,0.18906480117820323,False
2,2,43,60,25,0.0238,0,10,0.005,0.025,5433,33,16,0.19878520154610713,False
2,2,44,60,25,0.0238,0,10,0.005,0.025,5370,32,16,0.20130353817504656,False
2,2,45,60,25,0.0238,0,10,0.005,0.025,5351,33,10,0.20669033825453187,False
2,2,46,60,25,0.0238,0,10,0.005,0.025,4970,27,5,0.1806841046277666,False
2,2,47,60,25,0.0238,0,10,0.005,0.025,4859,29,12,0.1771969541057831,False
2,2,48,60,25,0.0238,0,10,0.005,0.025,4779,32,14,0.1761874869219502,False
2,2,49,60,25,0.0238,0,10,0.005,0.025,4732,26,9,0.17857142857142858,False
2,2,50,60,25,0.0238,0,10,0.005,0.025,4671,27,11,0.17940483836437593,False
2,2,51,60,25,0.0238,0,10,0.005,0.025,4628,29,13,0.18236819360414866,False
2,2,52,60,25,0.0238,0,10,0.005,0.025,4578,27,13,0.18763652249890783,False
2,3,1,60,25,0.0238,0,10,0.005,0.025,4538,27,12,0.19083296606434552,False
2,3,2,60,25,0.0238,0,10,0.005,0.025,4494,26,8,0.19403649310191368,False
2,3,3,60,25,0.0238,0,10,0.005,0.025,4438,24,9,0.1978368634520054,False
2,3,4,60,25,0.0238,0,10,0.005,0.025,4398,23,10,0.20122783083219645,False
2,3,5,60,25,0.0238,0,10,0.005,0.025,4339,21,9,0.2030421756165015,False
2,3,6,60,25,0.0238,0,10,0.005,0.025,4295,21,8,0.20745052386495927,False
2,3,7,60,25,0.0238,0,10,0.005,0.025,4216,19,6,0.21133776091081594,False
2,3,8,60,25,0.0238,0,10,0.005,0.025,4161,23,8,0.21485219899062724,False
2,3,9,60,25,0.0238,0,10,0.005,0.025,4103,22,10,0.22057031440409455,False
2,3,10,60,25,0.0238,0,10,0.005,0.025,4049,21,8,0.22326500370461844,False
2,3,11,60,25,0.0238,0,10,0.005,0.025,3994,18,7,0.22533800701051576,False
2,3,12,60,25,0.0238,0,10,0.005,0.025,3943,18,8,0.2282525995434948,False
2,3,13,60,25,0.0238,0,10,0.005,0.025,3887,14,6,0.2305119629534345,False
2,3,14,60,25,0.0238,0,10,0.005,0.025,3855,11,3,0.23346303501945526,False
2,3,15,60,25,0.0238,0,10,0.005,0.025,3800,13,4,0.2344736842105263,False
2,3,16,60,25,0.0238,0,10,0.005,0.025,3754,13,7,0.23601491742141714,False
2,3,17,60,25,0.0238,0,10,0.005,0.025,3717,12,7,0.23997847726661287,False
2,3,18,60,25,0.0238,0,10,0.005,0.025,8598,10,4,0.10444289369620842,False
2,3,19,60,25,0.0238,0,10,0.005,0.025,8376,14,4,0.10756924546322827,False
2,3,20,60,25,0.0238,0,10,0.005,0.025,8179,23,4,0.11064922362146962,False
2,3,21,60,25,0.0238,0,10,0.005,0.025,7941,23,6,0.11446921042689838,False
2,3,22,60,25,0.0238,0,10,0.005,0.025,7750,27,7,0.11806451612903225,False
2,3,23,60,25,0.0238,0,10,0.005,0.025,7522,23,8,0.1219090667375698,False
2,3,24,60,25,0.0238,0,10,0.005,0.025,7303,27,11,0.12542790633986034,False
2,3,25,60,25,0.0238,0,10,0.005,0.025,7097,20,4,0.12878681132873046,False
2,3,26,60,25,0.0238,0,10,0.005,0.025,6935,16,10,0.13280461427541457,False
2,3,27,60,25,0.0238,0,10,0.005,0.025,6774,15,10,0.1365515205196339,False
2,3,28,60,25,0.0238,0,10,0.005,0.025,6561,10,3,0.13854595336076816,False
2,3,29,60,25,0.0238,0,10,0.005,0.025,6389,9,2,0.1402410392862733,False
2,3,30,60,25,0.0238,0,10,0.005,0.025,6188,12,4,0.144311570782159,False
2,3,31,60,25,0.0238,0,10,0.005,0.025,6071,15,5,0.14775160599571735,False
2,3,32,60,25,0.0238,0,10,0.005,0.025,5936,16,5,0.1514487870619946,False
2,3,33,60,25,0.0238,0,10,0.005,0.025,5777,17,5,0.15544400207720271,False
2,3,34,60,25,0.0238,0,10,0.005,0.025,5618,16,4,0.16055535777856889,False
2,3,35,60,25,0.0238,0,10,0.005,0.025,5500,18,6,0.164,False
2,3,36,60,25,0.0238,0,10,0.005,0.025,5353,19,6,0.16756958714739398,False
2,3,37,60,25,0.0238,0,10,0.005,0.025,5230,16,4,0.17036328871892925,False
2,3,38,60,25,0.0238,0,10,0.005,0.025,5158,15,7,0.17177200465296627,False
2,3,39,60,25,0.0238,0,10,0.005,0.025,5090,15,8,0.17426326129666012,False
2,3,40,60,25,0.0238,0,10,0.005,0.025,5010,10,4,0.17704590818363272,False
2,3,41,60,25,0.0238,0,10,0.005,0.025,5448,14,4,0.22448604992657856,False
2,3,42,60,25,0.0238,0,10,0.005,0.025,5469,17,6,0.232766502102761,False
2,3,43,60,25,0.0238,0,10,0.005,0.025,5430,10,6,0.23959484346224677,False
2,3,44,60,25,0.0238,0,10,0.005,0.025,5375,15,8,0.24037209302325582,False
2,3,45,60,25,0.0238,0,10,0.005,0.025,5249,10,5,0.2392836730805868,False
2,3,46,60,25,0.0238,0,10,0.005,0.025,4920,10,3,0.21686991869918698,False
2,3,47,60,25,0.0238,0,10,0.005,0.025,4831,11,5,0.21527634030221487,False
2,3,48,60,25,0.0238,0,10,0.005,0.025,4781,11,5,0.21627274628738757,False
2,3,49,60,25,0.0238,0,10,0.005,0.025,4724,12,4,0.2197290431837426,False
2,3,50,60,25,0.0238,0,10,0.005,0.025,4679,14,4,0.21991878606539858,False
2,3,51,60,25,0.0238,0,10,0.005,0.025,4623,12,3,0.2236642872593554,False
2,3,52,60,25,0.0238,0,10,0.005,0.025,4581,12,4,0.22811613184894128,False
2,4,1,60,25,0.0238,0,10,0.005,0.025,4518,10,3,0.23041168658698538,False
2,4,2,60,25,0.0238,0,10,0.005,0.025,4496,13,4,0.23709964412811388,False
2,4,3,60,25,0.0238,0,10,0.005,0.025,4459,13,4,0.2381699932720341,False
2,4,4,60,25,0.0238,0,10,0.005,0.025,4417,12,4,0.2413402762055694,False
2,4,5,60,25,0.0238,0,10,0.005,0.025,4359,10,5,0.24271621931635695,False
2,4,6,60,25,0.0238,0,10,0.005,0.025,4316,10,6,0.24629286376274329,False
2,4,7,60,25,0.0238,0,10,0.005,0.025,4254,8,5,0.24917724494593324,False
2,4,8,60,25,0.0238,0,10,0.005,0.025,4186,6,2,0.25203057811753465,False
2,4,9,60,25,0.0238,0,10,0.005,0.025,4132,4,0,0.25338818973862537,False
2,4,10,60,25,0.0238,0,10,0.005,0.025,4102,4,2,0.2567040468064359,False
2,4,11,60,25,0.0238,0,10,0.005,0.025,4051,6,2,0.26265119723525054,False
2,4,12,60,25,0.0238,0,10,0.005,0.025,4018,4,3,0.2665505226480836,False
2,4,13,60,25,0.0238,0,10,0.005,0.025,3964,6,3,0.2694248234106963,False
2,4,14,60,25,0.0238,0,10,0.005,0.025,3901,3,0,0.2706998205588311,False
2,4,15,60,25,0.0238,0,10,0.005,0.025,3839,3,1,0.2732482417296171,False
2,4,16,60,25,0.0238,0,10,0.005,0.025,3788,4,2,0.2729672650475185,False
2,4,17,60,25,0.0238,0,10,0.005,0.025,3751,3,1,0.2756598240469208,False
2,4,18,60,25,0.0238,0,10,0.005,0.025,8118,2,1,0.1278640059127864,False
2,4,19,60,25,0.0238,0,10,0.005,0.025,7940,2,1,0.1304785894206549,False
2,4,20,60,25,0.0238,0,10,0.005,0.025,7755,1,1,0.1346228239845261,False
2,4,21,60,25,0.0238,0,10,0.005,0.025,7592,3,1,0.13724973656480505,False
2,4,22,60,25,0.0238,0,10,0.005,0.025,7381,2,0,0.14090231675924672,False
2,4,23,60,25,0.0238,0,10,0.005,0.025,7184,2,0,0.14560133630289532,False
2,4,24,60,25,0.0238,0,10,0.005,0.025,7034,2,0,0.14742678419107194,False
2,4,25,60,25,0.0238,0,10,0.005,0.025,6857,2,0,0.1516698264547178,False
2,4,26,60,25,0.0238,0,10,0.005,0.025,6653,2,1,0.15481737562002104,False
2,4,27,60,25,0.0238,0,10,0.005,0.025,6508,4,2,0.1593423478795329,False
2,4,28,60,25,0.0238,0,10,0.005,0.025,6351,6,2,0.16013226263580538,False
2,4,29,60,25,0.0238,0,10,0.005,0.025,6187,7,2,0.16437691934701795,False
2,4,30,60,25,0.0238,0,10,0.005,0.025,6039,9,2,0.16906772644477563,False
2,4,31,60,25,0.0238,0,10,0.005,0.025,5882,11,2,0.17256035362121727,False
2,4,32,60,25,0.0238,0,10,0.005,0.025,5738,11,2,0.17723945625653537,False
2,4,33,60,25,0.0238,0,10,0.005,0.025,5638,12,5,0.18073785030152537,False
2,4,34,60,25,0.0238,0,10,0.005,0.025,5525,13,7,0.18371040723981902,False
2,4,35,60,25,0.0238,0,10,0.005,0.025,5412,11,5,0.18662232076866223,False
2,4,36,60,25,0.0238,0,10,0.005,0.025,5255,10,3,0.19143672692673644,False
2,4,37,60,25,0.0238,0,10,0.005,0.025,5134,9,4,0.19594857810673938,False
2,4,38,60,25,0.0238,0,10,0.005,0.025,5049,8,4,0.1984551396316102,False
2,4,39,60,25,0.0238,0,10,0.005,0.025,4978,7,4,0.2018883085576537,False
2,4,40,60,25,0.0238,0,10,0.005,0.025,4878,7,4,0.2045920459204592,False
2,4,41,60,25,0.0238,0,10,0.005,0.025,5308,4,1,0.2513187641296157,False
2,4,42,60,25,0.0238,0,10,0.005,0.025,5330,7,5,0.25816135084427766,False
2,4,43,60,25,0.0238,0,10,0.005,0.025,5322,4,3,0.262119503945885,False
2,4,44,60,25,0.0238,0,10,0.005,0.025,5269,3,2,0.2655152780413741,False
2,4,45,60,25,0.0238,0,10,0.005,0.025,5244,4,2,0.26773455377574373,False
2,4,46,60,25,0.0238,0,10,0.005,0.025,4909,3,1,0.2479119983703402,False
2,4,47,60,25,0.0238,0,10,0.005,0.025,4780,2,0,0.24539748953974896,False
2,4,48,60,25,0.0238,0,10,0.005,0.025,4705,2,0,0.24675876726886292,False
2,4,49,60,25,0.0238,0,10,0.005,0.025,4628,2,1,0.24675885911840967,False
2,4,50,60,25,0.0238,0,10,0.005,0.025,4578,4,2,0.24945391000436873,False
2,4,51,60,25,0.0238,0,10,0.005,0.025,4547,3,1,0.25159445788431933,False
2,4,52,60,25,0.0238,0,10,0.005,0.025,4485,2,0,0.25462653288740245,False
2,5,1,60,25,0.0238,0,10,0.005,0.025,4435,3,1,0.2552423900789177,False
2,5,2,60,25,0.0238,0,10,0.005,0.025,4393,5,1,0.2606419303437287,False
2,5,3,60,25,0.0238,0,10,0.005,0.025,4340,4,0,0.26036866359447003,False
2,5,4,60,25,0.0238,0,10,0.005,0.025,4305,4,1,0.26178861788617885,False
2,5,5,60,25,0.0238,0,10,0.005,0.025,4268,4,1,0.26358950328022496,False
2,5,6,60,25,0.0238,0,10,0.005,0.025,4205,3,2,0.26730083234244945,False
2,5,7,60,25,0.0238,0,10,0.005,0.025,4158,4,2,0.2698412698412698,False
2,5,8,60,25,0.0238,0,10,0.005,0.025,4088,1,1,0.2717710371819961,False
2,5,9,60,25,0.0238,0,10,0.005,0.025,4040,3,1,0.2722772277227723,False
2,5,10,60,25,0.0238,0,10,0.005,0.025,3999,2,0,0.2725681420355089,False
2,5,11,60,25,0.0238,0,10,0.005,0.025,3935,2,2,0.27395171537484114,False
2,5,12,60,25,0.0238,0,10,0.005,0.025,3904,3,2,0.27535860655737704,False
2,5,13,60,25,0.0238,0,10,0.005,0.025,3856,1,0,0.27645228215767637,False
2,5,14,60,25,0.0238,0,10,0.005,0.025,3818,1,1,0.2778941854374018,False
2,5,15,60,25,0.0238,0,10,0.005,0.025,3780,1,1,0.2804232804232804,False
2,5,16,60,25,0.0238,0,10,0.005,0.025,3741,0,0,0.28174284950547984,True
2,5,17,60,25,0.0238,0,10,0.005,0.025,3700,0,0,0.28216216216216217,True
2,5,18,60,25,0.0238,0,10,0.005,0.025,8215,0,0,0.12891052951917226,True
2,5,19,60,25,0.0238,0,10,0.005,0.025,8056,0,0,0.131454816285998,True
2,5,20,60,25,0.0238,0,10,0.005,0.025,7860,0,0,0.13447837150127226,True
2,5,21,60,25,0.0238,0,10,0.005,0.025,7671,0,0,0.13844348846304264,True
2,5,22,60,25,0.0238,0,10,0.005,0.025,7513,0,0,0.14108877944895515,True
2,5,23,60,25,0.0238,0,10,0.005,0.025,7341,0,0,0.14330472687644735,True
2,5,24,60,25,0.0238,0,10,0.005,0.025,7184,0,0,0.14685412026726058,True
2,5,25,60,25,0.0238,0,10,0.005,0.025,7027,0,0,0.1502775010673118,True
2,5,26,60,25,0.0238,0,10,0.005,0.025,6837,0,0,0.15386865584320608,True
2,5,27,60,25,0.0238,0,10,0.005,0.025,6618,0,0,0.15850710184345723,True
2,5,28,60,25,0.0238,0,10,0.005,0.025,6449,0,0,0.16157543805241123,True
2,5,29,60,25,0.0238,0,10,0.005,0.025,6300,0,0,0.16396825396825396,True
2,5,30,60,25,0.0238,0,10,0.005,0.025,6096,0,0,0.1687992125984252,True
2,5,31,60,25,0.0238,0,10,0.005,0.025,5947,0,0,0.17269211367075837,True
2,5,32,60,25,0.0238,0,10,0.005,0.025,5782,0,0,0.17658249740574194,True
2,5,33,60,25,0.0238,0,10,0.005,0.025,5624,0,0,0.17994310099573257,True
2,5,34,60,25,0.0238,0,10,0.005,0.025,5485,0,0,0.18468550592525068,True
2,5,35,60,25,0.0238,0,10,0.005,0.025,5406,0,0,0.18627450980392157,True
2,5,36,60,25,0.0238,0,10,0.005,0.025,5317,0,0,0.1884521346624036,True
2,5,37,60,25,0.0238,0,10,0.005,0.025,5205,0,0,0.19154658981748318,True
2,5,38,60,25,0.0238,0,10,0.005,0.025,5129,0,0,0.19438487034509652,True
2,5,39,60,25,0.0238,0,10,0.005,0.025,5054,0,0,0.19667590027700832,True
2,5,40,60,25,0.0238,0,10,0.005,0.025,5012,0,0,0.19972067039106145,True
2,5,41,60,25,0.0238,0,10,0.005,0.025,5446,0,0,0.24091076019096586,True
2,5,42,60,25,0.0238,0,10,0.005,0.025,5440,0,0,0.24356617647058823,True
2,5,43,60,25,0.0238,0,10,0.005,0.025,5403,0,0,0.24949102350545993,True
2,5,44,60,25,0.0238,0,10,0.005,0.025,5329,0,0,0.24957778194783262,True
2,5,45,60,25,0.0238,0,10,0.005,0.025,5240,0,0,0.24866412213740458,True
2,5,46,60,25,0.0238,0,10,0.005,0.025,4938,0,0,0.23106520858647225,True
2,5,47,60,25,0.0238,0,10,0.005,0.025,4798,0,0,0.22530220925385577,True
2,5,48,60,25,0.0238,0,10,0.005,0.025,4734,0,0,0.22813688212927757,True
2,5,49,60,25,0.0238,0,10,0.005,0.025,4672,0,0,0.2283818493150685,True
2,5,50,60,25,0.0238,0,10,0.005,0.025,4624,0,0,0.2296712802768166,True
2,5,51,60,25,0.0238,0,10,0.005,0.025,4570,0,0,0.2321663019693654,True
2,5,52,60,25,0.0238,0,10,0.005,0.025,4521,0,0,0.23335545233355454,True
2,6,1,60,25,0.0238,0,10,0.005,0.025,4483,0,0,0.23734106625027884,True
2,6,2,60,25,0.0238,0,10,0.005,0.025,4428,0,0,0.240063233965673,True
2,6,3,60,25,0.0238,0,10,0.005,0.025,4361,0,0,0.24168768631047924,True
2,6,4,60,25,0.0238,0,10,0.005,0.025,4303,0,0,0.24308621891703464,True
2,6,5,60,25,0.0238,0,10,0.005,0.025,4267,0,0,0.24419967190063277,True
2,6,6,60,25,0.0238,0,10,0.005,0.025,4208,0,0,0.24833650190114068,True
2,6,7,60,25,0.0238,0,10,0.005,0.025,4144,0,0,0.2504826254826255,True
2,6,8,60,25,0.0238,0,10,0.005,0.025,4079,0,0,0.25398381956361854,True
2,6,9,60,25,0.0238,0,10,0.005,0.025,4022,0,0,0.2558428642466435,True
2,6,10,60,25,0.0238,0,10,0.005,0.025,3962,0,0,0.25996971226653204,True
2,6,11,60,25,0.0238,0,10,0.005,0.025,3916,0,0,0.25842696629213485,True
2,6,12,60,25,0.0238,0,10,0.005,0.025,3874,0,0,0.26097057305111,True
2,6,13,60,25,0.0238,0,10,0.005,0.025,3819,0,0,0.2631578947368421,True
2,6,14,60,25,0.0238,0,10,0.005,0.025,3783,0,0,0.26592651334919376,True
2,6,15,60,25,0.0238,0,10,0.005,0.025,3735,0,0,0.2674698795180723,True
2,6,16,60,25,0.0238,0,10,0.005,0.025,3696,0,0,0.26866883116883117,True
2,6,17,60,25,0.0238,0,10,0.005,0.025,3660,0,0,0.2710382513661202,True
2,6,18,60,25,0.0238,0,10,0.005,0.025,8159,0,0,0.12293173182988111,True
2,6,19,60,25,0.0238,0,10,0.005,0.025,7994,0,0,0.12609457092819615,True
2,6,20,60,25,0.0238,0,10,0.005,0.025,7816,0,0,0.1297338792221085,True
2,6,21,60,25,0.0238,0,10,0.005,0.025,7629,0,0,0.13291388124262682,True
2,6,22,60,25,0.0238,0,10,0.005,0.025,7446,0,0,0.13644910018802042,True
2,6,23,60,25,0.0238,0,10,0.005,0.025,7240,0,0,0.14074585635359116,True
2,6,24,60,25,0.0238,0,10,0.005,0.025,7068,0,0,0.1430390492359932,True
2,6,25,60,25,0.0238,0,10,0.005,0.025,6907,0,0,0.14680758650644274,True
2,6,26,60,25,0.0238,0,10,0.005,0.025,6759,0,0,0.14943038911081521,True
2,6,27,60,25,0.0238,0,10,0.005,0.025,6589,0,0,0.151616330247382,True
2,6,28,60,25,0.0238,0,10,0.005,0.025,6427,0,0,0.15481562159639023,True
2,6,29,60,25,0.0238,0,10,0.005,0.025,6240,0,0,0.15897435897435896,True
2,6,30,60,25,0.0238,0,10,0.005,0.025,6076,0,0,0.16310072416063198,True
2,6,31,60,25,0.0238,0,10,0.005,0.025,5948,0,0,0.16610625420309347,True
2,6,32,60,25,0.0238,0,10,0.005,0.025,5787,0,0,0.168481078278901,True
2,6,33,60,25,0.0238,0,10,0.005,0.025,5660,0,0,0.17332155477031802,True
2,6,34,60,25,0.0238,0,10,0.005,0.025,5535,0,0,0.17506775067750677,True
2,6,35,60,25,0.0238,0,10,0.005,0.025,5428,0,0,0.17686072218128224,True
2,6,36,60,25,0.0238,0,10,0.005,0.025,5336,0,0,0.18047226386806597,True
2,6,37,60,25,0.0238,0,10,0.005,0.025,5223,0,0,0.18284510817537813,True
2,6,38,60,25,0.0238,0,10,0.005,0.025,5170,0,0,0.186073500967118,True
2,6,39,60,25,0.0238,0,10,0.005,0.025,5105,0,0,0.1890303623898139,True
2,6,40,60,25,0.0238,0,10,0.005,0.025,5026,0,0,0.19080779944289694,True
2,6,41,60,25,0.0238,0,10,0.005,0.025,5507,0,0,0.23678954058471036,True
2,6,42,60,25,0.0238,0,10,0.005,0.025,5472,0,0,0.2414108187134503,True
2,6,43,60,25,0.0238,0,10,0.005,0.025,5470,0,0,0.246617915904936,True
2,6,44,60,25,0.0238,0,10,0.005,0.025,5389,0,0,0.24605678233438485,True
2,6,45,60,25,0.0238,0,10,0.005,0.025,5330,0,0,0.24896810506566605,True
2,6,46,60,25,0.0238,0,10,0.005,0.025,4947,0,0,0.22801697998787143,True
2,6,47,60,25,0.0238,0,10,0.005,0.025,4812,0,0,0.2238154613466334,True
2,6,48,60,25,0.0238,0,10,0.005,0.025,4727,0,0,0.22530145969959806,True
2,6,49,60,25,0.0238,0,10,0.005,0.025,4643,0,0,0.22657764376480724,True
2,6,50,60,25,0.0238,0,10,0.005,0.025,4583,0,0,0.22670739690159283,True
2,6,51,60,25,0.0238,0,10,0.005,0.025,4540,0,0,0.23061674008810573,True
2,6,52,60,25,0.0238,0,10,0.005,0.025,4486,0,0,0.23272403031654035,True
2,7,1,60,25,0.0238,0,10,0.005,0.025,4429,0,0,0.23662226236170694,True
2,7,2,60,25,0.0238,0,10,0.005,0.025,4388,0,0,0.2374658158614403,True
2,7,3,60,25,0.0238,0,10,0.005,0.025,4345,0,0,0.24004602991944765,True
2,7,4,60,25,0.0238,0,10,0.005,0.025,4299,0,0,0.24168411258432193,True
2,7,5,60,25,0.0238,0,10,0.005,0.025,4233,0,0,0.24332624616111506,True
2,7,6,60,25,0.0238,0,10,0.005,0.025,4183,0,0,0.24575663399474063,True
2,7,7,60,25,0.0238,0,10,0.005,0.025,4132,0,0,0.24854791868344628,True
2,7,8,60,25,0.0238,0,10,0.005,0.025,4095,0,0,0.24981684981684982,True
2,7,9,60,25,0.0238,0,10,0.005,0.025,4040,0,0,0.2514851485148515,True
2,7,10,60,25,0.0238,0,10,0.005,0.025,3976,0,0,0.2535211267605634,True
2,7,11,60,25,0.0238,0,10,0.005,0.025,3926,0,0,0.2544574630667346,True
2,7,12,60,25,0.0238,0,10,0.005,0.025,3896,0,0,0.25641683778234087,True
2,7,13,60,25,0.0238,0,10,0.005,0.025,3850,0,0,0.2587012987012987,True
2,7,14,60,25,0.0238,0,10,0.005,0.025,3812,0,0,0.26285414480587616,True
2,7,15,60,25,0.0238,0,10,0.005,0.025,3772,0,0,0.26431601272534466,True
2,7,16,60,25,0.0238,0,10,0.005,0.025,3736,0,0,0.26525695931477516,True
2,7,17,60,25,0.0238,0,10,0.005,0.025,3697,0,0,0.2680551798755748,True
2,7,18,60,25,0.0238,0,10,0.005,0.025,8064,0,0,0.12388392857142858,True
2,7,19,60,25,0.0238,0,10,0.005,0.025,7908,0,0,0.12696004046535153,True
2,7,20,60,25,0.0238,0,10,0.005,0.025,7719,0,0,0.12916180852442027,True
2,7,21,60,25,0.0238,0,10,0.005,0.025,7564,0,0,0.13260179799048122,True
2,7,22,60,25,0.0238,0,10,0.005,0.025,7420,0,0,0.1353099730458221,True
2,7,23,60,25,0.0238,0,10,0.005,0.025,7223,0,0,0.13900041533988647,True
2,7,24,60,25,0.0238,0,10,0.005,0.025,7064,0,0,0.14255379388448472,True
2,7,25,60,25,0.0238,0,10,0.005,0.025,6908,0,0,0.1453387376954256,True
2,7,26,60,25,0.0238,0,10,0.005,0.025,6725,0,0,0.15018587360594796,True
2,7,27,60,25,0.0238,0,10,0.005,0.025,6560,0,0,0.1527439024390244,True
2,7,28,60,25,0.0238,0,10,0.005,0.025,6394,0,0,0.1554582421019706,True
2,7,29,60,25,0.0238,0,10,0.005,0.025,6225,0,0,0.15871485943775102,True
2,7,30,60,25,0.0238,0,10,0.005,0.025,6075,0,0,0.16213991769547326,True
2,7,31,60,25,0.0238,0,10,0.005,0.025,5942,0,0,0.16593739481656009,True
2,7,32,60,25,0.0238,0,10,0.005,0.025,5800,0,0,0.17,True
2,7,33,60,25,0.0238,0,10,0.005,0.025,5687,0,0,0.17372955864251802,True
2,7,34,60,25,0.0238,0,10,0.005,0.025,5591,0,0,0.17689143265963156,True
2,7,35,60,25,0.0238,0,10,0.005,0.025,5478,0,0,0.17834976268711208,True
2,7,36,60,25,0.0238,0,10,0.005,0.025,5362,0,0,0.18202163371876165,True
2,7,37,60,25,0.0238,0,10,0.005,0.025,5238,0,0,0.18461244749904543,True
2,7,38,60,25,0.0238,0,10,0.005,0.025,5163,0,0,0.18651946542707729,True
2,7,39,60,25,0.0238,0,10,0.005,0.025,5100,0,0,0.18843137254901962,True
2,7,40,60,25,0.0238,0,10,0.005,0.025,5026,0,0,0.19140469558296858,True
2,7,41,60,25,0.0238,0,10,0.005,0.025,5490,0,0,0.23624772313296905,True
2,7,42,60,25,0.0238,0,10,0.005,0.025,5512,0,0,0.2447387518142235,True
2,7,43,60,25,0.0238,0,10,0.005,0.025,5448,0,0,0.24559471365638766,True
2,7,44,60,25,0.0238,0,10,0.005,0.025,5381,0,0,0.248095149600446,True
2,7,45,60,25,0.0238,0,10,0.005,0.025,5329,0,0,0.24319759804841434,True
2,7,46,60,25,0.0238,0,10,0.005,0.025,4970,0,0,0.22374245472837023,True
2,7,47,60,25,0.0238,0,10,0.005,0.025,4830,0,0,0.22132505175983436,True
2,7,48,60,25,0.0238,0,10,0.005,0.025,4768,0,0,0.22210570469798657,True
2,7,49,60,25,0.0238,0,10,0.005,0.025,4691,0,0,0.22404604561927094,True
2,7,50,60,25,0.0238,0,10,0.005,0.025,4649,0,0,0.22607012260701226,True
2,7,51,60,25,0.0238,0,10,0.005,0.025,4595,0,0,0.2280739934711643,True
2,7,52,60,25,0.0238,0,10,0.005,0.025,4542,0,0,0.22985468956406868,True
2,8,1,60,25,0.0238,0,10,0.005,0.025,4464,0,0,0.23319892473118278,True
2,8,2,60,25,0.0238,0,10,0.005,0.025,4407,0,0,0.23666893578398004,True
2,8,3,60,25,0.0238,0,10,0.005,0.025,4350,0,0,0.23885057471264368,True
2,8,4,60,25,0.0238,0,10,0.005,0.025,4294,0,0,0.24149976711690732,True
2,8,5,60,25,0.0238,0,10,0.005,0.025,4233,0,0,0.24332624616111506,True
2,8,6,60,25,0.0238,0,10,0.005,0.025,4175,0,0,0.2467065868263473,True
2,8,7,60,25,0.0238,0,10,0.005,0.025,4122,0,0,0.25206210577389615,True
2,8,8,60,25,0.0238,0,10,0.005,0.025,4073,0,0,0.2526393321875767,True
2,8,9,60,25,0.0238,0,10,0.005,0.025,4028,0,0,0.25521350546176763,True
2,8,10,60,25,0.0238,0,10,0.005,0.025,3990,0,0,0.2588972431077694,True
2,8,11,60,25,0.0238,0,10,0.005,0.025,3942,0,0,0.2612886859462202,True
2,8,12,60,25,0.0238,0,10,0.005,0.025,3891,0,0,0.2624004112053457,True
2,8,13,60,25,0.0238,0,10,0.005,0.025,3835,0,0,0.26388526727509776,True
2,8,14,60,25,0.0238,0,10,0.005,0.025,3789,0,0,0.26656109791501714,True
2,8,15,60,25,0.0238,0,10,0.005,0.025,3753,0,0,0.2696509459099387,True
2,8,16,60,25,0.0238,0,10,0.005,0.025,3727,0,0,0.26965387711295946,True
2,8,17,60,25,0.0238,0,10,0.005,0.025,3693,0,0,0.27078256160303277,True
2,8,18,60,25,0.0238,0,10,0.005,0.025,8294,0,0,0.1224981914637087,True
2,8,19,60,25,0.0238,0,10,0.005,0.025,8127,0,0,0.12575366063738158,True
2,8,20,60,25,0.0238,0,10,0.005,0.025,7954,0,0,0.1292431481015841,True
2,8,21,60,25,0.0238,0,10,0.005,0.025,7765,0,0,0.13277527366387637,True
2,8,22,60,25,0.0238,0,10,0.005,0.025,7570,0,0,0.13645970937912813,True
2,8,23,60,25,0.0238,0,10,0.005,0.025,7375,0,0,0.1399322033898305,True
2,8,24,60,25,0.0238,0,10,0.005,0.025,7241,0,0,0.14404087833172213,True
2,8,25,60,25,0.0238,0,10,0.005,0.025,7135,0,0,0.14702172389628593,True
2,8,26,60,25,0.0238,0,10,0.005,0.025,6995,0,0,0.15110793423874197,True
2,8,27,60,25,0.0238,0,10,0.005,0.025,6826,0,0,0.15440961031350717,True
2,8,28,60,25,0.0238,0,10,0.005,0.025,6685,0,0,0.1582647718773373,True
2,8,29,60,25,0.0238,0,10,0.005,0.025,6538,0,0,0.161823187519119,True
2,8,30,60,25,0.0238,0,10,0.005,0.025,6399,0,0,0.16455696202531644,True
2,8,31,60,25,0.0238,0,10,0.005,0.025,6224,0,0,0.16773778920308482,True
2,8,32,60,25,0.0238,0,10,0.005,0.025,6063,0,0,0.17301665841992414,True
2,8,33,60,25,0.0238,0,10,0.005,0.025,5937,0,0,0.17685699848408287,True
2,8,34,60,25,0.0238,0,10,0.005,0.025,5802,0,0,0.18131678731471906,True
2,8,35,60,25,0.0238,0,10,0.005,0.025,5699,0,0,0.18424284962274085,True
2,8,36,60,25,0.0238,0,10,0.005,0.025,5610,0,0,0.18698752228163992,True
2,8,37,60,25,0.0238,0,10,0.005,0.025,5492,0,0,0.1897305171158048,True
2,8,38,60,25,0.0238,0,10,0.005,0.025,5426,0,0,0.19203833394765943,True
2,8,39,60,25,0.0238,0,10,0.005,0.025,5336,0,0,0.19508995502248874,True
2,8,40,60,25,0.0238,0,10,0.005,0.025,5253,0,0,0.19703026841804683,True
2,8,41,60,25,0.0238,0,10,0.005,0.025,5799,0,0,0.24469736161407138,True
2,8,42,60,25,0.0238,0,10,0.005,0.025,5792,0,0,0.24464779005524862,True
2,8,43,60,25,0.0238,0,10,0.005,0.025,5754,0,0,0.24817518248175183,True
2,8,44,60,25,0.0238,0,10,0.005,0.025,5702,0,0,0.25201683619782533,True
2,8,45,60,25,0.0238,0,10,0.005,0.025,5665,0,0,0.25736981465136805,True
2,8,46,60,25,0.0238,0,10,0.005,0.025,5239,0,0,0.23076923076923078,True
2,8,47,60,25,0.0238,0,10,0.005,0.025,5110,0,0,0.22974559686888454,True
2,8,48,60,25,0.0238,0,10,0.005,0.025,5031,0,0,0.22997416020671835,True
2,8,49,60,25,0.0238,0,10,0.005,0.025,4940,0,0,0.22793522267206479,True
2,8,50,60,25,0.0238,0,10,0.005,0.025,4892,0,0,0.23221586263287,True
2,8,51,60,25,0.0238,0,10,0.005,0.025,4832,0,0,0.23427152317880795,True
2,8,52,60,25,0.0238,0,10,0.005,0.025,4781,0,0,0.2355155825141184,True
2,9,1,60,25,0.0238,0,10,0.005,0.025,4732,0,0,0.23668639053254437,True
2,9,2,60,25,0.0238,0,10,0.005,0.025,4675,0,0,0.24,True
2,9,3,60,25,0.0238,0,10,0.005,0.025,4614,0,0,0.24078890333766798,True
2,9,4,60,25,0.0238,0,10,0.005,0.025,4550,0,0,0.24285714285714285,True
2,9,5,60,25,0.0238,0,10,0.005,0.025,4497,0,0,0.24549699799866578,True
2,9,6,60,25,0.0238,0,10,0.005,0.025,4438,0,0,0.2480847228481298,True
2,9,7,60,25,0.0238,0,10,0.005,0.025,4393,0,0,0.24834964716594582,True
2,9,8,60,25,0.0238,0,10,0.005,0.025,4338,0,0,0.251959428307976,True
2,9,9,60,25,0.0238,0,10,0.005,0.025,4276,0,0,0.25561272217025255,True
2,9,10,60,25,0.0238,0,10,0.005,0.025,4228,0,0,0.2578051087984863,True
2,9,11,60,25,0.0238,0,10,0.005,0.025,4174,0,0,0.26114039290848107,True
2,9,12,60,25,0.0238,0,10,0.005,0.025,4121,0,0,0.26498422712933756,True
2,9,13,60,25,0.0238,0,10,0.005,0.025,4071,0,0,0.26897568165070007,True
2,9,14,60,25,0.0238,0,10,0.005,0.025,4024,0,0,0.272117296222664,True
2,9,15,60,25,0.0238,0,10,0.005,0.025,3982,0,0,0.27348066298342544,True
2,9,16,60,25,0.0238,0,10,0.005,0.025,3932,0,0,0.2774669379450661,True
2,9,17,60,25,0.0238,0,10,0.005,0.025,3886,0,0,0.2799794132784354,True
2,9,18,60,25,0.0238,0,10,0.005,0.025,8230,0,0,0.11786148238153099,True
2,9,19,60,25,0.0238,0,10,0.005,0.025,8069,0,0,0.12046102367083901,True
2,9,20,60,25,0.0238,0,10,0.005,0.025,7874,0,0,0.12471424942849886,True
2,9,21,60,25,0.0238,0,10,0.005,0.025,7660,0,0,0.12806788511749348,True
2,9,22,60,25,0.0238,0,10,0.005,0.025,7487,0,0,0.13169493789234674,True
2,9,23,60,25,0.0238,0,10,0.005,0.025,7304,0,0,0.13513143483023002,True
2,9,24,60,25,0.0238,0,10,0.005,0.025,7140,0,0,0.13837535014005603,True
2,9,25,60,25,0.0238,0,10,0.005,0.025,6967,0,0,0.1423855317927372,True
2,9,26,60,25,0.0238,0,10,0.005,0.025,6818,0,0,0.14491053094749193,True
2,9,27,60,25,0.0238,0,10,0.005,0.025,6667,0,0,0.1472926353682316,True
2,9,28,60,25,0.0238,0,10,0.005,0.025,6539,0,0,0.15032879645205688,True
2,9,29,60,25,0.0238,0,10,0.005,0.025,6414,0,0,0.15403804178359837,True
2,9,30,60,25,0.0238,0,10,0.005,0.025,6311,0,0,0.15781967992394233,True
2,9,31,60,25,0.0238,0,10,0.005,0.025,6166,0,0,0.16169315601686668,True
2,9,32,60,25,0.0238,0,10,0.005,0.025,6027,0,0,0.1645926663348266,True
2,9,33,60,25,0.0238,0,10,0.005,0.025,5923,0,0,0.1686645281107547,True
2,9,34,60,25,0.0238,0,10,0.005,0.025,5831,0,0,0.17029669010461326,True
2,9,35,60,25,0.0238,0,10,0.005,0.025,5668,0,0,0.17272406492589978,True
2,9,36,60,25,0.0238,0,10,0.005,0.025,5569,0,0,0.17561501167175436,True
2,9,37,60,25,0.0238,0,10,0.005,0.025,5430,0,0,0.17992633517495396,True
2,9,38,60,25,0.0238,0,10,0.005,0.025,5361,0,0,0.182988248461108,True
2,9,39,60,25,0.0238,0,10,0.005,0.025,5287,0,0,0.18914318138831096,True
2,9,40,60,25,0.0238,0,10,0.005,0.025,5197,0,0,0.19241870309794112,True
2,9,41,60,25,0.0238,0,10,0.005,0.025,5772,0,0,0.24116424116424118,True
2,9,42,60,25,0.0238,0,10,0.005,0.025,5804,0,0,0.2439696760854583,True
2,9,43,60,25,0.0238,0,10,0.005,0.025,5763,0,0,0.2493492972410203,True
2,9,44,60,25,0.0238,0,10,0.005,0.025,5720,0,0,0.24965034965034966,True
2,9,45,60,25,0.0238,0,10,0.005,0.025,5700,0,0,0.2578947368421053,True
2,9,46,60,25,0.0238,0,10,0.005,0.025,5262,0,0,0.23052071455720258,True
2,9,47,60,25,0.0238,0,10,0.005,0.025,5111,0,0,0.22304832713754646,True
2,9,48,60,25,0.0238,0,10,0.005,0.025,5003,0,0,0.22406556066360184,True
2,9,49,60,25,0.0238,0,10,0.005,0.025,4935,0,0,0.22532928064842958,True
2,9,50,60,25,0.0238,0,10,0.005,0.025,4868,0,0,0.22678718159408381,True
2,9,51,60,25,0.0238,0,10,0.005,0.025,4807,0,0,0.22820886207613897,True
2,9,52,60,25,0.0238,0,10,0.005,0.025,4760,0,0,0.2319327731092437,True
2,10,1,60,25,0.0238,0,10,0.005,0.025,4707,0,0,0.23348204801359676,True
2,10,2,60,25,0.0238,0,10,0.005,0.025,4648,0,0,0.23558519793459554,True
2,10,3,60,25,0.0238,0,10,0.005,0.025,4595,0,0,0.23743199129488574,True
2,10,4,60,25,0.0238,0,10,0.005,0.025,4538,0,0,0.23953283384750992,True
2,10,5,60,25,0.0238,0,10,0.005,0.025,4477,0,0,0.24324324324324326,True
2,10,6,60,25,0.0238,0,10,0.005,0.025,4429,0,0,0.24655678482727478,True
2,10,7,60,25,0.0238,0,10,0.005,0.025,4371,0,0,0.24959963395104096,True
2,10,8,60,25,0.0238,0,10,0.005,0.025,4318,0,0,0.2524316813339509,True
2,10,9,60,25,0.0238,0,10,0.005,0.025,4294,0,0,0.2585002328830927,True
2,10,10,60,25,0.0238,0,10,0.005,0.025,4223,0,0,0.2623727208145868,True
2,10,11,60,25,0.0238,0,10,0.005,0.025,4196,0,0,0.2671591992373689,True
2,10,12,60,25,0.0238,0,10,0.005,0.025,4151,0,0,0.2688508793061913,True
2,10,13,60,25,0.0238,0,10,0.005,0.025,4105,0,0,0.26967113276492083,True
2,10,14,60,25,0.0238,0,10,0.005,0.025,4052,0,0,0.27295162882527146,True
2,10,15,60,25,0.0238,0,10,0.005,0.025,4020,0,0,0.27562189054726366,True
2,10,16,60,25,0.0238,0,10,0.005,0.025,3972,0,0,0.27744209466263847,True
2,10,17,60,25,0.0238,0,10,0.005,0.025,3943,0,0,0.2797362414405275,True
2,10,18,60,25,0.0238,0,10,0.005,0.025,8777,0,0,0.11940298507462686,True
2,10,19,60,25,0.0238,0,10,0.005,0.025,8608,0,0,0.12232806691449814,True
2,10,20,60,25,0.0238,0,10,0.005,0.025,8419,0,0,0.12448034208338282,True
2,10,21,60,25,0.0238,0,10,0.005,0.025,8200,0,0,0.12951219512195122,True
2,10,22,60,25,0.0238,0,10,0.005,0.025,8016,0,0,0.13360778443113772,True
2,10,23,60,25,0.0238,0,10,0.005,0.025,7857,0,0,0.1352933689703449,True
2,10,24,60,25,0.0238,0,10,0.005,0.025,7658,0,0,0.13867850613737268,True
2,10,25,60,25,0.0238,0,10,0.005,0.025,7456,0,0,0.14230150214592274,True
2,10,26,60,25,0.0238,0,10,0.005,0.025,7272,0,0,0.14576457645764576,True
2,10,27,60,25,0.0238,0,10,0.005,0.025,7105,0,0,0.15031667839549612,True
2,10,28,60,25,0.0238,0,10,0.005,0.025,6916,0,0,0.15514748409485252,True
2,10,29,60,25,0.0238,0,10,0.005,0.025,6758,0,0,0.15877478543947915,True
2,10,30,60,25,0.0238,0,10,0.005,0.025,6644,0,0,0.16180012040939193,True
2,10,31,60,25,0.0238,0,10,0.005,0.025,6496,0,0,0.1645628078817734,True
2,10,32,60,25,0.0238,0,10,0.005,0.025,6340,0,0,0.16640378548895898,True
2,10,33,60,25,0.0238,0,10,0.005,0.025,6198,0,0,0.1707002258793159,True
2,10,34,60,25,0.0238,0,10,0.005,0.025,6065,0,0,0.17378400659521848,True
2,10,35,60,25,0.0238,0,10,0.005,0.025,5937,0,0,0.1773623041940374,True
2,10,36,60,25,0.0238,0,10,0.005,0.025,5842,0,0,0.17973296816158849,True
2,10,37,60,25,0.0238,0,10,0.005,0.025,5736,0,0,0.1828800557880056,True
2,10,38,60,25,0.0238,0,10,0.005,0.025,5634,0,0,0.1845935392261271,True
2,10,39,60,25,0.0238,0,10,0.005,0.025,5550,0,0,0.18774774774774775,True
2,10,40,60,25,0.0238,0,10,0.005,0.025,5476,0,0,0.19065010956902848,True
2,10,41,60,25,0.0238,0,10,0.005,0.025,6113,0,0,0.2424341567151971,True
2,10,42,60,25,0.0238,0,10,0.005,0.025,6073,0,0,0.2446896097480652,True
2,10,43,60,25,0.0238,0,10,0.005,0.025,5993,0,0,0.24311696979809777,True
2,10,44,60,25,0.0238,0,10,0.005,0.025,5906,0,0,0.24720623095157468,True
2,10,45,60,25,0.0238,0,10,0.005,0.025,5820,0,0,0.24759450171821307,True
2,10,46,60,25,0.0238,0,10,0.005,0.025,5353,0,0,0.21894264898187932,True
2,10,47,60,25,0.0238,0,10,0.005,0.025,5222,0,0,0.21486020681731138,True
2,10,48,60,25,0.0238,0,10,0.005,0.025,5132,0,0,0.2166796570537802,True
2,10,49,60,25,0.0238,0,10,0.005,0.025,5041,0,0,0.21840904582424123,True
2,10,50,60,25,0.0238,0,10,0.005,0.025,4979,0,0,0.22132958425386623,True
2,10,51,60,25,0.0238,0,10,0.005,0.025,4902,0,0,0.22439820481436148,True
2,10,52,60,25,0.0238,0,10,0.005,0.025,4841,0,0,0.2261929353439372,True
2,11,1,60,25,0.0238,0,10,0.005,0.025,4763,0,0,0.22842746168381273,True
2,11,2,60,25,0.0238,0,10,0.005,0.025,4713,0,0,0.22957776363250584,True
2,11,3,60,25,0.0238,0,10,0.005,0.025,4664,0,0,0.23349056603773585,True
2,11,4,60,25,0.0238,0,10,0.005,0.025,4602,0,0,0.2357670578009561,True
2,11,5,60,25,0.0238,0,10,0.005,0.025,4542,0,0,0.23800088066930866,True
2,11,6,60,25,0.0238,0,10,0.005,0.025,4493,0,0,0.23903850434008458,True
2,11,7,60,25,0.0238,0,10,0.005,0.025,4451,0,0,0.2417434284430465,True
2,11,8,60,25,0.0238,0,10,0.005,0.025,4403,0,0,0.24415171473995004,True
2,11,9,60,25,0.0238,0,10,0.005,0.025,4353,0,0,0.24511830921203767,True
2,11,10,60,25,0.0238,0,10,0.005,0.025,4311,0,0,0.24750637903038739,True
2,11,11,60,25,0.0238,0,10,0.005,0.025,4261,0,0,0.25017601501994835,True
2,11,12,60,25,0.0238,0,10,0.005,0.025,4223,0,0,0.2521903859815297,True
2,11,13,60,25,0.0238,0,10,0.005,0.025,4171,0,0,0.2550947015104292,True
2,11,14,60,25,0.0238,0,10,0.005,0.025,4122,0,0,0.25448811256671516,True
2,11,15,60,25,0.0238,0,10,0.005,0.025,4078,0,0,0.260912211868563,True
2,11,16,60,25,0.0238,0,10,0.005,0.025,4030,0,0,0.26377171215880896,True
2,11,17,60,25,0.0238,0,10,0.005,0.025,3976,0,0,0.2653420523138833,True
2,11,18,60,25,0.0238,0,10,0.005,0.025,8521,0,0,0.11712240347377069,True
2,11,19,60,25,0.0238,0,10,0.005,0.025,8389,0,0,0.12063416378591012,True
2,11,20,60,25,0.0238,0,10,0.005,0.025,8231,0,0,0.12416474304458754,True
2,11,21,60,25,0.0238,0,10,0.005,0.025,8064,0,0,0.12648809523809523,True
2,11,22,60,25,0.0238,0,10,0.005,0.025,7844,0,0,0.1302906680265171,True
2,11,23,60,25,0.0238,0,10,0.005,0.025,7677,0,0,0.13351569623550866,True
2,11,24,60,25,0.0238,0,10,0.005,0.025,7555,0,0,0.13792190602250165,True
2,11,25,60,25,0.0238,0,10,0.005,0.025,7354,0,0,0.14209953766657601,True
2,11,26,60,25,0.0238,0,10,0.005,0.025,7192,0,0,0.14474416017797553,True
2,11,27,60,25,0.0238,0,10,0.005,0.025,7015,0,0,0.14711332858161083,True
2,11,28,60,25,0.0238,0,10,0.005,0.025,6891,0,0,0.151937309534175,True
2,11,29,60,25,0.0238,0,10,0.005,0.025,6726,0,0,0.15551590841510557,True
2,11,30,60,25,0.0238,0,10,0.005,0.025,6614,0,0,0.160114907771394,True
2,11,31,60,25,0.0238,0,10,0.005,0.025,6485,0,0,0.16468774094063224,True
2,11,32,60,25,0.0238,0,10,0.005,0.025,6359,0,0,0.1673219059600566,True
2,11,33,60,25,0.0238,0,10,0.005,0.025,6224,0,0,0.1701478149100257,True
2,11,34,60,25,0.0238,0,10,0.005,0.025,6101,0,0,0.1735781019504999,True
2,11,35,60,25,0.0238,0,10,0.005,0.025,6011,0,0,0.1773415405090667,True
2,11,36,60,25,0.0238,0,10,0.005,0.025,5898,0,0,0.17989148864021703,True
2,11,37,60,25,0.0238,0,10,0.005,0.025,5794,0,0,0.18381083879875734,True
2,11,38,60,25,0.0238,0,10,0.005,0.025,5714,0,0,0.18760938046902345,True
2,11,39,60,25,0.0238,0,10,0.005,0.025,5633,0,0,0.18835434049352032,True
2,11,40,60,25,0.0238,0,10,0.005,0.025,5556,0,0,0.18970482361411087,True
2,11,41,60,25,0.0238,0,10,0.005,0.025,6201,0,0,0.24592807611675535,True
2,11,42,60,25,0.0238,0,10,0.005,0.025,6212,0,0,0.2496780424983902,True
2,11,43,60,25,0.0238,0,10,0.005,0.025,6138,0,0,0.25008145975887913,True
2,11,44,60,25,0.0238,0,10,0.005,0.025,5992,0,0,0.24632843791722298,True
2,11,45,60,25,0.0238,0,10,0.005,0.025,5947,0,0,0.2510509500588532,True
2,11,46,60,25,0.0238,0,10,0.005,0.025,5484,0,0,0.2215536105032823,True
2,11,47,60,25,0.0238,0,10,0.005,0.025,5330,0,0,0.21594746716697935,True
2,11,48,60,25,0.0238,0,10,0.005,0.025,5239,0,0,0.21702615002863143,True
2,11,49,60,25,0.0238,0,10,0.005,0.025,5138,0,0,0.21720513818606463,True
2,11,50,60,25,0.0238,0,10,0.005,0.025,5049,0,0,0.21707268766092294,True
2,11,51,60,25,0.0238,0,10,0.005,0.025,4982,0,0,0.21938980329185065,True
2,11,52,60,25,0.0238,0,10,0.005,0.025,4925,0,0,0.22030456852791877,True
2,1,1,60,25,0.0448,0,10,0.005,0.025,5382,0,0,0.0029728725380899295,True
2,1,2,60,25,0.0448,0,10,0.005,0.025,5279,0,0,0.005682894487592347,True
2,1,3,60,25,0.0448,0,10,0.005,0.025,5187,0,0,0.008097165991902834,True
2,1,4,60,25,0.0448,0,10,0.005,0.025,5128,0,0,0.009750390015600624,True
2,1,5,60,25,0.0448,0,10,0.005,0.025,5072,0,0,0.012815457413249211,True
2,1,6,60,25,0.0448,0,10,0.005,0.025,5008,0,0,0.013777955271565496,True
2,1,7,60,25,0.0448,0,10,0.005,0.025,4950,0,0,0.014747474747474747,True
2,1,8,60,25,0.0448,0,10,0.005,0.025,4890,0,0,0.016973415132924337,True
2,1,9,60,25,0.0448,0,10,0.005,0.025,4852,0,0,0.01978565539983512,True
2,1,10,60,25,0.0448,0,10,0.005,0.025,4781,0,0,0.022798577703409328,True
2,1,11,60,25,0.0448,0,10,0.005,0.025,4753,0,0,0.02419524510835262,True
2,1,12,60,25,0.0448,0,10,0.005,0.025,4693,0,0,0.025996164500319625,True
2,1,13,60,25,0.0448,0,10,0.005,0.025,4659,0,0,0.02790298347284825,True
2,1,14,60,25,0.0448,0,10,0.005,0.025,4625,0,0,0.029405405405405406,True
2,1,15,60,25,0.0448,0,10,0.005,0.025,4596,0,0,0.030461270670147953,True
2,1,16,60,25,0.0448,0,10,0.005,0.025,4570,0,0,0.03238512035010941,True
2,1,17,60,25,0.0448,0,10,0.005,0.025,4538,0,0,0.03371529308065227,True
2,1,18,60,25,0.0448,0,10,0.005,0.025,12729,0,0,0.013591012648283447,True
2,1,19,60,25,0.0448,0,10,0.005,0.025,12443,0,0,0.015510728923892951,True
2,1,20,60,25,0.0448,0,10,0.005,0.025,12115,0,0,0.017251341312422615,True
2,1,21,60,25,0.0448,0,10,0.005,0.025,11855,0,0,0.018726275832981865,True
2,1,22,60,25,0.0448,0,10,0.005,0.025,11582,0,0,0.02098083232602314,True
2,1,23,60,25,0.0448,0,10,0.005,0.025,11314,0,0,0.023068764362736433,True
2,1,24,60,25,0.0448,0,10,0.005,0.025,11062,0,0,0.025311878502983186,True
2,1,25,60,25,0.0448,0,10,0.005,0.025,10789,0,0,0.027342663824265454,True
2,1,26,60,25,0.0448,0,10,0.005,0.025,10574,0,0,0.028938906752411574,True
2,1,27,60,25,0.0448,0,10,0.005,0.025,10322,0,0,0.031098624297616742,True
2,1,28,60,25,0.0448,0,10,0.005,0.025,10082,0,0,0.03352509422733584,True
2,1,29,60,25,0.0448,0,10,0.005,0.025,9859,0,0,0.03550055786590932,True
2,1,30,60,25,0.0448,0,10,0.005,0.025,9644,0,0,0.037536291995022814,True
2,1,31,60,25,0.0448,0,10,0.005,0.025,9430,0,0,0.041357370095440084,True
2,1,32,60,25,0.0448,0,10,0.005,0.025,9228,0,0,0.043346337234503686,True
2,1,33,60,25,0.0448,0,10,0.005,0.025,9051,0,0,0.04607225720914816,True
2,1,34,60,25,0.0448,0,10,0.005,0.025,8864,0,0,0.04862364620938628,True
2,1,35,60,25,0.0448,0,10,0.005,0.025,8667,0,0,0.05042113764855198,True
2,1,36,60,25,0.0448,0,10,0.005,0.025,8488,0,0,0.05289820923656927,True
2,1,37,60,25,0.0448,0,10,0.005,0.025,8301,0,0,0.05541501023973015,True
2,1,38,60,25,0.0448,0,10,0.005,0.025,8156,0,0,0.05627758705247671,True
2,1,39,60,25,0.0448,0,10,0.005,0.025,8027,0,0,0.058676965242307214,True
2,1,40,60,25,0.0448,0,10,0.005,0.025,7893,0,0,0.06055998986443684,True
2,1,41,60,25,0.0448,0,10,0.005,0.025,7936,0,0,0.07283266129032258,True
2,1,42,60,25,0.0448,0,10,0.005,0.025,7856,0,0,0.07841140529531568,True
2,1,43,60,25,0.0448,0,10,0.005,0.025,7764,0,0,0.0810149407521896,True
2,1,44,60,25,0.0448,0,10,0.005,0.025,7728,0,0,0.08605072463768115,True
2,1,45,60,25,0.0448,0,10,0.005,0.025,7648,0,0,0.08956589958158996,True
2,1,46,60,25,0.0448,0,10,0.005,0.025,7437,0,0,0.08444265160683072,True
2,1,47,60,25,0.0448,0,10,0.005,0.025,7342,0,0,0.0853990738218469,True
2,1,48,60,25,0.0448,0,10,0.005,0.025,7238,0,0,0.08800773694390715,True
2,1,49,60,25,0.0448,0,10,0.005,0.025,7128,0,0,0.08978675645342311,True
2,1,50,60,25,0.0448,0,10,0.005,0.025,7004,0,0,0.0905197030268418,True
2,1,51,60,25,0.0448,0,10,0.005,0.025,6912,0,0,0.0931712962962963,True
2,1,52,60,25,0.0448,0,10,0.005,0.025,6822,0,0,0.09308120785693345,True
2,2,1,60,25,0.0448,0,10,0.005,0.025,6700,9,0,0.09343283582089552,False
2,2,2,60,25,0.0448,0,10,0.005,0.025,6601,9,0,0.09483411604302379,False
2,2,3,60,25,0.0448,0,10,0.005,0.025,6520,9,2,0.09769938650306749,False
2,2,4,60,25,0.0448,0,10,0.005,0.025,6415,43,4,0.09727201870615744,False
2,2,5,60,25,0.0448,0,10,0.005,0.025,6310,63,10,0.10015847860538828,False
2,2,6,60,25,0.0448,0,10,0.005,0.025,6202,103,22,0.10109642050951306,False
2,2,7,60,25,0.0448,0,10,0.005,0.025,6090,154,42,0.10311986863711002,False
2,2,8,60,25,0.0448,0,10,0.005,0.025,5985,176,54,0.10526315789473684,False
2,2,9,60,25,0.0448,0,10,0.005,0.025,5877,209,66,0.1095797175429641,False
2,2,10,60,25,0.0448,0,10,0.005,0.025,5768,229,75,0.11147711511789182,False
2,2,11,60,25,0.0448,0,10,0.005,0.025,5658,233,86,0.11488158359844468,False
2,2,12,60,25,0.0448,0,10,0.005,0.025,5540,231,90,0.1167870036101083,False
2,2,13,60,25,0.0448,0,10,0.005,0.025,5422,240,87,0.11951309479896717,False
2,2,14,60,25,0.0448,0,10,0.005,0.025,5303,225,84,0.12313784650198001,False
2,2,15,60,25,0.0448,0,10,0.005,0.025,5210,230,83,0.12629558541266794,False
2,2,16,60,25,0.0448,0,10,0.005,0.025,5096,230,88,0.1293171114599686,False
2,2,17,60,25,0.0448,0,10,0.005,0.025,5002,222,87,0.13194722111155538,False
2,2,18,60,25,0.0448,0,10,0.005,0.025,9974,196,89,0.06717465410066172,False
2,2,19,60,25,0.0448,0,10,0.005,0.025,9678,231,79,0.07119239512295929,False
2,2,20,60,25,0.0448,0,10,0.005,0.025,9419,256,75,0.07516721520331246,False
2,2,21,60,25,0.0448,0,10,0.005,0.025,9143,281,93,0.07896751613256042,False
2,2,22,60,25,0.0448,0,10,0.005,0.025,8842,282,103,0.08154263741235014,False
2,2,23,60,25,0.0448,0,10,0.005,0.025,8575,286,127,0.08548104956268221,False
2,2,24,60,25,0.0448,0,10,0.005,0.025,8342,272,112,0.0877487413090386,False
2,2,25,60,25,0.0448,0,10,0.005,0.025,8070,245,90,0.09070631970260223,False
2,2,26,60,25,0.0448,0,10,0.005,0.025,7803,236,90,0.09368191721132897,False
2,2,27,60,25,0.0448,0,10,0.005,0.025,7592,223,89,0.09720758693361434,False
2,2,28,60,25,0.0448,0,10,0.005,0.025,7341,206,93,0.10053126277073968,False
2,2,29,60,25,0.0448,0,10,0.005,0.025,7148,185,82,0.10422495803021824,False
2,2,30,60,25,0.0448,0,10,0.005,0.025,6907,146,70,0.10699290574779209,False
2,2,31,60,25,0.0448,0,10,0.005,0.025,6746,137,67,0.11117699377408835,False
2,2,32,60,25,0.0448,0,10,0.005,0.025,6567,116,49,0.11435967717374752,False
2,2,33,60,25,0.0448,0,10,0.005,0.025,6396,94,40,0.116635397123202,False
2,2,34,60,25,0.0448,0,10,0.005,0.025,6248,89,42,0.11955825864276569,False
2,2,35,60,25,0.0448,0,10,0.005,0.025,6135,85,40,0.12192339038304809,False
2,2,36,60,25,0.0448,0,10,0.005,0.025,6023,80,32,0.12518678399468702,False
2,2,37,60,25,0.0448,0,10,0.005,0.025,5846,72,25,0.1260691070817653,False
2,2,38,60,25,0.0448,0,10,0.005,0.025,5746,71,24,0.1303515489035851,False
2,2,39,60,25,0.0448,0,10,0.005,0.025,5635,73,28,0.13291925465838508,False
2,2,40,60,25,0.0448,0,10,0.005,0.025,5517,69,26,0.13739351096610478,False
2,2,41,60,25,0.0448,0,10,0.005,0.025,5689,60,24,0.16400070311126735,False
2,2,42,60,25,0.0448,0,10,0.005,0.025,5588,62,25,0.16571224051539013,False
2,2,43,60,25,0.0448,0,10,0.005,0.025,5563,61,30,0.17346755347833903,False
2,2,44,60,25,0.0448,0,10,0.005,0.025,5520,58,26,0.17644927536231883,False
2,2,45,60,25,0.0448,0,10,0.005,0.025,5486,49,19,0.1846518410499453,False
2,2,46,60,25,0.0448,0,10,0.005,0.025,5285,51,21,0.17445600756859034,False
2,2,47,60,25,0.0448,0,10,0.005,0.025,5189,63,22,0.1740219695509732,False
2,2,48,60,25,0.0448,0,10,0.005,0.025,5148,94,18,0.17696192696192697,False
2,2,49,60,25,0.0448,0,10,0.005,0.025,5095,89,19,0.17998037291462218,False
2,2,50,60,25,0.0448,0,10,0.005,0.025,5047,131,33,0.18129581929859323,False
2,2,51,60,25,0.0448,0,10,0.005,0.025,4977,153,43,0.18665862969660438,False
2,2,52,60,25,0.0448,0,10,0.005,0.025,4913,181,60,0.19010787706085894,False
2,3,1,60,25,0.0448,0,10,0.005,0.025,4826,197,67,0.19270617488603398,False
2,3,2,60,25,0.0448,0,10,0.005,0.025,4728,198,62,0.1947969543147208,False
2,3,3,60,25,0.0448,0,10,0.005,0.025,4650,209,79,0.1989247311827957,False
2,3,4,60,25,0.0448,0,10,0.005,0.025,4593,211,85,0.20313520574787722,False
2,3,5,60,25,0.0448,0,10,0.005,0.025,4503,197,75,0.20697312902509438,False
2,3,6,60,25,0.0448,0,10,0.005,0.025,4436,201,83,0.20829576194770064,False
2,3,7,60,25,0.0448,0,10,0.005,0.025,4356,191,85,0.21372819100091828,False
2,3,8,60,25,0.0448,0,10,0.005,0.025,4253,171,67,0.21890430284505055,False
2,3,9,60,25,0.0448,0,10,0.005,0.025,4165,150,70,0.22304921968787514,False
2,3,10,60,25,0.0448,0,10,0.005,0.025,4101,142,66,0.22872470129236772,False
2,3,11,60,25,0.0448,0,10,0.005,0.025,3998,123,59,0.23086543271635818,False
2,3,12,60,25,0.0448,0,10,0.005,0.025,3932,114,53,0.23575788402848424,False
2,3,13,60,25,0.0448,0,10,0.005,0.025,3852,97,32,0.24039460020768433,False
2,3,14,60,25,0.0448,0,10,0.005,0.025,3784,92,41,0.24550739957716702,False
2,3,15,60,25,0.0448,0,10,0.005,0.025,3736,91,42,0.24759100642398288,False
2,3,16,60,25,0.0448,0,10,0.005,0.025,3663,84,33,0.24952224952224952,False
2,3,17,60,25,0.0448,0,10,0.005,0.025,3600,89,33,0.25055555555555553,False
2,3,18,60,25,0.0448,0,10,0.005,0.025,8127,87,27,0.11295681063122924,False
2,3,19,60,25,0.0448,0,10,0.005,0.025,7885,117,24,0.11578947368421053,False
2,3,20,60,25,0.0448,0,10,0.005,0.025,7661,130,33,0.12048035504503328,False
2,3,21,60,25,0.0448,0,10,0.005,0.025,7456,158,50,0.1243293991416309,False
2,3,22,60,25,0.0448,0,10,0.005,0.025,7232,153,53,0.12818030973451328,False
2,3,23,60,25,0.0448,0,10,0.005,0.025,7068,161,54,0.13214487832484437,False
2,3,24,60,25,0.0448,0,10,0.005,0.025,6849,156,44,0.1357862461673237,False
2,3,25,60,25,0.0448,0,10,0.005,0.025,6670,160,49,0.14032983508245878,False
2,3,26,60,25,0.0448,0,10,0.005,0.025,6483,170,73,0.14406910380996452,False
2,3,27,60,25,0.0448,0,10,0.005,0.025,6288,165,62,0.1494910941475827,False
2,3,28,60,25,0.0448,0,10,0.005,0.025,6126,151,50,0.15311785830884753,False
2,3,29,60,25,0.0448,0,10,0.005,0.025,5979,147,61,0.15755143000501756,False
2,3,30,60,25,0.0448,0,10,0.005,0.025,5800,135,62,0.16120689655172413,False
2,3,31,60,25,0.0448,0,10,0.005,0.025,5629,122,56,0.16432758926985255,False
2,3,32,60,25,0.0448,0,10,0.005,0.025,5450,117,42,0.16844036697247705,False
2,3,33,60,25,0.0448,0,10,0.005,0.025,5341,108,35,0.17225238719340946,False
2,3,34,60,25,0.0448,0,10,0.005,0.025,5244,112,45,0.17505720823798626,False
2,3,35,60,25,0.0448,0,10,0.005,0.025,5115,103,52,0.17810361681329423,False
2,3,36,60,25,0.0448,0,10,0.005,0.025,4963,94,48,0.18214789441869836,False
2,3,37,60,25,0.0448,0,10,0.005,0.025,4825,75,28,0.18528497409326425,False
2,3,38,60,25,0.0448,0,10,0.005,0.025,4726,66,26,0.18937790943715616,False
2,3,39,60,25,0.0448,0,10,0.005,0.025,4643,61,25,0.19384018953262977,False
2,3,40,60,25,0.0448,0,10,0.005,0.025,4557,63,28,0.1968400263331139,False
2,3,41,60,25,0.0448,0,10,0.005,0.025,4834,61,26,0.2312784443525031,False
2,3,42,60,25,0.0448,0,10,0.005,0.025,4844,55,21,0.2421552436003303,False
2,3,43,60,25,0.0448,0,10,0.005,0.025,4747,62,23,0.2452074994733516,False
2,3,44,60,25,0.0448,0,10,0.005,0.025,4700,61,24,0.24680851063829787,False
2,3,45,60,25,0.0448,0,10,0.005,0.025,4690,68,25,0.25223880597014925,False
2,3,46,60,25,0.0448,0,10,0.005,0.025,4455,71,22,0.23636363636363636,False
2,3,47,60,25,0.0448,0,10,0.005,0.025,4414,68,31,0.2405980969642048,False
2,3,48,60,25,0.0448,0,10,0.005,0.025,4366,77,28,0.24095281722400366,False
2,3,49,60,25,0.0448,0,10,0.005,0.025,4294,69,22,0.24359571495109456,False
2,3,50,60,25,0.0448,0,10,0.005,0.025,4248,77,28,0.2474105461393597,False
2,3,51,60,25,0.0448,0,10,0.005,0.025,4171,74,28,0.25149844162071444,False
2,3,52,60,25,0.0448,0,10,0.005,0.025,4118,71,26,0.2554638173870811,False
2,4,1,60,25,0.0448,0,10,0.005,0.025,4052,66,32,0.2598716683119447,False
2,4,2,60,25,0.0448,0,10,0.005,0.025,3991,69,34,0.26259082936607364,False
2,4,3,60,25,0.0448,0,10,0.005,0.025,3915,60,21,0.2674329501915709,False
2,4,4,60,25,0.0448,0,10,0.005,0.025,3859,65,20,0.2707955428867582,False
2,4,5,60,25,0.0448,0,10,0.005,0.025,3796,71,23,0.2731822971548999,False
2,4,6,60,25,0.0448,0,10,0.005,0.025,3748,73,23,0.27774813233724654,False
2,4,7,60,25,0.0448,0,10,0.005,0.025,3691,69,30,0.27797344892982934,False
2,4,8,60,25,0.0448,0,10,0.005,0.025,3636,62,30,0.28052805280528054,False
2,4,9,60,25,0.0448,0,10,0.005,0.025,3590,58,24,0.28328690807799445,False
2,4,10,60,25,0.0448,0,10,0.005,0.025,3531,51,20,0.28830359671481165,False
2,4,11,60,25,0.0448,0,10,0.005,0.025,3488,47,16,0.29128440366972475,False
2,4,12,60,25,0.0448,0,10,0.005,0.025,3445,44,18,0.2943396226415094,False
2,4,13,60,25,0.0448,0,10,0.005,0.025,3387,43,19,0.2964275169766755,False
2,4,14,60,25,0.0448,0,10,0.005,0.025,3340,39,17,0.2964071856287425,False
2,4,15,60,25,0.0448,0,10,0.005,0.025,3291,31,15,0.2996049832877545,False
2,4,16,60,25,0.0448,0,10,0.005,0.025,3254,31,12,0.30331899200983403,False
2,4,17,60,25,0.0448,0,10,0.005,0.025,3213,29,9,0.30656707127295363,False
2,4,18,60,25,0.0448,0,10,0.005,0.025,7250,27,8,0.13627586206896553,False
2,4,19,60,25,0.0448,0,10,0.005,0.025,7102,40,10,0.139678963672205,False
2,4,20,60,25,0.0448,0,10,0.005,0.025,6929,44,13,0.14302208110838505,False
2,4,21,60,25,0.0448,0,10,0.005,0.025,6736,54,16,0.14726840855106887,False
2,4,22,60,25,0.0448,0,10,0.005,0.025,6578,62,17,0.15156582547886896,False
2,4,23,60,25,0.0448,0,10,0.005,0.025,6415,71,21,0.1568199532346064,False
2,4,24,60,25,0.0448,0,10,0.005,0.025,6238,88,22,0.1603077909586406,False
2,4,25,60,25,0.0448,0,10,0.005,0.025,6073,89,24,0.16466326362588507,False
2,4,26,60,25,0.0448,0,10,0.005,0.025,5938,93,32,0.16840687100033683,False
2,4,27,60,25,0.0448,0,10,0.005,0.025,5798,99,39,0.1719558468437392,False
2,4,28,60,25,0.0448,0,10,0.005,0.025,5632,93,40,0.17613636363636365,False
2,4,29,60,25,0.0448,0,10,0.005,0.025,5503,87,34,0.18026530983100128,False
2,4,30,60,25,0.0448,0,10,0.005,0.025,5363,80,31,0.18515756106656722,False
2,4,31,60,25,0.0448,0,10,0.005,0.025,5218,73,31,0.18819471061709467,False
2,4,32,60,25,0.0448,0,10,0.005,0.025,5099,73,30,0.1923906648362424,False
2,4,33,60,25,0.0448,0,10,0.005,0.025,4982,65,25,0.19490164592533119,False
2,4,34,60,25,0.0448,0,10,0.005,0.025,4892,54,26,0.20114472608340148,False
2,4,35,60,25,0.0448,0,10,0.005,0.025,4799,54,23,0.20504271723275683,False
2,4,36,60,25,0.0448,0,10,0.005,0.025,4706,42,18,0.2084572885677858,False
2,4,37,60,25,0.0448,0,10,0.005,0.025,4621,39,21,0.2116425016230253,False
2,4,38,60,25,0.0448,0,10,0.005,0.025,4546,34,15,0.21425428948526176,False
2,4,39,60,25,0.0448,0,10,0.005,0.025,4481,31,10,0.2182548538272707,False
2,4,40,60,25,0.0448,0,10,0.005,0.025,4413,30,11,0.21889870836165873,False
2,4,41,60,25,0.0448,0,10,0.005,0.025,4603,35,12,0.244405822289811,False
2,4,42,60,25,0.0448,0,10,0.005,0.025,4554,34,14,0.24967061923583664,False
2,4,43,60,25,0.0448,0,10,0.005,0.025,4519,39,12,0.2551449435715866,False
2,4,44,60,25,0.0448,0,10,0.005,0.025,4516,35,8,0.2557573073516386,False
2,4,45,60,25,0.0448,0,10,0.005,0.025,4483,36,13,0.2629935311175552,False
2,4,46,60,25,0.0448,0,10,0.005,0.025,4273,39,17,0.25040954832670254,False
2,4,47,60,25,0.0448,0,10,0.005,0.025,4230,43,18,0.2520094562647754,False
2,4,48,60,25,0.0448,0,10,0.005,0.025,4197,42,14,0.25685013104598525,False
2,4,49,60,25,0.0448,0,10,0.005,0.025,4164,35,10,0.2598463016330452,False
2,4,50,60,25,0.0448,0,10,0.005,0.025,4093,36,14,0.26435377473735644,False
2,4,51,60,25,0.0448,0,10,0.005,0.025,4041,47,16,0.2650334075723831,False
2,4,52,60,25,0.0448,0,10,0.005,0.025,3973,50,14,0.26705260508431916,False
2,5,1,60,25,0.0448,0,10,0.005,0.025,3915,52,19,0.2689655172413793,False
2,5,2,60,25,0.0448,0,10,0.005,0.025,3868,56,25,0.27249224405377453,False
2,5,3,60,25,0.0448,0,10,0.005,0.025,3811,55,20,0.27525583836263445,False
2,5,4,60,25,0.0448,0,10,0.005,0.025,3746,56,17,0.2778964228510411,False
2,5,5,60,25,0.0448,0,10,0.005,0.025,3693,55,27,0.28053073382074195,False
2,5,6,60,25,0.0448,0,10,0.005,0.025,3637,50,22,0.28292548803959305,False
2,5,7,60,25,0.0448,0,10,0.005,0.025,3573,38,12,0.2877134061013154,False
2,5,8,60,25,0.0448,0,10,0.005,0.025,3519,40,18,0.2901392441034385,False
2,5,9,60,25,0.0448,0,10,0.005,0.025,3473,35,18,0.29167866397926867,False
2,5,10,60,25,0.0448,0,10,0.005,0.025,3426,31,12,0.29451255107997665,False
2,5,11,60,25,0.0448,0,10,0.005,0.025,3378,26,8,0.2963291888691533,False
2,5,12,60,25,0.0448,0,10,0.005,0.025,3343,23,9,0.2985342506730482,False
2,5,13,60,25,0.0448,0,10,0.005,0.025,3303,24,9,0.3009385407205571,False
2,5,14,60,25,0.0448,0,10,0.005,0.025,3255,22,9,0.3029185867895545,False
2,5,15,60,25,0.0448,0,10,0.005,0.025,3226,20,9,0.30440173589584624,False
2,5,16,60,25,0.0448,0,10,0.005,0.025,3191,17,8,0.3080539015982451,False
2,5,17,60,25,0.0448,0,10,0.005,0.025,3151,16,9,0.31037765788638527,False
2,5,18,60,25,0.0448,0,10,0.005,0.025,6978,13,7,0.13986815706506162,False
2,5,19,60,25,0.0448,0,10,0.005,0.025,6831,20,4,0.14361001317523056,False
2,5,20,60,25,0.0448,0,10,0.005,0.025,6691,23,5,0.14646540128530863,False
2,5,21,60,25,0.0448,0,10,0.005,0.025,6542,30,8,0.15071843472944055,False
2,5,22,60,25,0.0448,0,10,0.005,0.025,6386,30,9,0.15330410272471032,False
2,5,23,60,25,0.0448,0,10,0.005,0.025,6202,38,12,0.1584972589487262,False
2,5,24,60,25,0.0448,0,10,0.005,0.025,6062,38,14,0.16133289343451007,False
2,5,25,60,25,0.0448,0,10,0.005,0.025,5912,40,12,0.16542625169147496,False
2,5,26,60,25,0.0448,0,10,0.005,0.025,5755,36,12,0.169244135534318,False
2,5,27,60,25,0.0448,0,10,0.005,0.025,5622,43,13,0.17324795446460334,False
2,5,28,60,25,0.0448,0,10,0.005,0.025,5515,43,15,0.17624660018132365,False
2,5,29,60,25,0.0448,0,10,0.005,0.025,5404,46,19,0.17949666913397483,False
2,5,30,60,25,0.0448,0,10,0.005,0.025,5272,47,22,0.18399089529590287,False
2,5,31,60,25,0.0448,0,10,0.005,0.025,5178,42,19,0.1873310158362302,False
2,5,32,60,25,0.0448,0,10,0.005,0.025,5039,36,12,0.1907124429450288,False
2,5,33,60,25,0.0448,0,10,0.005,0.025,4911,34,9,0.19507228670331908,False
2,5,34,60,25,0.0448,0,10,0.005,0.025,4811,33,9,0.1980877156516317,False
2,5,35,60,25,0.0448,0,10,0.005,0.025,4711,38,12,0.2008066227977075,False
2,5,36,60,25,0.0448,0,10,0.005,0.025,4582,40,16,0.20536883457005675,False
2,5,37,60,25,0.0448,0,10,0.005,0.025,4491,38,14,0.21086617679804054,False
2,5,38,60,25,0.0448,0,10,0.005,0.025,4419,29,12,0.2140755827110206,False
2,5,39,60,25,0.0448,0,10,0.005,0.025,4345,25,10,0.21818181818181817,False
2,5,40,60,25,0.0448,0,10,0.005,0.025,4288,22,9,0.22131529850746268,False
2,5,41,60,25,0.0448,0,10,0.005,0.025,4548,24,14,0.25439753737906773,False
2,5,42,60,25,0.0448,0,10,0.005,0.025,4503,26,12,0.2598267821452365,False
2,5,43,60,25,0.0448,0,10,0.005,0.025,4507,14,6,0.2695806523186155,False
2,5,44,60,25,0.0448,0,10,0.005,0.025,4440,14,5,0.2711711711711712,False
2,5,45,60,25,0.0448,0,10,0.005,0.025,4398,13,3,0.27512505684402,False
2,5,46,60,25,0.0448,0,10,0.005,0.025,4236,17,6,0.26369216241737486,False
2,5,47,60,25,0.0448,0,10,0.005,0.025,4190,22,6,0.2630071599045346,False
2,5,48,60,25,0.0448,0,10,0.005,0.025,4127,25,8,0.2650835958323237,False
2,5,49,60,25,0.0448,0,10,0.005,0.025,4073,32,10,0.26663393076356495,False
2,5,50,60,25,0.0448,0,10,0.005,0.025,4014,26,10,0.26980568011958145,False
2,5,51,60,25,0.0448,0,10,0.005,0.025,3970,24,9,0.2710327455919396,False
2,5,52,60,25,0.0448,0,10,0.005,0.025,3912,26,8,0.27351738241308793,False
2,6,1,60,25,0.0448,0,10,0.005,0.025,3848,23,9,0.27364864864864863,False
2,6,2,60,25,0.0448,0,10,0.005,0.025,3776,25,6,0.2767478813559322,False
2,6,3,60,25,0.0448,0,10,0.005,0.025,3719,24,9,0.279107286905082,False
2,6,4,60,25,0.0448,0,10,0.005,0.025,3687,29,9,0.28261459180905885,False
2,6,5,60,25,0.0448,0,10,0.005,0.025,3633,26,7,0.2846132672722268,False
2,6,6,60,25,0.0448,0,10,0.005,0.025,3602,27,13,0.2878956135480289,False
2,6,7,60,25,0.0448,0,10,0.005,0.025,3553,27,14,0.29074021953278917,False
2,6,8,60,25,0.0448,0,10,0.005,0.025,3500,21,10,0.29314285714285715,False
2,6,9,60,25,0.0448,0,10,0.005,0.025,3439,18,5,0.29630706600756035,False
2,6,10,60,25,0.0448,0,10,0.005,0.025,3402,18,6,0.30011757789535565,False
2,6,11,60,25,0.0448,0,10,0.005,0.025,3370,18,11,0.30148367952522254,False
2,6,12,60,25,0.0448,0,10,0.005,0.025,3317,16,9,0.3029846246608381,False
2,6,13,60,25,0.0448,0,10,0.005,0.025,3273,10,5,0.3073632752826153,False
2,6,14,60,25,0.0448,0,10,0.005,0.025,3240,8,5,0.31080246913580245,False
2,6,15,60,25,0.0448,0,10,0.005,0.025,3199,7,2,0.31259768677711786,False
2,6,16,60,25,0.0448,0,10,0.005,0.025,3161,5,2,0.31350838342296744,False
2,6,17,60,25,0.0448,0,10,0.005,0.025,3124,5,4,0.31626120358514725,False
2,6,18,60,25,0.0448,0,10,0.005,0.025,7037,4,2,0.1401165269290891,False
2,6,19,60,25,0.0448,0,10,0.005,0.025,6911,2,1,0.14397337577774563,False
2,6,20,60,25,0.0448,0,10,0.005,0.025,6769,12,2,0.14714137981976658,False
2,6,21,60,25,0.0448,0,10,0.005,0.025,6670,17,1,0.1497751124437781,False
2,6,22,60,25,0.0448,0,10,0.005,0.025,6490,15,2,0.15485362095531588,False
2,6,23,60,25,0.0448,0,10,0.005,0.025,6315,19,7,0.1593032462391132,False
2,6,24,60,25,0.0448,0,10,0.005,0.025,6072,18,8,0.16452569169960474,False
2,6,25,60,25,0.0448,0,10,0.005,0.025,5893,22,9,0.1683353130833192,False
2,6,26,60,25,0.0448,0,10,0.005,0.025,5748,23,8,0.17136395267919277,False
2,6,27,60,25,0.0448,0,10,0.005,0.025,5630,22,8,0.1733570159857904,False
2,6,28,60,25,0.0448,0,10,0.005,0.025,5499,24,9,0.1783960720130933,False
2,6,29,60,25,0.0448,0,10,0.005,0.025,5380,25,10,0.18271375464684014,False
2,6,30,60,25,0.0448,0,10,0.005,0.025,5250,26,10,0.18495238095238095,False
2,6,31,60,25,0.0448,0,10,0.005,0.025,5127,24,12,0.1889994148624927,False
2,6,32,60,25,0.0448,0,10,0.005,0.025,5002,23,13,0.19292283086765294,False
2,6,33,60,25,0.0448,0,10,0.005,0.025,4885,16,8,0.1971340839303992,False
2,6,34,60,25,0.0448,0,10,0.005,0.025,4775,16,5,0.19916230366492146,False
2,6,35,60,25,0.0448,0,10,0.005,0.025,4660,16,4,0.20257510729613734,False
2,6,36,60,25,0.0448,0,10,0.005,0.025,4577,17,4,0.20493773213895564,False
2,6,37,60,25,0.0448,0,10,0.005,0.025,4500,15,7,0.21066666666666667,False
2,6,38,60,25,0.0448,0,10,0.005,0.025,4429,16,9,0.21246331000225785,False
2,6,39,60,25,0.0448,0,10,0.005,0.025,4367,16,6,0.21433478360430502,False
2,6,40,60,25,0.0448,0,10,0.005,0.025,4309,14,5,0.21745184497563239,False
2,6,41,60,25,0.0448,0,10,0.005,0.025,4532,13,6,0.2511032656663725,False
2,6,42,60,25,0.0448,0,10,0.005,0.025,4506,10,5,0.25454948956946294,False
2,6,43,60,25,0.0448,0,10,0.005,0.025,4432,12,5,0.25383574007220217,False
2,6,44,60,25,0.0448,0,10,0.005,0.025,4411,15,5,0.2625255044207663,False
2,6,45,60,25,0.0448,0,10,0.005,0.025,4383,16,2,0.25827059091946153,False
2,6,46,60,25,0.0448,0,10,0.005,0.025,4223,14,4,0.24982240113663273,False
2,6,47,60,25,0.0448,0,10,0.005,0.025,4169,16,9,0.2513792276325258,False
2,6,48,60,25,0.0448,0,10,0.005,0.025,4097,17,8,0.2516475469855992,False
2,6,49,60,25,0.0448,0,10,0.005,0.025,4057,14,6,0.25610056692137045,False
2,6,50,60,25,0.0448,0,10,0.005,0.025,3992,15,6,0.2545090180360721,False
2,6,51,60,25,0.0448,0,10,0.005,0.025,3919,12,8,0.25669813727991836,False
2,6,52,60,25,0.0448,0,10,0.005,0.025,3867,21,5,0.2583397982932506,False
2,7,1,60,25,0.0448,0,10,0.005,0.025,3819,16,4,0.26184865147944486,False
2,7,2,60,25,0.0448,0,10,0.005,0.025,3779,26,5,0.2630325482931993,False
2,7,3,60,25,0.0448,0,10,0.005,0.025,3741,23,9,0.2659716653301256,False
2,7,4,60,25,0.0448,0,10,0.005,0.025,3700,30,11,0.26675675675675675,False
2,7,5,60,25,0.0448,0,10,0.005,0.025,3651,29,8,0.26595453300465627,False
2,7,6,60,25,0.0448,0,10,0.005,0.025,3614,34,13,0.27006087437742116,False
2,7,7,60,25,0.0448,0,10,0.005,0.025,3574,30,13,0.2728035814213766,False
2,7,8,60,25,0.0448,0,10,0.005,0.025,3523,27,13,0.2753335225659949,False
2,7,9,60,25,0.0448,0,10,0.005,0.025,3489,26,11,0.27916308397821726,False
2,7,10,60,25,0.0448,0,10,0.005,0.025,3445,26,8,0.2809869375907112,False
2,7,11,60,25,0.0448,0,10,0.005,0.025,3399,27,13,0.28302441894674907,False
2,7,12,60,25,0.0448,0,10,0.005,0.025,3358,22,10,0.2858844550327576,False
2,7,13,60,25,0.0448,0,10,0.005,0.025,3303,17,5,0.2900393581592492,False
2,7,14,60,25,0.0448,0,10,0.005,0.025,3270,17,8,0.29174311926605506,False
2,7,15,60,25,0.0448,0,10,0.005,0.025,3239,16,11,0.29577029947514666,False
2,7,16,60,25,0.0448,0,10,0.005,0.025,3216,13,6,0.2972636815920398,False
2,7,17,60,25,0.0448,0,10,0.005,0.025,3177,13,3,0.3005980484734026,False
2,7,18,60,25,0.0448,0,10,0.005,0.025,7175,14,4,0.13337979094076655,False
2,7,19,60,25,0.0448,0,10,0.005,0.025,7043,24,5,0.13587959676274314,False
2,7,20,60,25,0.0448,0,10,0.005,0.025,6909,40,6,0.1395281516862064,False
2,7,21,60,25,0.0448,0,10,0.005,0.025,6708,43,10,0.14251639833035182,False
2,7,22,60,25,0.0448,0,10,0.005,0.025,6568,60,20,0.14646772228989038,False
2,7,23,60,25,0.0448,0,10,0.005,0.025,6412,60,25,0.14893948845913912,False
2,7,24,60,25,0.0448,0,10,0.005,0.025,6269,62,20,0.15265592598500557,False
2,7,25,60,25,0.0448,0,10,0.005,0.025,6065,60,21,0.1553173948887057,False
2,7,26,60,25,0.0448,0,10,0.005,0.025,5893,55,26,0.15866282029526557,False
2,7,27,60,25,0.0448,0,10,0.005,0.025,5750,44,17,0.16295652173913044,False
2,7,28,60,25,0.0448,0,10,0.005,0.025,5624,39,16,0.16714082503556188,False
2,7,29,60,25,0.0448,0,10,0.005,0.025,5498,41,17,0.16969807202619133,False
2,7,30,60,25,0.0448,0,10,0.005,0.025,5373,34,14,0.1740182393448725,False
2,7,31,60,25,0.0448,0,10,0.005,0.025,5239,32,13,0.17713304065661387,False
2,7,32,60,25,0.0448,0,10,0.005,0.025,5149,30,14,0.18197708292872403,False
2,7,33,60,25,0.0448,0,10,0.005,0.025,5037,24,12,0.18582489577129244,False
2,7,34,60,25,0.0448,0,10,0.005,0.025,4933,19,8,0.18690452057571458,False
2,7,35,60,25,0.0448,0,10,0.005,0.025,4822,19,9,0.1922438822065533,False
2,7,36,60,25,0.0448,0,10,0.005,0.025,4727,15,8,0.19568436640575418,False
2,7,37,60,25,0.0448,0,10,0.005,0.025,4626,12,6,0.19779507133592736,False
2,7,38,60,25,0.0448,0,10,0.005,0.025,4563,14,5,0.20008766162612315,False
2,7,39,60,25,0.0448,0,10,0.005,0.025,4496,15,3,0.20284697508896798,False
2,7,40,60,25,0.0448,0,10,0.005,0.025,4424,14,3,0.20501808318264014,False
2,7,41,60,25,0.0448,0,10,0.005,0.025,4671,16,4,0.2350674373795761,False
2,7,42,60,25,0.0448,0,10,0.005,0.025,4645,13,3,0.23982777179763187,False
2,7,43,60,25,0.0448,0,10,0.005,0.025,4591,15,6,0.24068830320191678,False
2,7,44,60,25,0.0448,0,10,0.005,0.025,4555,22,6,0.24610318331503842,False
2,7,45,60,25,0.0448,0,10,0.005,0.025,4523,25,12,0.24850762768074286,False
2,7,46,60,25,0.0448,0,10,0.005,0.025,4323,35,11,0.23548461716400648,False
2,7,47,60,25,0.0448,0,10,0.005,0.025,4266,36,8,0.2390998593530239,False
2,7,48,60,25,0.0448,0,10,0.005,0.025,4210,44,10,0.24014251781472684,False
2,7,49,60,25,0.0448,0,10,0.005,0.025,4150,46,17,0.2457831325301205,False
2,7,50,60,25,0.0448,0,10,0.005,0.025,4115,54,18,0.24933171324422843,False
2,7,51,60,25,0.0448,0,10,0.005,0.025,4039,49,16,0.2520425847982174,False
2,7,52,60,25,0.0448,0,10,0.005,0.025,4001,48,22,0.2561859535116221,False
2,8,1,60,25,0.0448,0,10,0.005,0.025,3937,46,20,0.25933451866903734,False
2,8,2,60,25,0.0448,0,10,0.005,0.025,3894,42,16,0.2642526964560863,False
2,8,3,60,25,0.0448,0,10,0.005,0.025,3827,39,11,0.2646981970211654,False
2,8,4,60,25,0.0448,0,10,0.005,0.025,3792,36,14,0.26845991561181437,False
2,8,5,60,25,0.0448,0,10,0.005,0.025,3753,37,17,0.27151612043698375,False
2,8,6,60,25,0.0448,0,10,0.005,0.025,3704,30,16,0.27510799136069114,False
2,8,7,60,25,0.0448,0,10,0.005,0.025,3641,37,12,0.2771216698709146,False
2,8,8,60,25,0.0448,0,10,0.005,0.025,3588,33,11,0.2814938684503902,False
2,8,9,60,25,0.0448,0,10,0.005,0.025,3546,32,11,0.28341793570219964,False
2,8,10,60,25,0.0448,0,10,0.005,0.025,3512,29,8,0.2873006833712984,False
2,8,11,60,25,0.0448,0,10,0.005,0.025,3469,29,12,0.2905736523493802,False
2,8,12,60,25,0.0448,0,10,0.005,0.025,3431,29,12,0.29262605654328183,False
2,8,13,60,25,0.0448,0,10,0.005,0.025,3382,22,7,0.29361324659964516,False
2,8,14,60,25,0.0448,0,10,0.005,0.025,3333,20,12,0.2976297629762976,False
2,8,15,60,25,0.0448,0,10,0.005,0.025,3287,17,10,0.30057803468208094,False
2,8,16,60,25,0.0448,0,10,0.005,0.025,3246,15,3,0.30406654343807765,False
2,8,17,60,25,0.0448,0,10,0.005,0.025,3210,12,3,0.305607476635514,False
2,8,18,60,25,0.0448,0,10,0.005,0.025,7049,13,6,0.1393105405021989,False
2,8,19,60,25,0.0448,0,10,0.005,0.025,6949,16,6,0.141747013958843,False
2,8,20,60,25,0.0448,0,10,0.005,0.025,6843,23,6,0.1454040625456671,False
2,8,21,60,25,0.0448,0,10,0.005,0.025,6675,33,8,0.14891385767790263,False
2,8,22,60,25,0.0448,0,10,0.005,0.025,6525,46,12,0.1532567049808429,False
2,8,23,60,25,0.0448,0,10,0.005,0.025,6387,53,19,0.15860341318302804,False
2,8,24,60,25,0.0448,0,10,0.005,0.025,6242,64,23,0.16148670297981416,False
2,8,25,60,25,0.0448,0,10,0.005,0.025,6105,57,19,0.16576576576576577,False
2,8,26,60,25,0.0448,0,10,0.005,0.025,5980,56,23,0.16939799331103678,False
2,8,27,60,25,0.0448,0,10,0.005,0.025,5837,51,18,0.1732054137399349,False
2,8,28,60,25,0.0448,0,10,0.005,0.025,5693,45,14,0.17582996662568065,False
2,8,29,60,25,0.0448,0,10,0.005,0.025,5568,45,15,0.17977729885057472,False
2,8,30,60,25,0.0448,0,10,0.005,0.025,5469,46,18,0.18504296946425305,False
2,8,31,60,25,0.0448,0,10,0.005,0.025,5367,46,22,0.18818706912614122,False
2,8,32,60,25,0.0448,0,10,0.005,0.025,5270,43,17,0.19184060721062618,False
2,8,33,60,25,0.0448,0,10,0.005,0.025,5151,35,12,0.19471947194719472,False
2,8,34,60,25,0.0448,0,10,0.005,0.025,5015,33,11,0.19720837487537388,False
2,8,35,60,25,0.0448,0,10,0.005,0.025,4907,34,14,0.20052985530874262,False
2,8,36,60,25,0.0448,0,10,0.005,0.025,4799,33,16,0.20504271723275683,False
2,8,37,60,25,0.0448,0,10,0.005,0.025,4718,28,12,0.20813904196693514,False
2,8,38,60,25,0.0448,0,10,0.005,0.025,4658,23,10,0.2121082009446114,False
2,8,39,60,25,0.0448,0,10,0.005,0.025,4574,19,10,0.21578487101005683,False
2,8,40,60,25,0.0448,0,10,0.005,0.025,4509,19,9,0.22066977156797515,False
2,8,41,60,25,0.0448,0,10,0.005,0.025,4724,21,8,0.2504233700254022,False
2,8,42,60,25,0.0448,0,10,0.005,0.025,4716,23,7,0.25636132315521626,False
2,8,43,60,25,0.0448,0,10,0.005,0.025,4670,21,9,0.26295503211991433,False
2,8,44,60,25,0.0448,0,10,0.005,0.025,4624,25,11,0.26038062283737023,False
2,8,45,60,25,0.0448,0,10,0.005,0.025,4593,27,9,0.2677988242978446,False
2,8,46,60,25,0.0448,0,10,0.005,0.025,4379,30,8,0.25302580497830557,False
2,8,47,60,25,0.0448,0,10,0.005,0.025,4322,32,10,0.2528921795465062,False
2,8,48,60,25,0.0448,0,10,0.005,0.025,4272,38,15,0.25585205992509363,False
2,8,49,60,25,0.0448,0,10,0.005,0.025,4248,39,14,0.2572975517890772,False
2,8,50,60,25,0.0448,0,10,0.005,0.025,4212,47,13,0.2606837606837607,False
2,8,51,60,25,0.0448,0,10,0.005,0.025,4176,49,16,0.26412835249042144,False
2,8,52,60,25,0.0448,0,10,0.005,0.025,4116,48,21,0.26797862001943634,False
2,9,1,60,25,0.0448,0,10,0.005,0.025,4081,55,27,0.2705219308992894,False
2,9,2,60,25,0.0448,0,10,0.005,0.025,4020,49,24,0.27437810945273633,False
2,9,3,60,25,0.0448,0,10,0.005,0.025,3965,41,21,0.27793190416141234,False
2,9,4,60,25,0.0448,0,10,0.005,0.025,3909,36,15,0.2803786134561269,False
2,9,5,60,25,0.0448,0,10,0.005,0.025,3872,30,12,0.28486570247933884,False
2,9,6,60,25,0.0448,0,10,0.005,0.025,3821,28,14,0.286574195236849,False
2,9,7,60,25,0.0448,0,10,0.005,0.025,3777,24,12,0.28885358750330953,False
2,9,8,60,25,0.0448,0,10,0.005,0.025,3732,18,7,0.2920685959271168,False
2,9,9,60,25,0.0448,0,10,0.005,0.025,3689,16,7,0.2933044185416102,False
2,9,10,60,25,0.0448,0,10,0.005,0.025,3649,16,4,0.2959714990408331,False
2,9,11,60,25,0.0448,0,10,0.005,0.025,3595,11,6,0.29819193324061194,False
2,9,12,60,25,0.0448,0,10,0.005,0.025,3568,15,9,0.3024103139013453,False
2,9,13,60,25,0.0448,0,10,0.005,0.025,3526,15,5,0.3026091888825865,False
2,9,14,60,25,0.0448,0,10,0.005,0.025,3489,19,6,0.30438521066208085,False
2,9,15,60,25,0.0448,0,10,0.005,0.025,3455,24,11,0.30564399421128796,False
2,9,16,60,25,0.0448,0,10,0.005,0.025,3419,23,10,0.30798479087452474,False
2,9,17,60,25,0.0448,0,10,0.005,0.025,3385,18,8,0.3119645494830133,False
2,9,18,60,25,0.0448,0,10,0.005,0.025,7093,17,9,0.13407584942901452,False
2,9,19,60,25,0.0448,0,10,0.005,0.025,6955,15,6,0.1368799424874191,False
2,9,20,60,25,0.0448,0,10,0.005,0.025,6812,23,4,0.1396065766294774,False
2,9,21,60,25,0.0448,0,10,0.005,0.025,6677,34,8,0.14482552044331287,False
2,9,22,60,25,0.0448,0,10,0.005,0.025,6507,33,17,0.14845550945136007,False
2,9,23,60,25,0.0448,0,10,0.005,0.025,6354,27,16,0.1528171230720806,False
2,9,24,60,25,0.0448,0,10,0.005,0.025,6187,22,9,0.15629545821884597,False
2,9,25,60,25,0.0448,0,10,0.005,0.025,6034,25,8,0.158435531985416,False
2,9,26,60,25,0.0448,0,10,0.005,0.025,5908,23,5,0.16164522681110358,False
2,9,27,60,25,0.0448,0,10,0.005,0.025,5796,26,5,0.1652864044168392,False
2,9,28,60,25,0.0448,0,10,0.005,0.025,5702,29,8,0.16836197825324448,False
2,9,29,60,25,0.0448,0,10,0.005,0.025,5577,33,12,0.17231486462255693,False
2,9,30,60,25,0.0448,0,10,0.005,0.025,5445,31,12,0.17575757575757575,False
2,9,31,60,25,0.0448,0,10,0.005,0.025,5328,27,9,0.1799924924924925,False
2,9,32,60,25,0.0448,0,10,0.005,0.025,5232,25,9,0.18425076452599387,False
2,9,33,60,25,0.0448,0,10,0.005,0.025,5127,20,9,0.18860932319094986,False
2,9,34,60,25,0.0448,0,10,0.005,0.025,5023,20,9,0.19271351781803703,False
2,9,35,60,25,0.0448,0,10,0.005,0.025,4927,19,9,0.1966714024761518,False
2,9,36,60,25,0.0448,0,10,0.005,0.025,4838,20,8,0.20152955766845804,False
2,9,37,60,25,0.0448,0,10,0.005,0.025,4738,18,6,0.20578303081468974,False
2,9,38,60,25,0.0448,0,10,0.005,0.025,4682,15,7,0.20739000427167878,False
2,9,39,60,25,0.0448,0,10,0.005,0.025,4615,14,7,0.2084507042253521,False
2,9,40,60,25,0.0448,0,10,0.005,0.025,4560,11,5,0.21118421052631578,False
2,9,41,60,25,0.0448,0,10,0.005,0.025,4816,10,7,0.2423172757475083,False
2,9,42,60,25,0.0448,0,10,0.005,0.025,4763,10,6,0.24606340541675414,False
2,9,43,60,25,0.0448,0,10,0.005,0.025,4728,6,2,0.24830795262267344,False
2,9,44,60,25,0.0448,0,10,0.005,0.025,4769,6,2,0.2549800796812749,False
2,9,45,60,25,0.0448,0,10,0.005,0.025,4711,8,3,0.2568456803226491,False
2,9,46,60,25,0.0448,0,10,0.005,0.025,4509,8,3,0.24506542470614326,False
2,9,47,60,25,0.0448,0,10,0.005,0.025,4447,11,3,0.24668315718461883,False
2,9,48,60,25,0.0448,0,10,0.005,0.025,4415,14,3,0.24711211778029446,False
2,9,49,60,25,0.0448,0,10,0.005,0.025,4368,15,3,0.24977106227106227,False
2,9,50,60,25,0.0448,0,10,0.005,0.025,4351,16,8,0.25166628361296256,False
2,9,51,60,25,0.0448,0,10,0.005,0.025,4317,22,8,0.2564280750521195,False
2,9,52,60,25,0.0448,0,10,0.005,0.025,4282,25,5,0.2615600186828585,False
2,10,1,60,25,0.0448,0,10,0.005,0.025,4222,33,7,0.2636191378493605,False
2,10,2,60,25,0.0448,0,10,0.005,0.025,4180,38,9,0.2657894736842105,False
2,10,3,60,25,0.0448,0,10,0.005,0.025,4144,35,10,0.2709942084942085,False
2,10,4,60,25,0.0448,0,10,0.005,0.025,4096,33,15,0.2724609375,False
2,10,5,60,25,0.0448,0,10,0.005,0.025,4031,36,15,0.2756139915653684,False
2,10,6,60,25,0.0448,0,10,0.005,0.025,3972,31,9,0.276686807653575,False
2,10,7,60,25,0.0448,0,10,0.005,0.025,3934,31,10,0.2793594306049822,False
2,10,8,60,25,0.0448,0,10,0.005,0.025,3891,35,13,0.2824466718067335,False
2,10,9,60,25,0.0448,0,10,0.005,0.025,3839,37,13,0.2857514977858817,False
2,10,10,60,25,0.0448,0,10,0.005,0.025,3794,39,13,0.2878228782287823,False
2,10,11,60,25,0.0448,0,10,0.005,0.025,3760,37,14,0.2904255319148936,False
2,10,12,60,25,0.0448,0,10,0.005,0.025,3723,33,16,0.29170024174053183,False
2,10,13,60,25,0.0448,0,10,0.005,0.025,3667,28,12,0.29479138260158166,False
2,10,14,60,25,0.0448,0,10,0.005,0.025,3622,23,8,0.2981778023191607,False
2,10,15,60,25,0.0448,0,10,0.005,0.025,3583,20,8,0.3011442924923249,False
2,10,16,60,25,0.0448,0,10,0.005,0.025,3540,19,9,0.30480225988700566,False
2,10,17,60,25,0.0448,0,10,0.005,0.025,3505,17,8,0.30813124108416545,False
2,10,18,60,25,0.0448,0,10,0.005,0.025,7691,13,7,0.13314263424782213,False
2,10,19,60,25,0.0448,0,10,0.005,0.025,7556,25,5,0.1356537850714664,False
2,10,20,60,25,0.0448,0,10,0.005,0.025,7417,23,6,0.13900498853984092,False
2,10,21,60,25,0.0448,0,10,0.005,0.025,7268,32,14,0.14130434782608695,False
2,10,22,60,25,0.0448,0,10,0.005,0.025,7110,38,16,0.1451476793248945,False
2,10,23,60,25,0.0448,0,10,0.005,0.025,6900,33,11,0.1491304347826087,False
2,10,24,60,25,0.0448,0,10,0.005,0.025,6753,37,12,0.15370946246112838,False
2,10,25,60,25,0.0448,0,10,0.005,0.025,6623,37,17,0.1579344707836328,False
2,10,26,60,25,0.0448,0,10,0.005,0.025,6473,40,15,0.16236675420979454,False
2,10,27,60,25,0.0448,0,10,0.005,0.025,6344,33,9,0.16551071878940732,False
2,10,28,60,25,0.0448,0,10,0.005,0.025,6213,32,11,0.1699661999034283,False
2,10,29,60,25,0.0448,0,10,0.005,0.025,6086,31,15,0.17318435754189945,False
2,10,30,60,25,0.0448,0,10,0.005,0.025,5970,29,13,0.1760469011725293,False
2,10,31,60,25,0.0448,0,10,0.005,0.025,5858,25,9,0.1800955957664732,False
2,10,32,60,25,0.0448,0,10,0.005,0.025,5745,23,9,0.18294168842471714,False
2,10,33,60,25,0.0448,0,10,0.005,0.025,5613,24,8,0.1884910030286834,False
2,10,34,60,25,0.0448,0,10,0.005,0.025,5483,20,8,0.19259529454678095,False
2,10,35,60,25,0.0448,0,10,0.005,0.025,5356,20,8,0.1964152352501867,False
2,10,36,60,25,0.0448,0,10,0.005,0.025,5277,19,8,0.19992419935569453,False
2,10,37,60,25,0.0448,0,10,0.005,0.025,5166,17,6,0.20286488579171505,False
2,10,38,60,25,0.0448,0,10,0.005,0.025,5099,13,5,0.20631496371837615,False
2,10,39,60,25,0.0448,0,10,0.005,0.025,5024,13,5,0.20839968152866242,False
2,10,40,60,25,0.0448,0,10,0.005,0.025,4956,10,6,0.21085552865213883,False
2,10,41,60,25,0.0448,0,10,0.005,0.025,5210,12,5,0.23934740882917466,False
2,10,42,60,25,0.0448,0,10,0.005,0.025,5188,9,6,0.24209714726291442,False
2,10,43,60,25,0.0448,0,10,0.005,0.025,5161,11,5,0.24433249370277077,False
2,10,44,60,25,0.0448,0,10,0.005,0.025,5122,6,1,0.24951190941038656,False
2,10,45,60,25,0.0448,0,10,0.005,0.025,5107,8,2,0.25376933620520853,False
2,10,46,60,25,0.0448,0,10,0.005,0.025,4921,10,3,0.2438528754318228,False
2,10,47,60,25,0.0448,0,10,0.005,0.025,4824,11,3,0.24150082918739635,False
2,10,48,60,25,0.0448,0,10,0.005,0.025,4747,9,1,0.24078365283336844,False
2,10,49,60,25,0.0448,0,10,0.005,0.025,4704,8,2,0.24085884353741496,False
2,10,50,60,25,0.0448,0,10,0.005,0.025,4664,10,4,0.24142367066895368,False
2,10,51,60,25,0.0448,0,10,0.005,0.025,4621,13,4,0.24367020125513958,False
2,10,52,60,25,0.0448,0,10,0.005,0.025,4565,14,4,0.24622124863088718,False
2,11,1,60,25,0.0448,0,10,0.005,0.025,4519,15,5,0.2496127461827838,False
2,11,2,60,25,0.0448,0,10,0.005,0.025,4465,16,3,0.2530795072788354,False
2,11,3,60,25,0.0448,0,10,0.005,0.025,4422,13,6,0.25531433740388965,False
2,11,4,60,25,0.0448,0,10,0.005,0.025,4366,17,9,0.25744388456252865,False
2,11,5,60,25,0.0448,0,10,0.005,0.025,4311,14,5,0.2614242635119462,False
2,11,6,60,25,0.0448,0,10,0.005,0.025,4255,17,3,0.2646298472385429,False
2,11,7,60,25,0.0448,0,10,0.005,0.025,4188,16,6,0.26671442215854824,False
2,11,8,60,25,0.0448,0,10,0.005,0.025,4152,18,6,0.27071290944123316,False
2,11,9,60,25,0.0448,0,10,0.005,0.025,4089,17,7,0.2721936903888481,False
2,11,10,60,25,0.0448,0,10,0.005,0.025,4049,18,9,0.2751296616448506,False
2,11,11,60,25,0.0448,0,10,0.005,0.025,4000,15,5,0.27725,False
2,11,12,60,25,0.0448,0,10,0.005,0.025,3954,15,4,0.2804754678806272,False
2,11,13,60,25,0.0448,0,10,0.005,0.025,3918,17,7,0.2822868810617662,False
2,11,14,60,25,0.0448,0,10,0.005,0.025,3872,17,9,0.2840909090909091,False
2,11,15,60,25,0.0448,0,10,0.005,0.025,3827,15,6,0.28743140841390125,False
2,11,16,60,25,0.0448,0,10,0.005,0.025,3788,13,6,0.29039070749736007,False
2,11,17,60,25,0.0448,0,10,0.005,0.025,3734,13,5,0.29351901446170325,False
2,11,18,60,25,0.0448,0,10,0.005,0.025,8235,9,4,0.12665452337583485,False
2,11,19,60,25,0.0448,0,10,0.005,0.025,8090,21,4,0.12855377008652658,False
2,11,20,60,25,0.0448,0,10,0.005,0.025,7893,24,5,0.13214240466235905,False
2,11,21,60,25,0.0448,0,10,0.005,0.025,7718,30,10,0.1357864731795802,False
2,11,22,60,25,0.0448,0,10,0.005,0.025,7560,33,10,0.13862433862433862,False
2,11,23,60,25,0.0448,0,10,0.005,0.025,7353,36,12,0.14347885216918266,False
2,11,24,60,25,0.0448,0,10,0.005,0.025,7189,45,17,0.14675198219502017,False
2,11,25,60,25,0.0448,0,10,0.005,0.025,7025,47,17,0.15145907473309608,False
2,11,26,60,25,0.0448,0,10,0.005,0.025,6878,44,10,0.15629543471939517,False
2,11,27,60,25,0.0448,0,10,0.005,0.025,6738,42,11,0.1590976550905313,False
2,11,28,60,25,0.0448,0,10,0.005,0.025,6573,42,21,0.16263502205994218,False
2,11,29,60,25,0.0448,0,10,0.005,0.025,6440,37,17,0.1656832298136646,False
2,11,30,60,25,0.0448,0,10,0.005,0.025,6291,32,13,0.16976633285646162,False
2,11,31,60,25,0.0448,0,10,0.005,0.025,6158,33,15,0.17310815199740176,False
2,11,32,60,25,0.0448,0,10,0.005,0.025,6029,30,11,0.17747553491457954,False
2,11,33,60,25,0.0448,0,10,0.005,0.025,5923,23,11,0.18149586358264394,False
2,11,34,60,25,0.0448,0,10,0.005,0.025,5813,23,12,0.18458627214863238,False
2,11,35,60,25,0.0448,0,10,0.005,0.025,5728,18,8,0.1878491620111732,False
2,11,36,60,25,0.0448,0,10,0.005,0.025,5629,15,6,0.19097530644874755,False
2,11,37,60,25,0.0448,0,10,0.005,0.025,5533,16,7,0.19392734502078438,False
2,11,38,60,25,0.0448,0,10,0.005,0.025,5453,16,7,0.1960388776820099,False
2,11,39,60,25,0.0448,0,10,0.005,0.025,5381,15,6,0.19959115406058353,False
2,11,40,60,25,0.0448,0,10,0.005,0.025,5310,13,5,0.20207156308851223,False
2,11,41,60,25,0.0448,0,10,0.005,0.025,5581,10,4,0.231858089948038,False
2,11,42,60,25,0.0448,0,10,0.005,0.025,5551,9,6,0.23383174202846335,False
2,11,43,60,25,0.0448,0,10,0.005,0.025,5487,10,5,0.23765263349735738,False
2,11,44,60,25,0.0448,0,10,0.005,0.025,5417,14,5,0.23998523167805058,False
2,11,45,60,25,0.0448,0,10,0.005,0.025,5354,12,8,0.24336944340679867,False
2,11,46,60,25,0.0448,0,10,0.005,0.025,5152,12,6,0.23330745341614906,False
2,11,47,60,25,0.0448,0,10,0.005,0.025,5092,8,3,0.23487824037706206,False
2,11,48,60,25,0.0448,0,10,0.005,0.025,4989,14,4,0.23511725796752855,False
2,11,49,60,25,0.0448,0,10,0.005,0.025,4922,17,2,0.23994311255587158,False
2,11,50,60,25,0.0448,0,10,0.005,0.025,4856,15,4,0.24402800658978582,False
2,11,51,60,25,0.0448,0,10,0.005,0.025,4805,17,5,0.24599375650364205,False
2,11,52,60,25,0.0448,0,10,0.005,0.025,4753,15,7,0.24721228697664632,False
2,1,1,60,25,0.0845,0,10,0.005,0.025,5372,0,0,0.0016753536857781086,True
2,1,2,60,25,0.0845,0,10,0.005,0.025,5180,0,0,0.004633204633204633,True
2,1,3,60,25,0.0845,0,10,0.005,0.025,4976,0,0,0.006631832797427652,True
2,1,4,60,25,0.0845,0,10,0.005,0.025,4849,0,0,0.008249123530624871,True
2,1,5,60,25,0.0845,0,10,0.005,0.025,4715,0,0,0.009968186638388122,True
2,1,6,60,25,0.0845,0,10,0.005,0.025,4591,0,0,0.011979960792855586,True
2,1,7,60,25,0.0845,0,10,0.005,0.025,4461,0,0,0.012777404169468728,True
2,1,8,60,25,0.0845,0,10,0.005,0.025,4339,0,0,0.014749942383037565,True
2,1,9,60,25,0.0845,0,10,0.005,0.025,4233,0,0,0.01653673517599811,True
2,1,10,60,25,0.0845,0,10,0.005,0.025,4082,0,0,0.01910828025477707,True
2,1,11,60,25,0.0845,0,10,0.005,0.025,3950,0,0,0.02050632911392405,True
2,1,12,60,25,0.0845,0,10,0.005,0.025,3847,0,0,0.022355081881985962,True
2,1,13,60,25,0.0845,0,10,0.005,0.025,3743,0,0,0.024044883783061716,True
2,1,14,60,25,0.0845,0,10,0.005,0.025,3647,0,0,0.026323005209761448,True
2,1,15,60,25,0.0845,0,10,0.005,0.025,3524,0,0,0.02724177071509648,True
2,1,16,60,25,0.0845,0,10,0.005,0.025,3411,0,0,0.029610085019055994,True
2,1,17,60,25,0.0845,0,10,0.005,0.025,3326,0,0,0.032471437161755864,True
2,1,18,60,25,0.0845,0,10,0.005,0.025,9406,0,0,0.01392728045928131,True
2,1,19,60,25,0.0845,0,10,0.005,0.025,9050,0,0,0.01613259668508287,True
2,1,20,60,25,0.0845,0,10,0.005,0.025,8697,0,0,0.01839714844199149,True
2,1,21,60,25,0.0845,0,10,0.005,0.025,8293,0,0,0.021222717954901726,True
2,1,22,60,25,0.0845,0,10,0.005,0.025,8065,0,0,0.023310601363918163,True
2,1,23,60,25,0.0845,0,10,0.005,0.025,7756,0,0,0.025657555440948943,True
2,1,24,60,25,0.0845,0,10,0.005,0.025,7487,0,0,0.02804861760384667,True
2,1,25,60,25,0.0845,0,10,0.005,0.025,7195,0,0,0.03015983321751216,True
2,1,26,60,25,0.0845,0,10,0.005,0.025,6926,0,0,0.03248628356915969,True
2,1,27,60,25,0.0845,0,10,0.005,0.025,6707,0,0,0.03473982406441032,True
2,1,28,60,25,0.0845,0,10,0.005,0.025,6540,0,0,0.03547400611620795,True
2,1,29,60,25,0.0845,0,10,0.005,0.025,6316,0,0,0.03752374920835972,True
2,1,30,60,25,0.0845,0,10,0.005,0.025,6181,0,0,0.03931402685649571,True
2,1,31,60,25,0.0845,0,10,0.005,0.025,6029,0,0,0.041797976447172,True
2,1,32,60,25,0.0845,0,10,0.005,0.025,5906,0,0,0.04402302742973248,True
2,1,33,60,25,0.0845,0,10,0.005,0.025,5794,0,0,0.04556437694166379,True
2,1,34,60,25,0.0845,0,10,0.005,0.025,5650,0,0,0.048672566371681415,True
2,1,35,60,25,0.0845,0,10,0.005,0.025,5516,0,0,0.049673676577229875,True
2,1,36,60,25,0.0845,0,10,0.005,0.025,5399,0,0,0.052602333765512134,True
2,1,37,60,25,0.0845,0,10,0.005,0.025,5263,0,0,0.05396161884856546,True
2,1,38,60,25,0.0845,0,10,0.005,0.025,5176,0,0,0.05641421947449768,True
2,1,39,60,25,0.0845,0,10,0.005,0.025,5076,0,0,0.058116627265563436,True
2,1,40,60,25,0.0845,0,10,0.005,0.025,4991,0,0,0.059707473452213985,True
2,1,41,60,25,0.0845,0,10,0.005,0.025,5658,0,0,0.11611876988335101,True
2,1,42,60,25,0.0845,0,10,0.005,0.025,5668,0,0,0.12491178546224418,True
2,1,43,60,25,0.0845,0,10,0.005,0.025,5584,0,0,0.12535816618911175,True
2,1,44,60,25,0.0845,0,10,0.005,0.025,5536,0,0,0.12897398843930635,True
2,1,45,60,25,0.0845,0,10,0.005,0.025,5494,0,0,0.1326902074990899,True
2,1,46,60,25,0.0845,0,10,0.005,0.025,4944,0,0,0.10254854368932038,True
2,1,47,60,25,0.0845,0,10,0.005,0.025,4786,0,0,0.09778520685332219,True
2,1,48,60,25,0.0845,0,10,0.005,0.025,4708,0,0,0.09728122344944774,True
2,1,49,60,25,0.0845,0,10,0.005,0.025,4641,0,0,0.09782374488256841,True
2,1,50,60,25,0.0845,0,10,0.005,0.025,4568,0,0,0.10091943957968476,True
2,1,51,60,25,0.0845,0,10,0.005,0.025,4480,0,0,0.10066964285714286,True
2,1,52,60,25,0.0845,0,10,0.005,0.025,4423,0,0,0.10241917250734796,True
2,2,1,60,25,0.0845,0,10,0.005,0.025,4335,5,0,0.10242214532871972,False
2,2,2,60,25,0.0845,0,10,0.005,0.025,4248,5,0,0.1033427495291902,False
2,2,3,60,25,0.0845,0,10,0.005,0.025,4163,5,0,0.10353110737448955,False
2,2,4,60,25,0.0845,0,10,0.005,0.025,4092,4,1,0.10386119257087,False
2,2,5,60,25,0.0845,0,10,0.005,0.025,4036,24,3,0.10629335976214073,False
2,2,6,60,25,0.0845,0,10,0.005,0.025,3980,43,9,0.10804020100502512,False
2,2,7,60,25,0.0845,0,10,0.005,0.025,3914,67,10,0.10858456821665816,False
2,2,8,60,25,0.0845,0,10,0.005,0.025,3863,84,15,0.1105358529640176,False
2,2,9,60,25,0.0845,0,10,0.005,0.025,3812,119,33,0.11280167890870933,False
2,2,10,60,25,0.0845,0,10,0.005,0.025,3746,133,36,0.11558996262680192,False
2,2,11,60,25,0.0845,0,10,0.005,0.025,3681,141,41,0.11953273566965499,False
2,2,12,60,25,0.0845,0,10,0.005,0.025,3605,144,57,0.12066574202496533,False
2,2,13,60,25,0.0845,0,10,0.005,0.025,3532,143,51,0.12231030577576443,False
2,2,14,60,25,0.0845,0,10,0.005,0.025,3465,132,51,0.12467532467532468,False
2,2,15,60,25,0.0845,0,10,0.005,0.025,3396,129,53,0.12750294464075382,False
2,2,16,60,25,0.0845,0,10,0.005,0.025,3297,124,50,0.13011828935395814,False
2,2,17,60,25,0.0845,0,10,0.005,0.025,3223,121,49,0.13217499224325163,False
2,2,18,60,25,0.0845,0,10,0.005,0.025,6246,111,48,0.06980467499199487,False
2,2,19,60,25,0.0845,0,10,0.005,0.025,6090,119,45,0.0735632183908046,False
2,2,20,60,25,0.0845,0,10,0.005,0.025,5878,117,52,0.07723715549506635,False
2,2,21,60,25,0.0845,0,10,0.005,0.025,5708,119,49,0.07971268395234758,False
2,2,22,60,25,0.0845,0,10,0.005,0.025,5495,100,34,0.08389444949954504,False
2,2,23,60,25,0.0845,0,10,0.005,0.025,5333,105,42,0.08569285580348772,False
2,2,24,60,25,0.0845,0,10,0.005,0.025,5175,107,39,0.08985507246376812,False
2,2,25,60,25,0.0845,0,10,0.005,0.025,5029,92,36,0.09325909723603101,False
2,2,26,60,25,0.0845,0,10,0.005,0.025,4894,82,34,0.09685328974254188,False
2,2,27,60,25,0.0845,0,10,0.005,0.025,4777,69,27,0.09901611890307725,False
2,2,28,60,25,0.0845,0,10,0.005,0.025,4640,70,29,0.10258620689655172,False
2,2,29,60,25,0.0845,0,10,0.005,0.025,4539,54,28,0.10641110376734964,False
2,2,30,60,25,0.0845,0,10,0.005,0.025,4400,49,22,0.10886363636363636,False
2,2,31,60,25,0.0845,0,10,0.005,0.025,4283,38,11,0.11207097828624796,False
2,2,32,60,25,0.0845,0,10,0.005,0.025,4193,40,15,0.1137610302885762,False
2,2,33,60,25,0.0845,0,10,0.005,0.025,4091,44,17,0.11586409190906868,False
2,2,34,60,25,0.0845,0,10,0.005,0.025,3952,34,15,0.1214574898785425,False
2,2,35,60,25,0.0845,0,10,0.005,0.025,3879,30,13,0.12348543439030678,False
2,2,36,60,25,0.0845,0,10,0.005,0.025,3816,21,7,0.12631027253668764,False
2,2,37,60,25,0.0845,0,10,0.005,0.025,3753,20,9,0.12976285638156143,False
2,2,38,60,25,0.0845,0,10,0.005,0.025,3695,20,9,0.13288227334235453,False
2,2,39,60,25,0.0845,0,10,0.005,0.025,3634,16,7,0.13538800220143093,False
2,2,40,60,25,0.0845,0,10,0.005,0.025,3571,14,6,0.1372164659759171,False
2,2,41,60,25,0.0845,0,10,0.005,0.025,4249,19,9,0.21675688397269946,False
2,2,42,60,25,0.0845,0,10,0.005,0.025,4276,16,8,0.2273152478952292,False
2,2,43,60,25,0.0845,0,10,0.005,0.025,4218,9,3,0.23020388809862494,False
2,2,44,60,25,0.0845,0,10,0.005,0.025,4138,7,5,0.2288545190913485,False
2,2,45,60,25,0.0845,0,10,0.005,0.025,4106,9,6,0.22722844617632731,False
2,2,46,60,25,0.0845,0,10,0.005,0.025,3676,3,1,0.1893362350380849,False
2,2,47,60,25,0.0845,0,10,0.005,0.025,3552,3,2,0.1858108108108108,False
2,2,48,60,25,0.0845,0,10,0.005,0.025,3496,2,1,0.18192219679633867,False
2,2,49,60,25,0.0845,0,10,0.005,0.025,3439,1,1,0.18086653096830474,False
2,2,50,60,25,0.0845,0,10,0.005,0.025,3407,1,1,0.18227179336659818,False
2,2,51,60,25,0.0845,0,10,0.005,0.025,3352,2,0,0.1840692124105012,False
2,2,52,60,25,0.0845,0,10,0.005,0.025,3324,0,0,0.18742478941034899,False
2,3,1,60,25,0.0845,0,10,0.005,0.025,3294,0,0,0.18791742562234365,False
2,3,2,60,25,0.0845,0,10,0.005,0.025,3261,0,0,0.18951241950321987,False
2,3,3,60,25,0.0845,0,10,0.005,0.025,3236,0,0,0.1919035846724351,False
2,3,4,60,25,0.0845,0,10,0.005,0.025,3197,0,0,0.19049108539255552,False
2,3,5,60,25,0.0845,0,10,0.005,0.025,3163,0,0,0.19285488460322478,False
2,3,6,60,25,0.0845,0,10,0.005,0.025,3136,0,0,0.19451530612244897,False
2,3,7,60,25,0.0845,0,10,0.005,0.025,3102,0,0,0.19729206963249515,False
2,3,8,60,25,0.0845,0,10,0.005,0.025,3063,0,0,0.19947763630427684,False
2,3,9,60,25,0.0845,0,10,0.005,0.025,3041,0,0,0.20322262413679712,False
2,3,10,60,25,0.0845,0,10,0.005,0.025,2991,1,0,0.20260782347041123,False
2,3,11,60,25,0.0845,0,10,0.005,0.025,2964,0,0,0.20479082321187583,False
2,3,12,60,25,0.0845,0,10,0.005,0.025,2939,0,0,0.20551207893841442,False
2,3,13,60,25,0.0845,0,10,0.005,0.025,2916,0,0,0.20919067215363513,False
2,3,14,60,25,0.0845,0,10,0.005,0.025,2870,0,0,0.20836236933797908,False
2,3,15,60,25,0.0845,0,10,0.005,0.025,2841,0,0,0.21013727560718057,False
2,3,16,60,25,0.0845,0,10,0.005,0.025,2814,0,0,0.21321961620469082,False
2,3,17,60,25,0.0845,0,10,0.005,0.025,2765,0,0,0.21338155515370705,False
2,3,18,60,25,0.0845,0,10,0.005,0.025,6349,0,0,0.09324303039848796,False
2,3,19,60,25,0.0845,0,10,0.005,0.025,6223,0,0,0.0957737425678933,False
2,3,20,60,25,0.0845,0,10,0.005,0.025,6039,0,0,0.09935419771485346,False
2,3,21,60,25,0.0845,0,10,0.005,0.025,5874,0,0,0.10265577119509704,False
2,3,22,60,25,0.0845,0,10,0.005,0.025,5742,2,0,0.10745384883315917,False
2,3,23,60,25,0.0845,0,10,0.005,0.025,5600,0,0,0.11142857142857143,False
2,3,24,60,25,0.0845,0,10,0.005,0.025,5468,3,0,0.11448427212874908,False
2,3,25,60,25,0.0845,0,10,0.005,0.025,5340,0,0,0.11741573033707865,False
2,3,26,60,25,0.0845,0,10,0.005,0.025,5207,0,0,0.11983867870174765,False
2,3,27,60,25,0.0845,0,10,0.005,0.025,5081,0,0,0.123204093682346,False
2,3,28,60,25,0.0845,0,10,0.005,0.025,4950,1,0,0.12707070707070708,False
2,3,29,60,25,0.0845,0,10,0.005,0.025,4810,0,0,0.13014553014553015,False
2,3,30,60,25,0.0845,0,10,0.005,0.025,4717,0,0,0.13398346406614373,False
2,3,31,60,25,0.0845,0,10,0.005,0.025,4597,0,0,0.13595823363062867,False
2,3,32,60,25,0.0845,0,10,0.005,0.025,4463,0,0,0.13981626708492045,False
2,3,33,60,25,0.0845,0,10,0.005,0.025,4354,0,0,0.14193844740468534,False
2,3,34,60,25,0.0845,0,10,0.005,0.025,4252,0,0,0.14275634995296332,False
2,3,35,60,25,0.0845,0,10,0.005,0.025,4152,0,0,0.14547206165703275,False
2,3,36,60,25,0.0845,0,10,0.005,0.025,4045,0,0,0.14907292954264523,False
2,3,37,60,25,0.0845,0,10,0.005,0.025,3938,1,0,0.1521076688674454,False
2,3,38,60,25,0.0845,0,10,0.005,0.025,3867,0,0,0.15360744763382467,False
2,3,39,60,25,0.0845,0,10,0.005,0.025,3780,0,0,0.15793650793650793,False
2,3,40,60,25,0.0845,0,10,0.005,0.025,3719,0,0,0.1591825759612799,False
2,3,41,60,25,0.0845,0,10,0.005,0.025,4321,8,2,0.24022217079379773,False
2,3,42,60,25,0.0845,0,10,0.005,0.025,4318,6,1,0.238073182028717,False
2,3,43,60,25,0.0845,0,10,0.005,0.025,4297,7,4,0.24179660228066094,False
2,3,44,60,25,0.0845,0,10,0.005,0.025,4283,9,4,0.24445482138687835,False
2,3,45,60,25,0.0845,0,10,0.005,0.025,4238,7,2,0.24681453515809343,False
2,3,46,60,25,0.0845,0,10,0.005,0.025,3849,2,0,0.20524811639386853,False
2,3,47,60,25,0.0845,0,10,0.005,0.025,3752,1,1,0.20202558635394458,False
2,3,48,60,25,0.0845,0,10,0.005,0.025,3674,0,0,0.19923788786064237,False
2,3,49,60,25,0.0845,0,10,0.005,0.025,3624,0,0,0.19812362030905079,False
2,3,50,60,25,0.0845,0,10,0.005,0.025,3579,1,0,0.1997764738753842,False
2,3,51,60,25,0.0845,0,10,0.005,0.025,3534,0,0,0.20062252405206565,False
2,3,52,60,25,0.0845,0,10,0.005,0.025,3485,0,0,0.20344332855093256,False
2,4,1,60,25,0.0845,0,10,0.005,0.025,3441,0,0,0.2040104620749782,False
2,4,2,60,25,0.0845,0,10,0.005,0.025,3402,0,0,0.20634920634920634,False
2,4,3,60,25,0.0845,0,10,0.005,0.025,3355,0,0,0.20804769001490314,False
2,4,4,60,25,0.0845,0,10,0.005,0.025,3301,0,0,0.21114813692820358,False
2,4,5,60,25,0.0845,0,10,0.005,0.025,3249,0,0,0.21298861188057863,False
2,4,6,60,25,0.0845,0,10,0.005,0.025,3212,0,0,0.21357409713574096,False
2,4,7,60,25,0.0845,0,10,0.005,0.025,3175,0,0,0.21700787401574803,False
2,4,8,60,25,0.0845,0,10,0.005,0.025,3136,0,0,0.21906887755102042,False
2,4,9,60,25,0.0845,0,10,0.005,0.025,3103,0,0,0.2220431840154689,False
2,4,10,60,25,0.0845,0,10,0.005,0.025,3054,0,0,0.22331368696791093,False
2,4,11,60,25,0.0845,0,10,0.005,0.025,3009,0,0,0.2256563642406115,False
2,4,12,60,25,0.0845,0,10,0.005,0.025,2971,0,0,0.2275328172332548,False
2,4,13,60,25,0.0845,0,10,0.005,0.025,2930,0,0,0.22627986348122867,False
2,4,14,60,25,0.0845,0,10,0.005,0.025,2896,0,0,0.22824585635359115,False
2,4,15,60,25,0.0845,0,10,0.005,0.025,2862,0,0,0.2302585604472397,False
2,4,16,60,25,0.0845,0,10,0.005,0.025,2834,0,0,0.23288637967537051,False
2,4,17,60,25,0.0845,0,10,0.005,0.025,2799,0,0,0.23508395855662736,False
2,4,18,60,25,0.0845,0,10,0.005,0.025,6053,0,0,0.11085412192301339,False
2,4,19,60,25,0.0845,0,10,0.005,0.025,5932,0,0,0.11328388401888065,False
2,4,20,60,25,0.0845,0,10,0.005,0.025,5798,0,0,0.11641945498447741,False
2,4,21,60,25,0.0845,0,10,0.005,0.025,5664,0,0,0.1193502824858757,False
2,4,22,60,25,0.0845,0,10,0.005,0.025,5523,0,0,0.12275936990765889,False
2,4,23,60,25,0.0845,0,10,0.005,0.025,5402,0,0,0.12606442058496853,False
2,4,24,60,25,0.0845,0,10,0.005,0.025,5249,0,0,0.1295484854257954,False
2,4,25,60,25,0.0845,0,10,0.005,0.025,5154,0,0,0.13271245634458673,False
2,4,26,60,25,0.0845,0,10,0.005,0.025,5028,0,0,0.13524264120922833,False
2,4,27,60,25,0.0845,0,10,0.005,0.025,4921,0,0,0.1379800853485064,False
2,4,28,60,25,0.0845,0,10,0.005,0.025,4812,2,0,0.1415211970074813,False
2,4,29,60,25,0.0845,0,10,0.005,0.025,4664,0,0,0.14558319039451115,False
2,4,30,60,25,0.0845,0,10,0.005,0.025,4584,0,0,0.14856020942408377,False
2,4,31,60,25,0.0845,0,10,0.005,0.025,4454,0,0,0.15199820386169735,False
2,4,32,60,25,0.0845,0,10,0.005,0.025,4359,0,0,0.1548520302821748,False
2,4,33,60,25,0.0845,0,10,0.005,0.025,4271,0,0,0.15640365254038865,False
2,4,34,60,25,0.0845,0,10,0.005,0.025,4151,0,0,0.1597205492652373,False
2,4,35,60,25,0.0845,0,10,0.005,0.025,4069,0,0,0.16097321209142296,False
2,4,36,60,25,0.0845,0,10,0.005,0.025,3964,0,0,0.16422805247225025,False
2,4,37,60,25,0.0845,0,10,0.005,0.025,3858,0,0,0.16537065837221357,False
2,4,38,60,25,0.0845,0,10,0.005,0.025,3798,0,0,0.17008952080042128,False
2,4,39,60,25,0.0845,0,10,0.005,0.025,3755,0,0,0.17310252996005326,False
2,4,40,60,25,0.0845,0,10,0.005,0.025,3700,0,0,0.17567567567567569,False
2,4,41,60,25,0.0845,0,10,0.005,0.025,4385,1,0,0.2483466362599772,False
2,4,42,60,25,0.0845,0,10,0.005,0.025,4389,0,0,0.25746183640920484,False
2,4,43,60,25,0.0845,0,10,0.005,0.025,4347,0,0,0.25695882217621346,False
2,4,44,60,25,0.0845,0,10,0.005,0.025,4336,0,0,0.261070110701107,False
2,4,45,60,25,0.0845,0,10,0.005,0.025,4258,0,0,0.26139032409581964,False
2,4,46,60,25,0.0845,0,10,0.005,0.025,3855,0,0,0.23009079118028533,False
2,4,47,60,25,0.0845,0,10,0.005,0.025,3741,0,0,0.22293504410585405,False
2,4,48,60,25,0.0845,0,10,0.005,0.025,3669,0,0,0.22022349414009268,False
2,4,49,60,25,0.0845,0,10,0.005,0.025,3598,0,0,0.21734296831573097,False
2,4,50,60,25,0.0845,0,10,0.005,0.025,3540,0,0,0.21694915254237288,False
2,4,51,60,25,0.0845,0,10,0.005,0.025,3479,0,0,0.21759126185685543,False
2,4,52,60,25,0.0845,0,10,0.005,0.025,3444,0,0,0.22009291521486643,False
2,5,1,60,25,0.0845,0,10,0.005,0.025,3409,0,0,0.22381930184804927,False
2,5,2,60,25,0.0845,0,10,0.005,0.025,3371,0,0,0.22723227528923168,False
2,5,3,60,25,0.0845,0,10,0.005,0.025,3314,0,0,0.2272178636089318,False
2,5,4,60,25,0.0845,0,10,0.005,0.025,3290,0,0,0.23069908814589665,False
2,5,5,60,25,0.0845,0,10,0.005,0.025,3248,0,0,0.2315270935960591,False
2,5,6,60,25,0.0845,0,10,0.005,0.025,3215,0,0,0.2317262830482115,False
2,5,7,60,25,0.0845,0,10,0.005,0.025,3168,0,0,0.2335858585858586,False
2,5,8,60,25,0.0845,0,10,0.005,0.025,3135,0,0,0.23508771929824562,False
2,5,9,60,25,0.0845,0,10,0.005,0.025,3109,0,0,0.23801865551624315,False
2,5,10,60,25,0.0845,0,10,0.005,0.025,3064,0,0,0.2402088772845953,False
2,5,11,60,25,0.0845,0,10,0.005,0.025,3019,0,0,0.24113945014905597,False
2,5,12,60,25,0.0845,0,10,0.005,0.025,2983,0,0,0.24438484746899095,False
2,5,13,60,25,0.0845,0,10,0.005,0.025,2938,0,0,0.24540503744043568,False
2,5,14,60,25,0.0845,0,10,0.005,0.025,2897,0,0,0.24646185709354504,False
2,5,15,60,25,0.0845,0,10,0.005,0.025,2866,0,0,0.2473831123517097,False
2,5,16,60,25,0.0845,0,10,0.005,0.025,2831,0,0,0.2497350759448958,False
2,5,17,60,25,0.0845,0,10,0.005,0.025,2806,0,0,0.25196008553100496,False
2,5,18,60,25,0.0845,0,10,0.005,0.025,6149,0,0,0.11562855748902261,False
2,5,19,60,25,0.0845,0,10,0.005,0.025,6035,0,0,0.11830985915492957,True
2,5,20,60,25,0.0845,0,10,0.005,0.025,5883,0,0,0.12255651878293387,True
2,5,21,60,25,0.0845,0,10,0.005,0.025,5725,0,0,0.1268122270742358,True
2,5,22,60,25,0.0845,0,10,0.005,0.025,5598,0,0,0.12897463379778493,True
2,5,23,60,25,0.0845,0,10,0.005,0.025,5458,0,0,0.13264932209600586,True
2,5,24,60,25,0.0845,0,10,0.005,0.025,5363,0,0,0.13537199328733918,True
2,5,25,60,25,0.0845,0,10,0.005,0.025,5248,0,0,0.13852896341463414,True
2,5,26,60,25,0.0845,0,10,0.005,0.025,5097,0,0,0.14282911516578378,True
2,5,27,60,25,0.0845,0,10,0.005,0.025,4977,0,0,0.14607193088205747,True
2,5,28,60,25,0.0845,0,10,0.005,0.025,4873,0,0,0.1489841986455982,True
2,5,29,60,25,0.0845,0,10,0.005,0.025,4751,0,0,0.1513365607240581,True
2,5,30,60,25,0.0845,0,10,0.005,0.025,4643,0,0,0.15464139564936463,True
2,5,31,60,25,0.0845,0,10,0.005,0.025,4550,0,0,0.15912087912087913,True
2,5,32,60,25,0.0845,0,10,0.005,0.025,4439,0,0,0.16309979725163326,True
2,5,33,60,25,0.0845,0,10,0.005,0.025,4361,0,0,0.1664755789956432,True
2,5,34,60,25,0.0845,0,10,0.005,0.025,4250,0,0,0.16988235294117648,True
2,5,35,60,25,0.0845,0,10,0.005,0.025,4129,0,0,0.1724388471784936,True
2,5,36,60,25,0.0845,0,10,0.005,0.025,4018,0,0,0.17421602787456447,True
2,5,37,60,25,0.0845,0,10,0.005,0.025,3910,0,0,0.17800511508951405,True
2,5,38,60,25,0.0845,0,10,0.005,0.025,3852,0,0,0.17964693665628245,True
2,5,39,60,25,0.0845,0,10,0.005,0.025,3804,0,0,0.18138801261829654,True
2,5,40,60,25,0.0845,0,10,0.005,0.025,3748,0,0,0.1840981856990395,True
2,5,41,60,25,0.0845,0,10,0.005,0.025,4450,0,0,0.26179775280898876,True
2,5,42,60,25,0.0845,0,10,0.005,0.025,4473,0,0,0.26156941649899396,True
2,5,43,60,25,0.0845,0,10,0.005,0.025,4423,0,0,0.26090888537191953,True
2,5,44,60,25,0.0845,0,10,0.005,0.025,4365,0,0,0.26575028636884307,True
2,5,45,60,25,0.0845,0,10,0.005,0.025,4353,0,0,0.2713071444980473,True
2,5,46,60,25,0.0845,0,10,0.005,0.025,3904,0,0,0.2307889344262295,True
2,5,47,60,25,0.0845,0,10,0.005,0.025,3778,0,0,0.22286924298570673,True
2,5,48,60,25,0.0845,0,10,0.005,0.025,3699,0,0,0.22195187888618545,True
2,5,49,60,25,0.0845,0,10,0.005,0.025,3632,0,0,0.21971365638766518,True
2,5,50,60,25,0.0845,0,10,0.005,0.025,3572,0,0,0.22032474804031354,True
2,5,51,60,25,0.0845,0,10,0.005,0.025,3520,0,0,0.22017045454545456,True
2,5,52,60,25,0.0845,0,10,0.005,0.025,3475,0,0,0.22215827338129496,True
2,6,1,60,25,0.0845,0,10,0.005,0.025,3425,0,0,0.22248175182481753,True
2,6,2,60,25,0.0845,0,10,0.005,0.025,3376,0,0,0.22304502369668247,True
2,6,3,60,25,0.0845,0,10,0.005,0.025,3331,0,0,0.22515761032722906,True
2,6,4,60,25,0.0845,0,10,0.005,0.025,3297,0,0,0.2280861389141644,True
2,6,5,60,25,0.0845,0,10,0.005,0.025,3271,0,0,0.2308162641394069,True
2,6,6,60,25,0.0845,0,10,0.005,0.025,3227,0,0,0.23272389215990083,True
2,6,7,60,25,0.0845,0,10,0.005,0.025,3182,0,0,0.23412947831552483,True
2,6,8,60,25,0.0845,0,10,0.005,0.025,3130,0,0,0.23610223642172523,True
2,6,9,60,25,0.0845,0,10,0.005,0.025,3106,0,0,0.23857050869285254,True
2,6,10,60,25,0.0845,0,10,0.005,0.025,3085,0,0,0.24116693679092382,True
2,6,11,60,25,0.0845,0,10,0.005,0.025,3048,0,0,0.2440944881889764,True
2,6,12,60,25,0.0845,0,10,0.005,0.025,3019,0,0,0.24544551175886056,True
2,6,13,60,25,0.0845,0,10,0.005,0.025,2975,0,0,0.2477310924369748,True
2,6,14,60,25,0.0845,0,10,0.005,0.025,2935,0,0,0.248381601362862,True
2,6,15,60,25,0.0845,0,10,0.005,0.025,2891,0,0,0.25077827741265996,True
2,6,16,60,25,0.0845,0,10,0.005,0.025,2873,0,0,0.2516533240515141,True
2,6,17,60,25,0.0845,0,10,0.005,0.025,2849,0,0,0.2527202527202527,True
2,6,18,60,25,0.0845,0,10,0.005,0.025,6199,0,0,0.11598644942732698,True
2,6,19,60,25,0.0845,0,10,0.005,0.025,6093,0,0,0.11866075824716889,True
2,6,20,60,25,0.0845,0,10,0.005,0.025,5920,0,0,0.12179054054054055,True
2,6,21,60,25,0.0845,0,10,0.005,0.025,5779,0,0,0.1245890292438138,True
2,6,22,60,25,0.0845,0,10,0.005,0.025,5656,0,0,0.12747524752475248,True
2,6,23,60,25,0.0845,0,10,0.005,0.025,5495,0,0,0.12939035486806189,True
2,6,24,60,25,0.0845,0,10,0.005,0.025,5375,0,0,0.13190697674418606,True
2,6,25,60,25,0.0845,0,10,0.005,0.025,5225,0,0,0.135311004784689,True
2,6,26,60,25,0.0845,0,10,0.005,0.025,5089,0,0,0.140499115739831,True
2,6,27,60,25,0.0845,0,10,0.005,0.025,4999,0,0,0.14462892578515704,True
2,6,28,60,25,0.0845,0,10,0.005,0.025,4899,0,0,0.14982649520310268,True
2,6,29,60,25,0.0845,0,10,0.005,0.025,4809,0,0,0.1536702017051362,True
2,6,30,60,25,0.0845,0,10,0.005,0.025,4734,0,0,0.15716096324461343,True
2,6,31,60,25,0.0845,0,10,0.005,0.025,4628,0,0,0.15903197925669835,True
2,6,32,60,25,0.0845,0,10,0.005,0.025,4523,0,0,0.16228167145699757,True
2,6,33,60,25,0.0845,0,10,0.005,0.025,4413,0,0,0.16610015862225244,True
2,6,34,60,25,0.0845,0,10,0.005,0.025,4326,0,0,0.16805362921867775,True
2,6,35,60,25,0.0845,0,10,0.005,0.025,4236,0,0,0.1702077431539188,True
2,6,36,60,25,0.0845,0,10,0.005,0.025,4141,0,0,0.17411253320453995,True
2,6,37,60,25,0.0845,0,10,0.005,0.025,4053,0,0,0.17789291882556132,True
2,6,38,60,25,0.0845,0,10,0.005,0.025,4009,0,0,0.17984534796707408,True
2,6,39,60,25,0.0845,0,10,0.005,0.025,3950,0,0,0.1820253164556962,True
2,6,40,60,25,0.0845,0,10,0.005,0.025,3898,0,0,0.1844535659312468,True
2,6,41,60,25,0.0845,0,10,0.005,0.025,4603,0,0,0.25744079947860093,True
2,6,42,60,25,0.0845,0,10,0.005,0.025,4568,0,0,0.2539404553415061,True
2,6,43,60,25,0.0845,0,10,0.005,0.025,4592,0,0,0.2635017421602787,True
2,6,44,60,25,0.0845,0,10,0.005,0.025,4539,0,0,0.2663582286847323,True
2,6,45,60,25,0.0845,0,10,0.005,0.025,4513,0,0,0.2658985153999557,True
2,6,46,60,25,0.0845,0,10,0.005,0.025,4069,0,0,0.23199803391496682,True
2,6,47,60,25,0.0845,0,10,0.005,0.025,3947,0,0,0.22776792500633392,True
2,6,48,60,25,0.0845,0,10,0.005,0.025,3876,0,0,0.22755417956656346,True
2,6,49,60,25,0.0845,0,10,0.005,0.025,3805,0,0,0.22812089356110382,True
2,6,50,60,25,0.0845,0,10,0.005,0.025,3737,0,0,0.22906074391222905,True
2,6,51,60,25,0.0845,0,10,0.005,0.025,3676,0,0,0.2295973884657236,True
2,6,52,60,25,0.0845,0,10,0.005,0.025,3628,0,0,0.23042998897464168,True
2,7,1,60,25,0.0845,0,10,0.005,0.025,3599,0,0,0.23228674631842178,True
2,7,2,60,25,0.0845,0,10,0.005,0.025,3543,0,0,0.23341800733841378,True
2,7,3,60,25,0.0845,0,10,0.005,0.025,3509,0,0,0.2353946993445426,True
2,7,4,60,25,0.0845,0,10,0.005,0.025,3458,0,0,0.23799884326200116,True
2,7,5,60,25,0.0845,0,10,0.005,0.025,3415,0,0,0.24011713030746706,True
2,7,6,60,25,0.0845,0,10,0.005,0.025,3375,0,0,0.2411851851851852,True
2,7,7,60,25,0.0845,0,10,0.005,0.025,3317,0,0,0.242689176967139,True
2,7,8,60,25,0.0845,0,10,0.005,0.025,3268,0,0,0.246328029375765,True
2,7,9,60,25,0.0845,0,10,0.005,0.025,3230,0,0,0.24860681114551084,True
2,7,10,60,25,0.0845,0,10,0.005,0.025,3196,0,0,0.25156445556946183,True
2,7,11,60,25,0.0845,0,10,0.005,0.025,3152,0,0,0.25253807106598986,True
2,7,12,60,25,0.0845,0,10,0.005,0.025,3119,0,0,0.2536069252965694,True
2,7,13,60,25,0.0845,0,10,0.005,0.025,3091,0,0,0.25558071821417017,True
2,7,14,60,25,0.0845,0,10,0.005,0.025,3060,0,0,0.257516339869281,True
2,7,15,60,25,0.0845,0,10,0.005,0.025,3032,0,0,0.26022427440633245,True
2,7,16,60,25,0.0845,0,10,0.005,0.025,3001,0,0,0.2619126957680773,True
2,7,17,60,25,0.0845,0,10,0.005,0.025,2967,0,0,0.26356589147286824,True
2,7,18,60,25,0.0845,0,10,0.005,0.025,6612,0,0,0.11857229280096794,True
2,7,19,60,25,0.0845,0,10,0.005,0.025,6442,0,0,0.12030425333747284,True
2,7,20,60,25,0.0845,0,10,0.005,0.025,6283,0,0,0.12573611332166162,True
2,7,21,60,25,0.0845,0,10,0.005,0.025,6095,0,0,0.12945036915504513,True
2,7,22,60,25,0.0845,0,10,0.005,0.025,5918,0,0,0.13264616424467726,True
2,7,23,60,25,0.0845,0,10,0.005,0.025,5771,0,0,0.13637151273609427,True
2,7,24,60,25,0.0845,0,10,0.005,0.025,5674,0,0,0.13976031018681706,True
2,7,25,60,25,0.0845,0,10,0.005,0.025,5489,0,0,0.14283111677901256,True
2,7,26,60,25,0.0845,0,10,0.005,0.025,5347,0,0,0.14568917149803629,True
2,7,27,60,25,0.0845,0,10,0.005,0.025,5254,0,0,0.1476969927674153,True
2,7,28,60,25,0.0845,0,10,0.005,0.025,5141,0,0,0.14958179342540362,True
2,7,29,60,25,0.0845,0,10,0.005,0.025,5029,0,0,0.15390733744283158,True
2,7,30,60,25,0.0845,0,10,0.005,0.025,4913,0,0,0.15713413393038878,True
2,7,31,60,25,0.0845,0,10,0.005,0.025,4799,0,0,0.1604500937695353,True
2,7,32,60,25,0.0845,0,10,0.005,0.025,4681,0,0,0.16492202520828883,True
2,7,33,60,25,0.0845,0,10,0.005,0.025,4561,0,0,0.1681648761236571,True
2,7,34,60,25,0.0845,0,10,0.005,0.025,4439,0,0,0.17346249155215138,True
2,7,35,60,25,0.0845,0,10,0.005,0.025,4333,0,0,0.1777059773828756,True
2,7,36,60,25,0.0845,0,10,0.005,0.025,4246,0,0,0.18134715025906736,True
2,7,37,60,25,0.0845,0,10,0.005,0.025,4145,0,0,0.18311218335343787,True
2,7,38,60,25,0.0845,0,10,0.005,0.025,4096,0,0,0.185791015625,True
2,7,39,60,25,0.0845,0,10,0.005,0.025,4037,0,0,0.1892494426554372,True
2,7,40,60,25,0.0845,0,10,0.005,0.025,3986,0,0,0.1916708479678876,True
2,7,41,60,25,0.0845,0,10,0.005,0.025,4685,0,0,0.2599786552828175,True
2,7,42,60,25,0.0845,0,10,0.005,0.025,4694,0,0,0.2637409458883681,True
2,7,43,60,25,0.0845,0,10,0.005,0.025,4671,0,0,0.2650396060800685,True
2,7,44,60,25,0.0845,0,10,0.005,0.025,4675,0,0,0.2716577540106952,True
2,7,45,60,25,0.0845,0,10,0.005,0.025,4614,0,0,0.2693974859124404,True
2,7,46,60,25,0.0845,0,10,0.005,0.025,4162,0,0,0.23858721768380586,True
2,7,47,60,25,0.0845,0,10,0.005,0.025,3999,0,0,0.2320580145036259,True
2,7,48,60,25,0.0845,0,10,0.005,0.025,3911,0,0,0.22935310662234723,True
2,7,49,60,25,0.0845,0,10,0.005,0.025,3866,0,0,0.22943610967408173,True
2,7,50,60,25,0.0845,0,10,0.005,0.025,3822,0,0,0.23129251700680273,True
2,7,51,60,25,0.0845,0,10,0.005,0.025,3764,0,0,0.23246546227417642,True
2,7,52,60,25,0.0845,0,10,0.005,0.025,3713,0,0,0.2329652572044169,True
2,8,1,60,25,0.0845,0,10,0.005,0.025,3674,0,0,0.2357103973870441,True
2,8,2,60,25,0.0845,0,10,0.005,0.025,3621,0,0,0.23833195249930958,True
2,8,3,60,25,0.0845,0,10,0.005,0.025,3586,0,0,0.24121583937534857,True
2,8,4,60,25,0.0845,0,10,0.005,0.025,3544,0,0,0.24238148984198646,True
2,8,5,60,25,0.0845,0,10,0.005,0.025,3511,0,0,0.24352036456849901,True
2,8,6,60,25,0.0845,0,10,0.005,0.025,3475,0,0,0.24690647482014388,True
2,8,7,60,25,0.0845,0,10,0.005,0.025,3433,0,0,0.24963588697931838,True
2,8,8,60,25,0.0845,0,10,0.005,0.025,3396,0,0,0.25176678445229683,True
2,8,9,60,25,0.0845,0,10,0.005,0.025,3364,0,0,0.25386444708680145,True
2,8,10,60,25,0.0845,0,10,0.005,0.025,3319,0,0,0.2545947574570654,True
2,8,11,60,25,0.0845,0,10,0.005,0.025,3291,0,0,0.25797629899726526,True
2,8,12,60,25,0.0845,0,10,0.005,0.025,3254,0,0,0.2615242778119238,True
2,8,13,60,25,0.0845,0,10,0.005,0.025,3222,0,0,0.2644320297951583,True
2,8,14,60,25,0.0845,0,10,0.005,0.025,3182,0,0,0.2677561282212445,True
2,8,15,60,25,0.0845,0,10,0.005,0.025,3148,0,0,0.26969504447268106,True
2,8,16,60,25,0.0845,0,10,0.005,0.025,3111,0,0,0.2738669238187078,True
2,8,17,60,25,0.0845,0,10,0.005,0.025,3083,0,0,0.27570548167369446,True
2,8,18,60,25,0.0845,0,10,0.005,0.025,6748,0,0,0.12774155305275636,True
2,8,19,60,25,0.0845,0,10,0.005,0.025,6642,0,0,0.13053297199638664,True
2,8,20,60,25,0.0845,0,10,0.005,0.025,6487,0,0,0.1341143826113766,True
2,8,21,60,25,0.0845,0,10,0.005,0.025,6349,0,0,0.13765947393290281,True
2,8,22,60,25,0.0845,0,10,0.005,0.025,6209,0,0,0.14156869061040425,True
2,8,23,60,25,0.0845,0,10,0.005,0.025,6062,0,0,0.14533157373804026,True
2,8,24,60,25,0.0845,0,10,0.005,0.025,5926,0,0,0.1486668916638542,True
2,8,25,60,25,0.0845,0,10,0.005,0.025,5788,0,0,0.1523842432619212,True
2,8,26,60,25,0.0845,0,10,0.005,0.025,5629,0,0,0.15580031977260614,True
2,8,27,60,25,0.0845,0,10,0.005,0.025,5507,0,0,0.1594334483384783,True
2,8,28,60,25,0.0845,0,10,0.005,0.025,5373,0,0,0.162106830448539,True
2,8,29,60,25,0.0845,0,10,0.005,0.025,5266,0,0,0.16635017090770984,True
2,8,30,60,25,0.0845,0,10,0.005,0.025,5148,0,0,0.16880341880341881,True
2,8,31,60,25,0.0845,0,10,0.005,0.025,5014,0,0,0.17271639409652972,True
2,8,32,60,25,0.0845,0,10,0.005,0.025,4920,0,0,0.17703252032520325,True
2,8,33,60,25,0.0845,0,10,0.005,0.025,4854,0,0,0.18005768438401318,True
2,8,34,60,25,0.0845,0,10,0.005,0.025,4768,0,0,0.18288590604026847,True
2,8,35,60,25,0.0845,0,10,0.005,0.025,4671,0,0,0.18668379362020981,True
2,8,36,60,25,0.0845,0,10,0.005,0.025,4613,0,0,0.189030999349664,True
2,8,37,60,25,0.0845,0,10,0.005,0.025,4523,0,0,0.19080256466946716,True
2,8,38,60,25,0.0845,0,10,0.005,0.025,4466,0,0,0.19346171070309,True
2,8,39,60,25,0.0845,0,10,0.005,0.025,4415,0,0,0.19750849377123442,True
2,8,40,60,25,0.0845,0,10,0.005,0.025,4341,0,0,0.20133609767334715,True
2,8,41,60,25,0.0845,0,10,0.005,0.025,5126,0,0,0.2686305111197815,True
2,8,42,60,25,0.0845,0,10,0.005,0.025,5140,0,0,0.27801556420233464,True
2,8,43,60,25,0.0845,0,10,0.005,0.025,5111,0,0,0.2831148503228331,True
2,8,44,60,25,0.0845,0,10,0.005,0.025,5017,0,0,0.27685868048634643,True
2,8,45,60,25,0.0845,0,10,0.005,0.025,5016,0,0,0.28169856459330145,True
2,8,46,60,25,0.0845,0,10,0.005,0.025,4512,0,0,0.2504432624113475,True
2,8,47,60,25,0.0845,0,10,0.005,0.025,4352,0,0,0.24379595588235295,True
2,8,48,60,25,0.0845,0,10,0.005,0.025,4260,0,0,0.24225352112676057,True
2,8,49,60,25,0.0845,0,10,0.005,0.025,4186,0,0,0.2415193502150024,True
2,8,50,60,25,0.0845,0,10,0.005,0.025,4111,0,0,0.2422768182923863,True
2,8,51,60,25,0.0845,0,10,0.005,0.025,4069,0,0,0.245023347259769,True
2,8,52,60,25,0.0845,0,10,0.005,0.025,4026,0,0,0.24764033780427222,True
2,9,1,60,25,0.0845,0,10,0.005,0.025,3957,0,0,0.25018953752843065,True
2,9,2,60,25,0.0845,0,10,0.005,0.025,3913,0,0,0.25146946077178634,True
2,9,3,60,25,0.0845,0,10,0.005,0.025,3866,0,0,0.2529746508018624,True
2,9,4,60,25,0.0845,0,10,0.005,0.025,3799,0,0,0.25506712292708605,True
2,9,5,60,25,0.0845,0,10,0.005,0.025,3769,0,0,0.2568320509418944,True
2,9,6,60,25,0.0845,0,10,0.005,0.025,3703,0,0,0.2597893599783959,True
2,9,7,60,25,0.0845,0,10,0.005,0.025,3658,0,0,0.2618917441224713,True
2,9,8,60,25,0.0845,0,10,0.005,0.025,3601,0,0,0.26242710358233823,True
2,9,9,60,25,0.0845,0,10,0.005,0.025,3550,0,0,0.26422535211267606,True
2,9,10,60,25,0.0845,0,10,0.005,0.025,3508,0,0,0.26596351197263396,True
2,9,11,60,25,0.0845,0,10,0.005,0.025,3463,0,0,0.2682645105399942,True
2,9,12,60,25,0.0845,0,10,0.005,0.025,3423,0,0,0.27169149868536374,True
2,9,13,60,25,0.0845,0,10,0.005,0.025,3369,0,0,0.27307806470762835,True
2,9,14,60,25,0.0845,0,10,0.005,0.025,3328,0,0,0.2761418269230769,True
2,9,15,60,25,0.0845,0,10,0.005,0.025,3287,0,0,0.2780651049589291,True
2,9,16,60,25,0.0845,0,10,0.005,0.025,3244,0,0,0.28020961775585695,True
2,9,17,60,25,0.0845,0,10,0.005,0.025,3195,0,0,0.28356807511737087,True
2,9,18,60,25,0.0845,0,10,0.005,0.025,6737,0,0,0.12290336945227846,True
2,9,19,60,25,0.0845,0,10,0.005,0.025,6633,0,0,0.12392582541836274,True
2,9,20,60,25,0.0845,0,10,0.005,0.025,6507,0,0,0.12755494083294913,True
2,9,21,60,25,0.0845,0,10,0.005,0.025,6363,0,0,0.13044161559013046,True
2,9,22,60,25,0.0845,0,10,0.005,0.025,6239,0,0,0.13463696105145057,True
2,9,23,60,25,0.0845,0,10,0.005,0.025,6101,0,0,0.13669890181937389,True
2,9,24,60,25,0.0845,0,10,0.005,0.025,5966,0,0,0.13928930606771706,True
2,9,25,60,25,0.0845,0,10,0.005,0.025,5846,0,0,0.14129319192610332,True
2,9,26,60,25,0.0845,0,10,0.005,0.025,5703,0,0,0.14431001227424162,True
2,9,27,60,25,0.0845,0,10,0.005,0.025,5548,0,0,0.14834174477289114,True
2,9,28,60,25,0.0845,0,10,0.005,0.025,5454,0,0,0.15163182984965162,True
2,9,29,60,25,0.0845,0,10,0.005,0.025,5329,0,0,0.1559392006004879,True
2,9,30,60,25,0.0845,0,10,0.005,0.025,5177,0,0,0.16051767432876182,True
2,9,31,60,25,0.0845,0,10,0.005,0.025,5089,0,0,0.16348988013362153,True
2,9,32,60,25,0.0845,0,10,0.005,0.025,4977,0,0,0.1659634317862166,True
2,9,33,60,25,0.0845,0,10,0.005,0.025,4865,0,0,0.16937307297019527,True
2,9,34,60,25,0.0845,0,10,0.005,0.025,4737,0,0,0.17542748575047498,True
2,9,35,60,25,0.0845,0,10,0.005,0.025,4612,0,0,0.1795316565481353,True
2,9,36,60,25,0.0845,0,10,0.005,0.025,4516,0,0,0.18423383525243578,True
2,9,37,60,25,0.0845,0,10,0.005,0.025,4425,0,0,0.1889265536723164,True
2,9,38,60,25,0.0845,0,10,0.005,0.025,4371,0,0,0.19126058110272248,True
2,9,39,60,25,0.0845,0,10,0.005,0.025,4310,0,0,0.19280742459396752,True
2,9,40,60,25,0.0845,0,10,0.005,0.025,4248,0,0,0.19750470809792844,True
2,9,41,60,25,0.0845,0,10,0.005,0.025,5074,0,0,0.275522270398108,True
2,9,42,60,25,0.0845,0,10,0.005,0.025,5094,0,0,0.27601099332548096,True
2,9,43,60,25,0.0845,0,10,0.005,0.025,5081,0,0,0.2792757331234009,True
2,9,44,60,25,0.0845,0,10,0.005,0.025,4986,0,0,0.27998395507420776,True
2,9,45,60,25,0.0845,0,10,0.005,0.025,4939,0,0,0.27859890666126746,True
2,9,46,60,25,0.0845,0,10,0.005,0.025,4461,0,0,0.2517372786370769,True
2,9,47,60,25,0.0845,0,10,0.005,0.025,4317,0,0,0.24669909659485753,True
2,9,48,60,25,0.0845,0,10,0.005,0.025,4234,0,0,0.24586679263108172,True
2,9,49,60,25,0.0845,0,10,0.005,0.025,4135,0,0,0.2464328899637243,True
2,9,50,60,25,0.0845,0,10,0.005,0.025,4108,0,0,0.24707887049659202,True
2,9,51,60,25,0.0845,0,10,0.005,0.025,4035,0,0,0.24535315985130113,True
2,9,52,60,25,0.0845,0,10,0.005,0.025,3984,0,0,0.24723895582329317,True
2,10,1,60,25,0.0845,0,10,0.005,0.025,3936,0,0,0.24923780487804878,True
2,10,2,60,25,0.0845,0,10,0.005,0.025,3892,0,0,0.2541109969167523,True
2,10,3,60,25,0.0845,0,10,0.005,0.025,3847,0,0,0.25604367039251363,True
2,10,4,60,25,0.0845,0,10,0.005,0.025,3804,0,0,0.25920084121976866,True
2,10,5,60,25,0.0845,0,10,0.005,0.025,3750,0,0,0.2613333333333333,True
2,10,6,60,25,0.0845,0,10,0.005,0.025,3706,0,0,0.2633567188343227,True
2,10,7,60,25,0.0845,0,10,0.005,0.025,3653,0,0,0.26416643854366273,True
2,10,8,60,25,0.0845,0,10,0.005,0.025,3605,0,0,0.26574202496532595,True
2,10,9,60,25,0.0845,0,10,0.005,0.025,3563,0,0,0.26662924501824303,True
2,10,10,60,25,0.0845,0,10,0.005,0.025,3521,0,0,0.26924169270093723,True
2,10,11,60,25,0.0845,0,10,0.005,0.025,3482,0,0,0.27197013210798393,True
2,10,12,60,25,0.0845,0,10,0.005,0.025,3443,0,0,0.2738890502468777,True
2,10,13,60,25,0.0845,0,10,0.005,0.025,3404,0,0,0.2764394829612221,True
2,10,14,60,25,0.0845,0,10,0.005,0.025,3366,0,0,0.27837195484254307,True
2,10,15,60,25,0.0845,0,10,0.005,0.025,3337,0,0,0.28109080011986814,True
2,10,16,60,25,0.0845,0,10,0.005,0.025,3290,0,0,0.28328267477203645,True
2,10,17,60,25,0.0845,0,10,0.005,0.025,3266,0,0,0.28413962033067974,True
2,10,18,60,25,0.0845,0,10,0.005,0.025,7024,0,0,0.125,True
2,10,19,60,25,0.0845,0,10,0.005,0.025,6906,0,0,0.12699102229944975,True
2,10,20,60,25,0.0845,0,10,0.005,0.025,6764,0,0,0.12965700768775873,True
2,10,21,60,25,0.0845,0,10,0.005,0.025,6646,0,0,0.13271140535660547,True
2,10,22,60,25,0.0845,0,10,0.005,0.025,6520,0,0,0.13588957055214723,True
2,10,23,60,25,0.0845,0,10,0.005,0.025,6417,0,0,0.1386940938133084,True
2,10,24,60,25,0.0845,0,10,0.005,0.025,6277,0,0,0.14210610164091125,True
2,10,25,60,25,0.0845,0,10,0.005,0.025,6141,0,0,0.1457417358736362,True
2,10,26,60,25,0.0845,0,10,0.005,0.025,5989,0,0,0.1487727500417432,True
2,10,27,60,25,0.0845,0,10,0.005,0.025,5867,0,0,0.1520368160899949,True
2,10,28,60,25,0.0845,0,10,0.005,0.025,5726,0,0,0.15420887181278378,True
2,10,29,60,25,0.0845,0,10,0.005,0.025,5582,0,0,0.15729129344321033,True
2,10,30,60,25,0.0845,0,10,0.005,0.025,5454,0,0,0.1607994132746608,True
2,10,31,60,25,0.0845,0,10,0.005,0.025,5298,0,0,0.16402416006040016,True
2,10,32,60,25,0.0845,0,10,0.005,0.025,5150,0,0,0.1683495145631068,True
2,10,33,60,25,0.0845,0,10,0.005,0.025,5050,0,0,0.17207920792079207,True
2,10,34,60,25,0.0845,0,10,0.005,0.025,4949,0,0,0.173974540311174,True
2,10,35,60,25,0.0845,0,10,0.005,0.025,4848,0,0,0.17883663366336633,True
2,10,36,60,25,0.0845,0,10,0.005,0.025,4748,0,0,0.18155012636899748,True
2,10,37,60,25,0.0845,0,10,0.005,0.025,4610,0,0,0.18676789587852494,True
2,10,38,60,25,0.0845,0,10,0.005,0.025,4550,0,0,0.1898901098901099,True
2,10,39,60,25,0.0845,0,10,0.005,0.025,4478,0,0,0.1929432782492184,True
2,10,40,60,25,0.0845,0,10,0.005,0.025,4427,0,0,0.19674723288908968,True
2,10,41,60,25,0.0845,0,10,0.005,0.025,5260,0,0,0.2737642585551331,True
2,10,42,60,25,0.0845,0,10,0.005,0.025,5248,0,0,0.27458079268292684,True
2,10,43,60,25,0.0845,0,10,0.005,0.025,5221,0,0,0.28078912085807317,True
2,10,44,60,25,0.0845,0,10,0.005,0.025,5143,0,0,0.2805755395683453,True
2,10,45,60,25,0.0845,0,10,0.005,0.025,5162,0,0,0.28554823711739635,True
2,10,46,60,25,0.0845,0,10,0.005,0.025,4597,0,0,0.2449423537089406,True
2,10,47,60,25,0.0845,0,10,0.005,0.025,4433,0,0,0.2368599142792691,True
2,10,48,60,25,0.0845,0,10,0.005,0.025,4340,0,0,0.23709677419354838,True
2,10,49,60,25,0.0845,0,10,0.005,0.025,4261,0,0,0.23586012673081436,True
2,10,50,60,25,0.0845,0,10,0.005,0.025,4213,0,0,0.23973415618324234,True
2,10,51,60,25,0.0845,0,10,0.005,0.025,4145,0,0,0.2405307599517491,True
2,10,52,60,25,0.0845,0,10,0.005,0.025,4078,0,0,0.24301128003923492,True
2,11,1,60,25,0.0845,0,10,0.005,0.025,4035,0,0,0.24609665427509295,True
2,11,2,60,25,0.0845,0,10,0.005,0.025,3965,0,0,0.24817150063051702,True
2,11,3,60,25,0.0845,0,10,0.005,0.025,3918,0,0,0.2506380806533946,True
2,11,4,60,25,0.0845,0,10,0.005,0.025,3887,0,0,0.253151530743504,True
2,11,5,60,25,0.0845,0,10,0.005,0.025,3837,0,0,0.25566849100860045,True
2,11,6,60,25,0.0845,0,10,0.005,0.025,3801,0,0,0.25887924230465664,True
2,11,7,60,25,0.0845,0,10,0.005,0.025,3763,0,0,0.26043050757374436,True
2,11,8,60,25,0.0845,0,10,0.005,0.025,3716,0,0,0.2623789020452099,True
2,11,9,60,25,0.0845,0,10,0.005,0.025,3684,0,0,0.26601520086862107,True
2,11,10,60,25,0.0845,0,10,0.005,0.025,3657,0,0,0.2693464588460487,True
2,11,11,60,25,0.0845,0,10,0.005,0.025,3606,0,0,0.2703826955074875,True
2,11,12,60,25,0.0845,0,10,0.005,0.025,3569,0,0,0.2743065284393387,True
2,11,13,60,25,0.0845,0,10,0.005,0.025,3527,0,0,0.2758718457612702,True
2,11,14,60,25,0.0845,0,10,0.005,0.025,3483,0,0,0.27935687625610106,True
2,11,15,60,25,0.0845,0,10,0.005,0.025,3442,0,0,0.2809413131900058,True
2,11,16,60,25,0.0845,0,10,0.005,0.025,3402,0,0,0.28365667254556143,True
2,11,17,60,25,0.0845,0,10,0.005,0.025,3359,0,0,0.2866924679964275,True
2,11,18,60,25,0.0845,0,10,0.005,0.025,7195,0,0,0.12592077831827658,True
2,11,19,60,25,0.0845,0,10,0.005,0.025,7077,0,0,0.12830295322876925,True
2,11,20,60,25,0.0845,0,10,0.005,0.025,6922,0,0,0.1307425599537706,True
2,11,21,60,25,0.0845,0,10,0.005,0.025,6765,0,0,0.13303769401330376,True
2,11,22,60,25,0.0845,0,10,0.005,0.025,6632,0,0,0.13585645355850423,True
2,11,23,60,25,0.0845,0,10,0.005,0.025,6506,0,0,0.1398708884106978,True
2,11,24,60,25,0.0845,0,10,0.005,0.025,6327,0,0,0.1427216690374585,True
2,11,25,60,25,0.0845,0,10,0.005,0.025,6212,0,0,0.14536381197681905,True
2,11,26,60,25,0.0845,0,10,0.005,0.025,6066,0,0,0.14985163204747776,True
2,11,27,60,25,0.0845,0,10,0.005,0.025,5964,0,0,0.15358819584171696,True
2,11,28,60,25,0.0845,0,10,0.005,0.025,5814,0,0,0.15755073959408325,True
2,11,29,60,25,0.0845,0,10,0.005,0.025,5699,0,0,0.16125636076504649,True
2,11,30,60,25,0.0845,0,10,0.005,0.025,5553,0,0,0.1665766252476139,True
2,11,31,60,25,0.0845,0,10,0.005,0.025,5429,0,0,0.17148646159513722,True
2,11,32,60,25,0.0845,0,10,0.005,0.025,5303,0,0,0.17386385065057514,True
2,11,33,60,25,0.0845,0,10,0.005,0.025,5186,0,0,0.17682221365214038,True
2,11,34,60,25,0.0845,0,10,0.005,0.025,5085,0,0,0.18053097345132743,True
2,11,35,60,25,0.0845,0,10,0.005,0.025,4969,0,0,0.18534916482189576,True
2,11,36,60,25,0.0845,0,10,0.005,0.025,4869,0,0,0.18874512220168413,True
2,11,37,60,25,0.0845,0,10,0.005,0.025,4763,0,0,0.192735670795717,True
2,11,38,60,25,0.0845,0,10,0.005,0.025,4715,0,0,0.19406150583244963,True
2,11,39,60,25,0.0845,0,10,0.005,0.025,4635,0,0,0.19546925566343043,True
2,11,40,60,25,0.0845,0,10,0.005,0.025,4567,0,0,0.1992555287935187,True
2,11,41,60,25,0.0845,0,10,0.005,0.025,5455,0,0,0.2762603116406966,True
2,11,42,60,25,0.0845,0,10,0.005,0.025,5461,0,0,0.2750412012451932,True
2,11,43,60,25,0.0845,0,10,0.005,0.025,5383,0,0,0.2751253947612855,True
2,11,44,60,25,0.0845,0,10,0.005,0.025,5357,0,0,0.2747806608176218,True
2,11,45,60,25,0.0845,0,10,0.005,0.025,5316,0,0,0.2735139202407825,True
2,11,46,60,25,0.0845,0,10,0.005,0.025,4730,0,0,0.2397463002114165,True
2,11,47,60,25,0.0845,0,10,0.005,0.025,4607,0,0,0.23464293466464076,True
2,11,48,60,25,0.0845,0,10,0.005,0.025,4521,0,0,0.23446140234461402,True
2,11,49,60,25,0.0845,0,10,0.005,0.025,4423,0,0,0.23355188785891928,True
2,11,50,60,25,0.0845,0,10,0.005,0.025,4357,0,0,0.23548313059444573,True
2,11,51,60,25,0.0845,0,10,0.005,0.025,4280,0,0,0.23761682242990653,True
2,11,52,60,25,0.0845,0,10,0.005,0.025,4218,0,0,0.24016121384542438,True
2,1,1,60,25,0.159,0,10,0.005,0.025,5454,0,0,0.0016501650165016502,True
2,1,2,60,25,0.159,0,10,0.005,0.025,5327,0,0,0.002628120893561104,True
2,1,3,60,25,0.159,0,10,0.005,0.025,5179,0,0,0.005599536590075304,True
2,1,4,60,25,0.159,0,10,0.005,0.025,5090,0,0,0.007072691552062868,True
2,1,5,60,25,0.159,0,10,0.005,0.025,4973,0,0,0.008847778001206515,True
2,1,6,60,25,0.159,0,10,0.005,0.025,4887,0,0,0.010845099242889298,True
2,1,7,60,25,0.159,0,10,0.005,0.025,4825,0,0,0.01305699481865285,True
2,1,8,60,25,0.159,0,10,0.005,0.025,4747,0,0,0.014535496102801769,True
2,1,9,60,25,0.159,0,10,0.005,0.025,4673,0,0,0.015407661031457309,True
2,1,10,60,25,0.159,0,10,0.005,0.025,4622,0,0,0.016659454781479878,True
2,1,11,60,25,0.159,0,10,0.005,0.025,4575,0,0,0.017923497267759565,True
2,1,12,60,25,0.159,0,10,0.005,0.025,4534,0,0,0.018967798853109837,True
2,1,13,60,25,0.159,0,10,0.005,0.025,4467,0,0,0.021490933512424447,True
2,1,14,60,25,0.159,0,10,0.005,0.025,4433,0,0,0.023911572298669075,True
2,1,15,60,25,0.159,0,10,0.005,0.025,4400,0,0,0.026590909090909092,True
2,1,16,60,25,0.159,0,10,0.005,0.025,4352,0,0,0.028262867647058824,True
2,1,17,60,25,0.159,0,10,0.005,0.025,4305,0,0,0.030894308943089432,True
2,1,18,60,25,0.159,0,10,0.005,0.025,12416,0,0,0.012644974226804124,True
2,1,19,60,25,0.159,0,10,0.005,0.025,12120,0,0,0.014933993399339934,True
2,1,20,60,25,0.159,0,10,0.005,0.025,11826,0,0,0.017842042956198206,True
2,1,21,60,25,0.159,0,10,0.005,0.025,11500,0,0,0.01991304347826087,True
2,1,22,60,25,0.159,0,10,0.005,0.025,11184,0,0,0.022800429184549355,True
2,1,23,60,25,0.159,0,10,0.005,0.025,10916,0,0,0.025100769512641993,True
2,1,24,60,25,0.159,0,10,0.005,0.025,10647,0,0,0.02695595003287311,True
2,1,25,60,25,0.159,0,10,0.005,0.025,10363,0,0,0.028466660233523112,True
2,1,26,60,25,0.159,0,10,0.005,0.025,10094,0,0,0.030909451159104418,True
2,1,27,60,25,0.159,0,10,0.005,0.025,9843,0,0,0.03332317382911714,True
2,1,28,60,25,0.159,0,10,0.005,0.025,9643,0,0,0.035466141242351965,True
2,1,29,60,25,0.159,0,10,0.005,0.025,9405,0,0,0.037745879851143006,True
2,1,30,60,25,0.159,0,10,0.005,0.025,9227,0,0,0.039666197030454105,True
2,1,31,60,25,0.159,0,10,0.005,0.025,9048,0,0,0.04111405835543767,True
2,1,32,60,25,0.159,0,10,0.005,0.025,8875,0,0,0.043154929577464786,True
2,1,33,60,25,0.159,0,10,0.005,0.025,8655,0,0,0.045522819179664935,True
2,1,34,60,25,0.159,0,10,0.005,0.025,8466,0,0,0.04748405386250886,True
2,1,35,60,25,0.159,0,10,0.005,0.025,8288,0,0,0.048745173745173745,True
2,1,36,60,25,0.159,0,10,0.005,0.025,8107,0,0,0.050820278771432095,True
2,1,37,60,25,0.159,0,10,0.005,0.025,7867,0,0,0.052116435744248124,True
2,1,38,60,25,0.159,0,10,0.005,0.025,7717,0,0,0.0537773746274459,True
2,1,39,60,25,0.159,0,10,0.005,0.025,7578,0,0,0.056215360253365,True
2,1,40,60,25,0.159,0,10,0.005,0.025,7448,0,0,0.057733619763694954,True
2,1,41,60,25,0.159,0,10,0.005,0.025,7637,0,0,0.07961241325127667,True
2,1,42,60,25,0.159,0,10,0.005,0.025,7605,0,0,0.08481262327416174,True
2,1,43,60,25,0.159,0,10,0.005,0.025,7497,0,0,0.0871015072695745,True
2,1,44,60,25,0.159,0,10,0.005,0.025,7459,0,0,0.09237163158600349,True
2,1,45,60,25,0.159,0,10,0.005,0.025,7389,0,0,0.09284070916226823,True
2,1,46,60,25,0.159,0,10,0.005,0.025,7095,0,0,0.08555320648343905,True
2,1,47,60,25,0.159,0,10,0.005,0.025,6956,0,0,0.08582518688901668,True
2,1,48,60,25,0.159,0,10,0.005,0.025,6865,0,0,0.08667152221412965,True
2,1,49,60,25,0.159,0,10,0.005,0.025,6791,0,0,0.0898247680753939,True
2,1,50,60,25,0.159,0,10,0.005,0.025,6694,0,0,0.09411413205855991,True
2,1,51,60,25,0.159,0,10,0.005,0.025,6622,0,0,0.09664753850800363,True
2,1,52,60,25,0.159,0,10,0.005,0.025,6545,0,0,0.10038197097020626,True
2,2,1,60,25,0.159,0,10,0.005,0.025,6422,8,0,0.10230457801308004,False
2,2,2,60,25,0.159,0,10,0.005,0.025,6350,8,0,0.10614173228346457,False
2,2,3,60,25,0.159,0,10,0.005,0.025,6246,8,1,0.10758885686839577,False
2,2,4,60,25,0.159,0,10,0.005,0.025,6173,79,3,0.1098331443382472,False
2,2,5,60,25,0.159,0,10,0.005,0.025,6086,147,23,0.11107459743674006,False
2,2,6,60,25,0.159,0,10,0.005,0.025,5975,274,47,0.11397489539748953,False
2,2,7,60,25,0.159,0,10,0.005,0.025,5880,388,88,0.11547619047619048,False
2,2,8,60,25,0.159,0,10,0.005,0.025,5754,521,141,0.11800486618004866,False
2,2,9,60,25,0.159,0,10,0.005,0.025,5612,611,179,0.12205987170349251,False
2,2,10,60,25,0.159,0,10,0.005,0.025,5453,664,233,0.12708600770218229,False
2,2,11,60,25,0.159,0,10,0.005,0.025,5271,667,266,0.1309049516220831,False
2,2,12,60,25,0.159,0,10,0.005,0.025,5061,615,244,0.13692946058091288,False
2,2,13,60,25,0.159,0,10,0.005,0.025,4875,570,233,0.14133333333333334,False
2,2,14,60,25,0.159,0,10,0.005,0.025,4696,505,240,0.14735945485519591,False
2,2,15,60,25,0.159,0,10,0.005,0.025,4512,441,211,0.15203900709219859,False
2,2,16,60,25,0.159,0,10,0.005,0.025,4316,356,170,0.15894346617238184,False
2,2,17,60,25,0.159,0,10,0.005,0.025,4167,311,144,0.16438684905207585,False
2,2,18,60,25,0.159,0,10,0.005,0.025,8089,258,117,0.08443565335640994,False
2,2,19,60,25,0.159,0,10,0.005,0.025,7831,333,104,0.08811135231771165,False
2,2,20,60,25,0.159,0,10,0.005,0.025,7529,352,105,0.0931066542701554,False
2,2,21,60,25,0.159,0,10,0.005,0.025,7289,350,136,0.09644670050761421,False
2,2,22,60,25,0.159,0,10,0.005,0.025,7009,311,130,0.0987302040233985,False
2,2,23,60,25,0.159,0,10,0.005,0.025,6753,259,93,0.1032133866429735,False
2,2,24,60,25,0.159,0,10,0.005,0.025,6539,235,89,0.10766172197583729,False
2,2,25,60,25,0.159,0,10,0.005,0.025,6362,225,98,0.1104998428167243,False
2,2,26,60,25,0.159,0,10,0.005,0.025,6170,184,88,0.11345218800648298,False
2,2,27,60,25,0.159,0,10,0.005,0.025,5998,145,70,0.1172057352450817,False
2,2,28,60,25,0.159,0,10,0.005,0.025,5842,109,54,0.12221841834988018,False
2,2,29,60,25,0.159,0,10,0.005,0.025,5715,85,48,0.1268591426071741,False
2,2,30,60,25,0.159,0,10,0.005,0.025,5580,66,40,0.13118279569892474,False
2,2,31,60,25,0.159,0,10,0.005,0.025,5455,48,24,0.13400549954170485,False
2,2,32,60,25,0.159,0,10,0.005,0.025,5321,27,15,0.1366284532982522,False
2,2,33,60,25,0.159,0,10,0.005,0.025,5203,22,12,0.1391504901018643,False
2,2,34,60,25,0.159,0,10,0.005,0.025,5121,15,5,0.1411833626244874,False
2,2,35,60,25,0.159,0,10,0.005,0.025,5029,13,4,0.14336846291509248,False
2,2,36,60,25,0.159,0,10,0.005,0.025,4924,13,6,0.14723801787164906,False
2,2,37,60,25,0.159,0,10,0.005,0.025,4823,17,5,0.15073605639643375,False
2,2,38,60,25,0.159,0,10,0.005,0.025,4751,14,7,0.1549147547884656,False
2,2,39,60,25,0.159,0,10,0.005,0.025,4691,15,9,0.15689618418247708,False
2,2,40,60,25,0.159,0,10,0.005,0.025,4618,9,3,0.15915980944131658,False
2,2,41,60,25,0.159,0,10,0.005,0.025,4990,6,6,0.20300601202404808,False
2,2,42,60,25,0.159,0,10,0.005,0.025,4947,7,6,0.20941985041439257,False
2,2,43,60,25,0.159,0,10,0.005,0.025,4908,1,0,0.21230643846780767,False
2,2,44,60,25,0.159,0,10,0.005,0.025,4870,1,0,0.22320328542094456,False
2,2,45,60,25,0.159,0,10,0.005,0.025,4827,1,1,0.217940749948208,False
2,2,46,60,25,0.159,0,10,0.005,0.025,4562,3,1,0.20188513809732572,False
2,2,47,60,25,0.159,0,10,0.005,0.025,4494,2,1,0.20582999554962172,False
2,2,48,60,25,0.159,0,10,0.005,0.025,4437,3,1,0.20464277665089023,False
2,2,49,60,25,0.159,0,10,0.005,0.025,4434,2,1,0.21222372575552548,False
2,2,50,60,25,0.159,0,10,0.005,0.025,4413,2,1,0.21617946974847044,False
2,2,51,60,25,0.159,0,10,0.005,0.025,4399,1,1,0.22027733575812686,False
2,2,52,60,25,0.159,0,10,0.005,0.025,4360,2,1,0.22293577981651377,False
2,3,1,60,25,0.159,0,10,0.005,0.025,4343,1,0,0.23025558369790466,False
2,3,2,60,25,0.159,0,10,0.005,0.025,4371,1,0,0.23953328757721346,False
2,3,3,60,25,0.159,0,10,0.005,0.025,4383,1,0,0.24845995893223818,False
2,3,4,60,25,0.159,0,10,0.005,0.025,4396,1,1,0.255459508644222,False
2,3,5,60,25,0.159,0,10,0.005,0.025,4398,2,1,0.2617098681218736,False
2,3,6,60,25,0.159,0,10,0.005,0.025,4364,1,0,0.26604032997250227,False
2,3,7,60,25,0.159,0,10,0.005,0.025,4347,1,0,0.26777087646652864,False
2,3,8,60,25,0.159,0,10,0.005,0.025,4323,1,1,0.2736525560953042,False
2,3,9,60,25,0.159,0,10,0.005,0.025,4296,1,1,0.2774674115456238,False
2,3,10,60,25,0.159,0,10,0.005,0.025,4261,0,0,0.28303215207697724,True
2,3,11,60,25,0.159,0,10,0.005,0.025,4225,0,0,0.28473372781065087,True
2,3,12,60,25,0.159,0,10,0.005,0.025,4200,0,0,0.28833333333333333,True
2,3,13,60,25,0.159,0,10,0.005,0.025,4148,0,0,0.2892960462873674,True
2,3,14,60,25,0.159,0,10,0.005,0.025,4086,0,0,0.290014684287812,True
2,3,15,60,25,0.159,0,10,0.005,0.025,4045,0,0,0.2907292954264524,True
2,3,16,60,25,0.159,0,10,0.005,0.025,4006,0,0,0.29405891163255116,True
2,3,17,60,25,0.159,0,10,0.005,0.025,3958,0,0,0.29560384032339565,True
2,3,18,60,25,0.159,0,10,0.005,0.025,8994,0,0,0.13086502112519457,True
2,3,19,60,25,0.159,0,10,0.005,0.025,8822,0,0,0.13341645885286782,True
2,3,20,60,25,0.159,0,10,0.005,0.025,8602,0,0,0.13636363636363635,True
2,3,21,60,25,0.159,0,10,0.005,0.025,8390,0,0,0.13873659117997617,True
2,3,22,60,25,0.159,0,10,0.005,0.025,8180,0,0,0.14315403422982886,True
2,3,23,60,25,0.159,0,10,0.005,0.025,8014,0,0,0.14624407287247318,True
2,3,24,60,25,0.159,0,10,0.005,0.025,7816,0,0,0.1489252814738997,True
2,3,25,60,25,0.159,0,10,0.005,0.025,7622,0,0,0.1524534242980845,True
2,3,26,60,25,0.159,0,10,0.005,0.025,7384,0,0,0.15547128927410617,True
2,3,27,60,25,0.159,0,10,0.005,0.025,7168,0,0,0.15945870535714285,True
2,3,28,60,25,0.159,0,10,0.005,0.025,6976,0,0,0.1629873853211009,True
2,3,29,60,25,0.159,0,10,0.005,0.025,6842,0,0,0.16734872844197604,True
2,3,30,60,25,0.159,0,10,0.005,0.025,6712,0,0,0.17058998808104886,True
2,3,31,60,25,0.159,0,10,0.005,0.025,6548,0,0,0.17287721441661577,True
2,3,32,60,25,0.159,0,10,0.005,0.025,6406,0,0,0.17748985326256633,True
2,3,33,60,25,0.159,0,10,0.005,0.025,6308,0,0,0.1799302473050095,True
2,3,34,60,25,0.159,0,10,0.005,0.025,6185,0,0,0.18367016976556183,True
2,3,35,60,25,0.159,0,10,0.005,0.025,6039,0,0,0.187117072362974,True
2,3,36,60,25,0.159,0,10,0.005,0.025,5873,0,0,0.18934105227311426,True
2,3,37,60,25,0.159,0,10,0.005,0.025,5760,0,0,0.19340277777777778,True
2,3,38,60,25,0.159,0,10,0.005,0.025,5679,0,0,0.19721782003873922,True
2,3,39,60,25,0.159,0,10,0.005,0.025,5591,0,0,0.20085852262564835,True
2,3,40,60,25,0.159,0,10,0.005,0.025,5512,0,0,0.2015602322206096,True
2,3,41,60,25,0.159,0,10,0.005,0.025,5653,0,0,0.23085087564125242,True
2,3,42,60,25,0.159,0,10,0.005,0.025,5577,0,0,0.23184507799892415,True
2,3,43,60,25,0.159,0,10,0.005,0.025,5480,0,0,0.23521897810218978,True
2,3,44,60,25,0.159,0,10,0.005,0.025,5451,0,0,0.2348192992111539,True
2,3,45,60,25,0.159,0,10,0.005,0.025,5383,0,0,0.24131525171837265,True
2,3,46,60,25,0.159,0,10,0.005,0.025,5081,0,0,0.22731745719346585,True
2,3,47,60,25,0.159,0,10,0.005,0.025,5034,0,0,0.22228843861740166,True
2,3,48,60,25,0.159,0,10,0.005,0.025,4995,0,0,0.22622622622622623,True
2,3,49,60,25,0.159,0,10,0.005,0.025,4964,0,0,0.22763900080580177,True
2,3,50,60,25,0.159,0,10,0.005,0.025,4903,0,0,0.2308790536406282,True
2,3,51,60,25,0.159,0,10,0.005,0.025,4870,0,0,0.23449691991786448,True
2,3,52,60,25,0.159,0,10,0.005,0.025,4815,0,0,0.2363447559709242,True
2,4,1,60,25,0.159,0,10,0.005,0.025,4752,0,0,0.23842592592592593,True
2,4,2,60,25,0.159,0,10,0.005,0.025,4714,0,0,0.24140857021637674,True
2,4,3,60,25,0.159,0,10,0.005,0.025,4659,0,0,0.24425842455462546,True
2,4,4,60,25,0.159,0,10,0.005,0.025,4604,0,0,0.24522154648132058,True
2,4,5,60,25,0.159,0,10,0.005,0.025,4560,0,0,0.24912280701754386,True
2,4,6,60,25,0.159,0,10,0.005,0.025,4496,0,0,0.2515569395017794,True
2,4,7,60,25,0.159,0,10,0.005,0.025,4439,0,0,0.25366073439963954,True
2,4,8,60,25,0.159,0,10,0.005,0.025,4379,0,0,0.25576615665677094,True
2,4,9,60,25,0.159,0,10,0.005,0.025,4339,0,0,0.2581239917031574,True
2,4,10,60,25,0.159,0,10,0.005,0.025,4305,0,0,0.25923344947735194,True
2,4,11,60,25,0.159,0,10,0.005,0.025,4255,0,0,0.2620446533490012,True
2,4,12,60,25,0.159,0,10,0.005,0.025,4212,0,0,0.2644824311490978,True
2,4,13,60,25,0.159,0,10,0.005,0.025,4167,0,0,0.2666186705063595,True
2,4,14,60,25,0.159,0,10,0.005,0.025,4115,0,0,0.2668286755771567,True
2,4,15,60,25,0.159,0,10,0.005,0.025,4053,0,0,0.2706637058968665,True
2,4,16,60,25,0.159,0,10,0.005,0.025,4015,0,0,0.27322540473225404,True
2,4,17,60,25,0.159,0,10,0.005,0.025,3964,0,0,0.27573158425832495,True
2,4,18,60,25,0.159,0,10,0.005,0.025,8811,0,0,0.1247304505731472,True
2,4,19,60,25,0.159,0,10,0.005,0.025,8601,0,0,0.12847343332170677,True
2,4,20,60,25,0.159,0,10,0.005,0.025,8406,0,0,0.13288127527956223,True
2,4,21,60,25,0.159,0,10,0.005,0.025,8176,0,0,0.13576320939334638,True
2,4,22,60,25,0.159,0,10,0.005,0.025,7977,0,0,0.1390246960010029,True
2,4,23,60,25,0.159,0,10,0.005,0.025,7798,0,0,0.14208771479866633,True
2,4,24,60,25,0.159,0,10,0.005,0.025,7622,0,0,0.14654946208344266,True
2,4,25,60,25,0.159,0,10,0.005,0.025,7456,0,0,0.14900751072961374,True
2,4,26,60,25,0.159,0,10,0.005,0.025,7284,0,0,0.15348709500274574,True
2,4,27,60,25,0.159,0,10,0.005,0.025,7109,0,0,0.15810943873962582,True
2,4,28,60,25,0.159,0,10,0.005,0.025,6915,0,0,0.16196673897324657,True
2,4,29,60,25,0.159,0,10,0.005,0.025,6784,0,0,0.1650943396226415,True
2,4,30,60,25,0.159,0,10,0.005,0.025,6658,0,0,0.1671673175127666,True
2,4,31,60,25,0.159,0,10,0.005,0.025,6509,0,0,0.17068674143493623,True
2,4,32,60,25,0.159,0,10,0.005,0.025,6361,0,0,0.1754441125609181,True
2,4,33,60,25,0.159,0,10,0.005,0.025,6260,0,0,0.17763578274760383,True
2,4,34,60,25,0.159,0,10,0.005,0.025,6145,0,0,0.18209926769731488,True
2,4,35,60,25,0.159,0,10,0.005,0.025,5976,0,0,0.1852409638554217,True
2,4,36,60,25,0.159,0,10,0.005,0.025,5836,0,0,0.18814256339958876,True
2,4,37,60,25,0.159,0,10,0.005,0.025,5707,0,0,0.19344664447170143,True
2,4,38,60,25,0.159,0,10,0.005,0.025,5595,0,0,0.19481680071492405,True
2,4,39,60,25,0.159,0,10,0.005,0.025,5525,0,0,0.19855203619909503,True
2,4,40,60,25,0.159,0,10,0.005,0.025,5454,0,0,0.20132013201320131,True
2,4,41,60,25,0.159,0,10,0.005,0.025,5661,0,0,0.2298180533474651,True
2,4,42,60,25,0.159,0,10,0.005,0.025,5531,0,0,0.23521967094557947,True
2,4,43,60,25,0.159,0,10,0.005,0.025,5427,0,0,0.23659480375898287,True
2,4,44,60,25,0.159,0,10,0.005,0.025,5397,0,0,0.23846581434130074,True
2,4,45,60,25,0.159,0,10,0.005,0.025,5361,0,0,0.242492072374557,True
2,4,46,60,25,0.159,0,10,0.005,0.025,5088,0,0,0.22602201257861634,True
2,4,47,60,25,0.159,0,10,0.005,0.025,5008,0,0,0.2248402555910543,True
2,4,48,60,25,0.159,0,10,0.005,0.025,4972,0,0,0.22727272727272727,True
2,4,49,60,25,0.159,0,10,0.005,0.025,4932,0,0,0.2305352798053528,True
2,4,50,60,25,0.159,0,10,0.005,0.025,4888,0,0,0.23404255319148937,True
2,4,51,60,25,0.159,0,10,0.005,0.025,4857,0,0,0.2363598929380276,True
2,4,52,60,25,0.159,0,10,0.005,0.025,4825,0,0,0.2370984455958549,True
2,5,1,60,25,0.159,0,10,0.005,0.025,4781,0,0,0.23990796904413303,True
2,5,2,60,25,0.159,0,10,0.005,0.025,4726,0,0,0.2407955988150656,True
2,5,3,60,25,0.159,0,10,0.005,0.025,4675,0,0,0.24385026737967913,True
2,5,4,60,25,0.159,0,10,0.005,0.025,4624,0,0,0.2467560553633218,True
2,5,5,60,25,0.159,0,10,0.005,0.025,4570,0,0,0.2487964989059081,True
2,5,6,60,25,0.159,0,10,0.005,0.025,4515,0,0,0.2516057585825028,True
2,5,7,60,25,0.159,0,10,0.005,0.025,4475,0,0,0.25430167597765363,True
2,5,8,60,25,0.159,0,10,0.005,0.025,4421,0,0,0.25763401945261255,True
2,5,9,60,25,0.159,0,10,0.005,0.025,4381,0,0,0.25838849577721984,True
2,5,10,60,25,0.159,0,10,0.005,0.025,4322,0,0,0.25913928736695974,True
2,5,11,60,25,0.159,0,10,0.005,0.025,4289,0,0,0.2606668221030543,True
2,5,12,60,25,0.159,0,10,0.005,0.025,4224,0,0,0.2623106060606061,True
2,5,13,60,25,0.159,0,10,0.005,0.025,4180,0,0,0.2645933014354067,True
2,5,14,60,25,0.159,0,10,0.005,0.025,4123,0,0,0.26558331312151345,True
2,5,15,60,25,0.159,0,10,0.005,0.025,4073,0,0,0.2678615271298797,True
2,5,16,60,25,0.159,0,10,0.005,0.025,4028,0,0,0.27259185700099303,True
2,5,17,60,25,0.159,0,10,0.005,0.025,3976,0,0,0.27364185110663986,True
2,5,18,60,25,0.159,0,10,0.005,0.025,8795,0,0,0.12382035247299603,True
2,5,19,60,25,0.159,0,10,0.005,0.025,8608,0,0,0.12755576208178437,True
2,5,20,60,25,0.159,0,10,0.005,0.025,8404,0,0,0.13041408852927178,True
2,5,21,60,25,0.159,0,10,0.005,0.025,8205,0,0,0.13430834856794638,True
2,5,22,60,25,0.159,0,10,0.005,0.025,8013,0,0,0.1381505054286784,True
2,5,23,60,25,0.159,0,10,0.005,0.025,7813,0,0,0.1424548828874952,True
2,5,24,60,25,0.159,0,10,0.005,0.025,7613,0,0,0.14646000262708525,True
2,5,25,60,25,0.159,0,10,0.005,0.025,7439,0,0,0.1501545906707891,True
2,5,26,60,25,0.159,0,10,0.005,0.025,7274,0,0,0.154110530657135,True
2,5,27,60,25,0.159,0,10,0.005,0.025,7096,0,0,0.15741262683201804,True
2,5,28,60,25,0.159,0,10,0.005,0.025,6945,0,0,0.16025917926565875,True
2,5,29,60,25,0.159,0,10,0.005,0.025,6778,0,0,0.16450280318678076,True
2,5,30,60,25,0.159,0,10,0.005,0.025,6618,0,0,0.1675732849803566,True
2,5,31,60,25,0.159,0,10,0.005,0.025,6473,0,0,0.17256295380812606,True
2,5,32,60,25,0.159,0,10,0.005,0.025,6340,0,0,0.17570977917981073,True
2,5,33,60,25,0.159,0,10,0.005,0.025,6208,0,0,0.1791237113402062,True
2,5,34,60,25,0.159,0,10,0.005,0.025,6108,0,0,0.18254747871643745,True
2,5,35,60,25,0.159,0,10,0.005,0.025,6004,0,0,0.1847101932045303,True
2,5,36,60,25,0.159,0,10,0.005,0.025,5857,0,0,0.18934608161174662,True
2,5,37,60,25,0.159,0,10,0.005,0.025,5691,0,0,0.1932876471621859,True
2,5,38,60,25,0.159,0,10,0.005,0.025,5610,0,0,0.1962566844919786,True
2,5,39,60,25,0.159,0,10,0.005,0.025,5518,0,0,0.1977165639724538,True
2,5,40,60,25,0.159,0,10,0.005,0.025,5440,0,0,0.2,True
2,5,41,60,25,0.159,0,10,0.005,0.025,5707,0,0,0.23707727352374278,True
2,5,42,60,25,0.159,0,10,0.005,0.025,5637,0,0,0.24303707645910946,True
2,5,43,60,25,0.159,0,10,0.005,0.025,5498,0,0,0.2400873044743543,True
2,5,44,60,25,0.159,0,10,0.005,0.025,5465,0,0,0.24409881061299177,True
2,5,45,60,25,0.159,0,10,0.005,0.025,5381,0,0,0.24121910425571455,True
2,5,46,60,25,0.159,0,10,0.005,0.025,5141,0,0,0.22913829994164558,True
2,5,47,60,25,0.159,0,10,0.005,0.025,5068,0,0,0.23046566692975531,True
2,5,48,60,25,0.159,0,10,0.005,0.025,5014,0,0,0.23115277223773434,True
2,5,49,60,25,0.159,0,10,0.005,0.025,4992,0,0,0.23377403846153846,True
2,5,50,60,25,0.159,0,10,0.005,0.025,4920,0,0,0.23495934959349593,True
2,5,51,60,25,0.159,0,10,0.005,0.025,4885,0,0,0.2368474923234391,True
2,5,52,60,25,0.159,0,10,0.005,0.025,4850,0,0,0.24123711340206186,True
2,6,1,60,25,0.159,0,10,0.005,0.025,4793,0,0,0.24368871270602963,True
2,6,2,60,25,0.159,0,10,0.005,0.025,4765,0,0,0.24449108079748164,True
2,6,3,60,25,0.159,0,10,0.005,0.025,4721,0,0,0.24846430840923533,True
2,6,4,60,25,0.159,0,10,0.005,0.025,4683,0,0,0.25133461456331413,True
2,6,5,60,25,0.159,0,10,0.005,0.025,4638,0,0,0.2535575679172057,True
2,6,6,60,25,0.159,0,10,0.005,0.025,4609,0,0,0.2547190279887177,True
2,6,7,60,25,0.159,0,10,0.005,0.025,4576,0,0,0.2585227272727273,True
2,6,8,60,25,0.159,0,10,0.005,0.025,4539,0,0,0.2615113461114783,True
2,6,9,60,25,0.159,0,10,0.005,0.025,4487,0,0,0.26253621573434366,True
2,6,10,60,25,0.159,0,10,0.005,0.025,4442,0,0,0.26429536244934715,True
2,6,11,60,25,0.159,0,10,0.005,0.025,4378,0,0,0.2663316582914573,True
2,6,12,60,25,0.159,0,10,0.005,0.025,4350,0,0,0.2696551724137931,True
2,6,13,60,25,0.159,0,10,0.005,0.025,4321,0,0,0.2735477898634575,True
2,6,14,60,25,0.159,0,10,0.005,0.025,4280,0,0,0.2757009345794392,True
2,6,15,60,25,0.159,0,10,0.005,0.025,4233,0,0,0.27687219466099694,True
2,6,16,60,25,0.159,0,10,0.005,0.025,4194,0,0,0.2799237005245589,True
2,6,17,60,25,0.159,0,10,0.005,0.025,4137,0,0,0.2811215856901136,True
2,6,18,60,25,0.159,0,10,0.005,0.025,9274,0,0,0.12702178132413197,True
2,6,19,60,25,0.159,0,10,0.005,0.025,9097,0,0,0.12949323952951522,True
2,6,20,60,25,0.159,0,10,0.005,0.025,8916,0,0,0.13391655450874831,True
2,6,21,60,25,0.159,0,10,0.005,0.025,8752,0,0,0.1380255941499086,True
2,6,22,60,25,0.159,0,10,0.005,0.025,8571,0,0,0.14152374285380936,True
2,6,23,60,25,0.159,0,10,0.005,0.025,8398,0,0,0.14336746844486783,True
2,6,24,60,25,0.159,0,10,0.005,0.025,8204,0,0,0.1455387615797172,True
2,6,25,60,25,0.159,0,10,0.005,0.025,7953,0,0,0.1502577643656482,True
2,6,26,60,25,0.159,0,10,0.005,0.025,7704,0,0,0.1532969885773624,True
2,6,27,60,25,0.159,0,10,0.005,0.025,7502,0,0,0.15689149560117302,True
2,6,28,60,25,0.159,0,10,0.005,0.025,7297,0,0,0.16239550500205563,True
2,6,29,60,25,0.159,0,10,0.005,0.025,7151,0,0,0.1655712487763949,True
2,6,30,60,25,0.159,0,10,0.005,0.025,6973,0,0,0.16879391940341318,True
2,6,31,60,25,0.159,0,10,0.005,0.025,6788,0,0,0.1725103123158515,True
2,6,32,60,25,0.159,0,10,0.005,0.025,6626,0,0,0.17612435858738304,True
2,6,33,60,25,0.159,0,10,0.005,0.025,6516,0,0,0.17879066912216082,True
2,6,34,60,25,0.159,0,10,0.005,0.025,6390,0,0,0.18325508607198748,True
2,6,35,60,25,0.159,0,10,0.005,0.025,6254,0,0,0.18676047329708986,True
2,6,36,60,25,0.159,0,10,0.005,0.025,6106,0,0,0.19046839174582378,True
2,6,37,60,25,0.159,0,10,0.005,0.025,5991,0,0,0.19445835419796362,True
2,6,38,60,25,0.159,0,10,0.005,0.025,5902,0,0,0.19688241274144358,True
2,6,39,60,25,0.159,0,10,0.005,0.025,5809,0,0,0.19934584265794456,True
2,6,40,60,25,0.159,0,10,0.005,0.025,5713,0,0,0.20287064589532644,True
2,6,41,60,25,0.159,0,10,0.005,0.025,5970,0,0,0.23802345058626465,True
2,6,42,60,25,0.159,0,10,0.005,0.025,5868,0,0,0.24096796182685754,True
2,6,43,60,25,0.159,0,10,0.005,0.025,5776,0,0,0.24844182825484765,True
2,6,44,60,25,0.159,0,10,0.005,0.025,5686,0,0,0.24569117129792473,True
2,6,45,60,25,0.159,0,10,0.005,0.025,5606,0,0,0.24152693542632894,True
2,6,46,60,25,0.159,0,10,0.005,0.025,5292,0,0,0.22883597883597884,True
2,6,47,60,25,0.159,0,10,0.005,0.025,5219,0,0,0.23184518106917035,True
2,6,48,60,25,0.159,0,10,0.005,0.025,5153,0,0,0.23403842421890161,True
2,6,49,60,25,0.159,0,10,0.005,0.025,5120,0,0,0.2357421875,True
2,6,50,60,25,0.159,0,10,0.005,0.025,5055,0,0,0.2433234421364985,True
2,6,51,60,25,0.159,0,10,0.005,0.025,5014,0,0,0.24092540885520541,True
2,6,52,60,25,0.159,0,10,0.005,0.025,4978,0,0,0.24447569304941744,True
2,7,1,60,25,0.159,0,10,0.005,0.025,4911,0,0,0.24516391773569537,True
2,7,2,60,25,0.159,0,10,0.005,0.025,4864,0,0,0.24650493421052633,True
2,7,3,60,25,0.159,0,10,0.005,0.025,4788,0,0,0.24937343358395989,True
2,7,4,60,25,0.159,0,10,0.005,0.025,4735,0,0,0.2527983104540655,True
2,7,5,60,25,0.159,0,10,0.005,0.025,4690,0,0,0.25415778251599147,True
2,7,6,60,25,0.159,0,10,0.005,0.025,4641,0,0,0.2566257272139625,True
2,7,7,60,25,0.159,0,10,0.005,0.025,4576,0,0,0.25590034965034963,True
2,7,8,60,25,0.159,0,10,0.005,0.025,4538,0,0,0.25936535918907005,True
2,7,9,60,25,0.159,0,10,0.005,0.025,4480,0,0,0.2604910714285714,True
2,7,10,60,25,0.159,0,10,0.005,0.025,4430,0,0,0.26252821670428894,True
2,7,11,60,25,0.159,0,10,0.005,0.025,4381,0,0,0.26592102259758044,True
2,7,12,60,25,0.159,0,10,0.005,0.025,4344,0,0,0.26657458563535913,True
2,7,13,60,25,0.159,0,10,0.005,0.025,4300,0,0,0.2669767441860465,True
2,7,14,60,25,0.159,0,10,0.005,0.025,4251,0,0,0.26981886614914136,True
2,7,15,60,25,0.159,0,10,0.005,0.025,4203,0,0,0.2738520104687128,True
2,7,16,60,25,0.159,0,10,0.005,0.025,4149,0,0,0.2750060255483249,True
2,7,17,60,25,0.159,0,10,0.005,0.025,4108,0,0,0.27629016553067187,True
2,7,18,60,25,0.159,0,10,0.005,0.025,8959,0,0,0.12668824645607768,True
2,7,19,60,25,0.159,0,10,0.005,0.025,8796,0,0,0.13017280582082766,True
2,7,20,60,25,0.159,0,10,0.005,0.025,8595,0,0,0.13275159976730658,True
2,7,21,60,25,0.159,0,10,0.005,0.025,8380,0,0,0.13651551312649166,True
2,7,22,60,25,0.159,0,10,0.005,0.025,8180,0,0,0.14058679706601468,True
2,7,23,60,25,0.159,0,10,0.005,0.025,7954,0,0,0.14307266784008046,True
2,7,24,60,25,0.159,0,10,0.005,0.025,7740,0,0,0.14741602067183462,True
2,7,25,60,25,0.159,0,10,0.005,0.025,7586,0,0,0.14922225151595042,True
2,7,26,60,25,0.159,0,10,0.005,0.025,7399,0,0,0.1532639545884579,True
2,7,27,60,25,0.159,0,10,0.005,0.025,7193,0,0,0.15723620186292228,True
2,7,28,60,25,0.159,0,10,0.005,0.025,7073,0,0,0.16174183514774496,True
2,7,29,60,25,0.159,0,10,0.005,0.025,6911,0,0,0.1637968456084503,True
2,7,30,60,25,0.159,0,10,0.005,0.025,6762,0,0,0.16755397811298434,True
2,7,31,60,25,0.159,0,10,0.005,0.025,6620,0,0,0.1702416918429003,True
2,7,32,60,25,0.159,0,10,0.005,0.025,6455,0,0,0.17521301316808677,True
2,7,33,60,25,0.159,0,10,0.005,0.025,6323,0,0,0.17760556697770047,True
2,7,34,60,25,0.159,0,10,0.005,0.025,6191,0,0,0.18123081893070586,True
2,7,35,60,25,0.159,0,10,0.005,0.025,6049,0,0,0.18366672177219376,True
2,7,36,60,25,0.159,0,10,0.005,0.025,5928,0,0,0.1879217273954116,True
2,7,37,60,25,0.159,0,10,0.005,0.025,5841,0,0,0.1903783598698853,True
2,7,38,60,25,0.159,0,10,0.005,0.025,5753,0,0,0.19276899009212584,True
2,7,39,60,25,0.159,0,10,0.005,0.025,5679,0,0,0.19545694664553617,True
2,7,40,60,25,0.159,0,10,0.005,0.025,5608,0,0,0.19900142653352354,True
2,7,41,60,25,0.159,0,10,0.005,0.025,5915,0,0,0.231614539306847,True
2,7,42,60,25,0.159,0,10,0.005,0.025,5910,0,0,0.24450084602368866,True
2,7,43,60,25,0.159,0,10,0.005,0.025,5850,0,0,0.24393162393162393,True
2,7,44,60,25,0.159,0,10,0.005,0.025,5758,0,0,0.2460923931920806,True
2,7,45,60,25,0.159,0,10,0.005,0.025,5688,0,0,0.25087904360056257,True
2,7,46,60,25,0.159,0,10,0.005,0.025,5410,0,0,0.23789279112754158,True
2,7,47,60,25,0.159,0,10,0.005,0.025,5329,0,0,0.23175079752298744,True
2,7,48,60,25,0.159,0,10,0.005,0.025,5276,0,0,0.23407884761182715,True
2,7,49,60,25,0.159,0,10,0.005,0.025,5214,0,0,0.23475258918296893,True
2,7,50,60,25,0.159,0,10,0.005,0.025,5099,0,0,0.23475191213963523,True
2,7,51,60,25,0.159,0,10,0.005,0.025,5041,0,0,0.23824637968657011,True
2,7,52,60,25,0.159,0,10,0.005,0.025,4992,0,0,0.23737980769230768,True
2,8,1,60,25,0.159,0,10,0.005,0.025,4909,0,0,0.23935628437563658,True
2,8,2,60,25,0.159,0,10,0.005,0.025,4862,0,0,0.24187577128753598,True
2,8,3,60,25,0.159,0,10,0.005,0.025,4834,0,0,0.244104261481175,True
2,8,4,60,25,0.159,0,10,0.005,0.025,4779,0,0,0.2448210922787194,True
2,8,5,60,25,0.159,0,10,0.005,0.025,4747,0,0,0.24773541183905626,True
2,8,6,60,25,0.159,0,10,0.005,0.025,4704,0,0,0.2508503401360544,True
2,8,7,60,25,0.159,0,10,0.005,0.025,4652,0,0,0.2515047291487532,True
2,8,8,60,25,0.159,0,10,0.005,0.025,4600,0,0,0.25565217391304346,True
2,8,9,60,25,0.159,0,10,0.005,0.025,4542,0,0,0.2567151034786438,True
2,8,10,60,25,0.159,0,10,0.005,0.025,4489,0,0,0.2590777456003564,True
2,8,11,60,25,0.159,0,10,0.005,0.025,4440,0,0,0.2617117117117117,True
2,8,12,60,25,0.159,0,10,0.005,0.025,4388,0,0,0.26412944393801274,True
2,8,13,60,25,0.159,0,10,0.005,0.025,4338,0,0,0.2674043337943753,True
2,8,14,60,25,0.159,0,10,0.005,0.025,4296,0,0,0.2702513966480447,True
2,8,15,60,25,0.159,0,10,0.005,0.025,4245,0,0,0.2734982332155477,True
2,8,16,60,25,0.159,0,10,0.005,0.025,4188,0,0,0.27363896848137537,True
2,8,17,60,25,0.159,0,10,0.005,0.025,4156,0,0,0.27694898941289703,True
2,8,18,60,25,0.159,0,10,0.005,0.025,9260,0,0,0.12451403887688985,True
2,8,19,60,25,0.159,0,10,0.005,0.025,9148,0,0,0.12767818102317446,True
2,8,20,60,25,0.159,0,10,0.005,0.025,9015,0,0,0.13344425956738767,True
2,8,21,60,25,0.159,0,10,0.005,0.025,8892,0,0,0.13641475483580748,True
2,8,22,60,25,0.159,0,10,0.005,0.025,8733,0,0,0.14176113592121836,True
2,8,23,60,25,0.159,0,10,0.005,0.025,8592,0,0,0.14583333333333334,True
2,8,24,60,25,0.159,0,10,0.005,0.025,8453,0,0,0.14870460191647936,True
2,8,25,60,25,0.159,0,10,0.005,0.025,8369,0,0,0.15378181383677858,True
2,8,26,60,25,0.159,0,10,0.005,0.025,8301,0,0,0.1593783881460065,True
2,8,27,60,25,0.159,0,10,0.005,0.025,8186,0,0,0.1628389934033716,True
2,8,28,60,25,0.159,0,10,0.005,0.025,7989,0,0,0.16848166228564276,True
2,8,29,60,25,0.159,0,10,0.005,0.025,7932,0,0,0.17196167423096317,True
2,8,30,60,25,0.159,0,10,0.005,0.025,7726,0,0,0.17745275692466994,True
2,8,31,60,25,0.159,0,10,0.005,0.025,7595,0,0,0.1824884792626728,True
2,8,32,60,25,0.159,0,10,0.005,0.025,7422,0,0,0.18903260576663972,True
2,8,33,60,25,0.159,0,10,0.005,0.025,7339,0,0,0.1921242676113912,True
2,8,34,60,25,0.159,0,10,0.005,0.025,7174,0,0,0.1966824644549763,True
2,8,35,60,25,0.159,0,10,0.005,0.025,7089,0,0,0.19904076738609114,True
2,8,36,60,25,0.159,0,10,0.005,0.025,6948,0,0,0.204951065054692,True
2,8,37,60,25,0.159,0,10,0.005,0.025,6785,0,0,0.20913780397936624,True
2,8,38,60,25,0.159,0,10,0.005,0.025,6710,0,0,0.21073025335320417,True
2,8,39,60,25,0.159,0,10,0.005,0.025,6615,0,0,0.21481481481481482,True
2,8,40,60,25,0.159,0,10,0.005,0.025,6515,0,0,0.21857252494244053,True
2,8,41,60,25,0.159,0,10,0.005,0.025,6747,0,0,0.24455313472654513,True
2,8,42,60,25,0.159,0,10,0.005,0.025,6651,0,0,0.24838370169899263,True
2,8,43,60,25,0.159,0,10,0.005,0.025,6536,0,0,0.25045899632802937,True
2,8,44,60,25,0.159,0,10,0.005,0.025,6452,0,0,0.2504649721016739,True
2,8,45,60,25,0.159,0,10,0.005,0.025,6389,0,0,0.25168257943340117,True
2,8,46,60,25,0.159,0,10,0.005,0.025,6083,0,0,0.2365609074469834,True
2,8,47,60,25,0.159,0,10,0.005,0.025,5991,0,0,0.23902520447337675,True
2,8,48,60,25,0.159,0,10,0.005,0.025,5922,0,0,0.23860182370820668,True
2,8,49,60,25,0.159,0,10,0.005,0.025,5888,0,0,0.24320652173913043,True
2,8,50,60,25,0.159,0,10,0.005,0.025,5829,0,0,0.2492708869445874,True
2,8,51,60,25,0.159,0,10,0.005,0.025,5760,0,0,0.24913194444444445,True
2,8,52,60,25,0.159,0,10,0.005,0.025,5720,0,0,0.25769230769230766,True
2,9,1,60,25,0.159,0,10,0.005,0.025,5697,0,0,0.2583816043531683,True
2,9,2,60,25,0.159,0,10,0.005,0.025,5669,0,0,0.2619509613688481,True
2,9,3,60,25,0.159,0,10,0.005,0.025,5634,0,0,0.2660631877884274,True
2,9,4,60,25,0.159,0,10,0.005,0.025,5563,0,0,0.27161603451375155,True
2,9,5,60,25,0.159,0,10,0.005,0.025,5520,0,0,0.27318840579710146,True
2,9,6,60,25,0.159,0,10,0.005,0.025,5494,0,0,0.2748452857662905,True
2,9,7,60,25,0.159,0,10,0.005,0.025,5462,0,0,0.2781032588795313,True
2,9,8,60,25,0.159,0,10,0.005,0.025,5409,0,0,0.2824921427250878,True
2,9,9,60,25,0.159,0,10,0.005,0.025,5364,0,0,0.28560775540641314,True
2,9,10,60,25,0.159,0,10,0.005,0.025,5297,0,0,0.28827638285822166,True
2,9,11,60,25,0.159,0,10,0.005,0.025,5238,0,0,0.29037800687285226,True
2,9,12,60,25,0.159,0,10,0.005,0.025,5206,0,0,0.29254706108336537,True
2,9,13,60,25,0.159,0,10,0.005,0.025,5151,0,0,0.29547660648417784,True
2,9,14,60,25,0.159,0,10,0.005,0.025,5102,0,0,0.2967463739709918,True
2,9,15,60,25,0.159,0,10,0.005,0.025,5064,0,0,0.29838072669826227,True
2,9,16,60,25,0.159,0,10,0.005,0.025,5013,0,0,0.3014163175743068,True
2,9,17,60,25,0.159,0,10,0.005,0.025,4970,0,0,0.3038229376257545,True
2,9,18,60,25,0.159,0,10,0.005,0.025,10751,0,0,0.1283601525439494,True
2,9,19,60,25,0.159,0,10,0.005,0.025,10522,0,0,0.13058353925109295,True
2,9,20,60,25,0.159,0,10,0.005,0.025,10299,0,0,0.1340906884163511,True
2,9,21,60,25,0.159,0,10,0.005,0.025,10097,0,0,0.13637714172526494,True
2,9,22,60,25,0.159,0,10,0.005,0.025,9884,0,0,0.13982193443949817,True
2,9,23,60,25,0.159,0,10,0.005,0.025,9669,0,0,0.14417209639052642,True
2,9,24,60,25,0.159,0,10,0.005,0.025,9465,0,0,0.14791336502905442,True
2,9,25,60,25,0.159,0,10,0.005,0.025,9299,0,0,0.15055382299171954,True
2,9,26,60,25,0.159,0,10,0.005,0.025,9111,0,0,0.15387992536494347,True
2,9,27,60,25,0.159,0,10,0.005,0.025,8909,0,0,0.15781793691772364,True
2,9,28,60,25,0.159,0,10,0.005,0.025,8721,0,0,0.16122004357298475,True
2,9,29,60,25,0.159,0,10,0.005,0.025,8536,0,0,0.16494845360824742,True
2,9,30,60,25,0.159,0,10,0.005,0.025,8350,0,0,0.16862275449101796,True
2,9,31,60,25,0.159,0,10,0.005,0.025,8201,0,0,0.1719302524082429,True
2,9,32,60,25,0.159,0,10,0.005,0.025,8050,0,0,0.17527950310559007,True
2,9,33,60,25,0.159,0,10,0.005,0.025,7883,0,0,0.17899276925028543,True
2,9,34,60,25,0.159,0,10,0.005,0.025,7755,0,0,0.18284977433913605,True
2,9,35,60,25,0.159,0,10,0.005,0.025,7604,0,0,0.18556023145712783,True
2,9,36,60,25,0.159,0,10,0.005,0.025,7487,0,0,0.18859356217443568,True
2,9,37,60,25,0.159,0,10,0.005,0.025,7335,0,0,0.19250170415814588,True
2,9,38,60,25,0.159,0,10,0.005,0.025,7238,0,0,0.1961867919314728,True
2,9,39,60,25,0.159,0,10,0.005,0.025,7137,0,0,0.19896314978282192,True
2,9,40,60,25,0.159,0,10,0.005,0.025,7032,0,0,0.20264505119453924,True
2,9,41,60,25,0.159,0,10,0.005,0.025,7280,0,0,0.2353021978021978,True
2,9,42,60,25,0.159,0,10,0.005,0.025,7151,0,0,0.23814851069780452,True
2,9,43,60,25,0.159,0,10,0.005,0.025,7014,0,0,0.23852295409181637,True
2,9,44,60,25,0.159,0,10,0.005,0.025,6871,0,0,0.24144957065929268,True
2,9,45,60,25,0.159,0,10,0.005,0.025,6814,0,0,0.24405635456413266,True
2,9,46,60,25,0.159,0,10,0.005,0.025,6499,0,0,0.228035082320357,True
2,9,47,60,25,0.159,0,10,0.005,0.025,6464,0,0,0.2275680693069307,True
2,9,48,60,25,0.159,0,10,0.005,0.025,6397,0,0,0.2305768328904174,True
2,9,49,60,25,0.159,0,10,0.005,0.025,6371,0,0,0.23497096217234342,True
2,9,50,60,25,0.159,0,10,0.005,0.025,6361,0,0,0.23974217890268826,True
2,9,51,60,25,0.159,0,10,0.005,0.025,6371,0,0,0.24281902370114583,True
2,9,52,60,25,0.159,0,10,0.005,0.025,6321,0,0,0.24742920423983547,True
2,10,1,60,25,0.159,0,10,0.005,0.025,6254,0,0,0.25087943716021743,True
2,10,2,60,25,0.159,0,10,0.005,0.025,6198,0,0,0.25185543723781867,True
2,10,3,60,25,0.159,0,10,0.005,0.025,6170,0,0,0.2567260940032415,True
2,10,4,60,25,0.159,0,10,0.005,0.025,6128,0,0,0.2612597911227154,True
2,10,5,60,25,0.159,0,10,0.005,0.025,6068,0,0,0.2648319050758075,True
2,10,6,60,25,0.159,0,10,0.005,0.025,6039,0,0,0.2690842854777281,True
2,10,7,60,25,0.159,0,10,0.005,0.025,5977,0,0,0.269198594612682,True
2,10,8,60,25,0.159,0,10,0.005,0.025,5905,0,0,0.27281964436917866,True
2,10,9,60,25,0.159,0,10,0.005,0.025,5851,0,0,0.2767048367800376,True
2,10,10,60,25,0.159,0,10,0.005,0.025,5786,0,0,0.27808503283788455,True
2,10,11,60,25,0.159,0,10,0.005,0.025,5739,0,0,0.2821048963234013,True
2,10,12,60,25,0.159,0,10,0.005,0.025,5685,0,0,0.2851363236587511,True
2,10,13,60,25,0.159,0,10,0.005,0.025,5631,0,0,0.28804830403125553,True
2,10,14,60,25,0.159,0,10,0.005,0.025,5570,0,0,0.2919210053859964,True
2,10,15,60,25,0.159,0,10,0.005,0.025,5515,0,0,0.29446962828649137,True
2,10,16,60,25,0.159,0,10,0.005,0.025,5463,0,0,0.2972725608639941,True
2,10,17,60,25,0.159,0,10,0.005,0.025,5393,0,0,0.299091414796959,True
2,10,18,60,25,0.159,0,10,0.005,0.025,11947,0,0,0.12789821712563823,True
2,10,19,60,25,0.159,0,10,0.005,0.025,11724,0,0,0.13084271579665643,True
2,10,20,60,25,0.159,0,10,0.005,0.025,11489,0,0,0.13491165462616417,True
2,10,21,60,25,0.159,0,10,0.005,0.025,11297,0,0,0.13729308666017526,True
2,10,22,60,25,0.159,0,10,0.005,0.025,11050,0,0,0.14226244343891403,True
2,10,23,60,25,0.159,0,10,0.005,0.025,10847,0,0,0.14566239513229465,True
2,10,24,60,25,0.159,0,10,0.005,0.025,10593,0,0,0.14972151420749552,True
2,10,25,60,25,0.159,0,10,0.005,0.025,10366,0,0,0.15348253907003667,True
2,10,26,60,25,0.159,0,10,0.005,0.025,10082,0,0,0.15671493751239834,True
2,10,27,60,25,0.159,0,10,0.005,0.025,9865,0,0,0.16006082108464267,True
2,10,28,60,25,0.159,0,10,0.005,0.025,9645,0,0,0.16288232244686365,True
2,10,29,60,25,0.159,0,10,0.005,0.025,9397,0,0,0.16643609662658296,True
2,10,30,60,25,0.159,0,10,0.005,0.025,9127,0,0,0.17081187684890983,True
2,10,31,60,25,0.159,0,10,0.005,0.025,8957,0,0,0.174053812660489,True
2,10,32,60,25,0.159,0,10,0.005,0.025,8785,0,0,0.17814456459874786,True
2,10,33,60,25,0.159,0,10,0.005,0.025,8613,0,0,0.18193428538256123,True
2,10,34,60,25,0.159,0,10,0.005,0.025,8454,0,0,0.18452803406671398,True
2,10,35,60,25,0.159,0,10,0.005,0.025,8304,0,0,0.18689788053949905,True
2,10,36,60,25,0.159,0,10,0.005,0.025,8139,0,0,0.18994962526108858,True
2,10,37,60,25,0.159,0,10,0.005,0.025,7988,0,0,0.1927891837756635,True
2,10,38,60,25,0.159,0,10,0.005,0.025,7878,0,0,0.197004315816197,True
2,10,39,60,25,0.159,0,10,0.005,0.025,7762,0,0,0.2000772996650348,True
2,10,40,60,25,0.159,0,10,0.005,0.025,7647,0,0,0.20190924545573427,True
2,10,41,60,25,0.159,0,10,0.005,0.025,7863,0,0,0.22790283606765865,True
2,10,42,60,25,0.159,0,10,0.005,0.025,7751,0,0,0.23326022448716294,True
2,10,43,60,25,0.159,0,10,0.005,0.025,7593,0,0,0.23310944290794153,True
2,10,44,60,25,0.159,0,10,0.005,0.025,7498,0,0,0.2371299013070152,True
2,10,45,60,25,0.159,0,10,0.005,0.025,7336,0,0,0.23895856052344602,True
2,10,46,60,25,0.159,0,10,0.005,0.025,7057,0,0,0.22658353407963724,True
2,10,47,60,25,0.159,0,10,0.005,0.025,6952,0,0,0.2258342922899885,True
2,10,48,60,25,0.159,0,10,0.005,0.025,6894,0,0,0.22932985204525674,True
2,10,49,60,25,0.159,0,10,0.005,0.025,6823,0,0,0.2296643705115052,True
2,10,50,60,25,0.159,0,10,0.005,0.025,6736,0,0,0.23233372921615203,True
2,10,51,60,25,0.159,0,10,0.005,0.025,6664,0,0,0.2349939975990396,True
2,10,52,60,25,0.159,0,10,0.005,0.025,6588,0,0,0.24074074074074073,True
2,11,1,60,25,0.159,0,10,0.005,0.025,6500,0,0,0.2433846153846154,True
2,11,2,60,25,0.159,0,10,0.005,0.025,6414,0,0,0.24664795759276584,True
2,11,3,60,25,0.159,0,10,0.005,0.025,6323,0,0,0.2487743159892456,True
2,11,4,60,25,0.159,0,10,0.005,0.025,6247,0,0,0.2532415559468545,True
2,11,5,60,25,0.159,0,10,0.005,0.025,6166,0,0,0.255595199481025,True
2,11,6,60,25,0.159,0,10,0.005,0.025,6111,0,0,0.2583865161184749,True
2,11,7,60,25,0.159,0,10,0.005,0.025,6034,0,0,0.2611866092144514,True
2,11,8,60,25,0.159,0,10,0.005,0.025,5966,0,0,0.2646664431780087,True
2,11,9,60,25,0.159,0,10,0.005,0.025,5921,0,0,0.2661712548555987,True
2,11,10,60,25,0.159,0,10,0.005,0.025,5850,0,0,0.2671794871794872,True
2,11,11,60,25,0.159,0,10,0.005,0.025,5790,0,0,0.2697754749568221,True
2,11,12,60,25,0.159,0,10,0.005,0.025,5739,0,0,0.2721728524133124,True
2,11,13,60,25,0.159,0,10,0.005,0.025,5660,0,0,0.2752650176678445,True
2,11,14,60,25,0.159,0,10,0.005,0.025,5601,0,0,0.27620067845027674,True
2,11,15,60,25,0.159,0,10,0.005,0.025,5527,0,0,0.280079609191243,True
2,11,16,60,25,0.159,0,10,0.005,0.025,5470,0,0,0.28281535648994516,True
2,11,17,60,25,0.159,0,10,0.005,0.025,5420,0,0,0.2846863468634686,True
2,11,18,60,25,0.159,0,10,0.005,0.025,11820,0,0,0.1215736040609137,True
2,11,19,60,25,0.159,0,10,0.005,0.025,11638,0,0,0.12562295927135247,True
2,11,20,60,25,0.159,0,10,0.005,0.025,11345,0,0,0.12816218598501541,True
2,11,21,60,25,0.159,0,10,0.005,0.025,11071,0,0,0.12988889892511968,True
2,11,22,60,25,0.159,0,10,0.005,0.025,10842,0,0,0.1342925659472422,True
2,11,23,60,25,0.159,0,10,0.005,0.025,10556,0,0,0.13651004168245548,True
2,11,24,60,25,0.159,0,10,0.005,0.025,10268,0,0,0.13965718737826258,True
2,11,25,60,25,0.159,0,10,0.005,0.025,10021,0,0,0.14240095798822472,True
2,11,26,60,25,0.159,0,10,0.005,0.025,9827,0,0,0.1467385773888267,True
2,11,27,60,25,0.159,0,10,0.005,0.025,9621,0,0,0.15133561999792122,True
2,11,28,60,25,0.159,0,10,0.005,0.025,9425,0,0,0.15257294429708224,True
2,11,29,60,25,0.159,0,10,0.005,0.025,9231,0,0,0.1582710432239194,True
2,11,30,60,25,0.159,0,10,0.005,0.025,9043,0,0,0.160234435474953,True
2,11,31,60,25,0.159,0,10,0.005,0.025,8864,0,0,0.16493682310469315,True
2,11,32,60,25,0.159,0,10,0.005,0.025,8711,0,0,0.16898174721616346,True
2,11,33,60,25,0.159,0,10,0.005,0.025,8547,0,0,0.1707031707031707,True
2,11,34,60,25,0.159,0,10,0.005,0.025,8390,0,0,0.17389749702026222,True
2,11,35,60,25,0.159,0,10,0.005,0.025,8253,0,0,0.1775112080455592,True
2,11,36,60,25,0.159,0,10,0.005,0.025,8104,0,0,0.18521717670286278,True
2,11,37,60,25,0.159,0,10,0.005,0.025,7945,0,0,0.18892385147891755,True
2,11,38,60,25,0.159,0,10,0.005,0.025,7826,0,0,0.19243547150523896,True
2,11,39,60,25,0.159,0,10,0.005,0.025,7651,0,0,0.19435367925761338,True
2,11,40,60,25,0.159,0,10,0.005,0.025,7528,0,0,0.1962008501594049,True
2,11,41,60,25,0.159,0,10,0.005,0.025,7928,0,0,0.23221493440968718,True
2,11,42,60,25,0.159,0,10,0.005,0.025,7850,0,0,0.2368152866242038,True
2,11,43,60,25,0.159,0,10,0.005,0.025,7671,0,0,0.23504106374657802,True
2,11,44,60,25,0.159,0,10,0.005,0.025,7572,0,0,0.23811410459587956,True
2,11,45,60,25,0.159,0,10,0.005,0.025,7466,0,0,0.2386820251808197,True
2,11,46,60,25,0.159,0,10,0.005,0.025,7104,0,0,0.22395833333333334,True
2,11,47,60,25,0.159,0,10,0.005,0.025,6945,0,0,0.22476601871850252,True
2,11,48,60,25,0.159,0,10,0.005,0.025,6841,0,0,0.22350533547726942,True
2,11,49,60,25,0.159,0,10,0.005,0.025,6751,0,0,0.2266330913938676,True
2,11,50,60,25,0.159,0,10,0.005,0.025,6677,0,0,0.23019320053916428,True
2,11,51,60,25,0.159,0,10,0.005,0.025,6581,0,0,0.2330952742744264,True
2,11,52,60,25,0.159,0,10,0.005,0.025,6494,0,0,0.23467816445950107,True
2,1,1,60,25,0.3,0,10,0.005,0.025,5493,0,0,0.002002548698343346,True
2,1,2,60,25,0.3,0,10,0.005,0.025,5358,0,0,0.0035460992907801418,True
2,1,3,60,25,0.3,0,10,0.005,0.025,5243,0,0,0.004958992942971581,True
2,1,4,60,25,0.3,0,10,0.005,0.025,5158,0,0,0.007948817371074059,True
2,1,5,60,25,0.3,0,10,0.005,0.025,5072,0,0,0.010055205047318612,True
2,1,6,60,25,0.3,0,10,0.005,0.025,4998,0,0,0.012404961984793917,True
2,1,7,60,25,0.3,0,10,0.005,0.025,4918,0,0,0.014843432289548597,True
2,1,8,60,25,0.3,0,10,0.005,0.025,4848,0,0,0.018976897689768978,True
2,1,9,60,25,0.3,0,10,0.005,0.025,4788,0,0,0.02046783625730994,True
2,1,10,60,25,0.3,0,10,0.005,0.025,4730,0,0,0.021775898520084568,True
2,1,11,60,25,0.3,0,10,0.005,0.025,4680,0,0,0.023717948717948717,True
2,1,12,60,25,0.3,0,10,0.005,0.025,4626,0,0,0.02464332036316472,True
2,1,13,60,25,0.3,0,10,0.005,0.025,4584,0,0,0.025959860383944152,True
2,1,14,60,25,0.3,0,10,0.005,0.025,4530,0,0,0.02781456953642384,True
2,1,15,60,25,0.3,0,10,0.005,0.025,4480,0,0,0.030357142857142857,True
2,1,16,60,25,0.3,0,10,0.005,0.025,4433,0,0,0.03180690277464471,True
2,1,17,60,25,0.3,0,10,0.005,0.025,4365,0,0,0.032989690721649485,True
2,1,18,60,25,0.3,0,10,0.005,0.025,12556,0,0,0.012981841350748646,True
2,1,19,60,25,0.3,0,10,0.005,0.025,12186,0,0,0.0149351715082882,True
2,1,20,60,25,0.3,0,10,0.005,0.025,11808,0,0,0.01659891598915989,True
2,1,21,60,25,0.3,0,10,0.005,0.025,11515,0,0,0.018931828050369085,True
2,1,22,60,25,0.3,0,10,0.005,0.025,11254,0,0,0.020703749777856762,True
2,1,23,60,25,0.3,0,10,0.005,0.025,10947,0,0,0.023020005480953686,True
2,1,24,60,25,0.3,0,10,0.005,0.025,10670,0,0,0.024554826616682287,True
2,1,25,60,25,0.3,0,10,0.005,0.025,10383,0,0,0.027063469132235386,True
2,1,26,60,25,0.3,0,10,0.005,0.025,10140,0,0,0.029487179487179487,True
2,1,27,60,25,0.3,0,10,0.005,0.025,9897,0,0,0.03172678589471557,True
2,1,28,60,25,0.3,0,10,0.005,0.025,9660,0,0,0.03426501035196687,True
2,1,29,60,25,0.3,0,10,0.005,0.025,9451,0,0,0.036715691461221035,True
2,1,30,60,25,0.3,0,10,0.005,0.025,9175,0,0,0.039455040871934605,True
2,1,31,60,25,0.3,0,10,0.005,0.025,8977,0,0,0.04177342096468754,True
2,1,32,60,25,0.3,0,10,0.005,0.025,8756,0,0,0.04396984924623116,True
2,1,33,60,25,0.3,0,10,0.005,0.025,8543,0,0,0.04705606929650006,True
2,1,34,60,25,0.3,0,10,0.005,0.025,8332,0,0,0.04992798847815651,True
2,1,35,60,25,0.3,0,10,0.005,0.025,8127,0,0,0.051310446659283866,True
2,1,36,60,25,0.3,0,10,0.005,0.025,7949,0,0,0.05396905271103283,True
2,1,37,60,25,0.3,0,10,0.005,0.025,7759,0,0,0.05632169093955407,True
2,1,38,60,25,0.3,0,10,0.005,0.025,7634,0,0,0.05855383809274299,True
2,1,39,60,25,0.3,0,10,0.005,0.025,7494,0,0,0.0600480384307446,True
2,1,40,60,25,0.3,0,10,0.005,0.025,7365,0,0,0.06272912423625254,True
2,1,41,60,25,0.3,0,10,0.005,0.025,7622,0,0,0.08186827604303333,True
2,1,42,60,25,0.3,0,10,0.005,0.025,7560,0,0,0.08544973544973546,True
2,1,43,60,25,0.3,0,10,0.005,0.025,7466,0,0,0.08692740423252077,True
2,1,44,60,25,0.3,0,10,0.005,0.025,7440,0,0,0.09193548387096774,True
2,1,45,60,25,0.3,0,10,0.005,0.025,7428,0,0,0.0981421647819063,True
2,1,46,60,25,0.3,0,10,0.005,0.025,7168,0,0,0.08914620535714286,True
2,1,47,60,25,0.3,0,10,0.005,0.025,7053,0,0,0.08790585566425635,True
2,1,48,60,25,0.3,0,10,0.005,0.025,6964,0,0,0.08974727168294083,True
2,1,49,60,25,0.3,0,10,0.005,0.025,6878,0,0,0.09057865658621693,True
2,1,50,60,25,0.3,0,10,0.005,0.025,6804,0,0,0.09332745443856555,True
2,1,51,60,25,0.3,0,10,0.005,0.025,6709,0,0,0.09464897898345506,True
2,1,52,60,25,0.3,0,10,0.005,0.025,6626,0,0,0.09613643223664353,True
2,2,1,60,25,0.3,0,10,0.005,0.025,6544,9,0,0.09993887530562347,False
2,2,2,60,25,0.3,0,10,0.005,0.025,6437,9,0,0.10191082802547771,False
2,2,3,60,25,0.3,0,10,0.005,0.025,6335,9,3,0.10276243093922652,False
2,2,4,60,25,0.3,0,10,0.005,0.025,6243,129,6,0.1055582252122377,False
2,2,5,60,25,0.3,0,10,0.005,0.025,6141,230,17,0.10780003256798568,False
2,2,6,60,25,0.3,0,10,0.005,0.025,6051,319,59,0.10989919021649314,False
2,2,7,60,25,0.3,0,10,0.005,0.025,5930,565,110,0.11231028667790893,False
2,2,8,60,25,0.3,0,10,0.005,0.025,5795,596,156,0.11527178602243313,False
2,2,9,60,25,0.3,0,10,0.005,0.025,5635,652,235,0.11818988464951198,False
2,2,10,60,25,0.3,0,10,0.005,0.025,5449,653,276,0.12149018168471279,False
2,2,11,60,25,0.3,0,10,0.005,0.025,5233,560,251,0.12631377794763998,False
2,2,12,60,25,0.3,0,10,0.005,0.025,4995,461,208,0.13213213213213212,False
2,2,13,60,25,0.3,0,10,0.005,0.025,4806,373,181,0.1379525593008739,False
2,2,14,60,25,0.3,0,10,0.005,0.025,4652,292,168,0.14273430782459157,False
2,2,15,60,25,0.3,0,10,0.005,0.025,4506,211,126,0.14891256102973813,False
2,2,16,60,25,0.3,0,10,0.005,0.025,4369,140,83,0.1522087434195468,False
2,2,17,60,25,0.3,0,10,0.005,0.025,4254,95,56,0.15585331452750353,False
2,2,18,60,25,0.3,0,10,0.005,0.025,8582,63,35,0.0781869028198555,False
2,2,19,60,25,0.3,0,10,0.005,0.025,8339,84,29,0.07986569132989567,False
2,2,20,60,25,0.3,0,10,0.005,0.025,8067,92,25,0.08441799925622909,False
2,2,21,60,25,0.3,0,10,0.005,0.025,7837,92,26,0.08842669388796734,False
2,2,22,60,25,0.3,0,10,0.005,0.025,7656,92,39,0.09025600835945663,False
2,2,23,60,25,0.3,0,10,0.005,0.025,7446,84,38,0.09387590652699436,False
2,2,24,60,25,0.3,0,10,0.005,0.025,7257,63,22,0.0981121675623536,False
2,2,25,60,25,0.3,0,10,0.005,0.025,7074,55,25,0.10206389595702572,False
2,2,26,60,25,0.3,0,10,0.005,0.025,6909,47,27,0.10493559125777971,False
2,2,27,60,25,0.3,0,10,0.005,0.025,6782,37,19,0.10822766145679741,False
2,2,28,60,25,0.3,0,10,0.005,0.025,6606,30,13,0.1111111111111111,False
2,2,29,60,25,0.3,0,10,0.005,0.025,6453,23,8,0.11374554470788781,False
2,2,30,60,25,0.3,0,10,0.005,0.025,6304,23,10,0.1162753807106599,False
2,2,31,60,25,0.3,0,10,0.005,0.025,6181,18,13,0.11875101116324219,False
2,2,32,60,25,0.3,0,10,0.005,0.025,6039,14,9,0.12170889220069547,False
2,2,33,60,25,0.3,0,10,0.005,0.025,5913,7,1,0.12362590901403686,False
2,2,34,60,25,0.3,0,10,0.005,0.025,5803,6,1,0.12579700155092194,False
2,2,35,60,25,0.3,0,10,0.005,0.025,5694,6,2,0.1287319985950123,False
2,2,36,60,25,0.3,0,10,0.005,0.025,5587,5,4,0.13191337032396636,False
2,2,37,60,25,0.3,0,10,0.005,0.025,5485,4,3,0.13436645396536007,False
2,2,38,60,25,0.3,0,10,0.005,0.025,5394,1,1,0.13663329625509826,False
2,2,39,60,25,0.3,0,10,0.005,0.025,5317,1,1,0.13898815121309008,False
2,2,40,60,25,0.3,0,10,0.005,0.025,5242,0,0,0.1417397939717665,True
2,2,41,60,25,0.3,0,10,0.005,0.025,5683,0,0,0.18616927679042758,True
2,2,42,60,25,0.3,0,10,0.005,0.025,5640,0,0,0.18847517730496455,True
2,2,43,60,25,0.3,0,10,0.005,0.025,5632,0,0,0.19300426136363635,True
2,2,44,60,25,0.3,0,10,0.005,0.025,5612,0,0,0.19672131147540983,True
2,2,45,60,25,0.3,0,10,0.005,0.025,5542,0,0,0.19523637675929267,True
2,2,46,60,25,0.3,0,10,0.005,0.025,5256,0,0,0.18074581430745815,True
2,2,47,60,25,0.3,0,10,0.005,0.025,5175,0,0,0.1783574879227053,True
2,2,48,60,25,0.3,0,10,0.005,0.025,5117,0,0,0.18037912839554426,True
2,2,49,60,25,0.3,0,10,0.005,0.025,5040,0,0,0.18055555555555555,True
2,2,50,60,25,0.3,0,10,0.005,0.025,4961,0,0,0.18322918766377747,True
2,2,51,60,25,0.3,0,10,0.005,0.025,4917,0,0,0.18405531828350621,True
2,2,52,60,25,0.3,0,10,0.005,0.025,4863,0,0,0.18465967509767633,True
2,3,1,60,25,0.3,0,10,0.005,0.025,4816,0,0,0.18812292358803986,True
2,3,2,60,25,0.3,0,10,0.005,0.025,4750,0,0,0.18905263157894736,True
2,3,3,60,25,0.3,0,10,0.005,0.025,4708,0,0,0.1898895497026338,True
2,3,4,60,25,0.3,0,10,0.005,0.025,4655,0,0,0.19269602577873254,True
2,3,5,60,25,0.3,0,10,0.005,0.025,4588,0,0,0.1935483870967742,True
2,3,6,60,25,0.3,0,10,0.005,0.025,4534,0,0,0.19585355094838994,True
2,3,7,60,25,0.3,0,10,0.005,0.025,4480,0,0,0.19776785714285713,True
2,3,8,60,25,0.3,0,10,0.005,0.025,4436,0,0,0.2004057709648332,True
2,3,9,60,25,0.3,0,10,0.005,0.025,4361,0,0,0.2015592753955515,True
2,3,10,60,25,0.3,0,10,0.005,0.025,4323,0,0,0.20541290770298404,True
2,3,11,60,25,0.3,0,10,0.005,0.025,4268,0,0,0.207825679475164,True
2,3,12,60,25,0.3,0,10,0.005,0.025,4217,0,0,0.20915342660659236,True
2,3,13,60,25,0.3,0,10,0.005,0.025,4169,0,0,0.21132165987047252,True
2,3,14,60,25,0.3,0,10,0.005,0.025,4114,0,0,0.21463296062226545,True
2,3,15,60,25,0.3,0,10,0.005,0.025,4051,0,0,0.21476178721303382,True
2,3,16,60,25,0.3,0,10,0.005,0.025,4001,0,0,0.2174456385903524,True
2,3,17,60,25,0.3,0,10,0.005,0.025,3965,0,0,0.21992433795712485,True
2,3,18,60,25,0.3,0,10,0.005,0.025,9098,0,0,0.0965047263134755,True
2,3,19,60,25,0.3,0,10,0.005,0.025,8913,0,0,0.09929316728374285,True
2,3,20,60,25,0.3,0,10,0.005,0.025,8717,0,0,0.103475966502237,True
2,3,21,60,25,0.3,0,10,0.005,0.025,8458,0,0,0.10534405296760463,True
2,3,22,60,25,0.3,0,10,0.005,0.025,8242,0,0,0.10822615869934482,True
2,3,23,60,25,0.3,0,10,0.005,0.025,8019,0,0,0.11136051876792617,True
2,3,24,60,25,0.3,0,10,0.005,0.025,7828,0,0,0.11433316300459888,True
2,3,25,60,25,0.3,0,10,0.005,0.025,7627,0,0,0.11708404352956601,True
2,3,26,60,25,0.3,0,10,0.005,0.025,7467,0,0,0.12012856568903174,True
2,3,27,60,25,0.3,0,10,0.005,0.025,7330,0,0,0.12305593451568896,True
2,3,28,60,25,0.3,0,10,0.005,0.025,7159,0,0,0.12641430367369744,True
2,3,29,60,25,0.3,0,10,0.005,0.025,7002,0,0,0.12982005141388175,True
2,3,30,60,25,0.3,0,10,0.005,0.025,6803,0,0,0.13317653976186977,True
2,3,31,60,25,0.3,0,10,0.005,0.025,6641,0,0,0.1361240776991417,True
2,3,32,60,25,0.3,0,10,0.005,0.025,6497,0,0,0.13991072802832077,True
2,3,33,60,25,0.3,0,10,0.005,0.025,6361,0,0,0.14305926741078448,True
2,3,34,60,25,0.3,0,10,0.005,0.025,6242,0,0,0.1449855815443768,True
2,3,35,60,25,0.3,0,10,0.005,0.025,6121,0,0,0.14768828622774058,True
2,3,36,60,25,0.3,0,10,0.005,0.025,5990,0,0,0.15208681135225377,True
2,3,37,60,25,0.3,0,10,0.005,0.025,5882,0,0,0.15487929275756546,True
2,3,38,60,25,0.3,0,10,0.005,0.025,5798,0,0,0.15695067264573992,True
2,3,39,60,25,0.3,0,10,0.005,0.025,5720,0,0,0.1597902097902098,True
2,3,40,60,25,0.3,0,10,0.005,0.025,5646,0,0,0.16170740347148424,True
2,3,41,60,25,0.3,0,10,0.005,0.025,6046,0,0,0.19963612305656633,True
2,3,42,60,25,0.3,0,10,0.005,0.025,6082,0,0,0.2078263729036501,True
2,3,43,60,25,0.3,0,10,0.005,0.025,6017,0,0,0.20874189795579193,True
2,3,44,60,25,0.3,0,10,0.005,0.025,5978,0,0,0.2147875543660087,True
2,3,45,60,25,0.3,0,10,0.005,0.025,5911,0,0,0.2151920148874979,True
2,3,46,60,25,0.3,0,10,0.005,0.025,5603,0,0,0.20132072104229876,True
2,3,47,60,25,0.3,0,10,0.005,0.025,5513,0,0,0.19862144023217848,True
2,3,48,60,25,0.3,0,10,0.005,0.025,5446,0,0,0.19941241278002203,True
2,3,49,60,25,0.3,0,10,0.005,0.025,5354,0,0,0.20171834142697048,True
2,3,50,60,25,0.3,0,10,0.005,0.025,5284,0,0,0.2032551097653293,True
2,3,51,60,25,0.3,0,10,0.005,0.025,5216,0,0,0.2043711656441718,True
2,3,52,60,25,0.3,0,10,0.005,0.025,5154,0,0,0.20741171905316258,True
2,4,1,60,25,0.3,0,10,0.005,0.025,5076,0,0,0.20843183609141056,True
2,4,2,60,25,0.3,0,10,0.005,0.025,5011,0,0,0.2101376970664538,True
2,4,3,60,25,0.3,0,10,0.005,0.025,4978,0,0,0.21173161912414623,True
2,4,4,60,25,0.3,0,10,0.005,0.025,4921,0,0,0.21438731965047755,True
2,4,5,60,25,0.3,0,10,0.005,0.025,4865,0,0,0.21623843782117164,True
2,4,6,60,25,0.3,0,10,0.005,0.025,4802,0,0,0.22053311120366514,True
2,4,7,60,25,0.3,0,10,0.005,0.025,4732,0,0,0.2231614539306847,True
2,4,8,60,25,0.3,0,10,0.005,0.025,4669,0,0,0.22702934247162132,True
2,4,9,60,25,0.3,0,10,0.005,0.025,4594,0,0,0.2305180670439704,True
2,4,10,60,25,0.3,0,10,0.005,0.025,4537,0,0,0.23297333039453383,True
2,4,11,60,25,0.3,0,10,0.005,0.025,4474,0,0,0.2364774251229325,True
2,4,12,60,25,0.3,0,10,0.005,0.025,4402,0,0,0.2401181281235802,True
2,4,13,60,25,0.3,0,10,0.005,0.025,4354,0,0,0.2409278824069821,True
2,4,14,60,25,0.3,0,10,0.005,0.025,4308,0,0,0.24303621169916434,True
2,4,15,60,25,0.3,0,10,0.005,0.025,4253,0,0,0.24523865506701154,True
2,4,16,60,25,0.3,0,10,0.005,0.025,4200,0,0,0.24714285714285714,True
2,4,17,60,25,0.3,0,10,0.005,0.025,4156,0,0,0.2485563041385948,True
2,4,18,60,25,0.3,0,10,0.005,0.025,9164,0,0,0.11359668267132257,True
2,4,19,60,25,0.3,0,10,0.005,0.025,9003,0,0,0.1155170498722648,True
2,4,20,60,25,0.3,0,10,0.005,0.025,8803,0,0,0.11916392139043508,True
2,4,21,60,25,0.3,0,10,0.005,0.025,8611,0,0,0.12228544884450122,True
2,4,22,60,25,0.3,0,10,0.005,0.025,8414,0,0,0.12609935821250298,True
2,4,23,60,25,0.3,0,10,0.005,0.025,8207,0,0,0.12964542463750456,True
2,4,24,60,25,0.3,0,10,0.005,0.025,8038,0,0,0.13311769096790246,True
2,4,25,60,25,0.3,0,10,0.005,0.025,7888,0,0,0.13552231237322515,True
2,4,26,60,25,0.3,0,10,0.005,0.025,7751,0,0,0.13843375048380854,True
2,4,27,60,25,0.3,0,10,0.005,0.025,7542,0,0,0.14120922832140015,True
2,4,28,60,25,0.3,0,10,0.005,0.025,7351,0,0,0.14433410420350973,True
2,4,29,60,25,0.3,0,10,0.005,0.025,7165,0,0,0.1484996510816469,True
2,4,30,60,25,0.3,0,10,0.005,0.025,7017,0,0,0.15106170728231438,True
2,4,31,60,25,0.3,0,10,0.005,0.025,6874,0,0,0.15376782077393075,True
2,4,32,60,25,0.3,0,10,0.005,0.025,6740,0,0,0.15786350148367953,True
2,4,33,60,25,0.3,0,10,0.005,0.025,6633,0,0,0.16025930951304085,True
2,4,34,60,25,0.3,0,10,0.005,0.025,6483,0,0,0.1635045503624865,True
2,4,35,60,25,0.3,0,10,0.005,0.025,6328,0,0,0.16640328697850823,True
2,4,36,60,25,0.3,0,10,0.005,0.025,6204,0,0,0.1708575112830432,True
2,4,37,60,25,0.3,0,10,0.005,0.025,6060,0,0,0.17491749174917492,True
2,4,38,60,25,0.3,0,10,0.005,0.025,5970,0,0,0.17738693467336683,True
2,4,39,60,25,0.3,0,10,0.005,0.025,5879,0,0,0.18183364517775133,True
2,4,40,60,25,0.3,0,10,0.005,0.025,5796,0,0,0.1844375431331953,True
2,4,41,60,25,0.3,0,10,0.005,0.025,6235,0,0,0.2227746591820369,True
2,4,42,60,25,0.3,0,10,0.005,0.025,6193,0,0,0.2268690456967544,True
2,4,43,60,25,0.3,0,10,0.005,0.025,6134,0,0,0.22725790674926638,True
2,4,44,60,25,0.3,0,10,0.005,0.025,6145,0,0,0.23498779495524816,True
2,4,45,60,25,0.3,0,10,0.005,0.025,6063,0,0,0.23552696684809502,True
2,4,46,60,25,0.3,0,10,0.005,0.025,5752,0,0,0.21801112656467317,True
2,4,47,60,25,0.3,0,10,0.005,0.025,5641,0,0,0.21574188973586245,True
2,4,48,60,25,0.3,0,10,0.005,0.025,5576,0,0,0.2141319942611191,True
2,4,49,60,25,0.3,0,10,0.005,0.025,5498,0,0,0.21698799563477628,True
2,4,50,60,25,0.3,0,10,0.005,0.025,5411,0,0,0.217150249491776,True
2,4,51,60,25,0.3,0,10,0.005,0.025,5347,0,0,0.2212455582569665,True
2,4,52,60,25,0.3,0,10,0.005,0.025,5297,0,0,0.2227676043043232,True
2,5,1,60,25,0.3,0,10,0.005,0.025,5236,0,0,0.22307104660045837,True
2,5,2,60,25,0.3,0,10,0.005,0.025,5180,0,0,0.22644787644787645,True
2,5,3,60,25,0.3,0,10,0.005,0.025,5102,0,0,0.22873382987063898,True
2,5,4,60,25,0.3,0,10,0.005,0.025,5028,0,0,0.2319013524264121,True
2,5,5,60,25,0.3,0,10,0.005,0.025,4960,0,0,0.2340725806451613,True
2,5,6,60,25,0.3,0,10,0.005,0.025,4896,0,0,0.23447712418300654,True
2,5,7,60,25,0.3,0,10,0.005,0.025,4829,0,0,0.2366949679022572,True
2,5,8,60,25,0.3,0,10,0.005,0.025,4752,0,0,0.23926767676767677,True
2,5,9,60,25,0.3,0,10,0.005,0.025,4681,0,0,0.24182866908780176,True
2,5,10,60,25,0.3,0,10,0.005,0.025,4611,0,0,0.24333116460637605,True
2,5,11,60,25,0.3,0,10,0.005,0.025,4544,0,0,0.24559859154929578,True
2,5,12,60,25,0.3,0,10,0.005,0.025,4473,0,0,0.24882629107981222,True
2,5,13,60,25,0.3,0,10,0.005,0.025,4408,0,0,0.2484119782214156,True
2,5,14,60,25,0.3,0,10,0.005,0.025,4359,0,0,0.2521220463409039,True
2,5,15,60,25,0.3,0,10,0.005,0.025,4312,0,0,0.2541743970315399,True
2,5,16,60,25,0.3,0,10,0.005,0.025,4260,0,0,0.2568075117370892,True
2,5,17,60,25,0.3,0,10,0.005,0.025,4198,0,0,0.25774178180085755,True
2,5,18,60,25,0.3,0,10,0.005,0.025,9254,0,0,0.11649016641452345,True
2,5,19,60,25,0.3,0,10,0.005,0.025,9055,0,0,0.11882937603533959,True
2,5,20,60,25,0.3,0,10,0.005,0.025,8811,0,0,0.12223357167177391,True
2,5,21,60,25,0.3,0,10,0.005,0.025,8613,0,0,0.12492743527226285,True
2,5,22,60,25,0.3,0,10,0.005,0.025,8369,0,0,0.12904767594694708,True
2,5,23,60,25,0.3,0,10,0.005,0.025,8187,0,0,0.13179430804934653,True
2,5,24,60,25,0.3,0,10,0.005,0.025,7989,0,0,0.13405933158092376,True
2,5,25,60,25,0.3,0,10,0.005,0.025,7806,0,0,0.13809889828337177,True
2,5,26,60,25,0.3,0,10,0.005,0.025,7607,0,0,0.140659918496122,True
2,5,27,60,25,0.3,0,10,0.005,0.025,7437,0,0,0.1444130697862041,True
2,5,28,60,25,0.3,0,10,0.005,0.025,7265,0,0,0.14755677907777012,True
2,5,29,60,25,0.3,0,10,0.005,0.025,7059,0,0,0.15228785947017992,True
2,5,30,60,25,0.3,0,10,0.005,0.025,6897,0,0,0.15600985935914166,True
2,5,31,60,25,0.3,0,10,0.005,0.025,6750,0,0,0.15866666666666668,True
2,5,32,60,25,0.3,0,10,0.005,0.025,6596,0,0,0.16282595512431777,True
2,5,33,60,25,0.3,0,10,0.005,0.025,6436,0,0,0.1660969546302051,True
2,5,34,60,25,0.3,0,10,0.005,0.025,6286,0,0,0.1684696150174992,True
2,5,35,60,25,0.3,0,10,0.005,0.025,6116,0,0,0.17331589274035317,True
2,5,36,60,25,0.3,0,10,0.005,0.025,6015,0,0,0.1772236076475478,True
2,5,37,60,25,0.3,0,10,0.005,0.025,5889,0,0,0.17999660383766344,True
2,5,38,60,25,0.3,0,10,0.005,0.025,5825,0,0,0.18300429184549355,True
2,5,39,60,25,0.3,0,10,0.005,0.025,5735,0,0,0.1837837837837838,True
2,5,40,60,25,0.3,0,10,0.005,0.025,5665,0,0,0.1876434245366284,True
2,5,41,60,25,0.3,0,10,0.005,0.025,6149,0,0,0.22816718165555375,True
2,5,42,60,25,0.3,0,10,0.005,0.025,6163,0,0,0.23202985558981015,True
2,5,43,60,25,0.3,0,10,0.005,0.025,6142,0,0,0.23445131878866818,True
2,5,44,60,25,0.3,0,10,0.005,0.025,6103,0,0,0.23971817139111912,True
2,5,45,60,25,0.3,0,10,0.005,0.025,6053,0,0,0.2380637700313894,True
2,5,46,60,25,0.3,0,10,0.005,0.025,5728,0,0,0.22311452513966482,True
2,5,47,60,25,0.3,0,10,0.005,0.025,5630,0,0,0.2241563055062167,True
2,5,48,60,25,0.3,0,10,0.005,0.025,5540,0,0,0.22310469314079423,True
2,5,49,60,25,0.3,0,10,0.005,0.025,5463,0,0,0.22203917261577888,True
2,5,50,60,25,0.3,0,10,0.005,0.025,5392,0,0,0.22236646884272998,True
2,5,51,60,25,0.3,0,10,0.005,0.025,5331,0,0,0.22472331645094729,True
2,5,52,60,25,0.3,0,10,0.005,0.025,5263,0,0,0.2266768003040091,True
2,6,1,60,25,0.3,0,10,0.005,0.025,5208,0,0,0.22964669738863286,True
2,6,2,60,25,0.3,0,10,0.005,0.025,5140,0,0,0.2321011673151751,True
2,6,3,60,25,0.3,0,10,0.005,0.025,5066,0,0,0.23410975128306355,True
2,6,4,60,25,0.3,0,10,0.005,0.025,5003,0,0,0.23745752548470916,True
2,6,5,60,25,0.3,0,10,0.005,0.025,4952,0,0,0.23808562197092084,True
2,6,6,60,25,0.3,0,10,0.005,0.025,4879,0,0,0.23980323836851813,True
2,6,7,60,25,0.3,0,10,0.005,0.025,4817,0,0,0.24081378451318247,True
2,6,8,60,25,0.3,0,10,0.005,0.025,4756,0,0,0.24411269974768712,True
2,6,9,60,25,0.3,0,10,0.005,0.025,4696,0,0,0.24574105621805792,True
2,6,10,60,25,0.3,0,10,0.005,0.025,4618,0,0,0.2494586401039411,True
2,6,11,60,25,0.3,0,10,0.005,0.025,4562,0,0,0.2509864094695309,True
2,6,12,60,25,0.3,0,10,0.005,0.025,4526,0,0,0.2540874944763588,True
2,6,13,60,25,0.3,0,10,0.005,0.025,4454,0,0,0.25258194881005835,True
2,6,14,60,25,0.3,0,10,0.005,0.025,4407,0,0,0.25482187429090086,True
2,6,15,60,25,0.3,0,10,0.005,0.025,4361,0,0,0.2559046090346251,True
2,6,16,60,25,0.3,0,10,0.005,0.025,4312,0,0,0.25788497217068646,True
2,6,17,60,25,0.3,0,10,0.005,0.025,4255,0,0,0.26039952996474736,True
2,6,18,60,25,0.3,0,10,0.005,0.025,9708,0,0,0.11485372888339514,True
2,6,19,60,25,0.3,0,10,0.005,0.025,9520,0,0,0.11680672268907563,True
2,6,20,60,25,0.3,0,10,0.005,0.025,9260,0,0,0.11997840172786177,True
2,6,21,60,25,0.3,0,10,0.005,0.025,9030,0,0,0.12347729789590255,True
2,6,22,60,25,0.3,0,10,0.005,0.025,8819,0,0,0.12756548361492231,True
2,6,23,60,25,0.3,0,10,0.005,0.025,8614,0,0,0.13083352681680985,True
2,6,24,60,25,0.3,0,10,0.005,0.025,8410,0,0,0.1351961950059453,True
2,6,25,60,25,0.3,0,10,0.005,0.025,8206,0,0,0.1385571533024616,True
2,6,26,60,25,0.3,0,10,0.005,0.025,8052,0,0,0.14120715350223548,True
2,6,27,60,25,0.3,0,10,0.005,0.025,7836,0,0,0.14280245022970903,True
2,6,28,60,25,0.3,0,10,0.005,0.025,7672,0,0,0.14611574556830031,True
2,6,29,60,25,0.3,0,10,0.005,0.025,7490,0,0,0.14966622162883844,True
2,6,30,60,25,0.3,0,10,0.005,0.025,7272,0,0,0.15387788778877887,True
2,6,31,60,25,0.3,0,10,0.005,0.025,7108,0,0,0.1570061902082161,True
2,6,32,60,25,0.3,0,10,0.005,0.025,6932,0,0,0.16099249855741488,True
2,6,33,60,25,0.3,0,10,0.005,0.025,6794,0,0,0.164115395937592,True
2,6,34,60,25,0.3,0,10,0.005,0.025,6673,0,0,0.16634197512363255,True
2,6,35,60,25,0.3,0,10,0.005,0.025,6503,0,0,0.16961402429647854,True
2,6,36,60,25,0.3,0,10,0.005,0.025,6365,0,0,0.17234878240377063,True
2,6,37,60,25,0.3,0,10,0.005,0.025,6247,0,0,0.17544421322234674,True
2,6,38,60,25,0.3,0,10,0.005,0.025,6139,0,0,0.17771624043003748,True
2,6,39,60,25,0.3,0,10,0.005,0.025,6047,0,0,0.18091615677195302,True
2,6,40,60,25,0.3,0,10,0.005,0.025,5975,0,0,0.18326359832635983,True
2,6,41,60,25,0.3,0,10,0.005,0.025,6434,0,0,0.22101336649051911,True
2,6,42,60,25,0.3,0,10,0.005,0.025,6416,0,0,0.22334788029925187,True
2,6,43,60,25,0.3,0,10,0.005,0.025,6384,0,0,0.2263471177944862,True
2,6,44,60,25,0.3,0,10,0.005,0.025,6303,0,0,0.22782801840393463,True
2,6,45,60,25,0.3,0,10,0.005,0.025,6244,0,0,0.23110185778347214,True
2,6,46,60,25,0.3,0,10,0.005,0.025,5920,0,0,0.2141891891891892,True
2,6,47,60,25,0.3,0,10,0.005,0.025,5816,0,0,0.21337689133425033,True
2,6,48,60,25,0.3,0,10,0.005,0.025,5732,0,0,0.21528262386601535,True
2,6,49,60,25,0.3,0,10,0.005,0.025,5664,0,0,0.2166313559322034,True
2,6,50,60,25,0.3,0,10,0.005,0.025,5588,0,0,0.2170722977809592,True
2,6,51,60,25,0.3,0,10,0.005,0.025,5507,0,0,0.21844924641365535,True
2,6,52,60,25,0.3,0,10,0.005,0.025,5446,0,0,0.22144693352919573,True
2,7,1,60,25,0.3,0,10,0.005,0.025,5384,0,0,0.22399702823179793,True
2,7,2,60,25,0.3,0,10,0.005,0.025,5313,0,0,0.2264257481648786,True
2,7,3,60,25,0.3,0,10,0.005,0.025,5235,0,0,0.2282712511938873,True
2,7,4,60,25,0.3,0,10,0.005,0.025,5168,0,0,0.22890866873065016,True
2,7,5,60,25,0.3,0,10,0.005,0.025,5094,0,0,0.22948566941499804,True
2,7,6,60,25,0.3,0,10,0.005,0.025,5021,0,0,0.23122883887671777,True
2,7,7,60,25,0.3,0,10,0.005,0.025,4958,0,0,0.23235175473981445,True
2,7,8,60,25,0.3,0,10,0.005,0.025,4909,0,0,0.23630067223467102,True
2,7,9,60,25,0.3,0,10,0.005,0.025,4843,0,0,0.23766260582283708,True
2,7,10,60,25,0.3,0,10,0.005,0.025,4794,0,0,0.24030037546933666,True
2,7,11,60,25,0.3,0,10,0.005,0.025,4725,0,0,0.24063492063492065,True
2,7,12,60,25,0.3,0,10,0.005,0.025,4671,0,0,0.24363091415114538,True
2,7,13,60,25,0.3,0,10,0.005,0.025,4611,0,0,0.24615050965083496,True
2,7,14,60,25,0.3,0,10,0.005,0.025,4544,0,0,0.24735915492957747,True
2,7,15,60,25,0.3,0,10,0.005,0.025,4498,0,0,0.24966651845264562,True
2,7,16,60,25,0.3,0,10,0.005,0.025,4452,0,0,0.25336927223719674,True
2,7,17,60,25,0.3,0,10,0.005,0.025,4412,0,0,0.25453309156844967,True
2,7,18,60,25,0.3,0,10,0.005,0.025,9769,0,0,0.11556965912580612,True
2,7,19,60,25,0.3,0,10,0.005,0.025,9571,0,0,0.11879636401629924,True
2,7,20,60,25,0.3,0,10,0.005,0.025,9320,0,0,0.12242489270386266,True
2,7,21,60,25,0.3,0,10,0.005,0.025,9102,0,0,0.12590639419907712,True
2,7,22,60,25,0.3,0,10,0.005,0.025,8871,0,0,0.1290722579190621,True
2,7,23,60,25,0.3,0,10,0.005,0.025,8657,0,0,0.1326094490008086,True
2,7,24,60,25,0.3,0,10,0.005,0.025,8461,0,0,0.13591774021983216,True
2,7,25,60,25,0.3,0,10,0.005,0.025,8259,0,0,0.13948419905557574,True
2,7,26,60,25,0.3,0,10,0.005,0.025,8064,0,0,0.14260912698412698,True
2,7,27,60,25,0.3,0,10,0.005,0.025,7911,0,0,0.14612564783213247,True
2,7,28,60,25,0.3,0,10,0.005,0.025,7749,0,0,0.14892244160536844,True
2,7,29,60,25,0.3,0,10,0.005,0.025,7561,0,0,0.15249305647401137,True
2,7,30,60,25,0.3,0,10,0.005,0.025,7392,0,0,0.15665584415584416,True
2,7,31,60,25,0.3,0,10,0.005,0.025,7233,0,0,0.16079081985344948,True
2,7,32,60,25,0.3,0,10,0.005,0.025,7057,0,0,0.1636672807141845,True
2,7,33,60,25,0.3,0,10,0.005,0.025,6917,0,0,0.16611247650715627,True
2,7,34,60,25,0.3,0,10,0.005,0.025,6790,0,0,0.16921944035346098,True
2,7,35,60,25,0.3,0,10,0.005,0.025,6659,0,0,0.1723982579966962,True
2,7,36,60,25,0.3,0,10,0.005,0.025,6541,0,0,0.1759669775263721,True
2,7,37,60,25,0.3,0,10,0.005,0.025,6405,0,0,0.17845433255269322,True
2,7,38,60,25,0.3,0,10,0.005,0.025,6330,0,0,0.18072669826224327,True
2,7,39,60,25,0.3,0,10,0.005,0.025,6233,0,0,0.18321835392266966,True
2,7,40,60,25,0.3,0,10,0.005,0.025,6136,0,0,0.18627770534550195,True
2,7,41,60,25,0.3,0,10,0.005,0.025,6659,0,0,0.22796215647995194,True
2,7,42,60,25,0.3,0,10,0.005,0.025,6606,0,0,0.22797456857402362,True
2,7,43,60,25,0.3,0,10,0.005,0.025,6602,0,0,0.23311117843077855,True
2,7,44,60,25,0.3,0,10,0.005,0.025,6537,0,0,0.23451124368976595,True
2,7,45,60,25,0.3,0,10,0.005,0.025,6475,0,0,0.2386100386100386,True
2,7,46,60,25,0.3,0,10,0.005,0.025,6143,0,0,0.2220413478756308,True
2,7,47,60,25,0.3,0,10,0.005,0.025,6035,0,0,0.22170671085335542,True
2,7,48,60,25,0.3,0,10,0.005,0.025,5943,0,0,0.22143698468786807,True
2,7,49,60,25,0.3,0,10,0.005,0.025,5872,0,0,0.22428474114441416,True
2,7,50,60,25,0.3,0,10,0.005,0.025,5787,0,0,0.22567824434076378,True
2,7,51,60,25,0.3,0,10,0.005,0.025,5726,0,0,0.22685993712888577,True
2,7,52,60,25,0.3,0,10,0.005,0.025,5682,0,0,0.23037662794790567,True
2,8,1,60,25,0.3,0,10,0.005,0.025,5621,0,0,0.23358832947874045,True
2,8,2,60,25,0.3,0,10,0.005,0.025,5544,0,0,0.23647186147186147,True
2,8,3,60,25,0.3,0,10,0.005,0.025,5492,0,0,0.23889293517844137,True
2,8,4,60,25,0.3,0,10,0.005,0.025,5410,0,0,0.24214417744916822,True
2,8,5,60,25,0.3,0,10,0.005,0.025,5346,0,0,0.24597830153385708,True
2,8,6,60,25,0.3,0,10,0.005,0.025,5263,0,0,0.2483374501235037,True
2,8,7,60,25,0.3,0,10,0.005,0.025,5219,0,0,0.24966468672159417,True
2,8,8,60,25,0.3,0,10,0.005,0.025,5151,0,0,0.2531547272374296,True
2,8,9,60,25,0.3,0,10,0.005,0.025,5093,0,0,0.25682309051639507,True
2,8,10,60,25,0.3,0,10,0.005,0.025,5030,0,0,0.25904572564612327,True
2,8,11,60,25,0.3,0,10,0.005,0.025,4953,0,0,0.2602463153644256,True
2,8,12,60,25,0.3,0,10,0.005,0.025,4897,0,0,0.26342658770675925,True
2,8,13,60,25,0.3,0,10,0.005,0.025,4841,0,0,0.26502788680024786,True
2,8,14,60,25,0.3,0,10,0.005,0.025,4794,0,0,0.26554025865665415,True
2,8,15,60,25,0.3,0,10,0.005,0.025,4746,0,0,0.26780446691951115,True
2,8,16,60,25,0.3,0,10,0.005,0.025,4702,0,0,0.2696724797958316,True
2,8,17,60,25,0.3,0,10,0.005,0.025,4656,0,0,0.27212199312714774,True
2,8,18,60,25,0.3,0,10,0.005,0.025,10218,0,0,0.12536699941280094,True
2,8,19,60,25,0.3,0,10,0.005,0.025,10028,0,0,0.12933785400877543,True
2,8,20,60,25,0.3,0,10,0.005,0.025,9827,0,0,0.13340795766765035,True
2,8,21,60,25,0.3,0,10,0.005,0.025,9653,0,0,0.13570910597741634,True
2,8,22,60,25,0.3,0,10,0.005,0.025,9467,0,0,0.13869229956691667,True
2,8,23,60,25,0.3,0,10,0.005,0.025,9225,0,0,0.1421138211382114,True
2,8,24,60,25,0.3,0,10,0.005,0.025,9020,0,0,0.14490022172949002,True
2,8,25,60,25,0.3,0,10,0.005,0.025,8835,0,0,0.14838709677419354,True
2,8,26,60,25,0.3,0,10,0.005,0.025,8659,0,0,0.15128767756091926,True
2,8,27,60,25,0.3,0,10,0.005,0.025,8459,0,0,0.15510107577727864,True
2,8,28,60,25,0.3,0,10,0.005,0.025,8308,0,0,0.15683678382282137,True
2,8,29,60,25,0.3,0,10,0.005,0.025,8137,0,0,0.1612387857932899,True
2,8,30,60,25,0.3,0,10,0.005,0.025,7981,0,0,0.16501691517353714,True
2,8,31,60,25,0.3,0,10,0.005,0.025,7812,0,0,0.16948284690220175,True
2,8,32,60,25,0.3,0,10,0.005,0.025,7652,0,0,0.1730266596968113,True
2,8,33,60,25,0.3,0,10,0.005,0.025,7464,0,0,0.1772508038585209,True
2,8,34,60,25,0.3,0,10,0.005,0.025,7307,0,0,0.1806486930340769,True
2,8,35,60,25,0.3,0,10,0.005,0.025,7165,0,0,0.18367062107466853,True
2,8,36,60,25,0.3,0,10,0.005,0.025,7021,0,0,0.18786497649907422,True
2,8,37,60,25,0.3,0,10,0.005,0.025,6891,0,0,0.19024814976055726,True
2,8,38,60,25,0.3,0,10,0.005,0.025,6788,0,0,0.1928403064230996,True
2,8,39,60,25,0.3,0,10,0.005,0.025,6687,0,0,0.1970988485120383,True
2,8,40,60,25,0.3,0,10,0.005,0.025,6606,0,0,0.19921283681501664,True
2,8,41,60,25,0.3,0,10,0.005,0.025,7068,0,0,0.23528579513299377,True
2,8,42,60,25,0.3,0,10,0.005,0.025,7082,0,0,0.2372211239762779,True
2,8,43,60,25,0.3,0,10,0.005,0.025,6991,0,0,0.24245458446574167,True
2,8,44,60,25,0.3,0,10,0.005,0.025,7029,0,0,0.24697681035709204,True
2,8,45,60,25,0.3,0,10,0.005,0.025,6922,0,0,0.24877203120485408,True
2,8,46,60,25,0.3,0,10,0.005,0.025,6542,0,0,0.23203913176398655,True
2,8,47,60,25,0.3,0,10,0.005,0.025,6391,0,0,0.22922860272257864,True
2,8,48,60,25,0.3,0,10,0.005,0.025,6300,0,0,0.22873015873015873,True
2,8,49,60,25,0.3,0,10,0.005,0.025,6241,0,0,0.23153340810767506,True
2,8,50,60,25,0.3,0,10,0.005,0.025,6171,0,0,0.23270134500081024,True
2,8,51,60,25,0.3,0,10,0.005,0.025,6086,0,0,0.2351298061123891,True
2,8,52,60,25,0.3,0,10,0.005,0.025,6016,0,0,0.23819813829787234,True
2,9,1,60,25,0.3,0,10,0.005,0.025,5939,0,0,0.24145479036874895,True
2,9,2,60,25,0.3,0,10,0.005,0.025,5866,0,0,0.24445959768155473,True
2,9,3,60,25,0.3,0,10,0.005,0.025,5794,0,0,0.24594408008284432,True
2,9,4,60,25,0.3,0,10,0.005,0.025,5738,0,0,0.24886720111537122,True
2,9,5,60,25,0.3,0,10,0.005,0.025,5652,0,0,0.2515923566878981,True
2,9,6,60,25,0.3,0,10,0.005,0.025,5572,0,0,0.2546661880832735,True
2,9,7,60,25,0.3,0,10,0.005,0.025,5506,0,0,0.2564475118053033,True
2,9,8,60,25,0.3,0,10,0.005,0.025,5433,0,0,0.25952512424075097,True
2,9,9,60,25,0.3,0,10,0.005,0.025,5365,0,0,0.2624417520969245,True
2,9,10,60,25,0.3,0,10,0.005,0.025,5293,0,0,0.26412242584545625,True
2,9,11,60,25,0.3,0,10,0.005,0.025,5235,0,0,0.26685768863419296,True
2,9,12,60,25,0.3,0,10,0.005,0.025,5171,0,0,0.26900019338619224,True
2,9,13,60,25,0.3,0,10,0.005,0.025,5121,0,0,0.2704549892599102,True
2,9,14,60,25,0.3,0,10,0.005,0.025,5044,0,0,0.27220459952418713,True
2,9,15,60,25,0.3,0,10,0.005,0.025,4988,0,0,0.2752606255012029,True
2,9,16,60,25,0.3,0,10,0.005,0.025,4929,0,0,0.2771353215662406,True
2,9,17,60,25,0.3,0,10,0.005,0.025,4880,0,0,0.2788934426229508,True
2,9,18,60,25,0.3,0,10,0.005,0.025,10495,0,0,0.11967603620771797,True
2,9,19,60,25,0.3,0,10,0.005,0.025,10309,0,0,0.12241730526724222,True
2,9,20,60,25,0.3,0,10,0.005,0.025,10079,0,0,0.12501240202401032,True
2,9,21,60,25,0.3,0,10,0.005,0.025,9830,0,0,0.12868769074262462,True
2,9,22,60,25,0.3,0,10,0.005,0.025,9625,0,0,0.13267532467532467,True
2,9,23,60,25,0.3,0,10,0.005,0.025,9392,0,0,0.13639267461669505,True
2,9,24,60,25,0.3,0,10,0.005,0.025,9192,0,0,0.1409921671018277,True
2,9,25,60,25,0.3,0,10,0.005,0.025,8998,0,0,0.14469882196043565,True
2,9,26,60,25,0.3,0,10,0.005,0.025,8785,0,0,0.1475241889584519,True
2,9,27,60,25,0.3,0,10,0.005,0.025,8633,0,0,0.15104830302328276,True
2,9,28,60,25,0.3,0,10,0.005,0.025,8449,0,0,0.15421943425257426,True
2,9,29,60,25,0.3,0,10,0.005,0.025,8284,0,0,0.15692901979719942,True
2,9,30,60,25,0.3,0,10,0.005,0.025,8111,0,0,0.16064603624707188,True
2,9,31,60,25,0.3,0,10,0.005,0.025,7933,0,0,0.16299004159838648,True
2,9,32,60,25,0.3,0,10,0.005,0.025,7733,0,0,0.16733479891374628,True
2,9,33,60,25,0.3,0,10,0.005,0.025,7592,0,0,0.17057428872497366,True
2,9,34,60,25,0.3,0,10,0.005,0.025,7474,0,0,0.17393631255017394,True
2,9,35,60,25,0.3,0,10,0.005,0.025,7372,0,0,0.1782419967444384,True
2,9,36,60,25,0.3,0,10,0.005,0.025,7252,0,0,0.18119139547710977,True
2,9,37,60,25,0.3,0,10,0.005,0.025,7111,0,0,0.18548727323864436,True
2,9,38,60,25,0.3,0,10,0.005,0.025,6999,0,0,0.18845549364194886,True
2,9,39,60,25,0.3,0,10,0.005,0.025,6899,0,0,0.19104218002609075,True
2,9,40,60,25,0.3,0,10,0.005,0.025,6816,0,0,0.19410211267605634,True
2,9,41,60,25,0.3,0,10,0.005,0.025,7301,0,0,0.23010546500479387,True
2,9,42,60,25,0.3,0,10,0.005,0.025,7292,0,0,0.23834339001645638,True
2,9,43,60,25,0.3,0,10,0.005,0.025,7203,0,0,0.2353186172428155,True
2,9,44,60,25,0.3,0,10,0.005,0.025,7158,0,0,0.23805532271584243,True
2,9,45,60,25,0.3,0,10,0.005,0.025,7104,0,0,0.24141328828828829,True
2,9,46,60,25,0.3,0,10,0.005,0.025,6769,0,0,0.2278032205643374,True
2,9,47,60,25,0.3,0,10,0.005,0.025,6632,0,0,0.22889022919179736,True
2,9,48,60,25,0.3,0,10,0.005,0.025,6552,0,0,0.23061660561660563,True
2,9,49,60,25,0.3,0,10,0.005,0.025,6455,0,0,0.23206816421378776,True
2,9,50,60,25,0.3,0,10,0.005,0.025,6387,0,0,0.23375606701111634,True
2,9,51,60,25,0.3,0,10,0.005,0.025,6331,0,0,0.2345601010898752,True
2,9,52,60,25,0.3,0,10,0.005,0.025,6248,0,0,0.23751600512163892,True
2,10,1,60,25,0.3,0,10,0.005,0.025,6191,0,0,0.23889517040865774,True
2,10,2,60,25,0.3,0,10,0.005,0.025,6114,0,0,0.24059535492312725,True
2,10,3,60,25,0.3,0,10,0.005,0.025,6048,0,0,0.24189814814814814,True
2,10,4,60,25,0.3,0,10,0.005,0.025,5969,0,0,0.2432568269391858,True
2,10,5,60,25,0.3,0,10,0.005,0.025,5890,0,0,0.24499151103565364,True
2,10,6,60,25,0.3,0,10,0.005,0.025,5814,0,0,0.24681802545579634,True
2,10,7,60,25,0.3,0,10,0.005,0.025,5741,0,0,0.24925971085176798,True
2,10,8,60,25,0.3,0,10,0.005,0.025,5663,0,0,0.250044146212255,True
2,10,9,60,25,0.3,0,10,0.005,0.025,5603,0,0,0.25218632875245406,True
2,10,10,60,25,0.3,0,10,0.005,0.025,5524,0,0,0.25343953656770457,True
2,10,11,60,25,0.3,0,10,0.005,0.025,5464,0,0,0.2560395314787701,True
2,10,12,60,25,0.3,0,10,0.005,0.025,5404,0,0,0.25832716506291636,True
2,10,13,60,25,0.3,0,10,0.005,0.025,5348,0,0,0.2610321615557218,True
2,10,14,60,25,0.3,0,10,0.005,0.025,5288,0,0,0.2634266263237519,True
2,10,15,60,25,0.3,0,10,0.005,0.025,5228,0,0,0.26683244070390205,True
2,10,16,60,25,0.3,0,10,0.005,0.025,5175,0,0,0.2668599033816425,True
2,10,17,60,25,0.3,0,10,0.005,0.025,5123,0,0,0.26937341401522547,True
2,10,18,60,25,0.3,0,10,0.005,0.025,11046,0,0,0.1185044359949303,True
2,10,19,60,25,0.3,0,10,0.005,0.025,10880,0,0,0.12150735294117647,True
2,10,20,60,25,0.3,0,10,0.005,0.025,10612,0,0,0.1244817188088956,True
2,10,21,60,25,0.3,0,10,0.005,0.025,10358,0,0,0.1281135354315505,True
2,10,22,60,25,0.3,0,10,0.005,0.025,10168,0,0,0.13227773406766324,True
2,10,23,60,25,0.3,0,10,0.005,0.025,9982,0,0,0.135343618513324,True
2,10,24,60,25,0.3,0,10,0.005,0.025,9801,0,0,0.13855729007244158,True
2,10,25,60,25,0.3,0,10,0.005,0.025,9586,0,0,0.14218652201126644,True
2,10,26,60,25,0.3,0,10,0.005,0.025,9374,0,0,0.14668231278002988,True
2,10,27,60,25,0.3,0,10,0.005,0.025,9199,0,0,0.1495814762474182,True
2,10,28,60,25,0.3,0,10,0.005,0.025,9020,0,0,0.15343680709534369,True
2,10,29,60,25,0.3,0,10,0.005,0.025,8811,0,0,0.156735898308932,True
2,10,30,60,25,0.3,0,10,0.005,0.025,8619,0,0,0.16057547279266737,True
2,10,31,60,25,0.3,0,10,0.005,0.025,8409,0,0,0.16506124390533952,True
2,10,32,60,25,0.3,0,10,0.005,0.025,8226,0,0,0.16776075857038658,True
2,10,33,60,25,0.3,0,10,0.005,0.025,8070,0,0,0.1708798017348203,True
2,10,34,60,25,0.3,0,10,0.005,0.025,7962,0,0,0.17307209243908567,True
2,10,35,60,25,0.3,0,10,0.005,0.025,7847,0,0,0.17650057346756723,True
2,10,36,60,25,0.3,0,10,0.005,0.025,7716,0,0,0.1794971487817522,True
2,10,37,60,25,0.3,0,10,0.005,0.025,7578,0,0,0.1828978622327791,True
2,10,38,60,25,0.3,0,10,0.005,0.025,7486,0,0,0.1851456051295752,True
2,10,39,60,25,0.3,0,10,0.005,0.025,7376,0,0,0.1873644251626898,True
2,10,40,60,25,0.3,0,10,0.005,0.025,7254,0,0,0.19134270747173973,True
2,10,41,60,25,0.3,0,10,0.005,0.025,7776,0,0,0.22453703703703703,True
2,10,42,60,25,0.3,0,10,0.005,0.025,7778,0,0,0.22923630753407045,True
2,10,43,60,25,0.3,0,10,0.005,0.025,7699,0,0,0.23366670996233277,True
2,10,44,60,25,0.3,0,10,0.005,0.025,7655,0,0,0.23696930111038536,True
2,10,45,60,25,0.3,0,10,0.005,0.025,7570,0,0,0.23751651254953765,True
2,10,46,60,25,0.3,0,10,0.005,0.025,7198,0,0,0.2243678799666574,True
2,10,47,60,25,0.3,0,10,0.005,0.025,7083,0,0,0.22292813779471976,True
2,10,48,60,25,0.3,0,10,0.005,0.025,6965,0,0,0.22426417803302226,True
2,10,49,60,25,0.3,0,10,0.005,0.025,6864,0,0,0.22508741258741258,True
2,10,50,60,25,0.3,0,10,0.005,0.025,6787,0,0,0.2277884190363931,True
2,10,51,60,25,0.3,0,10,0.005,0.025,6692,0,0,0.228332337118948,True
2,10,52,60,25,0.3,0,10,0.005,0.025,6631,0,0,0.22967878148092294,True
2,11,1,60,25,0.3,0,10,0.005,0.025,6539,0,0,0.23260437375745527,True
2,11,2,60,25,0.3,0,10,0.005,0.025,6444,0,0,0.23556797020484171,True
2,11,3,60,25,0.3,0,10,0.005,0.025,6371,0,0,0.23654057447810392,True
2,11,4,60,25,0.3,0,10,0.005,0.025,6299,0,0,0.24083187807588505,True
2,11,5,60,25,0.3,0,10,0.005,0.025,6228,0,0,0.2424534360950546,True
2,11,6,60,25,0.3,0,10,0.005,0.025,6156,0,0,0.24463937621832357,True
2,11,7,60,25,0.3,0,10,0.005,0.025,6081,0,0,0.24814997533300445,True
2,11,8,60,25,0.3,0,10,0.005,0.025,6008,0,0,0.24950066577896138,True
2,11,9,60,25,0.3,0,10,0.005,0.025,5933,0,0,0.2502949603910332,True
2,11,10,60,25,0.3,0,10,0.005,0.025,5870,0,0,0.2536626916524702,True
2,11,11,60,25,0.3,0,10,0.005,0.025,5810,0,0,0.25456110154905337,True
2,11,12,60,25,0.3,0,10,0.005,0.025,5726,0,0,0.257073000349284,True
2,11,13,60,25,0.3,0,10,0.005,0.025,5661,0,0,0.2575516693163752,True
2,11,14,60,25,0.3,0,10,0.005,0.025,5601,0,0,0.26102481699696484,True
2,11,15,60,25,0.3,0,10,0.005,0.025,5531,0,0,0.2639667329596818,True
2,11,16,60,25,0.3,0,10,0.005,0.025,5478,0,0,0.2652427893391749,True
2,11,17,60,25,0.3,0,10,0.005,0.025,5422,0,0,0.266691257838436,True
2,11,18,60,25,0.3,0,10,0.005,0.025,11773,0,0,0.11475409836065574,True
2,11,19,60,25,0.3,0,10,0.005,0.025,11571,0,0,0.11839944689309481,True
2,11,20,60,25,0.3,0,10,0.005,0.025,11317,0,0,0.12141026773880004,True
2,11,21,60,25,0.3,0,10,0.005,0.025,11013,0,0,0.12467084354853356,True
2,11,22,60,25,0.3,0,10,0.005,0.025,10755,0,0,0.12747559274755926,True
2,11,23,60,25,0.3,0,10,0.005,0.025,10536,0,0,0.13069476082004555,True
2,11,24,60,25,0.3,0,10,0.005,0.025,10300,0,0,0.13436893203883496,True
2,11,25,60,25,0.3,0,10,0.005,0.025,10071,0,0,0.13682851752556846,True
2,11,26,60,25,0.3,0,10,0.005,0.025,9855,0,0,0.14074074074074075,True
2,11,27,60,25,0.3,0,10,0.005,0.025,9648,0,0,0.1451077943615257,True
2,11,28,60,25,0.3,0,10,0.005,0.025,9476,0,0,0.14784719290840018,True
2,11,29,60,25,0.3,0,10,0.005,0.025,9303,0,0,0.15016661292056327,True
2,11,30,60,25,0.3,0,10,0.005,0.025,9102,0,0,0.15337288508020216,True
2,11,31,60,25,0.3,0,10,0.005,0.025,8944,0,0,0.15708855098389982,True
2,11,32,60,25,0.3,0,10,0.005,0.025,8788,0,0,0.15873918980427856,True
2,11,33,60,25,0.3,0,10,0.005,0.025,8637,0,0,0.1610512909575084,True
2,11,34,60,25,0.3,0,10,0.005,0.025,8518,0,0,0.16353604132425453,True
2,11,35,60,25,0.3,0,10,0.005,0.025,8380,0,0,0.16837708830548925,True
2,11,36,60,25,0.3,0,10,0.005,0.025,8229,0,0,0.17207437112650384,True
2,11,37,60,25,0.3,0,10,0.005,0.025,8072,0,0,0.17566897918731417,True
2,11,38,60,25,0.3,0,10,0.005,0.025,7956,0,0,0.1782302664655606,True
2,11,39,60,25,0.3,0,10,0.005,0.025,7834,0,0,0.18202706152667858,True
2,11,40,60,25,0.3,0,10,0.005,0.025,7721,0,0,0.18365496697319,True
2,11,41,60,25,0.3,0,10,0.005,0.025,8313,0,0,0.2218212438349573,True
2,11,42,60,25,0.3,0,10,0.005,0.025,8244,0,0,0.22464822901504125,True
2,11,43,60,25,0.3,0,10,0.005,0.025,8145,0,0,0.225414364640884,True
2,11,44,60,25,0.3,0,10,0.005,0.025,8064,0,0,0.2300347222222222,True
2,11,45,60,25,0.3,0,10,0.005,0.025,7981,0,0,0.23092344317754668,True
2,11,46,60,25,0.3,0,10,0.005,0.025,7562,0,0,0.21700608304681301,True
2,11,47,60,25,0.3,0,10,0.005,0.025,7415,0,0,0.21510451786918408,True
2,11,48,60,25,0.3,0,10,0.005,0.025,7287,0,0,0.21709894332372717,True
2,11,49,60,25,0.3,0,10,0.005,0.025,7189,0,0,0.2183892057309779,True
2,11,50,60,25,0.3,0,10,0.005,0.025,7091,0,0,0.21915103652517276,True
2,11,51,60,25,0.3,0,10,0.005,0.025,7003,0,0,0.22104812223332856,True
2,11,52,60,25,0.3,0,10,0.005,0.025,6904,0,0,0.22233487833140209,True
3,1,1,60,25,0.001,0,10,0.005,0.025,5382,0,0,0.0024154589371980675,True
3,1,2,60,25,0.001,0,10,0.005,0.025,5246,0,0,0.004956157072054899,True
3,1,3,60,25,0.001,0,10,0.005,0.025,5083,0,0,0.0076726342710997444,True
3,1,4,60,25,0.001,0,10,0.005,0.025,4987,0,0,0.00962502506516944,True
3,1,5,60,25,0.001,0,10,0.005,0.025,4855,0,0,0.011740473738414007,True
3,1,6,60,25,0.001,0,10,0.005,0.025,4742,0,0,0.014761703922395614,True
3,1,7,60,25,0.001,0,10,0.005,0.025,4648,0,0,0.017426850258175558,True
3,1,8,60,25,0.001,0,10,0.005,0.025,4568,0,0,0.019702276707530646,True
3,1,9,60,25,0.001,0,10,0.005,0.025,4462,0,0,0.021963245181532944,True
3,1,10,60,25,0.001,0,10,0.005,0.025,4388,0,0,0.024840474020054695,True
3,1,11,60,25,0.001,0,10,0.005,0.025,4296,0,0,0.026303538175046555,True
3,1,12,60,25,0.001,0,10,0.005,0.025,4203,0,0,0.029026885557934808,True
3,1,13,60,25,0.001,0,10,0.005,0.025,4131,0,0,0.03025901718712176,True
3,1,14,60,25,0.001,0,10,0.005,0.025,4029,0,0,0.03102506825515016,True
3,1,15,60,25,0.001,0,10,0.005,0.025,3990,0,0,0.03308270676691729,True
3,1,16,60,25,0.001,0,10,0.005,0.025,3950,0,0,0.034430379746835445,True
3,1,17,60,25,0.001,0,10,0.005,0.025,3891,0,0,0.036237471087124135,True
3,1,18,60,25,0.001,0,10,0.005,0.025,10994,0,0,0.014826268873931235,True
3,1,19,60,25,0.001,0,10,0.005,0.025,10678,0,0,0.01610788537179247,True
3,1,20,60,25,0.001,0,10,0.005,0.025,10409,0,0,0.01882985877605918,True
3,1,21,60,25,0.001,0,10,0.005,0.025,10141,0,0,0.021398284192880385,True
3,1,22,60,25,0.001,0,10,0.005,0.025,9875,0,0,0.02318987341772152,True
3,1,23,60,25,0.001,0,10,0.005,0.025,9650,0,0,0.025077720207253885,True
3,1,24,60,25,0.001,0,10,0.005,0.025,9397,0,0,0.02756198786846866,True
3,1,25,60,25,0.001,0,10,0.005,0.025,9188,0,0,0.030039181541140617,True
3,1,26,60,25,0.001,0,10,0.005,0.025,8933,0,0,0.03145639762677712,True
3,1,27,60,25,0.001,0,10,0.005,0.025,8730,0,0,0.03276059564719359,True
3,1,28,60,25,0.001,0,10,0.005,0.025,8505,0,0,0.035155790711346266,True
3,1,29,60,25,0.001,0,10,0.005,0.025,8264,0,0,0.03799612778315586,True
3,1,30,60,25,0.001,0,10,0.005,0.025,8062,0,0,0.03969238402381543,True
3,1,31,60,25,0.001,0,10,0.005,0.025,7908,0,0,0.042362164896307536,True
3,1,32,60,25,0.001,0,10,0.005,0.025,7735,0,0,0.045119586296056884,True
3,1,33,60,25,0.001,0,10,0.005,0.025,7572,0,0,0.04675118858954041,True
3,1,34,60,25,0.001,0,10,0.005,0.025,7402,0,0,0.04850040529586598,True
3,1,35,60,25,0.001,0,10,0.005,0.025,7223,0,0,0.050394572892150075,True
3,1,36,60,25,0.001,0,10,0.005,0.025,7048,0,0,0.05136208853575482,True
3,1,37,60,25,0.001,0,10,0.005,0.025,6887,0,0,0.05314360389138958,True
3,1,38,60,25,0.001,0,10,0.005,0.025,6757,0,0,0.05535000739973361,True
3,1,39,60,25,0.001,0,10,0.005,0.025,6641,0,0,0.05661797921999699,True
3,1,40,60,25,0.001,0,10,0.005,0.025,6521,0,0,0.058886673823033274,True
3,1,41,60,25,0.001,0,10,0.005,0.025,6750,0,0,0.0845925925925926,True
3,1,42,60,25,0.001,0,10,0.005,0.025,6641,0,0,0.09155247703659088,True
3,1,43,60,25,0.001,0,10,0.005,0.025,6571,0,0,0.09465834728351849,True
3,1,44,60,25,0.001,0,10,0.005,0.025,6497,0,0,0.0997383407726643,True
3,1,45,60,25,0.001,0,10,0.005,0.025,6420,0,0,0.10607476635514018,True
3,1,46,60,25,0.001,0,10,0.005,0.025,6123,0,0,0.0961946758125102,True
3,1,47,60,25,0.001,0,10,0.005,0.025,6002,0,0,0.09630123292235922,True
3,1,48,60,25,0.001,0,10,0.005,0.025,5946,0,0,0.10023545240497814,True
3,1,49,60,25,0.001,0,10,0.005,0.025,5838,0,0,0.09900650907845153,True
3,1,50,60,25,0.001,0,10,0.005,0.025,5747,0,0,0.1031842700539412,True
3,1,51,60,25,0.001,0,10,0.005,0.025,5719,0,0,0.10508830215072565,True
3,1,52,60,25,0.001,0,10,0.005,0.025,5655,0,0,0.10910698496905394,True
3,2,1,60,25,0.001,0,10,0.005,0.025,5595,8,0,0.11134941912421806,False
3,2,2,60,25,0.001,0,10,0.005,0.025,5548,7,0,0.11499639509733237,False
3,2,3,60,25,0.001,0,10,0.005,0.025,5467,9,1,0.11926102066947138,False
3,2,4,60,25,0.001,0,10,0.005,0.025,5386,7,4,0.12328258447827702,False
3,2,5,60,25,0.001,0,10,0.005,0.025,5299,7,4,0.12436308737497641,False
3,2,6,60,25,0.001,0,10,0.005,0.025,5232,4,2,0.12710244648318042,False
3,2,7,60,25,0.001,0,10,0.005,0.025,5124,2,1,0.1291959406713505,False
3,2,8,60,25,0.001,0,10,0.005,0.025,5055,1,1,0.1307616221562809,False
3,2,9,60,25,0.001,0,10,0.005,0.025,4995,1,1,0.13273273273273273,False
3,2,10,60,25,0.001,0,10,0.005,0.025,4918,0,0,0.13399755998373322,True
3,2,11,60,25,0.001,0,10,0.005,0.025,4854,0,0,0.13720642768850433,True
3,2,12,60,25,0.001,0,10,0.005,0.025,4803,0,0,0.13907974182802416,True
3,2,13,60,25,0.001,0,10,0.005,0.025,4740,0,0,0.14303797468354432,True
3,2,14,60,25,0.001,0,10,0.005,0.025,4683,0,0,0.1467008327994875,True
3,2,15,60,25,0.001,0,10,0.005,0.025,4625,0,0,0.14810810810810812,True
3,2,16,60,25,0.001,0,10,0.005,0.025,4551,0,0,0.15073610195561415,True
3,2,17,60,25,0.001,0,10,0.005,0.025,4508,0,0,0.15527950310559005,True
3,2,18,60,25,0.001,0,10,0.005,0.025,9141,0,0,0.07767202713051088,True
3,2,19,60,25,0.001,0,10,0.005,0.025,8954,0,0,0.0797408979227161,True
3,2,20,60,25,0.001,0,10,0.005,0.025,8740,0,0,0.08306636155606408,True
3,2,21,60,25,0.001,0,10,0.005,0.025,8553,0,0,0.08476557932889045,True
3,2,22,60,25,0.001,0,10,0.005,0.025,8354,0,0,0.08834091453196073,True
3,2,23,60,25,0.001,0,10,0.005,0.025,8155,0,0,0.09135499693439608,True
3,2,24,60,25,0.001,0,10,0.005,0.025,8001,0,0,0.09498812648418947,True
3,2,25,60,25,0.001,0,10,0.005,0.025,7849,0,0,0.09759204994266786,True
3,2,26,60,25,0.001,0,10,0.005,0.025,7660,0,0,0.09973890339425587,True
3,2,27,60,25,0.001,0,10,0.005,0.025,7463,0,0,0.10223770601634731,True
3,2,28,60,25,0.001,0,10,0.005,0.025,7282,0,0,0.10477890689371051,True
3,2,29,60,25,0.001,0,10,0.005,0.025,7133,0,0,0.10836954997897098,True
3,2,30,60,25,0.001,0,10,0.005,0.025,6981,0,0,0.11187508952872081,True
3,2,31,60,25,0.001,0,10,0.005,0.025,6809,0,0,0.11484799530033779,True
3,2,32,60,25,0.001,0,10,0.005,0.025,6695,0,0,0.11710231516056759,True
3,2,33,60,25,0.001,0,10,0.005,0.025,6560,0,0,0.11935975609756097,True
3,2,34,60,25,0.001,0,10,0.005,0.025,6425,0,0,0.12202334630350195,True
3,2,35,60,25,0.001,0,10,0.005,0.025,6312,0,0,0.12436628643852979,True
3,2,36,60,25,0.001,0,10,0.005,0.025,6189,0,0,0.12651478429471644,True
3,2,37,60,25,0.001,0,10,0.005,0.025,6050,0,0,0.1294214876033058,True
3,2,38,60,25,0.001,0,10,0.005,0.025,5954,0,0,0.131172321128653,True
3,2,39,60,25,0.001,0,10,0.005,0.025,5869,0,0,0.13460555460896234,True
3,2,40,60,25,0.001,0,10,0.005,0.025,5782,0,0,0.1354202698028364,True
3,2,41,60,25,0.001,0,10,0.005,0.025,6147,0,0,0.17471937530502685,True
3,2,42,60,25,0.001,0,10,0.005,0.025,6092,0,0,0.18237032173342088,True
3,2,43,60,25,0.001,0,10,0.005,0.025,6014,0,0,0.19005653475224477,True
3,2,44,60,25,0.001,0,10,0.005,0.025,5934,0,0,0.1865520728008089,True
3,2,45,60,25,0.001,0,10,0.005,0.025,5898,0,0,0.1943031536113937,True
3,2,46,60,25,0.001,0,10,0.005,0.025,5559,0,0,0.17719014211189063,True
3,2,47,60,25,0.001,0,10,0.005,0.025,5441,0,0,0.17551920602830362,True
3,2,48,60,25,0.001,0,10,0.005,0.025,5376,0,0,0.17857142857142858,True
3,2,49,60,25,0.001,0,10,0.005,0.025,5293,0,0,0.17929340638579255,True
3,2,50,60,25,0.001,0,10,0.005,0.025,5248,0,0,0.18273628048780488,True
3,2,51,60,25,0.001,0,10,0.005,0.025,5198,0,0,0.1846864178530204,True
3,2,52,60,25,0.001,0,10,0.005,0.025,5188,0,0,0.18986121819583654,True
3,3,1,60,25,0.001,0,10,0.005,0.025,5131,0,0,0.19080101344767103,True
3,3,2,60,25,0.001,0,10,0.005,0.025,5067,0,0,0.1932109729623051,True
3,3,3,60,25,0.001,0,10,0.005,0.025,5009,0,0,0.1976442403673388,True
3,3,4,60,25,0.001,0,10,0.005,0.025,4952,0,0,0.2007269789983845,True
3,3,5,60,25,0.001,0,10,0.005,0.025,4905,0,0,0.20122324159021407,True
3,3,6,60,25,0.001,0,10,0.005,0.025,4842,0,0,0.20384138785625774,True
3,3,7,60,25,0.001,0,10,0.005,0.025,4801,0,0,0.20891480941470528,True
3,3,8,60,25,0.001,0,10,0.005,0.025,4754,0,0,0.2105595288178376,True
3,3,9,60,25,0.001,0,10,0.005,0.025,4701,0,0,0.21186981493299298,True
3,3,10,60,25,0.001,0,10,0.005,0.025,4652,0,0,0.21453138435081684,True
3,3,11,60,25,0.001,0,10,0.005,0.025,4589,0,0,0.2172586620178688,True
3,3,12,60,25,0.001,0,10,0.005,0.025,4520,0,0,0.21902654867256638,True
3,3,13,60,25,0.001,0,10,0.005,0.025,4470,0,0,0.22102908277404923,True
3,3,14,60,25,0.001,0,10,0.005,0.025,4430,0,0,0.22325056433408577,True
3,3,15,60,25,0.001,0,10,0.005,0.025,4375,0,0,0.2246857142857143,True
3,3,16,60,25,0.001,0,10,0.005,0.025,4316,0,0,0.22822057460611678,True
3,3,17,60,25,0.001,0,10,0.005,0.025,4250,0,0,0.22988235294117648,True
3,3,18,60,25,0.001,0,10,0.005,0.025,9667,0,0,0.10168614875349126,True
3,3,19,60,25,0.001,0,10,0.005,0.025,9442,0,0,0.10400338911247617,True
3,3,20,60,25,0.001,0,10,0.005,0.025,9234,0,0,0.10677929391379684,True
3,3,21,60,25,0.001,0,10,0.005,0.025,9028,0,0,0.11076650420912716,True
3,3,22,60,25,0.001,0,10,0.005,0.025,8851,0,0,0.1129815840018077,True
3,3,23,60,25,0.001,0,10,0.005,0.025,8590,0,0,0.11571594877764843,True
3,3,24,60,25,0.001,0,10,0.005,0.025,8353,0,0,0.12019633664551659,True
3,3,25,60,25,0.001,0,10,0.005,0.025,8153,0,0,0.12326750889243224,True
3,3,26,60,25,0.001,0,10,0.005,0.025,7966,0,0,0.12678885262365053,True
3,3,27,60,25,0.001,0,10,0.005,0.025,7755,0,0,0.12998065764023212,True
3,3,28,60,25,0.001,0,10,0.005,0.025,7577,0,0,0.13343011746073644,True
3,3,29,60,25,0.001,0,10,0.005,0.025,7414,0,0,0.13690315619099003,True
3,3,30,60,25,0.001,0,10,0.005,0.025,7226,0,0,0.139911430943814,True
3,3,31,60,25,0.001,0,10,0.005,0.025,7079,0,0,0.1416866789094505,True
3,3,32,60,25,0.001,0,10,0.005,0.025,6940,0,0,0.1451008645533141,True
3,3,33,60,25,0.001,0,10,0.005,0.025,6796,0,0,0.14655679811653913,True
3,3,34,60,25,0.001,0,10,0.005,0.025,6651,0,0,0.1496015636746354,True
3,3,35,60,25,0.001,0,10,0.005,0.025,6493,0,0,0.15293392884645002,True
3,3,36,60,25,0.001,0,10,0.005,0.025,6340,0,0,0.1556782334384858,True
3,3,37,60,25,0.001,0,10,0.005,0.025,6202,0,0,0.15865849725894873,True
3,3,38,60,25,0.001,0,10,0.005,0.025,6112,0,0,0.16083115183246074,True
3,3,39,60,25,0.001,0,10,0.005,0.025,6021,0,0,0.16425842883241987,True
3,3,40,60,25,0.001,0,10,0.005,0.025,5943,0,0,0.16708732963149925,True
3,3,41,60,25,0.001,0,10,0.005,0.025,6378,0,0,0.21244904358733147,True
3,3,42,60,25,0.001,0,10,0.005,0.025,6293,0,0,0.21102812648975053,True
3,3,43,60,25,0.001,0,10,0.005,0.025,6218,0,0,0.21775490511418463,True
3,3,44,60,25,0.001,0,10,0.005,0.025,6149,0,0,0.22019840624491788,True
3,3,45,60,25,0.001,0,10,0.005,0.025,6109,0,0,0.22998854149615322,True
3,3,46,60,25,0.001,0,10,0.005,0.025,5666,0,0,0.20561242499117544,True
3,3,47,60,25,0.001,0,10,0.005,0.025,5547,0,0,0.20425455201009554,True
3,3,48,60,25,0.001,0,10,0.005,0.025,5490,0,0,0.2040072859744991,True
3,3,49,60,25,0.001,0,10,0.005,0.025,5432,0,0,0.20618556701030927,True
3,3,50,60,25,0.001,0,10,0.005,0.025,5386,0,0,0.20980319346453769,True
3,3,51,60,25,0.001,0,10,0.005,0.025,5344,0,0,0.21351047904191617,True
3,3,52,60,25,0.001,0,10,0.005,0.025,5286,0,0,0.2164207340143776,True
3,4,1,60,25,0.001,0,10,0.005,0.025,5229,0,0,0.219162363740677,True
3,4,2,60,25,0.001,0,10,0.005,0.025,5167,0,0,0.22179214244242307,True
3,4,3,60,25,0.001,0,10,0.005,0.025,5101,0,0,0.22250539109978434,True
3,4,4,60,25,0.001,0,10,0.005,0.025,5049,0,0,0.22657952069716775,True
3,4,5,60,25,0.001,0,10,0.005,0.025,4986,0,0,0.23204973926995587,True
3,4,6,60,25,0.001,0,10,0.005,0.025,4922,0,0,0.23140999593661113,True
3,4,7,60,25,0.001,0,10,0.005,0.025,4874,0,0,0.2336889618383258,True
3,4,8,60,25,0.001,0,10,0.005,0.025,4824,0,0,0.23714759535655058,True
3,4,9,60,25,0.001,0,10,0.005,0.025,4772,0,0,0.23889354568315171,True
3,4,10,60,25,0.001,0,10,0.005,0.025,4718,0,0,0.24162780839338702,True
3,4,11,60,25,0.001,0,10,0.005,0.025,4650,0,0,0.24451612903225806,True
3,4,12,60,25,0.001,0,10,0.005,0.025,4561,0,0,0.24775268581451437,True
3,4,13,60,25,0.001,0,10,0.005,0.025,4505,0,0,0.24927857935627082,True
3,4,14,60,25,0.001,0,10,0.005,0.025,4449,0,0,0.24814565070802427,True
3,4,15,60,25,0.001,0,10,0.005,0.025,4401,0,0,0.2533515110202227,True
3,4,16,60,25,0.001,0,10,0.005,0.025,4365,0,0,0.252233676975945,True
3,4,17,60,25,0.001,0,10,0.005,0.025,4312,0,0,0.2527829313543599,True
3,4,18,60,25,0.001,0,10,0.005,0.025,9210,0,0,0.11856677524429968,True
3,4,19,60,25,0.001,0,10,0.005,0.025,9031,0,0,0.12224559849407596,True
3,4,20,60,25,0.001,0,10,0.005,0.025,8846,0,0,0.12423694325118698,True
3,4,21,60,25,0.001,0,10,0.005,0.025,8649,0,0,0.12914787836744132,True
3,4,22,60,25,0.001,0,10,0.005,0.025,8535,0,0,0.13204452255418864,True
3,4,23,60,25,0.001,0,10,0.005,0.025,8380,0,0,0.1360381861575179,True
3,4,24,60,25,0.001,0,10,0.005,0.025,8213,0,0,0.1399001582856447,True
3,4,25,60,25,0.001,0,10,0.005,0.025,8054,0,0,0.14303451701018127,True
3,4,26,60,25,0.001,0,10,0.005,0.025,7893,0,0,0.14683897124033954,True
3,4,27,60,25,0.001,0,10,0.005,0.025,7707,0,0,0.148047229791099,True
3,4,28,60,25,0.001,0,10,0.005,0.025,7518,0,0,0.15137004522479383,True
3,4,29,60,25,0.001,0,10,0.005,0.025,7335,0,0,0.15405589638718473,True
3,4,30,60,25,0.001,0,10,0.005,0.025,7187,0,0,0.1580631696117991,True
3,4,31,60,25,0.001,0,10,0.005,0.025,6955,0,0,0.16290438533429188,True
3,4,32,60,25,0.001,0,10,0.005,0.025,6822,0,0,0.16564057461155088,True
3,4,33,60,25,0.001,0,10,0.005,0.025,6680,0,0,0.16991017964071856,True
3,4,34,60,25,0.001,0,10,0.005,0.025,6540,0,0,0.17217125382262996,True
3,4,35,60,25,0.001,0,10,0.005,0.025,6400,0,0,0.175,True
3,4,36,60,25,0.001,0,10,0.005,0.025,6307,0,0,0.18011732995084825,True
3,4,37,60,25,0.001,0,10,0.005,0.025,6196,0,0,0.18253712072304712,True
3,4,38,60,25,0.001,0,10,0.005,0.025,6110,0,0,0.18608837970540099,True
3,4,39,60,25,0.001,0,10,0.005,0.025,5993,0,0,0.18821958952110796,True
3,4,40,60,25,0.001,0,10,0.005,0.025,5909,0,0,0.19123371128786595,True
3,4,41,60,25,0.001,0,10,0.005,0.025,6303,0,0,0.22798667301285103,True
3,4,42,60,25,0.001,0,10,0.005,0.025,6192,0,0,0.23417312661498707,True
3,4,43,60,25,0.001,0,10,0.005,0.025,6096,0,0,0.24015748031496062,True
3,4,44,60,25,0.001,0,10,0.005,0.025,5964,0,0,0.23960429242119383,True
3,4,45,60,25,0.001,0,10,0.005,0.025,5933,0,0,0.23967638631383786,True
3,4,46,60,25,0.001,0,10,0.005,0.025,5586,0,0,0.22108843537414966,True
3,4,47,60,25,0.001,0,10,0.005,0.025,5472,0,0,0.21984649122807018,True
3,4,48,60,25,0.001,0,10,0.005,0.025,5415,0,0,0.2221606648199446,True
3,4,49,60,25,0.001,0,10,0.005,0.025,5332,0,0,0.2222430607651913,True
3,4,50,60,25,0.001,0,10,0.005,0.025,5264,0,0,0.22321428571428573,True
3,4,51,60,25,0.001,0,10,0.005,0.025,5229,0,0,0.22929814496079556,True
3,4,52,60,25,0.001,0,10,0.005,0.025,5189,0,0,0.22952399306224705,True
3,5,1,60,25,0.001,0,10,0.005,0.025,5120,0,0,0.2314453125,True
3,5,2,60,25,0.001,0,10,0.005,0.025,5056,0,0,0.23536392405063292,True
3,5,3,60,25,0.001,0,10,0.005,0.025,4967,0,0,0.2361586470706664,True
3,5,4,60,25,0.001,0,10,0.005,0.025,4929,0,0,0.23838506796510447,True
3,5,5,60,25,0.001,0,10,0.005,0.025,4865,0,0,0.24049331963001028,True
3,5,6,60,25,0.001,0,10,0.005,0.025,4800,0,0,0.24354166666666666,True
3,5,7,60,25,0.001,0,10,0.005,0.025,4736,0,0,0.24662162162162163,True
3,5,8,60,25,0.001,0,10,0.005,0.025,4664,0,0,0.24828473413379074,True
3,5,9,60,25,0.001,0,10,0.005,0.025,4608,0,0,0.2526041666666667,True
3,5,10,60,25,0.001,0,10,0.005,0.025,4560,0,0,0.2543859649122807,True
3,5,11,60,25,0.001,0,10,0.005,0.025,4514,0,0,0.25520602569782896,True
3,5,12,60,25,0.001,0,10,0.005,0.025,4468,0,0,0.2567144136078782,True
3,5,13,60,25,0.001,0,10,0.005,0.025,4416,0,0,0.2592844202898551,True
3,5,14,60,25,0.001,0,10,0.005,0.025,4364,0,0,0.26283226397800186,True
3,5,15,60,25,0.001,0,10,0.005,0.025,4320,0,0,0.2650462962962963,True
3,5,16,60,25,0.001,0,10,0.005,0.025,4247,0,0,0.2665410878267012,True
3,5,17,60,25,0.001,0,10,0.005,0.025,4197,0,0,0.270192994996426,True
3,5,18,60,25,0.001,0,10,0.005,0.025,9350,0,0,0.12106951871657753,True
3,5,19,60,25,0.001,0,10,0.005,0.025,9167,0,0,0.12501363586778663,True
3,5,20,60,25,0.001,0,10,0.005,0.025,8975,0,0,0.1279108635097493,True
3,5,21,60,25,0.001,0,10,0.005,0.025,8775,0,0,0.13196581196581197,True
3,5,22,60,25,0.001,0,10,0.005,0.025,8576,0,0,0.13549440298507462,True
3,5,23,60,25,0.001,0,10,0.005,0.025,8379,0,0,0.13784461152882205,True
3,5,24,60,25,0.001,0,10,0.005,0.025,8160,0,0,0.1417892156862745,True
3,5,25,60,25,0.001,0,10,0.005,0.025,7959,0,0,0.1442392260334213,True
3,5,26,60,25,0.001,0,10,0.005,0.025,7788,0,0,0.14856189008731382,True
3,5,27,60,25,0.001,0,10,0.005,0.025,7624,0,0,0.1518887722980063,True
3,5,28,60,25,0.001,0,10,0.005,0.025,7472,0,0,0.15404175588865096,True
3,5,29,60,25,0.001,0,10,0.005,0.025,7324,0,0,0.1567449481157837,True
3,5,30,60,25,0.001,0,10,0.005,0.025,7156,0,0,0.1597261039686976,True
3,5,31,60,25,0.001,0,10,0.005,0.025,6978,0,0,0.1638005159071367,True
3,5,32,60,25,0.001,0,10,0.005,0.025,6859,0,0,0.16678816153958304,True
3,5,33,60,25,0.001,0,10,0.005,0.025,6689,0,0,0.16953206757362835,True
3,5,34,60,25,0.001,0,10,0.005,0.025,6525,0,0,0.1724137931034483,True
3,5,35,60,25,0.001,0,10,0.005,0.025,6403,0,0,0.17476183039200374,True
3,5,36,60,25,0.001,0,10,0.005,0.025,6246,0,0,0.1781940441882805,True
3,5,37,60,25,0.001,0,10,0.005,0.025,6125,0,0,0.18089795918367346,True
3,5,38,60,25,0.001,0,10,0.005,0.025,6039,0,0,0.1841364464315284,True
3,5,39,60,25,0.001,0,10,0.005,0.025,5947,0,0,0.1866487304523289,True
3,5,40,60,25,0.001,0,10,0.005,0.025,5866,0,0,0.18922604841459256,True
3,5,41,60,25,0.001,0,10,0.005,0.025,6279,0,0,0.2347507564898869,True
3,5,42,60,25,0.001,0,10,0.005,0.025,6192,0,0,0.23675710594315247,True
3,5,43,60,25,0.001,0,10,0.005,0.025,6098,0,0,0.2407346671039685,True
3,5,44,60,25,0.001,0,10,0.005,0.025,6019,0,0,0.24156836683834523,True
3,5,45,60,25,0.001,0,10,0.005,0.025,5960,0,0,0.24899328859060402,True
3,5,46,60,25,0.001,0,10,0.005,0.025,5618,0,0,0.22534709861160557,True
3,5,47,60,25,0.001,0,10,0.005,0.025,5504,0,0,0.2220203488372093,True
3,5,48,60,25,0.001,0,10,0.005,0.025,5463,0,0,0.22313747025443895,True
3,5,49,60,25,0.001,0,10,0.005,0.025,5414,0,0,0.22848171407462134,True
3,5,50,60,25,0.001,0,10,0.005,0.025,5365,0,0,0.2331780055917987,True
3,5,51,60,25,0.001,0,10,0.005,0.025,5304,0,0,0.2319004524886878,True
3,5,52,60,25,0.001,0,10,0.005,0.025,5261,0,0,0.23436609009693973,True
3,6,1,60,25,0.001,0,10,0.005,0.025,5218,0,0,0.23725565350709085,True
3,6,2,60,25,0.001,0,10,0.005,0.025,5173,0,0,0.2397061666344481,True
3,6,3,60,25,0.001,0,10,0.005,0.025,5130,0,0,0.2415204678362573,True
3,6,4,60,25,0.001,0,10,0.005,0.025,5107,0,0,0.24456628157430976,True
3,6,5,60,25,0.001,0,10,0.005,0.025,5055,0,0,0.24727992087042533,True
3,6,6,60,25,0.001,0,10,0.005,0.025,4997,0,0,0.2523514108465079,True
3,6,7,60,25,0.001,0,10,0.005,0.025,4916,0,0,0.2502034174125305,True
3,6,8,60,25,0.001,0,10,0.005,0.025,4848,0,0,0.25268151815181517,True
3,6,9,60,25,0.001,0,10,0.005,0.025,4807,0,0,0.257541085916372,True
3,6,10,60,25,0.001,0,10,0.005,0.025,4772,0,0,0.2638306789606035,True
3,6,11,60,25,0.001,0,10,0.005,0.025,4750,0,0,0.26589473684210524,True
3,6,12,60,25,0.001,0,10,0.005,0.025,4687,0,0,0.2675485385107745,True
3,6,13,60,25,0.001,0,10,0.005,0.025,4646,0,0,0.2701248385708136,True
3,6,14,60,25,0.001,0,10,0.005,0.025,4595,0,0,0.2733405875952122,True
3,6,15,60,25,0.001,0,10,0.005,0.025,4567,0,0,0.27567330851762645,True
3,6,16,60,25,0.001,0,10,0.005,0.025,4531,0,0,0.27786360626793205,True
3,6,17,60,25,0.001,0,10,0.005,0.025,4484,0,0,0.280107047279215,True
3,6,18,60,25,0.001,0,10,0.005,0.025,9648,0,0,0.13142620232172472,True
3,6,19,60,25,0.001,0,10,0.005,0.025,9491,0,0,0.13496997155199664,True
3,6,20,60,25,0.001,0,10,0.005,0.025,9304,0,0,0.1389724849527085,True
3,6,21,60,25,0.001,0,10,0.005,0.025,9121,0,0,0.1427475057559478,True
3,6,22,60,25,0.001,0,10,0.005,0.025,8966,0,0,0.14566138746375196,True
3,6,23,60,25,0.001,0,10,0.005,0.025,8748,0,0,0.1494055784179241,True
3,6,24,60,25,0.001,0,10,0.005,0.025,8504,0,0,0.1532220131702728,True
3,6,25,60,25,0.001,0,10,0.005,0.025,8345,0,0,0.15590173756740563,True
3,6,26,60,25,0.001,0,10,0.005,0.025,8122,0,0,0.15944348682590495,True
3,6,27,60,25,0.001,0,10,0.005,0.025,7925,0,0,0.16378548895899053,True
3,6,28,60,25,0.001,0,10,0.005,0.025,7742,0,0,0.16726943942133815,True
3,6,29,60,25,0.001,0,10,0.005,0.025,7561,0,0,0.1712736410527708,True
3,6,30,60,25,0.001,0,10,0.005,0.025,7412,0,0,0.17390717754991905,True
3,6,31,60,25,0.001,0,10,0.005,0.025,7266,0,0,0.17795210569777042,True
3,6,32,60,25,0.001,0,10,0.005,0.025,7122,0,0,0.18197135636057288,True
3,6,33,60,25,0.001,0,10,0.005,0.025,6997,0,0,0.18422180934686294,True
3,6,34,60,25,0.001,0,10,0.005,0.025,6800,0,0,0.18838235294117647,True
3,6,35,60,25,0.001,0,10,0.005,0.025,6657,0,0,0.19242902208201892,True
3,6,36,60,25,0.001,0,10,0.005,0.025,6522,0,0,0.19579883471327814,True
3,6,37,60,25,0.001,0,10,0.005,0.025,6407,0,0,0.1988450132667395,True
3,6,38,60,25,0.001,0,10,0.005,0.025,6325,0,0,0.20189723320158104,True
3,6,39,60,25,0.001,0,10,0.005,0.025,6254,0,0,0.20402942117045092,True
3,6,40,60,25,0.001,0,10,0.005,0.025,6170,0,0,0.2059967585089141,True
3,6,41,60,25,0.001,0,10,0.005,0.025,6490,0,0,0.2436055469953775,True
3,6,42,60,25,0.001,0,10,0.005,0.025,6353,0,0,0.2442940343144971,True
3,6,43,60,25,0.001,0,10,0.005,0.025,6264,0,0,0.25063856960408687,True
3,6,44,60,25,0.001,0,10,0.005,0.025,6196,0,0,0.25468043899289866,True
3,6,45,60,25,0.001,0,10,0.005,0.025,6136,0,0,0.2563559322033898,True
3,6,46,60,25,0.001,0,10,0.005,0.025,5759,0,0,0.2333738496266713,True
3,6,47,60,25,0.001,0,10,0.005,0.025,5653,0,0,0.23085087564125242,True
3,6,48,60,25,0.001,0,10,0.005,0.025,5592,0,0,0.23319027181688126,True
3,6,49,60,25,0.001,0,10,0.005,0.025,5542,0,0,0.23637675929267413,True
3,6,50,60,25,0.001,0,10,0.005,0.025,5489,0,0,0.24212060484605574,True
3,6,51,60,25,0.001,0,10,0.005,0.025,5468,0,0,0.24707388441843453,True
3,6,52,60,25,0.001,0,10,0.005,0.025,5446,0,0,0.25156077855306647,True
3,7,1,60,25,0.001,0,10,0.005,0.025,5372,0,0,0.251861504095309,True
3,7,2,60,25,0.001,0,10,0.005,0.025,5327,0,0,0.25342594330767787,True
3,7,3,60,25,0.001,0,10,0.005,0.025,5283,0,0,0.2566723452583759,True
3,7,4,60,25,0.001,0,10,0.005,0.025,5235,0,0,0.26131805157593124,True
3,7,5,60,25,0.001,0,10,0.005,0.025,5198,0,0,0.2604848018468642,True
3,7,6,60,25,0.001,0,10,0.005,0.025,5149,0,0,0.26432316954748497,True
3,7,7,60,25,0.001,0,10,0.005,0.025,5099,0,0,0.26456167876054126,True
3,7,8,60,25,0.001,0,10,0.005,0.025,5046,0,0,0.26634958382877527,True
3,7,9,60,25,0.001,0,10,0.005,0.025,4980,0,0,0.26827309236947794,True
3,7,10,60,25,0.001,0,10,0.005,0.025,4911,0,0,0.27163510486662595,True
3,7,11,60,25,0.001,0,10,0.005,0.025,4872,0,0,0.27401477832512317,True
3,7,12,60,25,0.001,0,10,0.005,0.025,4817,0,0,0.27631305791986716,True
3,7,13,60,25,0.001,0,10,0.005,0.025,4763,0,0,0.281335292882637,True
3,7,14,60,25,0.001,0,10,0.005,0.025,4708,0,0,0.2816482582837723,True
3,7,15,60,25,0.001,0,10,0.005,0.025,4647,0,0,0.2814719173660426,True
3,7,16,60,25,0.001,0,10,0.005,0.025,4618,0,0,0.2845387613685578,True
3,7,17,60,25,0.001,0,10,0.005,0.025,4582,0,0,0.28677433435181143,True
3,7,18,60,25,0.001,0,10,0.005,0.025,10279,0,0,0.1280280182897169,True
3,7,19,60,25,0.001,0,10,0.005,0.025,10020,0,0,0.131437125748503,True
3,7,20,60,25,0.001,0,10,0.005,0.025,9832,0,0,0.1345606183889341,True
3,7,21,60,25,0.001,0,10,0.005,0.025,9621,0,0,0.13678411807504418,True
3,7,22,60,25,0.001,0,10,0.005,0.025,9372,0,0,0.1406316688006829,True
3,7,23,60,25,0.001,0,10,0.005,0.025,9181,0,0,0.14344842609737501,True
3,7,24,60,25,0.001,0,10,0.005,0.025,8973,0,0,0.14744232698094284,True
3,7,25,60,25,0.001,0,10,0.005,0.025,8797,0,0,0.15016482891894964,True
3,7,26,60,25,0.001,0,10,0.005,0.025,8552,0,0,0.15493451824134705,True
3,7,27,60,25,0.001,0,10,0.005,0.025,8355,0,0,0.15846798324356673,True
3,7,28,60,25,0.001,0,10,0.005,0.025,8143,0,0,0.16197961439272995,True
3,7,29,60,25,0.001,0,10,0.005,0.025,8033,0,0,0.16482011701730362,True
3,7,30,60,25,0.001,0,10,0.005,0.025,7887,0,0,0.16761759857994168,True
3,7,31,60,25,0.001,0,10,0.005,0.025,7701,0,0,0.17075704453967017,True
3,7,32,60,25,0.001,0,10,0.005,0.025,7559,0,0,0.17489085857917713,True
3,7,33,60,25,0.001,0,10,0.005,0.025,7348,0,0,0.17732716385410996,True
3,7,34,60,25,0.001,0,10,0.005,0.025,7131,0,0,0.18272332071238256,True
3,7,35,60,25,0.001,0,10,0.005,0.025,6959,0,0,0.18738324471906884,True
3,7,36,60,25,0.001,0,10,0.005,0.025,6818,0,0,0.190818421824582,True
3,7,37,60,25,0.001,0,10,0.005,0.025,6721,0,0,0.19297723553042703,True
3,7,38,60,25,0.001,0,10,0.005,0.025,6633,0,0,0.19629127091813658,True
3,7,39,60,25,0.001,0,10,0.005,0.025,6539,0,0,0.1989600856400061,True
3,7,40,60,25,0.001,0,10,0.005,0.025,6465,0,0,0.20139211136890953,True
3,7,41,60,25,0.001,0,10,0.005,0.025,6752,0,0,0.24096563981042654,True
3,7,42,60,25,0.001,0,10,0.005,0.025,6645,0,0,0.2508653122648608,True
3,7,43,60,25,0.001,0,10,0.005,0.025,6501,0,0,0.2471927395785264,True
3,7,44,60,25,0.001,0,10,0.005,0.025,6382,0,0,0.2510184895017236,True
3,7,45,60,25,0.001,0,10,0.005,0.025,6277,0,0,0.2513939780149753,True
3,7,46,60,25,0.001,0,10,0.005,0.025,5961,0,0,0.23402113739305486,True
3,7,47,60,25,0.001,0,10,0.005,0.025,5896,0,0,0.2330393487109905,True
3,7,48,60,25,0.001,0,10,0.005,0.025,5869,0,0,0.2337706593968308,True
3,7,49,60,25,0.001,0,10,0.005,0.025,5819,0,0,0.23388898436157415,True
3,7,50,60,25,0.001,0,10,0.005,0.025,5763,0,0,0.23702932500433802,True
3,7,51,60,25,0.001,0,10,0.005,0.025,5686,0,0,0.23830460780865284,True
3,7,52,60,25,0.001,0,10,0.005,0.025,5615,0,0,0.2413178984861977,True
3,8,1,60,25,0.001,0,10,0.005,0.025,5550,0,0,0.24594594594594596,True
3,8,2,60,25,0.001,0,10,0.005,0.025,5489,0,0,0.2466751685188559,True
3,8,3,60,25,0.001,0,10,0.005,0.025,5430,0,0,0.24751381215469614,True
3,8,4,60,25,0.001,0,10,0.005,0.025,5359,0,0,0.25079305840641913,True
3,8,5,60,25,0.001,0,10,0.005,0.025,5301,0,0,0.2520279192605169,True
3,8,6,60,25,0.001,0,10,0.005,0.025,5241,0,0,0.2528143484067926,True
3,8,7,60,25,0.001,0,10,0.005,0.025,5198,0,0,0.2560600230858022,True
3,8,8,60,25,0.001,0,10,0.005,0.025,5134,0,0,0.25788858589793534,True
3,8,9,60,25,0.001,0,10,0.005,0.025,5079,0,0,0.2598936798582398,True
3,8,10,60,25,0.001,0,10,0.005,0.025,5002,0,0,0.26369452219112355,True
3,8,11,60,25,0.001,0,10,0.005,0.025,4964,0,0,0.26510878323932313,True
3,8,12,60,25,0.001,0,10,0.005,0.025,4908,0,0,0.2650774246128769,True
3,8,13,60,25,0.001,0,10,0.005,0.025,4852,0,0,0.2685490519373454,True
3,8,14,60,25,0.001,0,10,0.005,0.025,4800,0,0,0.269375,True
3,8,15,60,25,0.001,0,10,0.005,0.025,4719,0,0,0.2731510913329095,True
3,8,16,60,25,0.001,0,10,0.005,0.025,4669,0,0,0.27586206896551724,True
3,8,17,60,25,0.001,0,10,0.005,0.025,4617,0,0,0.2791856183669049,True
3,8,18,60,25,0.001,0,10,0.005,0.025,10159,0,0,0.12609508809922237,True
3,8,19,60,25,0.001,0,10,0.005,0.025,10014,0,0,0.13121629718394248,True
3,8,20,60,25,0.001,0,10,0.005,0.025,9833,0,0,0.13342825180514595,True
3,8,21,60,25,0.001,0,10,0.005,0.025,9603,0,0,0.13714464229928147,True
3,8,22,60,25,0.001,0,10,0.005,0.025,9357,0,0,0.13882654697018276,True
3,8,23,60,25,0.001,0,10,0.005,0.025,9151,0,0,0.14227953229155282,True
3,8,24,60,25,0.001,0,10,0.005,0.025,8969,0,0,0.1463931318987624,True
3,8,25,60,25,0.001,0,10,0.005,0.025,8787,0,0,0.1505633321952885,True
3,8,26,60,25,0.001,0,10,0.005,0.025,8608,0,0,0.1545074349442379,True
3,8,27,60,25,0.001,0,10,0.005,0.025,8451,0,0,0.1597444089456869,True
3,8,28,60,25,0.001,0,10,0.005,0.025,8300,0,0,0.16216867469879517,True
3,8,29,60,25,0.001,0,10,0.005,0.025,8136,0,0,0.1671583087512291,True
3,8,30,60,25,0.001,0,10,0.005,0.025,7963,0,0,0.17041316086901923,True
3,8,31,60,25,0.001,0,10,0.005,0.025,7820,0,0,0.17391304347826086,True
3,8,32,60,25,0.001,0,10,0.005,0.025,7694,0,0,0.17650116974265662,True
3,8,33,60,25,0.001,0,10,0.005,0.025,7562,0,0,0.17918540068764877,True
3,8,34,60,25,0.001,0,10,0.005,0.025,7420,0,0,0.18342318059299192,True
3,8,35,60,25,0.001,0,10,0.005,0.025,7303,0,0,0.1862248391072162,True
3,8,36,60,25,0.001,0,10,0.005,0.025,7148,0,0,0.18956351426972579,True
3,8,37,60,25,0.001,0,10,0.005,0.025,7005,0,0,0.1931477516059957,True
3,8,38,60,25,0.001,0,10,0.005,0.025,6906,0,0,0.19446857804807413,True
3,8,39,60,25,0.001,0,10,0.005,0.025,6821,0,0,0.19674534525729365,True
3,8,40,60,25,0.001,0,10,0.005,0.025,6734,0,0,0.19913869913869914,True
3,8,41,60,25,0.001,0,10,0.005,0.025,7114,0,0,0.23390497610345798,True
3,8,42,60,25,0.001,0,10,0.005,0.025,7000,0,0,0.24242857142857144,True
3,8,43,60,25,0.001,0,10,0.005,0.025,6916,0,0,0.24696356275303644,True
3,8,44,60,25,0.001,0,10,0.005,0.025,6741,0,0,0.2486278000296692,True
3,8,45,60,25,0.001,0,10,0.005,0.025,6637,0,0,0.2475516046406509,True
3,8,46,60,25,0.001,0,10,0.005,0.025,6226,0,0,0.22775457757789913,True
3,8,47,60,25,0.001,0,10,0.005,0.025,6131,0,0,0.2247594193443158,True
3,8,48,60,25,0.001,0,10,0.005,0.025,6063,0,0,0.22761009401286492,True
3,8,49,60,25,0.001,0,10,0.005,0.025,6019,0,0,0.22794484133577006,True
3,8,50,60,25,0.001,0,10,0.005,0.025,5986,0,0,0.23137320414300033,True
3,8,51,60,25,0.001,0,10,0.005,0.025,5920,0,0,0.23074324324324325,True
3,8,52,60,25,0.001,0,10,0.005,0.025,5864,0,0,0.23465211459754434,True
3,9,1,60,25,0.001,0,10,0.005,0.025,5822,0,0,0.23668842322226039,True
3,9,2,60,25,0.001,0,10,0.005,0.025,5759,0,0,0.23979857614169126,True
3,9,3,60,25,0.001,0,10,0.005,0.025,5702,0,0,0.24394949140652403,True
3,9,4,60,25,0.001,0,10,0.005,0.025,5622,0,0,0.24546424759871932,True
3,9,5,60,25,0.001,0,10,0.005,0.025,5560,0,0,0.24946043165467627,True
3,9,6,60,25,0.001,0,10,0.005,0.025,5489,0,0,0.2519584623793041,True
3,9,7,60,25,0.001,0,10,0.005,0.025,5412,0,0,0.25461936437546195,True
3,9,8,60,25,0.001,0,10,0.005,0.025,5352,0,0,0.25803437967115095,True
3,9,9,60,25,0.001,0,10,0.005,0.025,5308,0,0,0.2607385079125848,True
3,9,10,60,25,0.001,0,10,0.005,0.025,5270,0,0,0.26394686907020876,True
3,9,11,60,25,0.001,0,10,0.005,0.025,5201,0,0,0.26783310901749663,True
3,9,12,60,25,0.001,0,10,0.005,0.025,5151,0,0,0.2702387885847408,True
3,9,13,60,25,0.001,0,10,0.005,0.025,5107,0,0,0.2755042099079695,True
3,9,14,60,25,0.001,0,10,0.005,0.025,5039,0,0,0.2752530263941258,True
3,9,15,60,25,0.001,0,10,0.005,0.025,4998,0,0,0.279311724689876,True
3,9,16,60,25,0.001,0,10,0.005,0.025,4939,0,0,0.2816359586960923,True
3,9,17,60,25,0.001,0,10,0.005,0.025,4894,0,0,0.28361258684102986,True
3,9,18,60,25,0.001,0,10,0.005,0.025,10469,0,0,0.12016429458400993,True
3,9,19,60,25,0.001,0,10,0.005,0.025,10303,0,0,0.12171212268271377,True
3,9,20,60,25,0.001,0,10,0.005,0.025,10091,0,0,0.12456644534733921,True
3,9,21,60,25,0.001,0,10,0.005,0.025,9881,0,0,0.12771986641028235,True
3,9,22,60,25,0.001,0,10,0.005,0.025,9681,0,0,0.13077161450263403,True
3,9,23,60,25,0.001,0,10,0.005,0.025,9473,0,0,0.13417080122453287,True
3,9,24,60,25,0.001,0,10,0.005,0.025,9252,0,0,0.13629485516645048,True
3,9,25,60,25,0.001,0,10,0.005,0.025,9037,0,0,0.14031205045922318,True
3,9,26,60,25,0.001,0,10,0.005,0.025,8863,0,0,0.14408213923050886,True
3,9,27,60,25,0.001,0,10,0.005,0.025,8683,0,0,0.14764482321778188,True
3,9,28,60,25,0.001,0,10,0.005,0.025,8520,0,0,0.15140845070422534,True
3,9,29,60,25,0.001,0,10,0.005,0.025,8346,0,0,0.1542056074766355,True
3,9,30,60,25,0.001,0,10,0.005,0.025,8154,0,0,0.15918567574196713,True
3,9,31,60,25,0.001,0,10,0.005,0.025,8018,0,0,0.16225991519082064,True
3,9,32,60,25,0.001,0,10,0.005,0.025,7831,0,0,0.16485761716255906,True
3,9,33,60,25,0.001,0,10,0.005,0.025,7681,0,0,0.16859783882306992,True
3,9,34,60,25,0.001,0,10,0.005,0.025,7557,0,0,0.17043800449913987,True
3,9,35,60,25,0.001,0,10,0.005,0.025,7408,0,0,0.17319114470842334,True
3,9,36,60,25,0.001,0,10,0.005,0.025,7246,0,0,0.17637317140491304,True
3,9,37,60,25,0.001,0,10,0.005,0.025,7102,0,0,0.17980850464657844,True
3,9,38,60,25,0.001,0,10,0.005,0.025,6997,0,0,0.18236387023009862,True
3,9,39,60,25,0.001,0,10,0.005,0.025,6873,0,0,0.18594500218245308,True
3,9,40,60,25,0.001,0,10,0.005,0.025,6772,0,0,0.18960425280567042,True
3,9,41,60,25,0.001,0,10,0.005,0.025,7208,0,0,0.23376803551609324,True
3,9,42,60,25,0.001,0,10,0.005,0.025,7163,0,0,0.24040206617339105,True
3,9,43,60,25,0.001,0,10,0.005,0.025,6986,0,0,0.23919267105639852,True
3,9,44,60,25,0.001,0,10,0.005,0.025,6929,0,0,0.24419108096406408,True
3,9,45,60,25,0.001,0,10,0.005,0.025,6822,0,0,0.24523600117267663,True
3,9,46,60,25,0.001,0,10,0.005,0.025,6399,0,0,0.22612908266916706,True
3,9,47,60,25,0.001,0,10,0.005,0.025,6273,0,0,0.22254104893990118,True
3,9,48,60,25,0.001,0,10,0.005,0.025,6203,0,0,0.22295663388682896,True
3,9,49,60,25,0.001,0,10,0.005,0.025,6152,0,0,0.2239921976592978,True
3,9,50,60,25,0.001,0,10,0.005,0.025,6088,0,0,0.22568988173455978,True
3,9,51,60,25,0.001,0,10,0.005,0.025,6034,0,0,0.22787537288697382,True
3,9,52,60,25,0.001,0,10,0.005,0.025,5988,0,0,0.229124916499666,True
3,10,1,60,25,0.001,0,10,0.005,0.025,5953,0,0,0.2299680833193348,True
3,10,2,60,25,0.001,0,10,0.005,0.025,5861,0,0,0.23272479099129842,True
3,10,3,60,25,0.001,0,10,0.005,0.025,5795,0,0,0.2345125107851596,True
3,10,4,60,25,0.001,0,10,0.005,0.025,5724,0,0,0.23532494758909853,True
3,10,5,60,25,0.001,0,10,0.005,0.025,5663,0,0,0.23591735829065866,True
3,10,6,60,25,0.001,0,10,0.005,0.025,5615,0,0,0.2388245770258237,True
3,10,7,60,25,0.001,0,10,0.005,0.025,5567,0,0,0.2425004490749057,True
3,10,8,60,25,0.001,0,10,0.005,0.025,5509,0,0,0.24287529497186422,True
3,10,9,60,25,0.001,0,10,0.005,0.025,5466,0,0,0.24661544090742774,True
3,10,10,60,25,0.001,0,10,0.005,0.025,5404,0,0,0.24703923019985197,True
3,10,11,60,25,0.001,0,10,0.005,0.025,5326,0,0,0.24859181374389785,True
3,10,12,60,25,0.001,0,10,0.005,0.025,5280,0,0,0.25075757575757573,True
3,10,13,60,25,0.001,0,10,0.005,0.025,5216,0,0,0.25172546012269936,True
3,10,14,60,25,0.001,0,10,0.005,0.025,5157,0,0,0.25518712429707197,True
3,10,15,60,25,0.001,0,10,0.005,0.025,5097,0,0,0.25740631744163234,True
3,10,16,60,25,0.001,0,10,0.005,0.025,5039,0,0,0.25897995634054377,True
3,10,17,60,25,0.001,0,10,0.005,0.025,4989,0,0,0.2599719382641812,True
3,10,18,60,25,0.001,0,10,0.005,0.025,10793,0,0,0.11479662744371352,True
3,10,19,60,25,0.001,0,10,0.005,0.025,10578,0,0,0.11769710720363018,True
3,10,20,60,25,0.001,0,10,0.005,0.025,10435,0,0,0.12045999041686632,True
3,10,21,60,25,0.001,0,10,0.005,0.025,10236,0,0,0.12387651426338414,True
3,10,22,60,25,0.001,0,10,0.005,0.025,10019,0,0,0.12785707156402834,True
3,10,23,60,25,0.001,0,10,0.005,0.025,9787,0,0,0.13201185245734137,True
3,10,24,60,25,0.001,0,10,0.005,0.025,9592,0,0,0.13500834028356964,True
3,10,25,60,25,0.001,0,10,0.005,0.025,9352,0,0,0.13911462788708298,True
3,10,26,60,25,0.001,0,10,0.005,0.025,9127,0,0,0.14342062013805193,True
3,10,27,60,25,0.001,0,10,0.005,0.025,8909,0,0,0.1456953642384106,True
3,10,28,60,25,0.001,0,10,0.005,0.025,8730,0,0,0.14891179839633448,True
3,10,29,60,25,0.001,0,10,0.005,0.025,8506,0,0,0.15295085821772866,True
3,10,30,60,25,0.001,0,10,0.005,0.025,8323,0,0,0.15619368016340263,True
3,10,31,60,25,0.001,0,10,0.005,0.025,8138,0,0,0.15876136642909805,True
3,10,32,60,25,0.001,0,10,0.005,0.025,7960,0,0,0.1614321608040201,True
3,10,33,60,25,0.001,0,10,0.005,0.025,7788,0,0,0.16474062660503339,True
3,10,34,60,25,0.001,0,10,0.005,0.025,7650,0,0,0.1684967320261438,True
3,10,35,60,25,0.001,0,10,0.005,0.025,7529,0,0,0.17186877407358214,True
3,10,36,60,25,0.001,0,10,0.005,0.025,7423,0,0,0.17553549777717903,True
3,10,37,60,25,0.001,0,10,0.005,0.025,7265,0,0,0.17811424638678597,True
3,10,38,60,25,0.001,0,10,0.005,0.025,7151,0,0,0.1815130750943924,True
3,10,39,60,25,0.001,0,10,0.005,0.025,7069,0,0,0.1836186164945537,True
3,10,40,60,25,0.001,0,10,0.005,0.025,6952,0,0,0.18642117376294592,True
3,10,41,60,25,0.001,0,10,0.005,0.025,7502,0,0,0.22767262063449747,True
3,10,42,60,25,0.001,0,10,0.005,0.025,7408,0,0,0.23447624190064795,True
3,10,43,60,25,0.001,0,10,0.005,0.025,7368,0,0,0.23900651465798045,True
3,10,44,60,25,0.001,0,10,0.005,0.025,7201,0,0,0.24177197611442855,True
3,10,45,60,25,0.001,0,10,0.005,0.025,7149,0,0,0.2453489998601203,True
3,10,46,60,25,0.001,0,10,0.005,0.025,6688,0,0,0.22398325358851676,True
3,10,47,60,25,0.001,0,10,0.005,0.025,6521,0,0,0.22082502683637478,True
3,10,48,60,25,0.001,0,10,0.005,0.025,6431,0,0,0.22236044161094698,True
3,10,49,60,25,0.001,0,10,0.005,0.025,6313,0,0,0.22366545224140663,True
3,10,50,60,25,0.001,0,10,0.005,0.025,6256,0,0,0.2261828644501279,True
3,10,51,60,25,0.001,0,10,0.005,0.025,6171,0,0,0.22783989628909415,True
3,10,52,60,25,0.001,0,10,0.005,0.025,6123,0,0,0.22815613261473133,True
3,11,1,60,25,0.001,0,10,0.005,0.025,6065,0,0,0.2313272877164056,True
3,11,2,60,25,0.001,0,10,0.005,0.025,6004,0,0,0.2350099933377748,True
3,11,3,60,25,0.001,0,10,0.005,0.025,5960,0,0,0.23640939597315436,True
3,11,4,60,25,0.001,0,10,0.005,0.025,5906,0,0,0.24009481882831019,True
3,11,5,60,25,0.001,0,10,0.005,0.025,5827,0,0,0.2450660717350266,True
3,11,6,60,25,0.001,0,10,0.005,0.025,5770,0,0,0.24714038128249566,True
3,11,7,60,25,0.001,0,10,0.005,0.025,5685,0,0,0.2497801231310466,True
3,11,8,60,25,0.001,0,10,0.005,0.025,5586,0,0,0.25331185105621196,True
3,11,9,60,25,0.001,0,10,0.005,0.025,5536,0,0,0.25451589595375723,True
3,11,10,60,25,0.001,0,10,0.005,0.025,5495,0,0,0.25659690627843496,True
3,11,11,60,25,0.001,0,10,0.005,0.025,5419,0,0,0.25853478501568555,True
3,11,12,60,25,0.001,0,10,0.005,0.025,5329,0,0,0.26139988740851944,True
3,11,13,60,25,0.001,0,10,0.005,0.025,5277,0,0,0.2645442486261133,True
3,11,14,60,25,0.001,0,10,0.005,0.025,5221,0,0,0.2660409883164145,True
3,11,15,60,25,0.001,0,10,0.005,0.025,5169,0,0,0.2689108144708841,True
3,11,16,60,25,0.001,0,10,0.005,0.025,5134,0,0,0.27386053759252044,True
3,11,17,60,25,0.001,0,10,0.005,0.025,5080,0,0,0.2744094488188976,True
3,11,18,60,25,0.001,0,10,0.005,0.025,11109,0,0,0.11738230263750113,True
3,11,19,60,25,0.001,0,10,0.005,0.025,10975,0,0,0.11945330296127563,True
3,11,20,60,25,0.001,0,10,0.005,0.025,10743,0,0,0.12184678395234105,True
3,11,21,60,25,0.001,0,10,0.005,0.025,10497,0,0,0.1249880918357626,True
3,11,22,60,25,0.001,0,10,0.005,0.025,10283,0,0,0.1283672080132257,True
3,11,23,60,25,0.001,0,10,0.005,0.025,10063,0,0,0.1312729802245851,True
3,11,24,60,25,0.001,0,10,0.005,0.025,9855,0,0,0.13424657534246576,True
3,11,25,60,25,0.001,0,10,0.005,0.025,9639,0,0,0.13725490196078433,True
3,11,26,60,25,0.001,0,10,0.005,0.025,9420,0,0,0.1400212314225053,True
3,11,27,60,25,0.001,0,10,0.005,0.025,9232,0,0,0.14493067590987868,True
3,11,28,60,25,0.001,0,10,0.005,0.025,9052,0,0,0.147039328325232,True
3,11,29,60,25,0.001,0,10,0.005,0.025,8869,0,0,0.14973503213440073,True
3,11,30,60,25,0.001,0,10,0.005,0.025,8648,0,0,0.15252081406105458,True
3,11,31,60,25,0.001,0,10,0.005,0.025,8493,0,0,0.15553985635229012,True
3,11,32,60,25,0.001,0,10,0.005,0.025,8327,0,0,0.15888074936952085,True
3,11,33,60,25,0.001,0,10,0.005,0.025,8181,0,0,0.16220510939982888,True
3,11,34,60,25,0.001,0,10,0.005,0.025,8019,0,0,0.16510786881157252,True
3,11,35,60,25,0.001,0,10,0.005,0.025,7864,0,0,0.16734486266531026,True
3,11,36,60,25,0.001,0,10,0.005,0.025,7713,0,0,0.16984312200181512,True
3,11,37,60,25,0.001,0,10,0.005,0.025,7572,0,0,0.17485472794506074,True
3,11,38,60,25,0.001,0,10,0.005,0.025,7446,0,0,0.177276390008058,True
3,11,39,60,25,0.001,0,10,0.005,0.025,7357,0,0,0.18010058447736849,True
3,11,40,60,25,0.001,0,10,0.005,0.025,7249,0,0,0.18236998206649194,True
3,11,41,60,25,0.001,0,10,0.005,0.025,7809,0,0,0.2315277244205404,True
3,11,42,60,25,0.001,0,10,0.005,0.025,7788,0,0,0.23985618900873137,True
3,11,43,60,25,0.001,0,10,0.005,0.025,7572,0,0,0.2360010565240359,True
3,11,44,60,25,0.001,0,10,0.005,0.025,7371,0,0,0.23578890245556913,True
3,11,45,60,25,0.001,0,10,0.005,0.025,7327,0,0,0.23897911832946636,True
3,11,46,60,25,0.001,0,10,0.005,0.025,6929,0,0,0.21720305960456054,True
3,11,47,60,25,0.001,0,10,0.005,0.025,6803,0,0,0.21461120094076142,True
3,11,48,60,25,0.001,0,10,0.005,0.025,6726,0,0,0.2184061849539102,True
3,11,49,60,25,0.001,0,10,0.005,0.025,6655,0,0,0.2202854996243426,True
3,11,50,60,25,0.001,0,10,0.005,0.025,6564,0,0,0.22151127361365022,True
3,11,51,60,25,0.001,0,10,0.005,0.025,6461,0,0,0.22272094103080017,True
3,11,52,60,25,0.001,0,10,0.005,0.025,6376,0,0,0.2255332496863237,True
3,1,1,60,25,0.00188,0,10,0.005,0.025,5598,0,0,0.0023222579492675954,True
3,1,2,60,25,0.00188,0,10,0.005,0.025,5365,0,0,0.0035414725069897483,True
3,1,3,60,25,0.00188,0,10,0.005,0.025,5141,0,0,0.005251896518187123,True
3,1,4,60,25,0.00188,0,10,0.005,0.025,4976,0,0,0.007837620578778135,True
3,1,5,60,25,0.00188,0,10,0.005,0.025,4789,0,0,0.010231781165170182,True
3,1,6,60,25,0.00188,0,10,0.005,0.025,4620,0,0,0.011255411255411256,True
3,1,7,60,25,0.00188,0,10,0.005,0.025,4499,0,0,0.012447210491220271,True
3,1,8,60,25,0.00188,0,10,0.005,0.025,4354,0,0,0.014010105649977032,True
3,1,9,60,25,0.00188,0,10,0.005,0.025,4215,0,0,0.01494661921708185,True
3,1,10,60,25,0.00188,0,10,0.005,0.025,4092,0,0,0.01710654936461388,True
3,1,11,60,25,0.00188,0,10,0.005,0.025,3951,0,0,0.017970134143254872,True
3,1,12,60,25,0.00188,0,10,0.005,0.025,3861,0,0,0.018907018907018906,True
3,1,13,60,25,0.00188,0,10,0.005,0.025,3773,0,0,0.02040816326530612,True
3,1,14,60,25,0.00188,0,10,0.005,0.025,3669,0,0,0.022621967838648133,True
3,1,15,60,25,0.00188,0,10,0.005,0.025,3595,0,0,0.02420027816411683,True
3,1,16,60,25,0.00188,0,10,0.005,0.025,3530,0,0,0.024929178470254956,True
3,1,17,60,25,0.00188,0,10,0.005,0.025,3451,0,0,0.025499855114459576,True
3,1,18,60,25,0.00188,0,10,0.005,0.025,10007,0,0,0.010692515239332467,True
3,1,19,60,25,0.00188,0,10,0.005,0.025,9744,0,0,0.013136288998357963,True
3,1,20,60,25,0.00188,0,10,0.005,0.025,9477,0,0,0.015616756357497099,True
3,1,21,60,25,0.00188,0,10,0.005,0.025,9154,0,0,0.017260214114048503,True
3,1,22,60,25,0.00188,0,10,0.005,0.025,8970,0,0,0.01884057971014493,True
3,1,23,60,25,0.00188,0,10,0.005,0.025,8720,0,0,0.02029816513761468,True
3,1,24,60,25,0.00188,0,10,0.005,0.025,8487,0,0,0.022269353128313893,True
3,1,25,60,25,0.00188,0,10,0.005,0.025,8298,0,0,0.024945770065075923,True
3,1,26,60,25,0.00188,0,10,0.005,0.025,8086,0,0,0.025847143210487263,True
3,1,27,60,25,0.00188,0,10,0.005,0.025,7863,0,0,0.027851964898893553,True
3,1,28,60,25,0.00188,0,10,0.005,0.025,7655,0,0,0.030045721750489876,True
3,1,29,60,25,0.00188,0,10,0.005,0.025,7432,0,0,0.03283100107642627,True
3,1,30,60,25,0.00188,0,10,0.005,0.025,7259,0,0,0.03485328557652569,True
3,1,31,60,25,0.00188,0,10,0.005,0.025,7109,0,0,0.03713602475734984,True
3,1,32,60,25,0.00188,0,10,0.005,0.025,6955,0,0,0.040977713874910136,True
3,1,33,60,25,0.00188,0,10,0.005,0.025,6822,0,0,0.04324245089416593,True
3,1,34,60,25,0.00188,0,10,0.005,0.025,6643,0,0,0.04455818154448291,True
3,1,35,60,25,0.00188,0,10,0.005,0.025,6484,0,0,0.04657618753855645,True
3,1,36,60,25,0.00188,0,10,0.005,0.025,6330,0,0,0.049921011058451814,True
3,1,37,60,25,0.00188,0,10,0.005,0.025,6182,0,0,0.05241022322872857,True
3,1,38,60,25,0.00188,0,10,0.005,0.025,6072,0,0,0.05451251646903821,True
3,1,39,60,25,0.00188,0,10,0.005,0.025,5959,0,0,0.05655311293841248,True
3,1,40,60,25,0.00188,0,10,0.005,0.025,5867,0,0,0.05863303221407874,True
3,1,41,60,25,0.00188,0,10,0.005,0.025,6446,0,0,0.10378529320508843,True
3,1,42,60,25,0.00188,0,10,0.005,0.025,6425,0,0,0.10894941634241245,True
3,1,43,60,25,0.00188,0,10,0.005,0.025,6427,0,0,0.11031585498677454,True
3,1,44,60,25,0.00188,0,10,0.005,0.025,6390,0,0,0.11533646322378717,True
3,1,45,60,25,0.00188,0,10,0.005,0.025,6372,0,0,0.11707470182046453,True
3,1,46,60,25,0.00188,0,10,0.005,0.025,5927,0,0,0.09532647207693605,True
3,1,47,60,25,0.00188,0,10,0.005,0.025,5811,0,0,0.09309929444157632,True
3,1,48,60,25,0.00188,0,10,0.005,0.025,5721,0,0,0.09211676280370565,True
3,1,49,60,25,0.00188,0,10,0.005,0.025,5645,0,0,0.09069973427812224,True
3,1,50,60,25,0.00188,0,10,0.005,0.025,5564,0,0,0.0927390366642703,True
3,1,51,60,25,0.00188,0,10,0.005,0.025,5463,0,0,0.09353834889254987,True
3,1,52,60,25,0.00188,0,10,0.005,0.025,5378,0,0,0.09390107846783191,True
3,2,1,60,25,0.00188,0,10,0.005,0.025,5276,8,0,0.09533737680060653,False
3,2,2,60,25,0.00188,0,10,0.005,0.025,5184,7,0,0.09510030864197531,False
3,2,3,60,25,0.00188,0,10,0.005,0.025,5090,6,1,0.09842829076620825,False
3,2,4,60,25,0.00188,0,10,0.005,0.025,5004,7,2,0.09992006394884093,False
3,2,5,60,25,0.00188,0,10,0.005,0.025,4910,6,2,0.10081466395112017,False
3,2,6,60,25,0.00188,0,10,0.005,0.025,4843,5,4,0.10282882510840388,False
3,2,7,60,25,0.00188,0,10,0.005,0.025,4756,4,4,0.10660218671152229,False
3,2,8,60,25,0.00188,0,10,0.005,0.025,4677,1,1,0.10711994868505452,False
3,2,9,60,25,0.00188,0,10,0.005,0.025,4604,0,0,0.10990443092962641,False
3,2,10,60,25,0.00188,0,10,0.005,0.025,4530,0,0,0.11390728476821192,False
3,2,11,60,25,0.00188,0,10,0.005,0.025,4484,0,0,0.11775200713648529,True
3,2,12,60,25,0.00188,0,10,0.005,0.025,4405,0,0,0.11759364358683315,True
3,2,13,60,25,0.00188,0,10,0.005,0.025,4351,0,0,0.12020225235578028,True
3,2,14,60,25,0.00188,0,10,0.005,0.025,4285,0,0,0.12135355892648775,True
3,2,15,60,25,0.00188,0,10,0.005,0.025,4223,0,0,0.12218801799668483,True
3,2,16,60,25,0.00188,0,10,0.005,0.025,4162,0,0,0.12373858721768381,True
3,2,17,60,25,0.00188,0,10,0.005,0.025,4100,0,0,0.12414634146341463,True
3,2,18,60,25,0.00188,0,10,0.005,0.025,8117,0,0,0.0629542934581742,True
3,2,19,60,25,0.00188,0,10,0.005,0.025,7946,0,0,0.06544173168890008,True
3,2,20,60,25,0.00188,0,10,0.005,0.025,7778,0,0,0.06762663923887889,True
3,2,21,60,25,0.00188,0,10,0.005,0.025,7587,0,0,0.06893370238565968,True
3,2,22,60,25,0.00188,0,10,0.005,0.025,7393,0,0,0.07209522521303936,True
3,2,23,60,25,0.00188,0,10,0.005,0.025,7251,0,0,0.07461039856571508,True
3,2,24,60,25,0.00188,0,10,0.005,0.025,7111,0,0,0.0763605681338771,True
3,2,25,60,25,0.00188,0,10,0.005,0.025,6963,0,0,0.07898894154818326,True
3,2,26,60,25,0.00188,0,10,0.005,0.025,6817,0,0,0.08170749596596744,True
3,2,27,60,25,0.00188,0,10,0.005,0.025,6689,0,0,0.08476603378681417,True
3,2,28,60,25,0.00188,0,10,0.005,0.025,6590,0,0,0.08786039453717755,True
3,2,29,60,25,0.00188,0,10,0.005,0.025,6437,0,0,0.09025943762622339,True
3,2,30,60,25,0.00188,0,10,0.005,0.025,6323,0,0,0.09457535979756444,True
3,2,31,60,25,0.00188,0,10,0.005,0.025,6173,0,0,0.09719747286570549,True
3,2,32,60,25,0.00188,0,10,0.005,0.025,6001,0,0,0.09781703049491751,True
3,2,33,60,25,0.00188,0,10,0.005,0.025,5836,0,0,0.10075394105551748,True
3,2,34,60,25,0.00188,0,10,0.005,0.025,5678,0,0,0.10355759070095104,True
3,2,35,60,25,0.00188,0,10,0.005,0.025,5560,0,0,0.10629496402877697,True
3,2,36,60,25,0.00188,0,10,0.005,0.025,5475,0,0,0.10995433789954338,True
3,2,37,60,25,0.00188,0,10,0.005,0.025,5336,0,0,0.11225637181409295,True
3,2,38,60,25,0.00188,0,10,0.005,0.025,5276,0,0,0.1152388172858226,True
3,2,39,60,25,0.00188,0,10,0.005,0.025,5176,0,0,0.11823802163833076,True
3,2,40,60,25,0.00188,0,10,0.005,0.025,5110,0,0,0.12191780821917808,True
3,2,41,60,25,0.00188,0,10,0.005,0.025,5775,0,0,0.18926406926406927,True
3,2,42,60,25,0.00188,0,10,0.005,0.025,5813,0,0,0.19439188026836401,True
3,2,43,60,25,0.00188,0,10,0.005,0.025,5745,0,0,0.19355961705831157,True
3,2,44,60,25,0.00188,0,10,0.005,0.025,5768,0,0,0.19746879334257975,True
3,2,45,60,25,0.00188,0,10,0.005,0.025,5748,0,0,0.19832985386221294,True
3,2,46,60,25,0.00188,0,10,0.005,0.025,5294,0,0,0.16735927465054778,True
3,2,47,60,25,0.00188,0,10,0.005,0.025,5130,0,0,0.16003898635477584,True
3,2,48,60,25,0.00188,0,10,0.005,0.025,5068,0,0,0.15883977900552487,True
3,2,49,60,25,0.00188,0,10,0.005,0.025,4994,0,0,0.15839006808169803,True
3,2,50,60,25,0.00188,0,10,0.005,0.025,4915,0,0,0.15788402848423194,True
3,2,51,60,25,0.00188,0,10,0.005,0.025,4857,0,0,0.1605929586164299,True
3,2,52,60,25,0.00188,0,10,0.005,0.025,4788,0,0,0.16248955722639932,True
3,3,1,60,25,0.00188,0,10,0.005,0.025,4726,0,0,0.16483283961066442,True
3,3,2,60,25,0.00188,0,10,0.005,0.025,4628,0,0,0.16486603284356094,True
3,3,3,60,25,0.00188,0,10,0.005,0.025,4572,0,0,0.16644794400699914,True
3,3,4,60,25,0.00188,0,10,0.005,0.025,4509,0,0,0.1692171213129297,True
3,3,5,60,25,0.00188,0,10,0.005,0.025,4461,0,0,0.17260703878054248,True
3,3,6,60,25,0.00188,0,10,0.005,0.025,4392,0,0,0.17190346083788707,True
3,3,7,60,25,0.00188,0,10,0.005,0.025,4338,0,0,0.17173812816966344,True
3,3,8,60,25,0.00188,0,10,0.005,0.025,4271,0,0,0.17326153125731678,True
3,3,9,60,25,0.00188,0,10,0.005,0.025,4216,0,0,0.17409867172675522,True
3,3,10,60,25,0.00188,0,10,0.005,0.025,4157,0,0,0.1736829444310801,True
3,3,11,60,25,0.00188,0,10,0.005,0.025,4117,0,0,0.17609910128734516,True
3,3,12,60,25,0.00188,0,10,0.005,0.025,4074,0,0,0.17673048600883653,True
3,3,13,60,25,0.00188,0,10,0.005,0.025,4014,0,0,0.1791230692575984,True
3,3,14,60,25,0.00188,0,10,0.005,0.025,3962,0,0,0.1812216052498738,True
3,3,15,60,25,0.00188,0,10,0.005,0.025,3909,0,0,0.18444614991046304,True
3,3,16,60,25,0.00188,0,10,0.005,0.025,3856,0,0,0.18853734439834025,True
3,3,17,60,25,0.00188,0,10,0.005,0.025,3813,0,0,0.19145030159979018,True
3,3,18,60,25,0.00188,0,10,0.005,0.025,8573,0,0,0.0858509273299895,True
3,3,19,60,25,0.00188,0,10,0.005,0.025,8366,0,0,0.08881185751852737,True
3,3,20,60,25,0.00188,0,10,0.005,0.025,8162,0,0,0.09237931879441313,True
3,3,21,60,25,0.00188,0,10,0.005,0.025,8020,0,0,0.09600997506234414,True
3,3,22,60,25,0.00188,0,10,0.005,0.025,7812,0,0,0.09767025089605735,True
3,3,23,60,25,0.00188,0,10,0.005,0.025,7586,0,0,0.10058001581861324,True
3,3,24,60,25,0.00188,0,10,0.005,0.025,7387,0,0,0.10315418979287938,True
3,3,25,60,25,0.00188,0,10,0.005,0.025,7227,0,0,0.10599142105991421,True
3,3,26,60,25,0.00188,0,10,0.005,0.025,6978,0,0,0.11020349670392662,True
3,3,27,60,25,0.00188,0,10,0.005,0.025,6797,0,0,0.11254965425923201,True
3,3,28,60,25,0.00188,0,10,0.005,0.025,6642,0,0,0.11457392351701295,True
3,3,29,60,25,0.00188,0,10,0.005,0.025,6463,0,0,0.11712826860591057,True
3,3,30,60,25,0.00188,0,10,0.005,0.025,6322,0,0,0.12021512179689972,True
3,3,31,60,25,0.00188,0,10,0.005,0.025,6173,0,0,0.12473675684432205,True
3,3,32,60,25,0.00188,0,10,0.005,0.025,6018,0,0,0.12844798936523763,True
3,3,33,60,25,0.00188,0,10,0.005,0.025,5896,0,0,0.13008819538670285,True
3,3,34,60,25,0.00188,0,10,0.005,0.025,5770,0,0,0.13275563258232237,True
3,3,35,60,25,0.00188,0,10,0.005,0.025,5621,0,0,0.13609677993239638,True
3,3,36,60,25,0.00188,0,10,0.005,0.025,5515,0,0,0.14070716228467814,True
3,3,37,60,25,0.00188,0,10,0.005,0.025,5404,0,0,0.14304219096965212,True
3,3,38,60,25,0.00188,0,10,0.005,0.025,5330,0,0,0.14596622889305816,True
3,3,39,60,25,0.00188,0,10,0.005,0.025,5246,0,0,0.1484940907357987,True
3,3,40,60,25,0.00188,0,10,0.005,0.025,5163,0,0,0.15088127057912068,True
3,3,41,60,25,0.00188,0,10,0.005,0.025,5950,0,0,0.22067226890756303,True
3,3,42,60,25,0.00188,0,10,0.005,0.025,6027,0,0,0.22863779658204744,True
3,3,43,60,25,0.00188,0,10,0.005,0.025,5982,0,0,0.22785021731862254,True
3,3,44,60,25,0.00188,0,10,0.005,0.025,5977,0,0,0.2297139032959679,True
3,3,45,60,25,0.00188,0,10,0.005,0.025,5932,0,0,0.23415374241402562,True
3,3,46,60,25,0.00188,0,10,0.005,0.025,5427,0,0,0.2025059885756403,True
3,3,47,60,25,0.00188,0,10,0.005,0.025,5246,0,0,0.19386199008768584,True
3,3,48,60,25,0.00188,0,10,0.005,0.025,5166,0,0,0.19357336430507163,True
3,3,49,60,25,0.00188,0,10,0.005,0.025,5077,0,0,0.19164861138467598,True
3,3,50,60,25,0.00188,0,10,0.005,0.025,5021,0,0,0.1947819159529974,True
3,3,51,60,25,0.00188,0,10,0.005,0.025,4946,0,0,0.19510715729882733,True
3,3,52,60,25,0.00188,0,10,0.005,0.025,4865,0,0,0.19527235354573483,True
3,4,1,60,25,0.00188,0,10,0.005,0.025,4779,0,0,0.19732161540071144,True
3,4,2,60,25,0.00188,0,10,0.005,0.025,4706,0,0,0.19953251168720781,True
3,4,3,60,25,0.00188,0,10,0.005,0.025,4628,0,0,0.20267934312878133,True
3,4,4,60,25,0.00188,0,10,0.005,0.025,4553,0,0,0.20382165605095542,True
3,4,5,60,25,0.00188,0,10,0.005,0.025,4494,0,0,0.20738762794837562,True
3,4,6,60,25,0.00188,0,10,0.005,0.025,4436,0,0,0.20874661857529306,True
3,4,7,60,25,0.00188,0,10,0.005,0.025,4375,0,0,0.2096,True
3,4,8,60,25,0.00188,0,10,0.005,0.025,4328,0,0,0.21395563770794823,True
3,4,9,60,25,0.00188,0,10,0.005,0.025,4283,0,0,0.21620359561055336,True
3,4,10,60,25,0.00188,0,10,0.005,0.025,4233,0,0,0.2178124261752894,True
3,4,11,60,25,0.00188,0,10,0.005,0.025,4178,0,0,0.21900430828147438,True
3,4,12,60,25,0.00188,0,10,0.005,0.025,4141,0,0,0.22023665781212268,True
3,4,13,60,25,0.00188,0,10,0.005,0.025,4095,0,0,0.22124542124542124,True
3,4,14,60,25,0.00188,0,10,0.005,0.025,4046,0,0,0.22293623331685616,True
3,4,15,60,25,0.00188,0,10,0.005,0.025,4006,0,0,0.22591113330004992,True
3,4,16,60,25,0.00188,0,10,0.005,0.025,3945,0,0,0.22737642585551332,True
3,4,17,60,25,0.00188,0,10,0.005,0.025,3897,0,0,0.22838080574801128,True
3,4,18,60,25,0.00188,0,10,0.005,0.025,8740,0,0,0.10125858123569793,True
3,4,19,60,25,0.00188,0,10,0.005,0.025,8601,0,0,0.10336007440995233,True
3,4,20,60,25,0.00188,0,10,0.005,0.025,8385,0,0,0.10697674418604651,True
3,4,21,60,25,0.00188,0,10,0.005,0.025,8161,0,0,0.11028060286729567,True
3,4,22,60,25,0.00188,0,10,0.005,0.025,7935,0,0,0.1125393824826717,True
3,4,23,60,25,0.00188,0,10,0.005,0.025,7694,0,0,0.1173641798804263,True
3,4,24,60,25,0.00188,0,10,0.005,0.025,7455,0,0,0.11978537894030852,True
3,4,25,60,25,0.00188,0,10,0.005,0.025,7213,0,0,0.12408151947871898,True
3,4,26,60,25,0.00188,0,10,0.005,0.025,6980,0,0,0.12779369627507164,True
3,4,27,60,25,0.00188,0,10,0.005,0.025,6849,0,0,0.13067601109651045,True
3,4,28,60,25,0.00188,0,10,0.005,0.025,6704,0,0,0.13424821002386636,True
3,4,29,60,25,0.00188,0,10,0.005,0.025,6568,0,0,0.13611449451887941,True
3,4,30,60,25,0.00188,0,10,0.005,0.025,6449,0,0,0.13909133198945572,True
3,4,31,60,25,0.00188,0,10,0.005,0.025,6319,0,0,0.14147808197499603,True
3,4,32,60,25,0.00188,0,10,0.005,0.025,6217,0,0,0.14556860221972012,True
3,4,33,60,25,0.00188,0,10,0.005,0.025,6086,0,0,0.14837331580676963,True
3,4,34,60,25,0.00188,0,10,0.005,0.025,5964,0,0,0.15140845070422534,True
3,4,35,60,25,0.00188,0,10,0.005,0.025,5837,0,0,0.15504540003426417,True
3,4,36,60,25,0.00188,0,10,0.005,0.025,5735,0,0,0.15850043591979077,True
3,4,37,60,25,0.00188,0,10,0.005,0.025,5589,0,0,0.1615673644659152,True
3,4,38,60,25,0.00188,0,10,0.005,0.025,5506,0,0,0.16400290592081365,True
3,4,39,60,25,0.00188,0,10,0.005,0.025,5417,0,0,0.1661436219309581,True
3,4,40,60,25,0.00188,0,10,0.005,0.025,5343,0,0,0.170316301703163,True
3,4,41,60,25,0.00188,0,10,0.005,0.025,6102,0,0,0.23156342182890854,True
3,4,42,60,25,0.00188,0,10,0.005,0.025,6093,0,0,0.23502379780075497,True
3,4,43,60,25,0.00188,0,10,0.005,0.025,6077,0,0,0.24189567220668093,True
3,4,44,60,25,0.00188,0,10,0.005,0.025,6097,0,0,0.2470067246186649,True
3,4,45,60,25,0.00188,0,10,0.005,0.025,5978,0,0,0.24038139846102374,True
3,4,46,60,25,0.00188,0,10,0.005,0.025,5494,0,0,0.21186749180924644,True
3,4,47,60,25,0.00188,0,10,0.005,0.025,5311,0,0,0.20278666917717944,True
3,4,48,60,25,0.00188,0,10,0.005,0.025,5229,0,0,0.20156817747179193,True
3,4,49,60,25,0.00188,0,10,0.005,0.025,5138,0,0,0.20105099260412612,True
3,4,50,60,25,0.00188,0,10,0.005,0.025,5052,0,0,0.20091053048297705,True
3,4,51,60,25,0.00188,0,10,0.005,0.025,4983,0,0,0.2028898254063817,True
3,4,52,60,25,0.00188,0,10,0.005,0.025,4915,0,0,0.20427263479145474,True
3,5,1,60,25,0.00188,0,10,0.005,0.025,4830,0,0,0.20600414078674947,True
3,5,2,60,25,0.00188,0,10,0.005,0.025,4763,0,0,0.20785219399538107,True
3,5,3,60,25,0.00188,0,10,0.005,0.025,4701,0,0,0.21123165283982132,True
3,5,4,60,25,0.00188,0,10,0.005,0.025,4622,0,0,0.21159671138035482,True
3,5,5,60,25,0.00188,0,10,0.005,0.025,4567,0,0,0.21458287716225094,True
3,5,6,60,25,0.00188,0,10,0.005,0.025,4495,0,0,0.21735261401557285,True
3,5,7,60,25,0.00188,0,10,0.005,0.025,4433,0,0,0.21881344461989624,True
3,5,8,60,25,0.00188,0,10,0.005,0.025,4381,0,0,0.22186715361789547,True
3,5,9,60,25,0.00188,0,10,0.005,0.025,4317,0,0,0.2235348621728052,True
3,5,10,60,25,0.00188,0,10,0.005,0.025,4254,0,0,0.22637517630465445,True
3,5,11,60,25,0.00188,0,10,0.005,0.025,4209,0,0,0.22855785222143027,True
3,5,12,60,25,0.00188,0,10,0.005,0.025,4156,0,0,0.22882579403272377,True
3,5,13,60,25,0.00188,0,10,0.005,0.025,4106,0,0,0.23356064296151974,True
3,5,14,60,25,0.00188,0,10,0.005,0.025,4056,0,0,0.23520710059171598,True
3,5,15,60,25,0.00188,0,10,0.005,0.025,4010,0,0,0.23815461346633415,True
3,5,16,60,25,0.00188,0,10,0.005,0.025,3961,0,0,0.2380711941428932,True
3,5,17,60,25,0.00188,0,10,0.005,0.025,3911,0,0,0.24034773715162364,True
3,5,18,60,25,0.00188,0,10,0.005,0.025,8444,0,0,0.11096636665087636,True
3,5,19,60,25,0.00188,0,10,0.005,0.025,8250,0,0,0.11406060606060606,True
3,5,20,60,25,0.00188,0,10,0.005,0.025,8049,0,0,0.11616349857125109,True
3,5,21,60,25,0.00188,0,10,0.005,0.025,7829,0,0,0.11802273598160684,True
3,5,22,60,25,0.00188,0,10,0.005,0.025,7619,0,0,0.12193201207507547,True
3,5,23,60,25,0.00188,0,10,0.005,0.025,7442,0,0,0.12442891695780704,True
3,5,24,60,25,0.00188,0,10,0.005,0.025,7269,0,0,0.1273902875223552,True
3,5,25,60,25,0.00188,0,10,0.005,0.025,7087,0,0,0.13066177508113447,True
3,5,26,60,25,0.00188,0,10,0.005,0.025,6903,0,0,0.13428943937418514,True
3,5,27,60,25,0.00188,0,10,0.005,0.025,6696,0,0,0.1376941457586619,True
3,5,28,60,25,0.00188,0,10,0.005,0.025,6546,0,0,0.14115490375802017,True
3,5,29,60,25,0.00188,0,10,0.005,0.025,6380,0,0,0.14467084639498431,True
3,5,30,60,25,0.00188,0,10,0.005,0.025,6220,0,0,0.14758842443729903,True
3,5,31,60,25,0.00188,0,10,0.005,0.025,6084,0,0,0.15105193951347798,True
3,5,32,60,25,0.00188,0,10,0.005,0.025,5921,0,0,0.15352136463435231,True
3,5,33,60,25,0.00188,0,10,0.005,0.025,5779,0,0,0.15677452846513237,True
3,5,34,60,25,0.00188,0,10,0.005,0.025,5647,0,0,0.15866831946166107,True
3,5,35,60,25,0.00188,0,10,0.005,0.025,5536,0,0,0.16166907514450868,True
3,5,36,60,25,0.00188,0,10,0.005,0.025,5405,0,0,0.16595744680851063,True
3,5,37,60,25,0.00188,0,10,0.005,0.025,5271,0,0,0.1699867197875166,True
3,5,38,60,25,0.00188,0,10,0.005,0.025,5182,0,0,0.1713624083365496,True
3,5,39,60,25,0.00188,0,10,0.005,0.025,5118,0,0,0.17330988667448222,True
3,5,40,60,25,0.00188,0,10,0.005,0.025,5052,0,0,0.1743863816310372,True
3,5,41,60,25,0.00188,0,10,0.005,0.025,5805,0,0,0.24065460809646858,True
3,5,42,60,25,0.00188,0,10,0.005,0.025,5818,0,0,0.24372636644895154,True
3,5,43,60,25,0.00188,0,10,0.005,0.025,5842,0,0,0.24666210201985622,True
3,5,44,60,25,0.00188,0,10,0.005,0.025,5814,0,0,0.25300997592019264,True
3,5,45,60,25,0.00188,0,10,0.005,0.025,5764,0,0,0.2550312283136711,True
3,5,46,60,25,0.00188,0,10,0.005,0.025,5272,0,0,0.22078907435508346,True
3,5,47,60,25,0.00188,0,10,0.005,0.025,5123,0,0,0.21413234432949443,True
3,5,48,60,25,0.00188,0,10,0.005,0.025,5027,0,0,0.21145812611895762,True
3,5,49,60,25,0.00188,0,10,0.005,0.025,4950,0,0,0.21232323232323233,True
3,5,50,60,25,0.00188,0,10,0.005,0.025,4876,0,0,0.2139048400328138,True
3,5,51,60,25,0.00188,0,10,0.005,0.025,4801,0,0,0.21370547802541137,True
3,5,52,60,25,0.00188,0,10,0.005,0.025,4704,0,0,0.21258503401360543,True
3,6,1,60,25,0.00188,0,10,0.005,0.025,4634,0,0,0.21363832542080277,True
3,6,2,60,25,0.00188,0,10,0.005,0.025,4566,0,0,0.21681997371879105,True
3,6,3,60,25,0.00188,0,10,0.005,0.025,4494,0,0,0.21762349799732977,True
3,6,4,60,25,0.00188,0,10,0.005,0.025,4433,0,0,0.22039251071509136,True
3,6,5,60,25,0.00188,0,10,0.005,0.025,4380,0,0,0.22077625570776255,True
3,6,6,60,25,0.00188,0,10,0.005,0.025,4334,0,0,0.22496538994000922,True
3,6,7,60,25,0.00188,0,10,0.005,0.025,4271,0,0,0.22617653945211894,True
3,6,8,60,25,0.00188,0,10,0.005,0.025,4206,0,0,0.2268188302425107,True
3,6,9,60,25,0.00188,0,10,0.005,0.025,4166,0,0,0.228276524243879,True
3,6,10,60,25,0.00188,0,10,0.005,0.025,4107,0,0,0.2308254200146092,True
3,6,11,60,25,0.00188,0,10,0.005,0.025,4065,0,0,0.23075030750307504,True
3,6,12,60,25,0.00188,0,10,0.005,0.025,4008,0,0,0.2342814371257485,True
3,6,13,60,25,0.00188,0,10,0.005,0.025,3967,0,0,0.23670279808419462,True
3,6,14,60,25,0.00188,0,10,0.005,0.025,3900,0,0,0.24128205128205127,True
3,6,15,60,25,0.00188,0,10,0.005,0.025,3869,0,0,0.2442491599896614,True
3,6,16,60,25,0.00188,0,10,0.005,0.025,3822,0,0,0.2456828885400314,True
3,6,17,60,25,0.00188,0,10,0.005,0.025,3790,0,0,0.24749340369393139,True
3,6,18,60,25,0.00188,0,10,0.005,0.025,8442,0,0,0.11146647713811893,True
3,6,19,60,25,0.00188,0,10,0.005,0.025,8269,0,0,0.11512879429193373,True
3,6,20,60,25,0.00188,0,10,0.005,0.025,8112,0,0,0.11908284023668639,True
3,6,21,60,25,0.00188,0,10,0.005,0.025,7905,0,0,0.12245414294750158,True
3,6,22,60,25,0.00188,0,10,0.005,0.025,7673,0,0,0.12602632607845693,True
3,6,23,60,25,0.00188,0,10,0.005,0.025,7430,0,0,0.13028263795423958,True
3,6,24,60,25,0.00188,0,10,0.005,0.025,7249,0,0,0.133259759966892,True
3,6,25,60,25,0.00188,0,10,0.005,0.025,7072,0,0,0.13602941176470587,True
3,6,26,60,25,0.00188,0,10,0.005,0.025,6881,0,0,0.1395146054352565,True
3,6,27,60,25,0.00188,0,10,0.005,0.025,6731,0,0,0.14143515079482988,True
3,6,28,60,25,0.00188,0,10,0.005,0.025,6611,0,0,0.1453637876266828,True
3,6,29,60,25,0.00188,0,10,0.005,0.025,6391,0,0,0.14817712408073855,True
3,6,30,60,25,0.00188,0,10,0.005,0.025,6234,0,0,0.15110683349374399,True
3,6,31,60,25,0.00188,0,10,0.005,0.025,6069,0,0,0.15505025539627615,True
3,6,32,60,25,0.00188,0,10,0.005,0.025,5922,0,0,0.15822357311719012,True
3,6,33,60,25,0.00188,0,10,0.005,0.025,5814,0,0,0.1608187134502924,True
3,6,34,60,25,0.00188,0,10,0.005,0.025,5687,0,0,0.16511341656409353,True
3,6,35,60,25,0.00188,0,10,0.005,0.025,5594,0,0,0.16803718269574544,True
3,6,36,60,25,0.00188,0,10,0.005,0.025,5479,0,0,0.17156415404270853,True
3,6,37,60,25,0.00188,0,10,0.005,0.025,5352,0,0,0.17507473841554558,True
3,6,38,60,25,0.00188,0,10,0.005,0.025,5275,0,0,0.17725118483412322,True
3,6,39,60,25,0.00188,0,10,0.005,0.025,5208,0,0,0.18068356374807987,True
3,6,40,60,25,0.00188,0,10,0.005,0.025,5110,0,0,0.18160469667318982,True
3,6,41,60,25,0.00188,0,10,0.005,0.025,5988,0,0,0.2571810287241149,True
3,6,42,60,25,0.00188,0,10,0.005,0.025,5963,0,0,0.25473754821398625,True
3,6,43,60,25,0.00188,0,10,0.005,0.025,5925,0,0,0.2521518987341772,True
3,6,44,60,25,0.00188,0,10,0.005,0.025,5929,0,0,0.2595715972339349,True
3,6,45,60,25,0.00188,0,10,0.005,0.025,5857,0,0,0.2526890899778043,True
3,6,46,60,25,0.00188,0,10,0.005,0.025,5362,0,0,0.22547556881760536,True
3,6,47,60,25,0.00188,0,10,0.005,0.025,5194,0,0,0.21948402002310358,True
3,6,48,60,25,0.00188,0,10,0.005,0.025,5106,0,0,0.21739130434782608,True
3,6,49,60,25,0.00188,0,10,0.005,0.025,5022,0,0,0.21465551573078454,True
3,6,50,60,25,0.00188,0,10,0.005,0.025,4942,0,0,0.21813031161473087,True
3,6,51,60,25,0.00188,0,10,0.005,0.025,4867,0,0,0.22025888637764537,True
3,6,52,60,25,0.00188,0,10,0.005,0.025,4811,0,0,0.2219912700062357,True
3,7,1,60,25,0.00188,0,10,0.005,0.025,4740,0,0,0.22236286919831225,True
3,7,2,60,25,0.00188,0,10,0.005,0.025,4675,0,0,0.22417112299465242,True
3,7,3,60,25,0.00188,0,10,0.005,0.025,4611,0,0,0.22663196703535024,True
3,7,4,60,25,0.00188,0,10,0.005,0.025,4555,0,0,0.2296377607025247,True
3,7,5,60,25,0.00188,0,10,0.005,0.025,4486,0,0,0.23160945162728488,True
3,7,6,60,25,0.00188,0,10,0.005,0.025,4419,0,0,0.2328581126951799,True
3,7,7,60,25,0.00188,0,10,0.005,0.025,4356,0,0,0.23530762167125804,True
3,7,8,60,25,0.00188,0,10,0.005,0.025,4306,0,0,0.23594983743613562,True
3,7,9,60,25,0.00188,0,10,0.005,0.025,4263,0,0,0.2411447337555712,True
3,7,10,60,25,0.00188,0,10,0.005,0.025,4190,0,0,0.24439140811455848,True
3,7,11,60,25,0.00188,0,10,0.005,0.025,4143,0,0,0.24837074583635046,True
3,7,12,60,25,0.00188,0,10,0.005,0.025,4088,0,0,0.25048923679060664,True
3,7,13,60,25,0.00188,0,10,0.005,0.025,4020,0,0,0.25348258706467663,True
3,7,14,60,25,0.00188,0,10,0.005,0.025,3986,0,0,0.2571500250878073,True
3,7,15,60,25,0.00188,0,10,0.005,0.025,3930,0,0,0.2595419847328244,True
3,7,16,60,25,0.00188,0,10,0.005,0.025,3887,0,0,0.26369951119115,True
3,7,17,60,25,0.00188,0,10,0.005,0.025,3838,0,0,0.2636789994788953,True
3,7,18,60,25,0.00188,0,10,0.005,0.025,8368,0,0,0.11986137667304016,True
3,7,19,60,25,0.00188,0,10,0.005,0.025,8231,0,0,0.12270683999514033,True
3,7,20,60,25,0.00188,0,10,0.005,0.025,8060,0,0,0.1251861042183623,True
3,7,21,60,25,0.00188,0,10,0.005,0.025,7885,0,0,0.12809131261889664,True
3,7,22,60,25,0.00188,0,10,0.005,0.025,7646,0,0,0.13222600052314937,True
3,7,23,60,25,0.00188,0,10,0.005,0.025,7464,0,0,0.13612004287245444,True
3,7,24,60,25,0.00188,0,10,0.005,0.025,7270,0,0,0.13823933975240715,True
3,7,25,60,25,0.00188,0,10,0.005,0.025,7105,0,0,0.1406052076002815,True
3,7,26,60,25,0.00188,0,10,0.005,0.025,6969,0,0,0.14363610274070884,True
3,7,27,60,25,0.00188,0,10,0.005,0.025,6818,0,0,0.14623056614843064,True
3,7,28,60,25,0.00188,0,10,0.005,0.025,6666,0,0,0.1497149714971497,True
3,7,29,60,25,0.00188,0,10,0.005,0.025,6516,0,0,0.15423572744014732,True
3,7,30,60,25,0.00188,0,10,0.005,0.025,6382,0,0,0.1573174553431526,True
3,7,31,60,25,0.00188,0,10,0.005,0.025,6235,0,0,0.161186848436247,True
3,7,32,60,25,0.00188,0,10,0.005,0.025,6110,0,0,0.16366612111292964,True
3,7,33,60,25,0.00188,0,10,0.005,0.025,5947,0,0,0.167983857407096,True
3,7,34,60,25,0.00188,0,10,0.005,0.025,5823,0,0,0.17104585265327152,True
3,7,35,60,25,0.00188,0,10,0.005,0.025,5732,0,0,0.17463363572923934,True
3,7,36,60,25,0.00188,0,10,0.005,0.025,5637,0,0,0.1781089231860919,True
3,7,37,60,25,0.00188,0,10,0.005,0.025,5548,0,0,0.1822278298485941,True
3,7,38,60,25,0.00188,0,10,0.005,0.025,5465,0,0,0.1848124428179323,True
3,7,39,60,25,0.00188,0,10,0.005,0.025,5387,0,0,0.18711713384072767,True
3,7,40,60,25,0.00188,0,10,0.005,0.025,5318,0,0,0.18992102294095525,True
3,7,41,60,25,0.00188,0,10,0.005,0.025,6149,0,0,0.2530492763050903,True
3,7,42,60,25,0.00188,0,10,0.005,0.025,6173,0,0,0.25805929045844805,True
3,7,43,60,25,0.00188,0,10,0.005,0.025,6189,0,0,0.2659557279043464,True
3,7,44,60,25,0.00188,0,10,0.005,0.025,6081,0,0,0.26031902647590854,True
3,7,45,60,25,0.00188,0,10,0.005,0.025,6067,0,0,0.25894181638371516,True
3,7,46,60,25,0.00188,0,10,0.005,0.025,5521,0,0,0.23111755116826663,True
3,7,47,60,25,0.00188,0,10,0.005,0.025,5373,0,0,0.22650288479434208,True
3,7,48,60,25,0.00188,0,10,0.005,0.025,5292,0,0,0.22637944066515495,True
3,7,49,60,25,0.00188,0,10,0.005,0.025,5203,0,0,0.2250624639630982,True
3,7,50,60,25,0.00188,0,10,0.005,0.025,5130,0,0,0.22709551656920077,True
3,7,51,60,25,0.00188,0,10,0.005,0.025,5043,0,0,0.22784057108863773,True
3,7,52,60,25,0.00188,0,10,0.005,0.025,4989,0,0,0.23070755662457407,True
3,8,1,60,25,0.00188,0,10,0.005,0.025,4919,0,0,0.23236430168733482,True
3,8,2,60,25,0.00188,0,10,0.005,0.025,4863,0,0,0.23442319555829735,True
3,8,3,60,25,0.00188,0,10,0.005,0.025,4804,0,0,0.23667776852622815,True
3,8,4,60,25,0.00188,0,10,0.005,0.025,4735,0,0,0.23632523759239704,True
3,8,5,60,25,0.00188,0,10,0.005,0.025,4679,0,0,0.23744389826886086,True
3,8,6,60,25,0.00188,0,10,0.005,0.025,4623,0,0,0.23967120917153364,True
3,8,7,60,25,0.00188,0,10,0.005,0.025,4558,0,0,0.2424308907415533,True
3,8,8,60,25,0.00188,0,10,0.005,0.025,4505,0,0,0.24483906770255273,True
3,8,9,60,25,0.00188,0,10,0.005,0.025,4444,0,0,0.24662466246624662,True
3,8,10,60,25,0.00188,0,10,0.005,0.025,4401,0,0,0.2510793001590548,True
3,8,11,60,25,0.00188,0,10,0.005,0.025,4359,0,0,0.25258086717136957,True
3,8,12,60,25,0.00188,0,10,0.005,0.025,4315,0,0,0.25422943221320976,True
3,8,13,60,25,0.00188,0,10,0.005,0.025,4268,0,0,0.25679475164011245,True
3,8,14,60,25,0.00188,0,10,0.005,0.025,4233,0,0,0.25986298133711316,True
3,8,15,60,25,0.00188,0,10,0.005,0.025,4180,0,0,0.26148325358851676,True
3,8,16,60,25,0.00188,0,10,0.005,0.025,4134,0,0,0.26318335752298017,True
3,8,17,60,25,0.00188,0,10,0.005,0.025,4094,0,0,0.2674645823155838,True
3,8,18,60,25,0.00188,0,10,0.005,0.025,9201,0,0,0.11976959026192806,True
3,8,19,60,25,0.00188,0,10,0.005,0.025,9052,0,0,0.1225143614670791,True
3,8,20,60,25,0.00188,0,10,0.005,0.025,8838,0,0,0.12559402579769177,True
3,8,21,60,25,0.00188,0,10,0.005,0.025,8615,0,0,0.12988972721996517,True
3,8,22,60,25,0.00188,0,10,0.005,0.025,8393,0,0,0.13332539020612416,True
3,8,23,60,25,0.00188,0,10,0.005,0.025,8144,0,0,0.1369106090373281,True
3,8,24,60,25,0.00188,0,10,0.005,0.025,7961,0,0,0.13955533224469288,True
3,8,25,60,25,0.00188,0,10,0.005,0.025,7800,0,0,0.14243589743589744,True
3,8,26,60,25,0.00188,0,10,0.005,0.025,7629,0,0,0.1461528378555512,True
3,8,27,60,25,0.00188,0,10,0.005,0.025,7461,0,0,0.14944377429299022,True
3,8,28,60,25,0.00188,0,10,0.005,0.025,7274,0,0,0.1519109155897718,True
3,8,29,60,25,0.00188,0,10,0.005,0.025,7137,0,0,0.1558077623651394,True
3,8,30,60,25,0.00188,0,10,0.005,0.025,7010,0,0,0.15863052781740372,True
3,8,31,60,25,0.00188,0,10,0.005,0.025,6859,0,0,0.16066481994459833,True
3,8,32,60,25,0.00188,0,10,0.005,0.025,6687,0,0,0.16375056078959174,True
3,8,33,60,25,0.00188,0,10,0.005,0.025,6540,0,0,0.16743119266055045,True
3,8,34,60,25,0.00188,0,10,0.005,0.025,6406,0,0,0.16921635966281612,True
3,8,35,60,25,0.00188,0,10,0.005,0.025,6311,0,0,0.17239740136270004,True
3,8,36,60,25,0.00188,0,10,0.005,0.025,6178,0,0,0.17610877306571707,True
3,8,37,60,25,0.00188,0,10,0.005,0.025,6040,0,0,0.17913907284768213,True
3,8,38,60,25,0.00188,0,10,0.005,0.025,5955,0,0,0.18270361041141897,True
3,8,39,60,25,0.00188,0,10,0.005,0.025,5874,0,0,0.18522301668369084,True
3,8,40,60,25,0.00188,0,10,0.005,0.025,5804,0,0,0.18900758097863543,True
3,8,41,60,25,0.00188,0,10,0.005,0.025,6776,0,0,0.2590023612750885,True
3,8,42,60,25,0.00188,0,10,0.005,0.025,6686,0,0,0.26263834878851333,True
3,8,43,60,25,0.00188,0,10,0.005,0.025,6747,0,0,0.26515488365199347,True
3,8,44,60,25,0.00188,0,10,0.005,0.025,6654,0,0,0.26314998497144576,True
3,8,45,60,25,0.00188,0,10,0.005,0.025,6640,0,0,0.2667168674698795,True
3,8,46,60,25,0.00188,0,10,0.005,0.025,6049,0,0,0.23210448007935197,True
3,8,47,60,25,0.00188,0,10,0.005,0.025,5830,0,0,0.22504288164665523,True
3,8,48,60,25,0.00188,0,10,0.005,0.025,5737,0,0,0.22520481087676486,True
3,8,49,60,25,0.00188,0,10,0.005,0.025,5633,0,0,0.22616722883010829,True
3,8,50,60,25,0.00188,0,10,0.005,0.025,5561,0,0,0.22495953965114188,True
3,8,51,60,25,0.00188,0,10,0.005,0.025,5461,0,0,0.22578282365867058,True
3,8,52,60,25,0.00188,0,10,0.005,0.025,5392,0,0,0.22830118694362017,True
3,9,1,60,25,0.00188,0,10,0.005,0.025,5330,0,0,0.22926829268292684,True
3,9,2,60,25,0.00188,0,10,0.005,0.025,5276,0,0,0.2304776345716452,True
3,9,3,60,25,0.00188,0,10,0.005,0.025,5198,0,0,0.23297422085417469,True
3,9,4,60,25,0.00188,0,10,0.005,0.025,5140,0,0,0.23540856031128404,True
3,9,5,60,25,0.00188,0,10,0.005,0.025,5061,0,0,0.23789764868603042,True
3,9,6,60,25,0.00188,0,10,0.005,0.025,4983,0,0,0.23640377282761388,True
3,9,7,60,25,0.00188,0,10,0.005,0.025,4919,0,0,0.23907298231347834,True
3,9,8,60,25,0.00188,0,10,0.005,0.025,4865,0,0,0.2421377183967112,True
3,9,9,60,25,0.00188,0,10,0.005,0.025,4799,0,0,0.24421754532194206,True
3,9,10,60,25,0.00188,0,10,0.005,0.025,4753,0,0,0.2467915001051967,True
3,9,11,60,25,0.00188,0,10,0.005,0.025,4688,0,0,0.24914675767918087,True
3,9,12,60,25,0.00188,0,10,0.005,0.025,4639,0,0,0.2535029101099375,True
3,9,13,60,25,0.00188,0,10,0.005,0.025,4565,0,0,0.25585980284775467,True
3,9,14,60,25,0.00188,0,10,0.005,0.025,4518,0,0,0.2589641434262948,True
3,9,15,60,25,0.00188,0,10,0.005,0.025,4459,0,0,0.261045077371608,True
3,9,16,60,25,0.00188,0,10,0.005,0.025,4416,0,0,0.264945652173913,True
3,9,17,60,25,0.00188,0,10,0.005,0.025,4355,0,0,0.26590126291618826,True
3,9,18,60,25,0.00188,0,10,0.005,0.025,9196,0,0,0.11581122227055242,True
3,9,19,60,25,0.00188,0,10,0.005,0.025,9053,0,0,0.11907654921020656,True
3,9,20,60,25,0.00188,0,10,0.005,0.025,8846,0,0,0.12174994347727787,True
3,9,21,60,25,0.00188,0,10,0.005,0.025,8652,0,0,0.12598243180767452,True
3,9,22,60,25,0.00188,0,10,0.005,0.025,8454,0,0,0.12976105985332387,True
3,9,23,60,25,0.00188,0,10,0.005,0.025,8254,0,0,0.13375333171795492,True
3,9,24,60,25,0.00188,0,10,0.005,0.025,8066,0,0,0.13687081576989835,True
3,9,25,60,25,0.00188,0,10,0.005,0.025,7835,0,0,0.14116145500957245,True
3,9,26,60,25,0.00188,0,10,0.005,0.025,7662,0,0,0.1436961628817541,True
3,9,27,60,25,0.00188,0,10,0.005,0.025,7450,0,0,0.1483221476510067,True
3,9,28,60,25,0.00188,0,10,0.005,0.025,7304,0,0,0.151013143483023,True
3,9,29,60,25,0.00188,0,10,0.005,0.025,7190,0,0,0.15312934631432545,True
3,9,30,60,25,0.00188,0,10,0.005,0.025,7053,0,0,0.1561037856231391,True
3,9,31,60,25,0.00188,0,10,0.005,0.025,6922,0,0,0.15920254261774053,True
3,9,32,60,25,0.00188,0,10,0.005,0.025,6804,0,0,0.16211052322163433,True
3,9,33,60,25,0.00188,0,10,0.005,0.025,6678,0,0,0.16427073974243786,True
3,9,34,60,25,0.00188,0,10,0.005,0.025,6534,0,0,0.1665136210590756,True
3,9,35,60,25,0.00188,0,10,0.005,0.025,6373,0,0,0.17087713792562373,True
3,9,36,60,25,0.00188,0,10,0.005,0.025,6231,0,0,0.17428984111699566,True
3,9,37,60,25,0.00188,0,10,0.005,0.025,6097,0,0,0.17648023618172873,True
3,9,38,60,25,0.00188,0,10,0.005,0.025,6013,0,0,0.17927823050058206,True
3,9,39,60,25,0.00188,0,10,0.005,0.025,5907,0,0,0.18215676316234974,True
3,9,40,60,25,0.00188,0,10,0.005,0.025,5840,0,0,0.18561643835616437,True
3,9,41,60,25,0.00188,0,10,0.005,0.025,6659,0,0,0.24523201681934223,True
3,9,42,60,25,0.00188,0,10,0.005,0.025,6810,0,0,0.2663729809104258,True
3,9,43,60,25,0.00188,0,10,0.005,0.025,6748,0,0,0.26111440426793125,True
3,9,44,60,25,0.00188,0,10,0.005,0.025,6634,0,0,0.25942116370214047,True
3,9,45,60,25,0.00188,0,10,0.005,0.025,6623,0,0,0.2618148875132115,True
3,9,46,60,25,0.00188,0,10,0.005,0.025,6030,0,0,0.22570480928689884,True
3,9,47,60,25,0.00188,0,10,0.005,0.025,5845,0,0,0.22053036783575705,True
3,9,48,60,25,0.00188,0,10,0.005,0.025,5728,0,0,0.2184008379888268,True
3,9,49,60,25,0.00188,0,10,0.005,0.025,5628,0,0,0.21819474058280028,True
3,9,50,60,25,0.00188,0,10,0.005,0.025,5543,0,0,0.2190149738408804,True
3,9,51,60,25,0.00188,0,10,0.005,0.025,5465,0,0,0.21884720951509606,True
3,9,52,60,25,0.00188,0,10,0.005,0.025,5383,0,0,0.2212520899126881,True
3,10,1,60,25,0.00188,0,10,0.005,0.025,5313,0,0,0.2224731789949181,True
3,10,2,60,25,0.00188,0,10,0.005,0.025,5243,0,0,0.22525271790959375,True
3,10,3,60,25,0.00188,0,10,0.005,0.025,5165,0,0,0.22691190706679573,True
3,10,4,60,25,0.00188,0,10,0.005,0.025,5104,0,0,0.23060344827586207,True
3,10,5,60,25,0.00188,0,10,0.005,0.025,5047,0,0,0.2324152962155736,True
3,10,6,60,25,0.00188,0,10,0.005,0.025,4990,0,0,0.2350701402805611,True
3,10,7,60,25,0.00188,0,10,0.005,0.025,4904,0,0,0.2361337683523654,True
3,10,8,60,25,0.00188,0,10,0.005,0.025,4837,0,0,0.24147198676865825,True
3,10,9,60,25,0.00188,0,10,0.005,0.025,4771,0,0,0.24250681198910082,True
3,10,10,60,25,0.00188,0,10,0.005,0.025,4717,0,0,0.24401102395590418,True
3,10,11,60,25,0.00188,0,10,0.005,0.025,4663,0,0,0.24597898348702552,True
3,10,12,60,25,0.00188,0,10,0.005,0.025,4607,0,0,0.24918602127197742,True
3,10,13,60,25,0.00188,0,10,0.005,0.025,4551,0,0,0.2504943968358603,True
3,10,14,60,25,0.00188,0,10,0.005,0.025,4499,0,0,0.2525005556790398,True
3,10,15,60,25,0.00188,0,10,0.005,0.025,4434,0,0,0.2559765448804691,True
3,10,16,60,25,0.00188,0,10,0.005,0.025,4391,0,0,0.2580277841038488,True
3,10,17,60,25,0.00188,0,10,0.005,0.025,4337,0,0,0.2614710629467374,True
3,10,18,60,25,0.00188,0,10,0.005,0.025,9348,0,0,0.11424903722721438,True
3,10,19,60,25,0.00188,0,10,0.005,0.025,9189,0,0,0.11709652845793884,True
3,10,20,60,25,0.00188,0,10,0.005,0.025,9012,0,0,0.12083888149134488,True
3,10,21,60,25,0.00188,0,10,0.005,0.025,8824,0,0,0.12443336355394378,True
3,10,22,60,25,0.00188,0,10,0.005,0.025,8609,0,0,0.12823789057962598,True
3,10,23,60,25,0.00188,0,10,0.005,0.025,8403,0,0,0.13173866476258478,True
3,10,24,60,25,0.00188,0,10,0.005,0.025,8225,0,0,0.13458966565349545,True
3,10,25,60,25,0.00188,0,10,0.005,0.025,8065,0,0,0.1361438313701178,True
3,10,26,60,25,0.00188,0,10,0.005,0.025,7933,0,0,0.1382831211395437,True
3,10,27,60,25,0.00188,0,10,0.005,0.025,7798,0,0,0.14260066683765069,True
3,10,28,60,25,0.00188,0,10,0.005,0.025,7678,0,0,0.1452201094034905,True
3,10,29,60,25,0.00188,0,10,0.005,0.025,7514,0,0,0.14878892733564014,True
3,10,30,60,25,0.00188,0,10,0.005,0.025,7368,0,0,0.15214440825190012,True
3,10,31,60,25,0.00188,0,10,0.005,0.025,7233,0,0,0.1553988663072031,True
3,10,32,60,25,0.00188,0,10,0.005,0.025,7126,0,0,0.15745158574235196,True
3,10,33,60,25,0.00188,0,10,0.005,0.025,6986,0,0,0.1621815058688806,True
3,10,34,60,25,0.00188,0,10,0.005,0.025,6836,0,0,0.1657401989467525,True
3,10,35,60,25,0.00188,0,10,0.005,0.025,6709,0,0,0.1694738411089581,True
3,10,36,60,25,0.00188,0,10,0.005,0.025,6585,0,0,0.17205770690964312,True
3,10,37,60,25,0.00188,0,10,0.005,0.025,6448,0,0,0.17555831265508684,True
3,10,38,60,25,0.00188,0,10,0.005,0.025,6371,0,0,0.1779940354732381,True
3,10,39,60,25,0.00188,0,10,0.005,0.025,6256,0,0,0.18110613810741688,True
3,10,40,60,25,0.00188,0,10,0.005,0.025,6175,0,0,0.1842914979757085,True
3,10,41,60,25,0.00188,0,10,0.005,0.025,7076,0,0,0.2484454494064443,True
3,10,42,60,25,0.00188,0,10,0.005,0.025,7123,0,0,0.24891197529130984,True
3,10,43,60,25,0.00188,0,10,0.005,0.025,7081,0,0,0.25321282304759213,True
3,10,44,60,25,0.00188,0,10,0.005,0.025,7026,0,0,0.25391403358952463,True
3,10,45,60,25,0.00188,0,10,0.005,0.025,6966,0,0,0.2517944300890037,True
3,10,46,60,25,0.00188,0,10,0.005,0.025,6393,0,0,0.223056468011888,True
3,10,47,60,25,0.00188,0,10,0.005,0.025,6167,0,0,0.2182584725149992,True
3,10,48,60,25,0.00188,0,10,0.005,0.025,6066,0,0,0.2194197164523574,True
3,10,49,60,25,0.00188,0,10,0.005,0.025,5972,0,0,0.22136637642330878,True
3,10,50,60,25,0.00188,0,10,0.005,0.025,5899,0,0,0.22376674012544498,True
3,10,51,60,25,0.00188,0,10,0.005,0.025,5814,0,0,0.22583419332645338,True
3,10,52,60,25,0.00188,0,10,0.005,0.025,5744,0,0,0.22858635097493035,True
3,11,1,60,25,0.00188,0,10,0.005,0.025,5670,0,0,0.2306878306878307,True
3,11,2,60,25,0.00188,0,10,0.005,0.025,5598,0,0,0.23222579492675954,True
3,11,3,60,25,0.00188,0,10,0.005,0.025,5532,0,0,0.23481561822125813,True
3,11,4,60,25,0.00188,0,10,0.005,0.025,5462,0,0,0.2380080556572684,True
3,11,5,60,25,0.00188,0,10,0.005,0.025,5411,0,0,0.23932729624838292,True
3,11,6,60,25,0.00188,0,10,0.005,0.025,5339,0,0,0.24124367859149654,True
3,11,7,60,25,0.00188,0,10,0.005,0.025,5283,0,0,0.24171872042400153,True
3,11,8,60,25,0.00188,0,10,0.005,0.025,5207,0,0,0.24371038985980412,True
3,11,9,60,25,0.00188,0,10,0.005,0.025,5136,0,0,0.24669003115264798,True
3,11,10,60,25,0.00188,0,10,0.005,0.025,5065,0,0,0.25074037512339586,True
3,11,11,60,25,0.00188,0,10,0.005,0.025,5006,0,0,0.2528965241709948,True
3,11,12,60,25,0.00188,0,10,0.005,0.025,4943,0,0,0.25369208982399355,True
3,11,13,60,25,0.00188,0,10,0.005,0.025,4885,0,0,0.25649948822927326,True
3,11,14,60,25,0.00188,0,10,0.005,0.025,4811,0,0,0.2587819580128871,True
3,11,15,60,25,0.00188,0,10,0.005,0.025,4757,0,0,0.26150935463527436,True
3,11,16,60,25,0.00188,0,10,0.005,0.025,4706,0,0,0.26306842328941776,True
3,11,17,60,25,0.00188,0,10,0.005,0.025,4656,0,0,0.26718213058419243,True
3,11,18,60,25,0.00188,0,10,0.005,0.025,9928,0,0,0.11784850926672039,True
3,11,19,60,25,0.00188,0,10,0.005,0.025,9699,0,0,0.12094030312403341,True
3,11,20,60,25,0.00188,0,10,0.005,0.025,9444,0,0,0.12335874629394325,True
3,11,21,60,25,0.00188,0,10,0.005,0.025,9190,0,0,0.12720348204570184,True
3,11,22,60,25,0.00188,0,10,0.005,0.025,8998,0,0,0.13014003111802622,True
3,11,23,60,25,0.00188,0,10,0.005,0.025,8819,0,0,0.13380201836942965,True
3,11,24,60,25,0.00188,0,10,0.005,0.025,8631,0,0,0.1364847642219905,True
3,11,25,60,25,0.00188,0,10,0.005,0.025,8459,0,0,0.1398510462229578,True
3,11,26,60,25,0.00188,0,10,0.005,0.025,8281,0,0,0.14225335104455983,True
3,11,27,60,25,0.00188,0,10,0.005,0.025,8098,0,0,0.14620894047913066,True
3,11,28,60,25,0.00188,0,10,0.005,0.025,7926,0,0,0.14976028261418117,True
3,11,29,60,25,0.00188,0,10,0.005,0.025,7731,0,0,0.1526322597335403,True
3,11,30,60,25,0.00188,0,10,0.005,0.025,7580,0,0,0.1571240105540897,True
3,11,31,60,25,0.00188,0,10,0.005,0.025,7382,0,0,0.1614738553237605,True
3,11,32,60,25,0.00188,0,10,0.005,0.025,7246,0,0,0.16422853988407396,True
3,11,33,60,25,0.00188,0,10,0.005,0.025,7101,0,0,0.1681453316434305,True
3,11,34,60,25,0.00188,0,10,0.005,0.025,6946,0,0,0.17218543046357615,True
3,11,35,60,25,0.00188,0,10,0.005,0.025,6814,0,0,0.17522747285001466,True
3,11,36,60,25,0.00188,0,10,0.005,0.025,6679,0,0,0.1778709387632879,True
3,11,37,60,25,0.00188,0,10,0.005,0.025,6535,0,0,0.18179035960214232,True
3,11,38,60,25,0.00188,0,10,0.005,0.025,6447,0,0,0.18551264153870017,True
3,11,39,60,25,0.00188,0,10,0.005,0.025,6327,0,0,0.1879247668721353,True
3,11,40,60,25,0.00188,0,10,0.005,0.025,6236,0,0,0.19034637588197562,True
3,11,41,60,25,0.00188,0,10,0.005,0.025,7038,0,0,0.25021312872975277,True
3,11,42,60,25,0.00188,0,10,0.005,0.025,7158,0,0,0.2636211232187762,True
3,11,43,60,25,0.00188,0,10,0.005,0.025,7147,0,0,0.2651462151951868,True
3,11,44,60,25,0.00188,0,10,0.005,0.025,7099,0,0,0.26538949147767293,True
3,11,45,60,25,0.00188,0,10,0.005,0.025,7012,0,0,0.2648317170564746,True
3,11,46,60,25,0.00188,0,10,0.005,0.025,6441,0,0,0.2350566682192206,True
3,11,47,60,25,0.00188,0,10,0.005,0.025,6278,0,0,0.2293724115960497,True
3,11,48,60,25,0.00188,0,10,0.005,0.025,6149,0,0,0.22605301675069117,True
3,11,49,60,25,0.00188,0,10,0.005,0.025,6023,0,0,0.22314461231944213,True
3,11,50,60,25,0.00188,0,10,0.005,0.025,5928,0,0,0.2265519568151147,True
3,11,51,60,25,0.00188,0,10,0.005,0.025,5826,0,0,0.22674219018194303,True
3,11,52,60,25,0.00188,0,10,0.005,0.025,5749,0,0,0.2283875456601148,True
3,1,1,60,25,0.00355,0,10,0.005,0.025,5485,0,0,0.0027347310847766638,True
3,1,2,60,25,0.00355,0,10,0.005,0.025,5369,0,0,0.005215123859191656,True
3,1,3,60,25,0.00355,0,10,0.005,0.025,5272,0,0,0.007397572078907435,True
3,1,4,60,25,0.00355,0,10,0.005,0.025,5218,0,0,0.009198926791874281,True
3,1,5,60,25,0.00355,0,10,0.005,0.025,5115,0,0,0.010752688172043012,True
3,1,6,60,25,0.00355,0,10,0.005,0.025,5074,0,0,0.013401655498620418,True
3,1,7,60,25,0.00355,0,10,0.005,0.025,5033,0,0,0.015299026425591099,True
3,1,8,60,25,0.00355,0,10,0.005,0.025,4975,0,0,0.016884422110552764,True
3,1,9,60,25,0.00355,0,10,0.005,0.025,4943,0,0,0.017196034796682177,True
3,1,10,60,25,0.00355,0,10,0.005,0.025,4881,0,0,0.01843884449907806,True
3,1,11,60,25,0.00355,0,10,0.005,0.025,4843,0,0,0.02044187487094776,True
3,1,12,60,25,0.00355,0,10,0.005,0.025,4797,0,0,0.022097144048363562,True
3,1,13,60,25,0.00355,0,10,0.005,0.025,4770,0,0,0.02389937106918239,True
3,1,14,60,25,0.00355,0,10,0.005,0.025,4725,0,0,0.025185185185185185,True
3,1,15,60,25,0.00355,0,10,0.005,0.025,4695,0,0,0.0268370607028754,True
3,1,16,60,25,0.00355,0,10,0.005,0.025,4660,0,0,0.028969957081545063,True
3,1,17,60,25,0.00355,0,10,0.005,0.025,4627,0,0,0.03090555435487357,True
3,1,18,60,25,0.00355,0,10,0.005,0.025,13267,0,0,0.012889123388859577,True
3,1,19,60,25,0.00355,0,10,0.005,0.025,12966,0,0,0.014962208853925652,True
3,1,20,60,25,0.00355,0,10,0.005,0.025,12623,0,0,0.016794739760754178,True
3,1,21,60,25,0.00355,0,10,0.005,0.025,12328,0,0,0.0195489941596366,True
3,1,22,60,25,0.00355,0,10,0.005,0.025,12069,0,0,0.02195708012262822,True
3,1,23,60,25,0.00355,0,10,0.005,0.025,11777,0,0,0.023350598624437464,True
3,1,24,60,25,0.00355,0,10,0.005,0.025,11514,0,0,0.026055237102657634,True
3,1,25,60,25,0.00355,0,10,0.005,0.025,11244,0,0,0.028014941302027748,True
3,1,26,60,25,0.00355,0,10,0.005,0.025,10969,0,0,0.029537788312517094,True
3,1,27,60,25,0.00355,0,10,0.005,0.025,10705,0,0,0.03138720224194302,True
3,1,28,60,25,0.00355,0,10,0.005,0.025,10468,0,0,0.033148643484906384,True
3,1,29,60,25,0.00355,0,10,0.005,0.025,10195,0,0,0.03491907797940167,True
3,1,30,60,25,0.00355,0,10,0.005,0.025,9974,0,0,0.03729697212753158,True
3,1,31,60,25,0.00355,0,10,0.005,0.025,9751,0,0,0.03958568351963901,True
3,1,32,60,25,0.00355,0,10,0.005,0.025,9516,0,0,0.04192938209331652,True
3,1,33,60,25,0.00355,0,10,0.005,0.025,9290,0,0,0.044564047362755654,True
3,1,34,60,25,0.00355,0,10,0.005,0.025,9095,0,0,0.04606926882902694,True
3,1,35,60,25,0.00355,0,10,0.005,0.025,8868,0,0,0.04803788903924222,True
3,1,36,60,25,0.00355,0,10,0.005,0.025,8677,0,0,0.05001728708078829,True
3,1,37,60,25,0.00355,0,10,0.005,0.025,8513,0,0,0.052272994244097266,True
3,1,38,60,25,0.00355,0,10,0.005,0.025,8367,0,0,0.05509740647782957,True
3,1,39,60,25,0.00355,0,10,0.005,0.025,8216,0,0,0.0562317429406037,True
3,1,40,60,25,0.00355,0,10,0.005,0.025,8087,0,0,0.05811796710770372,True
3,1,41,60,25,0.00355,0,10,0.005,0.025,8140,0,0,0.0687960687960688,True
3,1,42,60,25,0.00355,0,10,0.005,0.025,8038,0,0,0.07153520776312515,True
3,1,43,60,25,0.00355,0,10,0.005,0.025,7970,0,0,0.07666248431618569,True
3,1,44,60,25,0.00355,0,10,0.005,0.025,7915,0,0,0.07883765003158559,True
3,1,45,60,25,0.00355,0,10,0.005,0.025,7885,0,0,0.08319594166138237,True
3,1,46,60,25,0.00355,0,10,0.005,0.025,7679,0,0,0.07761427269175673,True
3,1,47,60,25,0.00355,0,10,0.005,0.025,7572,0,0,0.07765451664025357,True
3,1,48,60,25,0.00355,0,10,0.005,0.025,7489,0,0,0.0791828014421151,True
3,1,49,60,25,0.00355,0,10,0.005,0.025,7381,0,0,0.07925755317707628,True
3,1,50,60,25,0.00355,0,10,0.005,0.025,7291,0,0,0.08105883966534083,True
3,1,51,60,25,0.00355,0,10,0.005,0.025,7190,0,0,0.08219749652294854,True
3,1,52,60,25,0.00355,0,10,0.005,0.025,7069,0,0,0.08473617201867308,True
3,2,1,60,25,0.00355,0,10,0.005,0.025,6950,10,0,0.08690647482014388,False
3,2,2,60,25,0.00355,0,10,0.005,0.025,6850,10,0,0.0891970802919708,False
3,2,3,60,25,0.00355,0,10,0.005,0.025,6739,10,0,0.09170500074194984,False
3,2,4,60,25,0.00355,0,10,0.005,0.025,6642,10,4,0.09349593495934959,False
3,2,5,60,25,0.00355,0,10,0.005,0.025,6531,10,6,0.0949318634206094,False
3,2,6,60,25,0.00355,0,10,0.005,0.025,6422,12,3,0.0970102771722205,False
3,2,7,60,25,0.00355,0,10,0.005,0.025,6307,10,7,0.0990962422704931,False
3,2,8,60,25,0.00355,0,10,0.005,0.025,6211,10,7,0.09982289486395106,False
3,2,9,60,25,0.00355,0,10,0.005,0.025,6099,4,1,0.10247581570749303,False
3,2,10,60,25,0.00355,0,10,0.005,0.025,5992,3,1,0.1048064085447263,False
3,2,11,60,25,0.00355,0,10,0.005,0.025,5911,3,2,0.1060734224327525,False
3,2,12,60,25,0.00355,0,10,0.005,0.025,5832,4,1,0.1071673525377229,False
3,2,13,60,25,0.00355,0,10,0.005,0.025,5747,3,1,0.10927440403688882,False
3,2,14,60,25,0.00355,0,10,0.005,0.025,5661,4,1,0.10934463875640346,False
3,2,15,60,25,0.00355,0,10,0.005,0.025,5561,3,1,0.1104117964394893,False
3,2,16,60,25,0.00355,0,10,0.005,0.025,5486,4,2,0.11319722931097338,False
3,2,17,60,25,0.00355,0,10,0.005,0.025,5388,5,2,0.11432813659985153,False
3,2,18,60,25,0.00355,0,10,0.005,0.025,11000,5,1,0.05709090909090909,False
3,2,19,60,25,0.00355,0,10,0.005,0.025,10784,4,0,0.05925445103857567,False
3,2,20,60,25,0.00355,0,10,0.005,0.025,10555,4,1,0.06224538133585978,False
3,2,21,60,25,0.00355,0,10,0.005,0.025,10290,6,2,0.06588921282798833,False
3,2,22,60,25,0.00355,0,10,0.005,0.025,10075,4,2,0.06908188585607941,False
3,2,23,60,25,0.00355,0,10,0.005,0.025,9864,8,4,0.07208029197080291,False
3,2,24,60,25,0.00355,0,10,0.005,0.025,9621,7,2,0.075148113501715,False
3,2,25,60,25,0.00355,0,10,0.005,0.025,9385,5,1,0.07714437932871604,False
3,2,26,60,25,0.00355,0,10,0.005,0.025,9176,5,1,0.07988230165649521,False
3,2,27,60,25,0.00355,0,10,0.005,0.025,8968,4,0,0.08206958073148975,False
3,2,28,60,25,0.00355,0,10,0.005,0.025,8827,3,0,0.08428684717344512,False
3,2,29,60,25,0.00355,0,10,0.005,0.025,8677,3,2,0.08701163996773079,False
3,2,30,60,25,0.00355,0,10,0.005,0.025,8490,2,1,0.08822143698468787,False
3,2,31,60,25,0.00355,0,10,0.005,0.025,8321,1,0,0.09025357529143131,False
3,2,32,60,25,0.00355,0,10,0.005,0.025,8137,1,1,0.0919257711687354,False
3,2,33,60,25,0.00355,0,10,0.005,0.025,8004,2,1,0.09470264867566217,False
3,2,34,60,25,0.00355,0,10,0.005,0.025,7867,1,0,0.09724164230329223,False
3,2,35,60,25,0.00355,0,10,0.005,0.025,7732,1,0,0.09984480082772892,False
3,2,36,60,25,0.00355,0,10,0.005,0.025,7566,1,0,0.10111022997620936,False
3,2,37,60,25,0.00355,0,10,0.005,0.025,7447,1,1,0.10380018799516584,False
3,2,38,60,25,0.00355,0,10,0.005,0.025,7330,2,1,0.10613915416098227,False
3,2,39,60,25,0.00355,0,10,0.005,0.025,7235,1,0,0.1096060815480304,False
3,2,40,60,25,0.00355,0,10,0.005,0.025,7107,1,0,0.11087660053468411,False
3,2,41,60,25,0.00355,0,10,0.005,0.025,7361,1,1,0.13680206493682923,False
3,2,42,60,25,0.00355,0,10,0.005,0.025,7339,2,1,0.1422537130399237,False
3,2,43,60,25,0.00355,0,10,0.005,0.025,7271,1,0,0.1422087745839637,False
3,2,44,60,25,0.00355,0,10,0.005,0.025,7241,1,0,0.1444551857478249,False
3,2,45,60,25,0.00355,0,10,0.005,0.025,7210,1,0,0.14868238557558947,False
3,2,46,60,25,0.00355,0,10,0.005,0.025,6941,1,1,0.13499495749891946,False
3,2,47,60,25,0.00355,0,10,0.005,0.025,6847,2,1,0.13480356360449833,False
3,2,48,60,25,0.00355,0,10,0.005,0.025,6731,1,0,0.13460109939087803,False
3,2,49,60,25,0.00355,0,10,0.005,0.025,6617,1,0,0.13555992141453832,False
3,2,50,60,25,0.00355,0,10,0.005,0.025,6553,1,0,0.13734167556844193,False
3,2,51,60,25,0.00355,0,10,0.005,0.025,6472,1,0,0.13983312731767614,False
3,2,52,60,25,0.00355,0,10,0.005,0.025,6395,1,0,0.1419859265050821,False
3,3,1,60,25,0.00355,0,10,0.005,0.025,6328,1,1,0.1447534766118837,False
3,3,2,60,25,0.00355,0,10,0.005,0.025,6252,1,1,0.14683301343570057,False
3,3,3,60,25,0.00355,0,10,0.005,0.025,6189,0,0,0.14832767813863307,True
3,3,4,60,25,0.00355,0,10,0.005,0.025,6112,0,0,0.15101439790575916,True
3,3,5,60,25,0.00355,0,10,0.005,0.025,6021,0,0,0.15346287992027902,True
3,3,6,60,25,0.00355,0,10,0.005,0.025,5938,0,0,0.15577635567531156,True
3,3,7,60,25,0.00355,0,10,0.005,0.025,5858,0,0,0.15790372140662343,True
3,3,8,60,25,0.00355,0,10,0.005,0.025,5792,0,0,0.15935773480662985,True
3,3,9,60,25,0.00355,0,10,0.005,0.025,5721,0,0,0.15958748470547107,True
3,3,10,60,25,0.00355,0,10,0.005,0.025,5658,0,0,0.1606574761399788,True
3,3,11,60,25,0.00355,0,10,0.005,0.025,5598,0,0,0.16327259735619865,True
3,3,12,60,25,0.00355,0,10,0.005,0.025,5512,0,0,0.16491291727140783,True
3,3,13,60,25,0.00355,0,10,0.005,0.025,5444,0,0,0.165686994856723,True
3,3,14,60,25,0.00355,0,10,0.005,0.025,5383,0,0,0.16719301504737136,True
3,3,15,60,25,0.00355,0,10,0.005,0.025,5318,0,0,0.16848439262880782,True
3,3,16,60,25,0.00355,0,10,0.005,0.025,5246,0,0,0.17079679756004576,True
3,3,17,60,25,0.00355,0,10,0.005,0.025,5184,0,0,0.1732253086419753,True
3,3,18,60,25,0.00355,0,10,0.005,0.025,12067,0,0,0.07516366951189193,True
3,3,19,60,25,0.00355,0,10,0.005,0.025,11804,0,0,0.07853270077939681,True
3,3,20,60,25,0.00355,0,10,0.005,0.025,11486,0,0,0.08244819780602472,True
3,3,21,60,25,0.00355,0,10,0.005,0.025,11209,0,0,0.08457489517352128,True
3,3,22,60,25,0.00355,0,10,0.005,0.025,10965,0,0,0.08755129958960328,True
3,3,23,60,25,0.00355,0,10,0.005,0.025,10698,0,0,0.0890820714152178,True
3,3,24,60,25,0.00355,0,10,0.005,0.025,10410,0,0,0.09269932756964457,True
3,3,25,60,25,0.00355,0,10,0.005,0.025,10156,0,0,0.09590389917290272,True
3,3,26,60,25,0.00355,0,10,0.005,0.025,9908,0,0,0.099616471538151,True
3,3,27,60,25,0.00355,0,10,0.005,0.025,9640,0,0,0.10217842323651452,True
3,3,28,60,25,0.00355,0,10,0.005,0.025,9425,0,0,0.10472148541114058,True
3,3,29,60,25,0.00355,0,10,0.005,0.025,9185,0,0,0.10778443113772455,True
3,3,30,60,25,0.00355,0,10,0.005,0.025,9022,0,0,0.1100642872977167,True
3,3,31,60,25,0.00355,0,10,0.005,0.025,8860,0,0,0.1126410835214447,True
3,3,32,60,25,0.00355,0,10,0.005,0.025,8652,0,0,0.11511789181692095,True
3,3,33,60,25,0.00355,0,10,0.005,0.025,8449,0,0,0.11883063084388686,True
3,3,34,60,25,0.00355,0,10,0.005,0.025,8267,0,0,0.1230192330954397,True
3,3,35,60,25,0.00355,0,10,0.005,0.025,8063,0,0,0.12712389929306708,True
3,3,36,60,25,0.00355,0,10,0.005,0.025,7917,0,0,0.1290893015030946,True
3,3,37,60,25,0.00355,0,10,0.005,0.025,7777,0,0,0.13154172560113153,True
3,3,38,60,25,0.00355,0,10,0.005,0.025,7658,0,0,0.1338469574301384,True
3,3,39,60,25,0.00355,0,10,0.005,0.025,7558,0,0,0.13627943900502779,True
3,3,40,60,25,0.00355,0,10,0.005,0.025,7446,0,0,0.1377921031426269,True
3,3,41,60,25,0.00355,0,10,0.005,0.025,7842,0,0,0.16998214741137466,True
3,3,42,60,25,0.00355,0,10,0.005,0.025,7822,0,0,0.17668115571465098,True
3,3,43,60,25,0.00355,0,10,0.005,0.025,7762,0,0,0.17611440350425148,True
3,3,44,60,25,0.00355,0,10,0.005,0.025,7715,0,0,0.18055735580038884,True
3,3,45,60,25,0.00355,0,10,0.005,0.025,7663,0,0,0.18086911131410674,True
3,3,46,60,25,0.00355,0,10,0.005,0.025,7359,0,0,0.16999592335915206,True
3,3,47,60,25,0.00355,0,10,0.005,0.025,7233,0,0,0.1697774090971934,True
3,3,48,60,25,0.00355,0,10,0.005,0.025,7124,0,0,0.17153284671532848,True
3,3,49,60,25,0.00355,0,10,0.005,0.025,7014,0,0,0.17322497861420016,True
3,3,50,60,25,0.00355,0,10,0.005,0.025,6945,0,0,0.17494600431965443,True
3,3,51,60,25,0.00355,0,10,0.005,0.025,6852,0,0,0.17483946293053124,True
3,3,52,60,25,0.00355,0,10,0.005,0.025,6765,0,0,0.17812269031781228,True
3,4,1,60,25,0.00355,0,10,0.005,0.025,6696,0,0,0.1820489844683393,True
3,4,2,60,25,0.00355,0,10,0.005,0.025,6616,0,0,0.18591293833131803,True
3,4,3,60,25,0.00355,0,10,0.005,0.025,6513,0,0,0.18639643789344387,True
3,4,4,60,25,0.00355,0,10,0.005,0.025,6435,0,0,0.18974358974358974,True
3,4,5,60,25,0.00355,0,10,0.005,0.025,6361,0,0,0.19069328721899073,True
3,4,6,60,25,0.00355,0,10,0.005,0.025,6297,0,0,0.19406066380816261,True
3,4,7,60,25,0.00355,0,10,0.005,0.025,6224,0,0,0.1953727506426735,True
3,4,8,60,25,0.00355,0,10,0.005,0.025,6146,0,0,0.19915392124959322,True
3,4,9,60,25,0.00355,0,10,0.005,0.025,6067,0,0,0.20306576561727377,True
3,4,10,60,25,0.00355,0,10,0.005,0.025,5994,0,0,0.2057057057057057,True
3,4,11,60,25,0.00355,0,10,0.005,0.025,5894,0,0,0.20783847980997625,True
3,4,12,60,25,0.00355,0,10,0.005,0.025,5820,0,0,0.2104810996563574,True
3,4,13,60,25,0.00355,0,10,0.005,0.025,5756,0,0,0.21421125781792913,True
3,4,14,60,25,0.00355,0,10,0.005,0.025,5697,0,0,0.21730735474811305,True
3,4,15,60,25,0.00355,0,10,0.005,0.025,5609,0,0,0.22142984489213763,True
3,4,16,60,25,0.00355,0,10,0.005,0.025,5540,0,0,0.22563176895306858,True
3,4,17,60,25,0.00355,0,10,0.005,0.025,5468,0,0,0.22896854425749816,True
3,4,18,60,25,0.00355,0,10,0.005,0.025,12425,0,0,0.10148893360160965,True
3,4,19,60,25,0.00355,0,10,0.005,0.025,12194,0,0,0.1044776119402985,True
3,4,20,60,25,0.00355,0,10,0.005,0.025,11903,0,0,0.1076199277493069,True
3,4,21,60,25,0.00355,0,10,0.005,0.025,11622,0,0,0.11142660471519532,True
3,4,22,60,25,0.00355,0,10,0.005,0.025,11363,0,0,0.11440640675877849,True
3,4,23,60,25,0.00355,0,10,0.005,0.025,11083,0,0,0.11765767391500496,True
3,4,24,60,25,0.00355,0,10,0.005,0.025,10787,0,0,0.12134977287475665,True
3,4,25,60,25,0.00355,0,10,0.005,0.025,10539,0,0,0.1234462472720372,True
3,4,26,60,25,0.00355,0,10,0.005,0.025,10306,0,0,0.12730448282553852,True
3,4,27,60,25,0.00355,0,10,0.005,0.025,10071,0,0,0.12928209711051533,True
3,4,28,60,25,0.00355,0,10,0.005,0.025,9801,0,0,0.1324354657687991,True
3,4,29,60,25,0.00355,0,10,0.005,0.025,9585,0,0,0.13489827856025038,True
3,4,30,60,25,0.00355,0,10,0.005,0.025,9389,0,0,0.13792736180636916,True
3,4,31,60,25,0.00355,0,10,0.005,0.025,9171,0,0,0.1404426998146331,True
3,4,32,60,25,0.00355,0,10,0.005,0.025,8999,0,0,0.1439048783198133,True
3,4,33,60,25,0.00355,0,10,0.005,0.025,8764,0,0,0.14753537197626654,True
3,4,34,60,25,0.00355,0,10,0.005,0.025,8543,0,0,0.1507667095867962,True
3,4,35,60,25,0.00355,0,10,0.005,0.025,8356,0,0,0.1554571565342269,True
3,4,36,60,25,0.00355,0,10,0.005,0.025,8149,0,0,0.1587924898760584,True
3,4,37,60,25,0.00355,0,10,0.005,0.025,7968,0,0,0.16302710843373494,True
3,4,38,60,25,0.00355,0,10,0.005,0.025,7837,0,0,0.16524180170983796,True
3,4,39,60,25,0.00355,0,10,0.005,0.025,7725,0,0,0.16828478964401294,True
3,4,40,60,25,0.00355,0,10,0.005,0.025,7623,0,0,0.17119244391971664,True
3,4,41,60,25,0.00355,0,10,0.005,0.025,7914,0,0,0.19585544604498356,True
3,4,42,60,25,0.00355,0,10,0.005,0.025,7875,0,0,0.19936507936507936,True
3,4,43,60,25,0.00355,0,10,0.005,0.025,7789,0,0,0.19732956733855436,True
3,4,44,60,25,0.00355,0,10,0.005,0.025,7738,0,0,0.20005169294391315,True
3,4,45,60,25,0.00355,0,10,0.005,0.025,7711,0,0,0.20542082738944364,True
3,4,46,60,25,0.00355,0,10,0.005,0.025,7462,0,0,0.19471991423210935,True
3,4,47,60,25,0.00355,0,10,0.005,0.025,7366,0,0,0.19399945696443116,True
3,4,48,60,25,0.00355,0,10,0.005,0.025,7275,0,0,0.19683848797250858,True
3,4,49,60,25,0.00355,0,10,0.005,0.025,7196,0,0,0.19941634241245138,True
3,4,50,60,25,0.00355,0,10,0.005,0.025,7094,0,0,0.2015787989850578,True
3,4,51,60,25,0.00355,0,10,0.005,0.025,6984,0,0,0.2047537227949599,True
3,4,52,60,25,0.00355,0,10,0.005,0.025,6886,0,0,0.2066511762997386,True
3,5,1,60,25,0.00355,0,10,0.005,0.025,6788,0,0,0.20830878020035357,True
3,5,2,60,25,0.00355,0,10,0.005,0.025,6687,0,0,0.20995962314939434,True
3,5,3,60,25,0.00355,0,10,0.005,0.025,6618,0,0,0.21350861287398004,True
3,5,4,60,25,0.00355,0,10,0.005,0.025,6534,0,0,0.21763085399449036,True
3,5,5,60,25,0.00355,0,10,0.005,0.025,6444,0,0,0.2202048417132216,True
3,5,6,60,25,0.00355,0,10,0.005,0.025,6356,0,0,0.22262429200755193,True
3,5,7,60,25,0.00355,0,10,0.005,0.025,6276,0,0,0.22450605481198216,True
3,5,8,60,25,0.00355,0,10,0.005,0.025,6193,0,0,0.2259002099144195,True
3,5,9,60,25,0.00355,0,10,0.005,0.025,6111,0,0,0.22893143511700212,True
3,5,10,60,25,0.00355,0,10,0.005,0.025,6024,0,0,0.23140770252324036,True
3,5,11,60,25,0.00355,0,10,0.005,0.025,5956,0,0,0.23354600402955003,True
3,5,12,60,25,0.00355,0,10,0.005,0.025,5891,0,0,0.23629264980478695,True
3,5,13,60,25,0.00355,0,10,0.005,0.025,5816,0,0,0.23951169188445667,True
3,5,14,60,25,0.00355,0,10,0.005,0.025,5742,0,0,0.2415534656913967,True
3,5,15,60,25,0.00355,0,10,0.005,0.025,5680,0,0,0.24419014084507043,True
3,5,16,60,25,0.00355,0,10,0.005,0.025,5614,0,0,0.24545778411115068,True
3,5,17,60,25,0.00355,0,10,0.005,0.025,5542,0,0,0.24702273547455791,True
3,5,18,60,25,0.00355,0,10,0.005,0.025,12323,0,0,0.11166112148015905,True
3,5,19,60,25,0.00355,0,10,0.005,0.025,12040,0,0,0.11428571428571428,True
3,5,20,60,25,0.00355,0,10,0.005,0.025,11778,0,0,0.11674308031923926,True
3,5,21,60,25,0.00355,0,10,0.005,0.025,11483,0,0,0.1201776539231908,True
3,5,22,60,25,0.00355,0,10,0.005,0.025,11188,0,0,0.12325706113693242,True
3,5,23,60,25,0.00355,0,10,0.005,0.025,10945,0,0,0.12608497030607582,True
3,5,24,60,25,0.00355,0,10,0.005,0.025,10682,0,0,0.12965736753416962,True
3,5,25,60,25,0.00355,0,10,0.005,0.025,10429,0,0,0.1337616262345383,True
3,5,26,60,25,0.00355,0,10,0.005,0.025,10204,0,0,0.13690709525676206,True
3,5,27,60,25,0.00355,0,10,0.005,0.025,9982,0,0,0.14095371669004209,True
3,5,28,60,25,0.00355,0,10,0.005,0.025,9733,0,0,0.14312133977191,True
3,5,29,60,25,0.00355,0,10,0.005,0.025,9553,0,0,0.14717889668167067,True
3,5,30,60,25,0.00355,0,10,0.005,0.025,9367,0,0,0.14999466211166862,True
3,5,31,60,25,0.00355,0,10,0.005,0.025,9178,0,0,0.1537371976465461,True
3,5,32,60,25,0.00355,0,10,0.005,0.025,8923,0,0,0.15555306511263028,True
3,5,33,60,25,0.00355,0,10,0.005,0.025,8747,0,0,0.1590259517548874,True
3,5,34,60,25,0.00355,0,10,0.005,0.025,8548,0,0,0.1620262049602246,True
3,5,35,60,25,0.00355,0,10,0.005,0.025,8335,0,0,0.16520695860827833,True
3,5,36,60,25,0.00355,0,10,0.005,0.025,8158,0,0,0.1692816866879137,True
3,5,37,60,25,0.00355,0,10,0.005,0.025,8015,0,0,0.1703056768558952,True
3,5,38,60,25,0.00355,0,10,0.005,0.025,7906,0,0,0.17202124968378446,True
3,5,39,60,25,0.00355,0,10,0.005,0.025,7804,0,0,0.1750384418247053,True
3,5,40,60,25,0.00355,0,10,0.005,0.025,7675,0,0,0.17811074918566774,True
3,5,41,60,25,0.00355,0,10,0.005,0.025,8001,0,0,0.20259967504061993,True
3,5,42,60,25,0.00355,0,10,0.005,0.025,7969,0,0,0.20441711632576232,True
3,5,43,60,25,0.00355,0,10,0.005,0.025,7905,0,0,0.20695762175838078,True
3,5,44,60,25,0.00355,0,10,0.005,0.025,7860,0,0,0.2094147582697201,True
3,5,45,60,25,0.00355,0,10,0.005,0.025,7814,0,0,0.21064755566931148,True
3,5,46,60,25,0.00355,0,10,0.005,0.025,7559,0,0,0.20306918904617013,True
3,5,47,60,25,0.00355,0,10,0.005,0.025,7427,0,0,0.202100444324761,True
3,5,48,60,25,0.00355,0,10,0.005,0.025,7340,0,0,0.20381471389645778,True
3,5,49,60,25,0.00355,0,10,0.005,0.025,7250,0,0,0.2063448275862069,True
3,5,50,60,25,0.00355,0,10,0.005,0.025,7157,0,0,0.20776861813609054,True
3,5,51,60,25,0.00355,0,10,0.005,0.025,7062,0,0,0.21042197677711696,True
3,5,52,60,25,0.00355,0,10,0.005,0.025,6985,0,0,0.2133142448103078,True
3,6,1,60,25,0.00355,0,10,0.005,0.025,6886,0,0,0.21638106302643043,True
3,6,2,60,25,0.00355,0,10,0.005,0.025,6792,0,0,0.21893404004711425,True
3,6,3,60,25,0.00355,0,10,0.005,0.025,6721,0,0,0.22169320041660467,True
3,6,4,60,25,0.00355,0,10,0.005,0.025,6637,0,0,0.22329365677263824,True
3,6,5,60,25,0.00355,0,10,0.005,0.025,6557,0,0,0.22586548726551778,True
3,6,6,60,25,0.00355,0,10,0.005,0.025,6469,0,0,0.22862884526201885,True
3,6,7,60,25,0.00355,0,10,0.005,0.025,6395,0,0,0.23049257232212667,True
3,6,8,60,25,0.00355,0,10,0.005,0.025,6324,0,0,0.23181530676786843,True
3,6,9,60,25,0.00355,0,10,0.005,0.025,6235,0,0,0.23480352846832397,True
3,6,10,60,25,0.00355,0,10,0.005,0.025,6151,0,0,0.23752235408876604,True
3,6,11,60,25,0.00355,0,10,0.005,0.025,6072,0,0,0.24127140974967062,True
3,6,12,60,25,0.00355,0,10,0.005,0.025,5986,0,0,0.24356832609421986,True
3,6,13,60,25,0.00355,0,10,0.005,0.025,5922,0,0,0.24468085106382978,True
3,6,14,60,25,0.00355,0,10,0.005,0.025,5846,0,0,0.2461512145056449,True
3,6,15,60,25,0.00355,0,10,0.005,0.025,5772,0,0,0.2480942480942481,True
3,6,16,60,25,0.00355,0,10,0.005,0.025,5710,0,0,0.2520140105078809,True
3,6,17,60,25,0.00355,0,10,0.005,0.025,5629,0,0,0.2538639189909398,True
3,6,18,60,25,0.00355,0,10,0.005,0.025,12680,0,0,0.11443217665615142,True
3,6,19,60,25,0.00355,0,10,0.005,0.025,12460,0,0,0.11773675762439807,True
3,6,20,60,25,0.00355,0,10,0.005,0.025,12155,0,0,0.12069107363225011,True
3,6,21,60,25,0.00355,0,10,0.005,0.025,11869,0,0,0.1248630887185104,True
3,6,22,60,25,0.00355,0,10,0.005,0.025,11582,0,0,0.1290796062856156,True
3,6,23,60,25,0.00355,0,10,0.005,0.025,11304,0,0,0.13181174805378626,True
3,6,24,60,25,0.00355,0,10,0.005,0.025,11029,0,0,0.1357330673678484,True
3,6,25,60,25,0.00355,0,10,0.005,0.025,10763,0,0,0.139366347672582,True
3,6,26,60,25,0.00355,0,10,0.005,0.025,10527,0,0,0.14239574427662202,True
3,6,27,60,25,0.00355,0,10,0.005,0.025,10286,0,0,0.14631538012832976,True
3,6,28,60,25,0.00355,0,10,0.005,0.025,10057,0,0,0.14905041264790694,True
3,6,29,60,25,0.00355,0,10,0.005,0.025,9847,0,0,0.1513151213567584,True
3,6,30,60,25,0.00355,0,10,0.005,0.025,9628,0,0,0.15299127544661403,True
3,6,31,60,25,0.00355,0,10,0.005,0.025,9375,0,0,0.1568,True
3,6,32,60,25,0.00355,0,10,0.005,0.025,9177,0,0,0.16007409828920127,True
3,6,33,60,25,0.00355,0,10,0.005,0.025,9002,0,0,0.16263052654965562,True
3,6,34,60,25,0.00355,0,10,0.005,0.025,8822,0,0,0.16560870550895487,True
3,6,35,60,25,0.00355,0,10,0.005,0.025,8622,0,0,0.16805845511482254,True
3,6,36,60,25,0.00355,0,10,0.005,0.025,8414,0,0,0.17197527929641074,True
3,6,37,60,25,0.00355,0,10,0.005,0.025,8216,0,0,0.17526777020447906,True
3,6,38,60,25,0.00355,0,10,0.005,0.025,8097,0,0,0.1777201432629369,True
3,6,39,60,25,0.00355,0,10,0.005,0.025,7977,0,0,0.17951610881283692,True
3,6,40,60,25,0.00355,0,10,0.005,0.025,7873,0,0,0.1835386764892671,True
3,6,41,60,25,0.00355,0,10,0.005,0.025,8154,0,0,0.2071376011773363,True
3,6,42,60,25,0.00355,0,10,0.005,0.025,8099,0,0,0.2106432892949747,True
3,6,43,60,25,0.00355,0,10,0.005,0.025,8087,0,0,0.21355261530851985,True
3,6,44,60,25,0.00355,0,10,0.005,0.025,8028,0,0,0.21723966118584953,True
3,6,45,60,25,0.00355,0,10,0.005,0.025,7935,0,0,0.21713925645872717,True
3,6,46,60,25,0.00355,0,10,0.005,0.025,7651,0,0,0.20611684747091882,True
3,6,47,60,25,0.00355,0,10,0.005,0.025,7551,0,0,0.20633028737915507,True
3,6,48,60,25,0.00355,0,10,0.005,0.025,7433,0,0,0.20799138974841921,True
3,6,49,60,25,0.00355,0,10,0.005,0.025,7347,0,0,0.20988158432013065,True
3,6,50,60,25,0.00355,0,10,0.005,0.025,7258,0,0,0.21355745384403416,True
3,6,51,60,25,0.00355,0,10,0.005,0.025,7137,0,0,0.21591705198262576,True
3,6,52,60,25,0.00355,0,10,0.005,0.025,7048,0,0,0.2180760499432463,True
3,7,1,60,25,0.00355,0,10,0.005,0.025,6948,0,0,0.22078295912492804,True
3,7,2,60,25,0.00355,0,10,0.005,0.025,6851,0,0,0.22332506203473945,True
3,7,3,60,25,0.00355,0,10,0.005,0.025,6757,0,0,0.22495190173153767,True
3,7,4,60,25,0.00355,0,10,0.005,0.025,6674,0,0,0.22774947557686545,True
3,7,5,60,25,0.00355,0,10,0.005,0.025,6605,0,0,0.23043149129447388,True
3,7,6,60,25,0.00355,0,10,0.005,0.025,6534,0,0,0.2344658708295072,True
3,7,7,60,25,0.00355,0,10,0.005,0.025,6459,0,0,0.23564019198018268,True
3,7,8,60,25,0.00355,0,10,0.005,0.025,6357,0,0,0.2378480415290231,True
3,7,9,60,25,0.00355,0,10,0.005,0.025,6286,0,0,0.2410117721921731,True
3,7,10,60,25,0.00355,0,10,0.005,0.025,6208,0,0,0.24323453608247422,True
3,7,11,60,25,0.00355,0,10,0.005,0.025,6142,0,0,0.246662324975578,True
3,7,12,60,25,0.00355,0,10,0.005,0.025,6058,0,0,0.2485968966655662,True
3,7,13,60,25,0.00355,0,10,0.005,0.025,5985,0,0,0.2506265664160401,True
3,7,14,60,25,0.00355,0,10,0.005,0.025,5901,0,0,0.253007964751737,True
3,7,15,60,25,0.00355,0,10,0.005,0.025,5829,0,0,0.256990907531309,True
3,7,16,60,25,0.00355,0,10,0.005,0.025,5757,0,0,0.25933645996178567,True
3,7,17,60,25,0.00355,0,10,0.005,0.025,5679,0,0,0.2613136115513295,True
3,7,18,60,25,0.00355,0,10,0.005,0.025,12747,0,0,0.1173609476739625,True
3,7,19,60,25,0.00355,0,10,0.005,0.025,12461,0,0,0.12053607254634459,True
3,7,20,60,25,0.00355,0,10,0.005,0.025,12211,0,0,0.12382278273687658,True
3,7,21,60,25,0.00355,0,10,0.005,0.025,11905,0,0,0.12767744645107099,True
3,7,22,60,25,0.00355,0,10,0.005,0.025,11630,0,0,0.1306104901117799,True
3,7,23,60,25,0.00355,0,10,0.005,0.025,11377,0,0,0.13395446954381648,True
3,7,24,60,25,0.00355,0,10,0.005,0.025,11104,0,0,0.1371577809798271,True
3,7,25,60,25,0.00355,0,10,0.005,0.025,10839,0,0,0.1401420795276317,True
3,7,26,60,25,0.00355,0,10,0.005,0.025,10580,0,0,0.1433837429111531,True
3,7,27,60,25,0.00355,0,10,0.005,0.025,10360,0,0,0.147007722007722,True
3,7,28,60,25,0.00355,0,10,0.005,0.025,10096,0,0,0.15025752773375595,True
3,7,29,60,25,0.00355,0,10,0.005,0.025,9898,0,0,0.15356637704586784,True
3,7,30,60,25,0.00355,0,10,0.005,0.025,9689,0,0,0.1558468366188461,True
3,7,31,60,25,0.00355,0,10,0.005,0.025,9430,0,0,0.15874867444326618,True
3,7,32,60,25,0.00355,0,10,0.005,0.025,9235,0,0,0.16307525717379534,True
3,7,33,60,25,0.00355,0,10,0.005,0.025,9073,0,0,0.16587677725118483,True
3,7,34,60,25,0.00355,0,10,0.005,0.025,8915,0,0,0.16948962422882782,True
3,7,35,60,25,0.00355,0,10,0.005,0.025,8709,0,0,0.17349867952692616,True
3,7,36,60,25,0.00355,0,10,0.005,0.025,8574,0,0,0.17728014928854677,True
3,7,37,60,25,0.00355,0,10,0.005,0.025,8407,0,0,0.18115855834423694,True
3,7,38,60,25,0.00355,0,10,0.005,0.025,8284,0,0,0.18457267020762916,True
3,7,39,60,25,0.00355,0,10,0.005,0.025,8177,0,0,0.18649871591048062,True
3,7,40,60,25,0.00355,0,10,0.005,0.025,8057,0,0,0.18902817425840884,True
3,7,41,60,25,0.00355,0,10,0.005,0.025,8358,0,0,0.21177315147164394,True
3,7,42,60,25,0.00355,0,10,0.005,0.025,8329,0,0,0.21791331492376034,True
3,7,43,60,25,0.00355,0,10,0.005,0.025,8278,0,0,0.22167190142546508,True
3,7,44,60,25,0.00355,0,10,0.005,0.025,8222,0,0,0.22476283142787642,True
3,7,45,60,25,0.00355,0,10,0.005,0.025,8119,0,0,0.22256435521615964,True
3,7,46,60,25,0.00355,0,10,0.005,0.025,7821,0,0,0.21570131696713976,True
3,7,47,60,25,0.00355,0,10,0.005,0.025,7710,0,0,0.21556420233463036,True
3,7,48,60,25,0.00355,0,10,0.005,0.025,7595,0,0,0.21737985516787361,True
3,7,49,60,25,0.00355,0,10,0.005,0.025,7494,0,0,0.2204430210835335,True
3,7,50,60,25,0.00355,0,10,0.005,0.025,7411,0,0,0.22277695317770882,True
3,7,51,60,25,0.00355,0,10,0.005,0.025,7336,0,0,0.22287350054525626,True
3,7,52,60,25,0.00355,0,10,0.005,0.025,7260,0,0,0.22548209366391184,True
3,8,1,60,25,0.00355,0,10,0.005,0.025,7163,0,0,0.228395923495742,True
3,8,2,60,25,0.00355,0,10,0.005,0.025,7071,0,0,0.23193324847970584,True
3,8,3,60,25,0.00355,0,10,0.005,0.025,6973,0,0,0.2344758353649792,True
3,8,4,60,25,0.00355,0,10,0.005,0.025,6866,0,0,0.23579959219341684,True
3,8,5,60,25,0.00355,0,10,0.005,0.025,6764,0,0,0.23876404494382023,True
3,8,6,60,25,0.00355,0,10,0.005,0.025,6681,0,0,0.24173027989821882,True
3,8,7,60,25,0.00355,0,10,0.005,0.025,6615,0,0,0.2436885865457294,True
3,8,8,60,25,0.00355,0,10,0.005,0.025,6543,0,0,0.24621733149931224,True
3,8,9,60,25,0.00355,0,10,0.005,0.025,6469,0,0,0.24903385376410572,True
3,8,10,60,25,0.00355,0,10,0.005,0.025,6407,0,0,0.2512876541282972,True
3,8,11,60,25,0.00355,0,10,0.005,0.025,6323,0,0,0.2532025937055195,True
3,8,12,60,25,0.00355,0,10,0.005,0.025,6249,0,0,0.25684109457513205,True
3,8,13,60,25,0.00355,0,10,0.005,0.025,6163,0,0,0.2596138244361512,True
3,8,14,60,25,0.00355,0,10,0.005,0.025,6099,0,0,0.2618462042957862,True
3,8,15,60,25,0.00355,0,10,0.005,0.025,6036,0,0,0.2639165009940358,True
3,8,16,60,25,0.00355,0,10,0.005,0.025,5962,0,0,0.2651794699765179,True
3,8,17,60,25,0.00355,0,10,0.005,0.025,5897,0,0,0.26742411395624893,True
3,8,18,60,25,0.00355,0,10,0.005,0.025,13332,0,0,0.11941194119411941,True
3,8,19,60,25,0.00355,0,10,0.005,0.025,13053,0,0,0.12219413161725273,True
3,8,20,60,25,0.00355,0,10,0.005,0.025,12744,0,0,0.12531387319522913,True
3,8,21,60,25,0.00355,0,10,0.005,0.025,12423,0,0,0.1290348547049827,True
3,8,22,60,25,0.00355,0,10,0.005,0.025,12124,0,0,0.1329594193335533,True
3,8,23,60,25,0.00355,0,10,0.005,0.025,11816,0,0,0.1368483412322275,True
3,8,24,60,25,0.00355,0,10,0.005,0.025,11515,0,0,0.13999131567520626,True
3,8,25,60,25,0.00355,0,10,0.005,0.025,11231,0,0,0.143086100970528,True
3,8,26,60,25,0.00355,0,10,0.005,0.025,11010,0,0,0.14668483197093551,True
3,8,27,60,25,0.00355,0,10,0.005,0.025,10764,0,0,0.14994425863991082,True
3,8,28,60,25,0.00355,0,10,0.005,0.025,10541,0,0,0.15340100559719191,True
3,8,29,60,25,0.00355,0,10,0.005,0.025,10339,0,0,0.1561079408066544,True
3,8,30,60,25,0.00355,0,10,0.005,0.025,10112,0,0,0.1596123417721519,True
3,8,31,60,25,0.00355,0,10,0.005,0.025,9892,0,0,0.16285887585928022,True
3,8,32,60,25,0.00355,0,10,0.005,0.025,9671,0,0,0.16627029262744286,True
3,8,33,60,25,0.00355,0,10,0.005,0.025,9473,0,0,0.17016784545550512,True
3,8,34,60,25,0.00355,0,10,0.005,0.025,9244,0,0,0.17384249242752056,True
3,8,35,60,25,0.00355,0,10,0.005,0.025,9020,0,0,0.17738359201773837,True
3,8,36,60,25,0.00355,0,10,0.005,0.025,8833,0,0,0.18147854636024002,True
3,8,37,60,25,0.00355,0,10,0.005,0.025,8633,0,0,0.18429282983898992,True
3,8,38,60,25,0.00355,0,10,0.005,0.025,8495,0,0,0.18811065332548557,True
3,8,39,60,25,0.00355,0,10,0.005,0.025,8388,0,0,0.19074868860276586,True
3,8,40,60,25,0.00355,0,10,0.005,0.025,8258,0,0,0.19363041898764835,True
3,8,41,60,25,0.00355,0,10,0.005,0.025,8585,0,0,0.21956901572510193,True
3,8,42,60,25,0.00355,0,10,0.005,0.025,8549,0,0,0.22353491636448708,True
3,8,43,60,25,0.00355,0,10,0.005,0.025,8502,0,0,0.22524111973653257,True
3,8,44,60,25,0.00355,0,10,0.005,0.025,8483,0,0,0.23010727337026995,True
3,8,45,60,25,0.00355,0,10,0.005,0.025,8418,0,0,0.23271560940841055,True
3,8,46,60,25,0.00355,0,10,0.005,0.025,8108,0,0,0.22372964972866305,True
3,8,47,60,25,0.00355,0,10,0.005,0.025,7966,0,0,0.2237007280944012,True
3,8,48,60,25,0.00355,0,10,0.005,0.025,7894,0,0,0.22586774765644793,True
3,8,49,60,25,0.00355,0,10,0.005,0.025,7810,0,0,0.22855313700384122,True
3,8,50,60,25,0.00355,0,10,0.005,0.025,7755,0,0,0.2332688588007737,True
3,8,51,60,25,0.00355,0,10,0.005,0.025,7652,0,0,0.23588604286461057,True
3,8,52,60,25,0.00355,0,10,0.005,0.025,7565,0,0,0.23833443489755451,True
3,9,1,60,25,0.00355,0,10,0.005,0.025,7484,0,0,0.240780331373597,True
3,9,2,60,25,0.00355,0,10,0.005,0.025,7387,0,0,0.24488967104372547,True
3,9,3,60,25,0.00355,0,10,0.005,0.025,7295,0,0,0.24756682659355722,True
3,9,4,60,25,0.00355,0,10,0.005,0.025,7188,0,0,0.25125208681135225,True
3,9,5,60,25,0.00355,0,10,0.005,0.025,7107,0,0,0.2531307161953004,True
3,9,6,60,25,0.00355,0,10,0.005,0.025,7030,0,0,0.2570412517780939,True
3,9,7,60,25,0.00355,0,10,0.005,0.025,6940,0,0,0.25864553314121036,True
3,9,8,60,25,0.00355,0,10,0.005,0.025,6866,0,0,0.2624526653073114,True
3,9,9,60,25,0.00355,0,10,0.005,0.025,6793,0,0,0.2642426026792286,True
3,9,10,60,25,0.00355,0,10,0.005,0.025,6705,0,0,0.2684563758389262,True
3,9,11,60,25,0.00355,0,10,0.005,0.025,6636,0,0,0.2718505123568415,True
3,9,12,60,25,0.00355,0,10,0.005,0.025,6552,0,0,0.27350427350427353,True
3,9,13,60,25,0.00355,0,10,0.005,0.025,6483,0,0,0.27703223816134503,True
3,9,14,60,25,0.00355,0,10,0.005,0.025,6423,0,0,0.2800871866728943,True
3,9,15,60,25,0.00355,0,10,0.005,0.025,6344,0,0,0.28467843631778056,True
3,9,16,60,25,0.00355,0,10,0.005,0.025,6277,0,0,0.28915086824916364,True
3,9,17,60,25,0.00355,0,10,0.005,0.025,6224,0,0,0.29145244215938304,True
3,9,18,60,25,0.00355,0,10,0.005,0.025,13527,0,0,0.1253049456642271,True
3,9,19,60,25,0.00355,0,10,0.005,0.025,13285,0,0,0.1290929619872036,True
3,9,20,60,25,0.00355,0,10,0.005,0.025,13011,0,0,0.13311813081238952,True
3,9,21,60,25,0.00355,0,10,0.005,0.025,12739,0,0,0.1370594238166261,True
3,9,22,60,25,0.00355,0,10,0.005,0.025,12486,0,0,0.14063751401569757,True
3,9,23,60,25,0.00355,0,10,0.005,0.025,12269,0,0,0.14336946776428397,True
3,9,24,60,25,0.00355,0,10,0.005,0.025,12015,0,0,0.14656679151061175,True
3,9,25,60,25,0.00355,0,10,0.005,0.025,11758,0,0,0.15036570845381866,True
3,9,26,60,25,0.00355,0,10,0.005,0.025,11530,0,0,0.1538594969644406,True
3,9,27,60,25,0.00355,0,10,0.005,0.025,11268,0,0,0.15823571175008874,True
3,9,28,60,25,0.00355,0,10,0.005,0.025,11028,0,0,0.1622234312658687,True
3,9,29,60,25,0.00355,0,10,0.005,0.025,10804,0,0,0.16512402813772678,True
3,9,30,60,25,0.00355,0,10,0.005,0.025,10570,0,0,0.16982024597918638,True
3,9,31,60,25,0.00355,0,10,0.005,0.025,10371,0,0,0.17201812747083212,True
3,9,32,60,25,0.00355,0,10,0.005,0.025,10122,0,0,0.17694131594546533,True
3,9,33,60,25,0.00355,0,10,0.005,0.025,9915,0,0,0.17962682803832578,True
3,9,34,60,25,0.00355,0,10,0.005,0.025,9676,0,0,0.18354692021496485,True
3,9,35,60,25,0.00355,0,10,0.005,0.025,9459,0,0,0.18754625224653768,True
3,9,36,60,25,0.00355,0,10,0.005,0.025,9293,0,0,0.19121919724523836,True
3,9,37,60,25,0.00355,0,10,0.005,0.025,9082,0,0,0.19522131689055275,True
3,9,38,60,25,0.00355,0,10,0.005,0.025,8954,0,0,0.19935224480679026,True
3,9,39,60,25,0.00355,0,10,0.005,0.025,8814,0,0,0.20274563194917178,True
3,9,40,60,25,0.00355,0,10,0.005,0.025,8660,0,0,0.20577367205542726,True
3,9,41,60,25,0.00355,0,10,0.005,0.025,8883,0,0,0.2283012495778453,True
3,9,42,60,25,0.00355,0,10,0.005,0.025,8802,0,0,0.23176550783912747,True
3,9,43,60,25,0.00355,0,10,0.005,0.025,8687,0,0,0.23011396339357662,True
3,9,44,60,25,0.00355,0,10,0.005,0.025,8623,0,0,0.23263365418067958,True
3,9,45,60,25,0.00355,0,10,0.005,0.025,8549,0,0,0.23464732717276873,True
3,9,46,60,25,0.00355,0,10,0.005,0.025,8289,0,0,0.22451441669682712,True
3,9,47,60,25,0.00355,0,10,0.005,0.025,8191,0,0,0.22768892687095593,True
3,9,48,60,25,0.00355,0,10,0.005,0.025,8110,0,0,0.23045622688039458,True
3,9,49,60,25,0.00355,0,10,0.005,0.025,8040,0,0,0.23271144278606964,True
3,9,50,60,25,0.00355,0,10,0.005,0.025,7930,0,0,0.23556116015132408,True
3,9,51,60,25,0.00355,0,10,0.005,0.025,7828,0,0,0.23850281042411856,True
3,9,52,60,25,0.00355,0,10,0.005,0.025,7728,0,0,0.24042443064182195,True
3,10,1,60,25,0.00355,0,10,0.005,0.025,7639,0,0,0.2424401099620369,True
3,10,2,60,25,0.00355,0,10,0.005,0.025,7569,0,0,0.24573919936583433,True
3,10,3,60,25,0.00355,0,10,0.005,0.025,7464,0,0,0.24785637727759915,True
3,10,4,60,25,0.00355,0,10,0.005,0.025,7381,0,0,0.2503725782414307,True
3,10,5,60,25,0.00355,0,10,0.005,0.025,7274,0,0,0.2537805883970305,True
3,10,6,60,25,0.00355,0,10,0.005,0.025,7182,0,0,0.25633528265107214,True
3,10,7,60,25,0.00355,0,10,0.005,0.025,7121,0,0,0.2586715348967842,True
3,10,8,60,25,0.00355,0,10,0.005,0.025,7029,0,0,0.26063451415564093,True
3,10,9,60,25,0.00355,0,10,0.005,0.025,6951,0,0,0.2638469284994965,True
3,10,10,60,25,0.00355,0,10,0.005,0.025,6869,0,0,0.26568641723686126,True
3,10,11,60,25,0.00355,0,10,0.005,0.025,6796,0,0,0.26942319011183047,True
3,10,12,60,25,0.00355,0,10,0.005,0.025,6720,0,0,0.27157738095238093,True
3,10,13,60,25,0.00355,0,10,0.005,0.025,6653,0,0,0.2752141890876296,True
3,10,14,60,25,0.00355,0,10,0.005,0.025,6556,0,0,0.2780658938377059,True
3,10,15,60,25,0.00355,0,10,0.005,0.025,6486,0,0,0.28199198273203824,True
3,10,16,60,25,0.00355,0,10,0.005,0.025,6413,0,0,0.2834866677062217,True
3,10,17,60,25,0.00355,0,10,0.005,0.025,6342,0,0,0.2858719646799117,True
3,10,18,60,25,0.00355,0,10,0.005,0.025,13791,0,0,0.12392139801319701,True
3,10,19,60,25,0.00355,0,10,0.005,0.025,13540,0,0,0.12688330871491876,True
3,10,20,60,25,0.00355,0,10,0.005,0.025,13236,0,0,0.13055303717135086,True
3,10,21,60,25,0.00355,0,10,0.005,0.025,12917,0,0,0.13385461020360764,True
3,10,22,60,25,0.00355,0,10,0.005,0.025,12665,0,0,0.13786024476904857,True
3,10,23,60,25,0.00355,0,10,0.005,0.025,12418,0,0,0.14221291673377356,True
3,10,24,60,25,0.00355,0,10,0.005,0.025,12169,0,0,0.14586243734078397,True
3,10,25,60,25,0.00355,0,10,0.005,0.025,11922,0,0,0.14955544371749707,True
3,10,26,60,25,0.00355,0,10,0.005,0.025,11680,0,0,0.15299657534246575,True
3,10,27,60,25,0.00355,0,10,0.005,0.025,11465,0,0,0.1562145660706498,True
3,10,28,60,25,0.00355,0,10,0.005,0.025,11217,0,0,0.1600249621110814,True
3,10,29,60,25,0.00355,0,10,0.005,0.025,10971,0,0,0.16434235712332512,True
3,10,30,60,25,0.00355,0,10,0.005,0.025,10758,0,0,0.16685257482803495,True
3,10,31,60,25,0.00355,0,10,0.005,0.025,10544,0,0,0.1698596358118361,True
3,10,32,60,25,0.00355,0,10,0.005,0.025,10376,0,0,0.1730917501927525,True
3,10,33,60,25,0.00355,0,10,0.005,0.025,10170,0,0,0.1768928220255654,True
3,10,34,60,25,0.00355,0,10,0.005,0.025,9933,0,0,0.1809121111446693,True
3,10,35,60,25,0.00355,0,10,0.005,0.025,9697,0,0,0.18438692379086316,True
3,10,36,60,25,0.00355,0,10,0.005,0.025,9469,0,0,0.18819305100855424,True
3,10,37,60,25,0.00355,0,10,0.005,0.025,9321,0,0,0.191181203733505,True
3,10,38,60,25,0.00355,0,10,0.005,0.025,9195,0,0,0.19412724306688417,True
3,10,39,60,25,0.00355,0,10,0.005,0.025,9066,0,0,0.19655857048312375,True
3,10,40,60,25,0.00355,0,10,0.005,0.025,8923,0,0,0.20004482797265494,True
3,10,41,60,25,0.00355,0,10,0.005,0.025,9179,0,0,0.22202854341431527,True
3,10,42,60,25,0.00355,0,10,0.005,0.025,9087,0,0,0.22361615494662704,True
3,10,43,60,25,0.00355,0,10,0.005,0.025,8952,0,0,0.2256478999106345,True
3,10,44,60,25,0.00355,0,10,0.005,0.025,8913,0,0,0.23078649164142265,True
3,10,45,60,25,0.00355,0,10,0.005,0.025,8814,0,0,0.2322441570229181,True
3,10,46,60,25,0.00355,0,10,0.005,0.025,8502,0,0,0.22488826158550929,True
3,10,47,60,25,0.00355,0,10,0.005,0.025,8351,0,0,0.2251227397916417,True
3,10,48,60,25,0.00355,0,10,0.005,0.025,8232,0,0,0.22704081632653061,True
3,10,49,60,25,0.00355,0,10,0.005,0.025,8127,0,0,0.22800541405192568,True
3,10,50,60,25,0.00355,0,10,0.005,0.025,8019,0,0,0.22982915575508167,True
3,10,51,60,25,0.00355,0,10,0.005,0.025,7933,0,0,0.23257279717635196,True
3,10,52,60,25,0.00355,0,10,0.005,0.025,7824,0,0,0.23530163599182005,True
3,11,1,60,25,0.00355,0,10,0.005,0.025,7723,0,0,0.23786093486986923,True
3,11,2,60,25,0.00355,0,10,0.005,0.025,7613,0,0,0.2407723630631814,True
3,11,3,60,25,0.00355,0,10,0.005,0.025,7514,0,0,0.2431461272291722,True
3,11,4,60,25,0.00355,0,10,0.005,0.025,7425,0,0,0.247003367003367,True
3,11,5,60,25,0.00355,0,10,0.005,0.025,7364,0,0,0.2487778381314503,True
3,11,6,60,25,0.00355,0,10,0.005,0.025,7255,0,0,0.25155065472088217,True
3,11,7,60,25,0.00355,0,10,0.005,0.025,7194,0,0,0.2559077008618293,True
3,11,8,60,25,0.00355,0,10,0.005,0.025,7103,0,0,0.2582007602421512,True
3,11,9,60,25,0.00355,0,10,0.005,0.025,7026,0,0,0.2631653857102192,True
3,11,10,60,25,0.00355,0,10,0.005,0.025,6947,0,0,0.26543831869871887,True
3,11,11,60,25,0.00355,0,10,0.005,0.025,6866,0,0,0.2666763763472182,True
3,11,12,60,25,0.00355,0,10,0.005,0.025,6783,0,0,0.27038183694530443,True
3,11,13,60,25,0.00355,0,10,0.005,0.025,6698,0,0,0.2714243057629143,True
3,11,14,60,25,0.00355,0,10,0.005,0.025,6634,0,0,0.274344287006331,True
3,11,15,60,25,0.00355,0,10,0.005,0.025,6570,0,0,0.2762557077625571,True
3,11,16,60,25,0.00355,0,10,0.005,0.025,6487,0,0,0.28040696778171725,True
3,11,17,60,25,0.00355,0,10,0.005,0.025,6425,0,0,0.28171206225680934,True
3,11,18,60,25,0.00355,0,10,0.005,0.025,14151,0,0,0.12006218641792099,True
3,11,19,60,25,0.00355,0,10,0.005,0.025,13901,0,0,0.12294079562621395,True
3,11,20,60,25,0.00355,0,10,0.005,0.025,13583,0,0,0.1267761172053302,True
3,11,21,60,25,0.00355,0,10,0.005,0.025,13267,0,0,0.13002185874726765,True
3,11,22,60,25,0.00355,0,10,0.005,0.025,12972,0,0,0.1332099907493062,True
3,11,23,60,25,0.00355,0,10,0.005,0.025,12722,0,0,0.13684955195723944,True
3,11,24,60,25,0.00355,0,10,0.005,0.025,12476,0,0,0.14123116383456236,True
3,11,25,60,25,0.00355,0,10,0.005,0.025,12203,0,0,0.14463656477915265,True
3,11,26,60,25,0.00355,0,10,0.005,0.025,11982,0,0,0.14780504089467536,True
3,11,27,60,25,0.00355,0,10,0.005,0.025,11753,0,0,0.1512805241215009,True
3,11,28,60,25,0.00355,0,10,0.005,0.025,11515,0,0,0.15466782457663916,True
3,11,29,60,25,0.00355,0,10,0.005,0.025,11289,0,0,0.15794135884489327,True
3,11,30,60,25,0.00355,0,10,0.005,0.025,11072,0,0,0.1614884393063584,True
3,11,31,60,25,0.00355,0,10,0.005,0.025,10855,0,0,0.16425610317825887,True
3,11,32,60,25,0.00355,0,10,0.005,0.025,10601,0,0,0.16800301858315253,True
3,11,33,60,25,0.00355,0,10,0.005,0.025,10390,0,0,0.17170356111645813,True
3,11,34,60,25,0.00355,0,10,0.005,0.025,10217,0,0,0.17451306645786435,True
3,11,35,60,25,0.00355,0,10,0.005,0.025,10016,0,0,0.1785143769968051,True
3,11,36,60,25,0.00355,0,10,0.005,0.025,9833,0,0,0.18163327570426116,True
3,11,37,60,25,0.00355,0,10,0.005,0.025,9667,0,0,0.18351091341677872,True
3,11,38,60,25,0.00355,0,10,0.005,0.025,9532,0,0,0.18757868233319344,True
3,11,39,60,25,0.00355,0,10,0.005,0.025,9414,0,0,0.18908009347779903,True
3,11,40,60,25,0.00355,0,10,0.005,0.025,9264,0,0,0.19203367875647667,True
3,11,41,60,25,0.00355,0,10,0.005,0.025,9466,0,0,0.212550179590112,True
3,11,42,60,25,0.00355,0,10,0.005,0.025,9403,0,0,0.2157821971711156,True
3,11,43,60,25,0.00355,0,10,0.005,0.025,9385,0,0,0.219286094832179,True
3,11,44,60,25,0.00355,0,10,0.005,0.025,9280,0,0,0.22079741379310344,True
3,11,45,60,25,0.00355,0,10,0.005,0.025,9189,0,0,0.22243987376210686,True
3,11,46,60,25,0.00355,0,10,0.005,0.025,8872,0,0,0.21393146979260594,True
3,11,47,60,25,0.00355,0,10,0.005,0.025,8714,0,0,0.2133348634381455,True
3,11,48,60,25,0.00355,0,10,0.005,0.025,8600,0,0,0.21453488372093024,True
3,11,49,60,25,0.00355,0,10,0.005,0.025,8483,0,0,0.2178474596251326,True
3,11,50,60,25,0.00355,0,10,0.005,0.025,8389,0,0,0.22005006556204554,True
3,11,51,60,25,0.00355,0,10,0.005,0.025,8272,0,0,0.2221953578336557,True
3,11,52,60,25,0.00355,0,10,0.005,0.025,8152,0,0,0.22558881256133465,True
3,1,1,60,25,0.00669,0,10,0.005,0.025,5463,0,0,0.0016474464579901153,True
3,1,2,60,25,0.00669,0,10,0.005,0.025,5386,0,0,0.004084663943557371,True
3,1,3,60,25,0.00669,0,10,0.005,0.025,5232,0,0,0.006498470948012232,True
3,1,4,60,25,0.00669,0,10,0.005,0.025,5167,0,0,0.008322043739113605,True
3,1,5,60,25,0.00669,0,10,0.005,0.025,5072,0,0,0.01025236593059937,True
3,1,6,60,25,0.00669,0,10,0.005,0.025,4959,0,0,0.012300867110304496,True
3,1,7,60,25,0.00669,0,10,0.005,0.025,4874,0,0,0.013541239228559704,True
3,1,8,60,25,0.00669,0,10,0.005,0.025,4792,0,0,0.015859766277128547,True
3,1,9,60,25,0.00669,0,10,0.005,0.025,4733,0,0,0.01711388125924361,True
3,1,10,60,25,0.00669,0,10,0.005,0.025,4641,0,0,0.018961430726136607,True
3,1,11,60,25,0.00669,0,10,0.005,0.025,4552,0,0,0.02240773286467487,True
3,1,12,60,25,0.00669,0,10,0.005,0.025,4463,0,0,0.02442303383374412,True
3,1,13,60,25,0.00669,0,10,0.005,0.025,4393,0,0,0.027088549965854768,True
3,1,14,60,25,0.00669,0,10,0.005,0.025,4314,0,0,0.029902642559109873,True
3,1,15,60,25,0.00669,0,10,0.005,0.025,4217,0,0,0.03248755039127342,True
3,1,16,60,25,0.00669,0,10,0.005,0.025,4152,0,0,0.03516377649325626,True
3,1,17,60,25,0.00669,0,10,0.005,0.025,4063,0,0,0.036672409549593894,True
3,1,18,60,25,0.00669,0,10,0.005,0.025,11549,0,0,0.014546714001212227,True
3,1,19,60,25,0.00669,0,10,0.005,0.025,11142,0,0,0.016424340333871836,True
3,1,20,60,25,0.00669,0,10,0.005,0.025,10824,0,0,0.018569844789356985,True
3,1,21,60,25,0.00669,0,10,0.005,0.025,10508,0,0,0.020365435858393604,True
3,1,22,60,25,0.00669,0,10,0.005,0.025,10192,0,0,0.022861067503924647,True
3,1,23,60,25,0.00669,0,10,0.005,0.025,9774,0,0,0.024043380396971556,True
3,1,24,60,25,0.00669,0,10,0.005,0.025,9455,0,0,0.02601797990481227,True
3,1,25,60,25,0.00669,0,10,0.005,0.025,9185,0,0,0.027762656505171474,True
3,1,26,60,25,0.00669,0,10,0.005,0.025,8771,0,0,0.030555238855318665,True
3,1,27,60,25,0.00669,0,10,0.005,0.025,8493,0,0,0.03167314258801366,True
3,1,28,60,25,0.00669,0,10,0.005,0.025,8244,0,0,0.033600194080543426,True
3,1,29,60,25,0.00669,0,10,0.005,0.025,7990,0,0,0.035168961201501876,True
3,1,30,60,25,0.00669,0,10,0.005,0.025,7687,0,0,0.0372056719136204,True
3,1,31,60,25,0.00669,0,10,0.005,0.025,7507,0,0,0.03916344744904755,True
3,1,32,60,25,0.00669,0,10,0.005,0.025,7303,0,0,0.04162672874161304,True
3,1,33,60,25,0.00669,0,10,0.005,0.025,7084,0,0,0.04333709768492377,True
3,1,34,60,25,0.00669,0,10,0.005,0.025,6898,0,0,0.045955349376630907,True
3,1,35,60,25,0.00669,0,10,0.005,0.025,6750,0,0,0.04814814814814815,True
3,1,36,60,25,0.00669,0,10,0.005,0.025,6581,0,0,0.0512080230967938,True
3,1,37,60,25,0.00669,0,10,0.005,0.025,6341,0,0,0.05298848762024917,True
3,1,38,60,25,0.00669,0,10,0.005,0.025,6226,0,0,0.055091551557982656,True
3,1,39,60,25,0.00669,0,10,0.005,0.025,6062,0,0,0.056911910260640054,True
3,1,40,60,25,0.00669,0,10,0.005,0.025,5946,0,0,0.058863101244534144,True
3,1,41,60,25,0.00669,0,10,0.005,0.025,6372,0,0,0.09667294413057125,True
3,1,42,60,25,0.00669,0,10,0.005,0.025,6324,0,0,0.10215053763440861,True
3,1,43,60,25,0.00669,0,10,0.005,0.025,6207,0,0,0.10923151280811987,True
3,1,44,60,25,0.00669,0,10,0.005,0.025,6220,0,0,0.11446945337620579,True
3,1,45,60,25,0.00669,0,10,0.005,0.025,6159,0,0,0.11787627861665854,True
3,1,46,60,25,0.00669,0,10,0.005,0.025,5840,0,0,0.10753424657534247,True
3,1,47,60,25,0.00669,0,10,0.005,0.025,5725,0,0,0.1068995633187773,True
3,1,48,60,25,0.00669,0,10,0.005,0.025,5693,0,0,0.10873001932197436,True
3,1,49,60,25,0.00669,0,10,0.005,0.025,5621,0,0,0.11243550969578367,True
3,1,50,60,25,0.00669,0,10,0.005,0.025,5562,0,0,0.11488673139158576,True
3,1,51,60,25,0.00669,0,10,0.005,0.025,5529,0,0,0.11701935250497378,True
3,1,52,60,25,0.00669,0,10,0.005,0.025,5486,0,0,0.12103536274152388,True
3,2,1,60,25,0.00669,0,10,0.005,0.025,5434,10,0,0.12329775487670225,False
3,2,2,60,25,0.00669,0,10,0.005,0.025,5349,10,0,0.12750046737707982,False
3,2,3,60,25,0.00669,0,10,0.005,0.025,5270,10,3,0.1301707779886148,False
3,2,4,60,25,0.00669,0,10,0.005,0.025,5196,10,6,0.1306774441878368,False
3,2,5,60,25,0.00669,0,10,0.005,0.025,5123,12,6,0.1352723013859067,False
3,2,6,60,25,0.00669,0,10,0.005,0.025,5036,8,3,0.13701350277998411,False
3,2,7,60,25,0.00669,0,10,0.005,0.025,4935,8,1,0.14103343465045592,False
3,2,8,60,25,0.00669,0,10,0.005,0.025,4849,7,3,0.14209115281501342,False
3,2,9,60,25,0.00669,0,10,0.005,0.025,4794,11,4,0.14497288277012932,False
3,2,10,60,25,0.00669,0,10,0.005,0.025,4720,9,3,0.14851694915254238,False
3,2,11,60,25,0.00669,0,10,0.005,0.025,4649,11,3,0.15207571520757152,False
3,2,12,60,25,0.00669,0,10,0.005,0.025,4603,9,2,0.15337823158809472,False
3,2,13,60,25,0.00669,0,10,0.005,0.025,4566,8,3,0.15703022339027595,False
3,2,14,60,25,0.00669,0,10,0.005,0.025,4498,11,4,0.1596265006669631,False
3,2,15,60,25,0.00669,0,10,0.005,0.025,4439,11,5,0.1640009011038522,False
3,2,16,60,25,0.00669,0,10,0.005,0.025,4373,10,4,0.16579007546306884,False
3,2,17,60,25,0.00669,0,10,0.005,0.025,4303,6,2,0.16755751801069022,False
3,2,18,60,25,0.00669,0,10,0.005,0.025,8753,8,2,0.08374271678281732,False
3,2,19,60,25,0.00669,0,10,0.005,0.025,8560,11,2,0.08539719626168224,False
3,2,20,60,25,0.00669,0,10,0.005,0.025,8368,10,6,0.08819311663479923,False
3,2,21,60,25,0.00669,0,10,0.005,0.025,8193,15,6,0.09032100573660441,False
3,2,22,60,25,0.00669,0,10,0.005,0.025,7956,13,3,0.09313725490196079,False
3,2,23,60,25,0.00669,0,10,0.005,0.025,7778,15,4,0.0956544098740036,False
3,2,24,60,25,0.00669,0,10,0.005,0.025,7615,15,4,0.09822718319107025,False
3,2,25,60,25,0.00669,0,10,0.005,0.025,7474,14,6,0.10074926411560074,False
3,2,26,60,25,0.00669,0,10,0.005,0.025,7296,18,8,0.10320723684210527,False
3,2,27,60,25,0.00669,0,10,0.005,0.025,7116,15,5,0.10736368746486791,False
3,2,28,60,25,0.00669,0,10,0.005,0.025,6973,13,7,0.11142980065968737,False
3,2,29,60,25,0.00669,0,10,0.005,0.025,6818,13,6,0.1133763567028454,False
3,2,30,60,25,0.00669,0,10,0.005,0.025,6684,7,0,0.11564931178934769,False
3,2,31,60,25,0.00669,0,10,0.005,0.025,6571,6,3,0.11824684218535991,False
3,2,32,60,25,0.00669,0,10,0.005,0.025,6405,10,5,0.12131147540983607,False
3,2,33,60,25,0.00669,0,10,0.005,0.025,6276,8,2,0.12268961121733589,False
3,2,34,60,25,0.00669,0,10,0.005,0.025,6138,5,0,0.1259367872271098,False
3,2,35,60,25,0.00669,0,10,0.005,0.025,5992,5,2,0.1295060080106809,False
3,2,36,60,25,0.00669,0,10,0.005,0.025,5847,7,4,0.13134940995382247,False
3,2,37,60,25,0.00669,0,10,0.005,0.025,5727,8,2,0.13392701239741575,False
3,2,38,60,25,0.00669,0,10,0.005,0.025,5625,6,1,0.13671111111111112,False
3,2,39,60,25,0.00669,0,10,0.005,0.025,5522,9,1,0.13889894965592176,False
3,2,40,60,25,0.00669,0,10,0.005,0.025,5441,8,1,0.14096673405623966,False
3,2,41,60,25,0.00669,0,10,0.005,0.025,5851,12,2,0.1845838318236199,False
3,2,42,60,25,0.00669,0,10,0.005,0.025,5817,13,6,0.18978855079938112,False
3,2,43,60,25,0.00669,0,10,0.005,0.025,5805,17,9,0.1950043066322136,False
3,2,44,60,25,0.00669,0,10,0.005,0.025,5754,13,6,0.20316301703163017,False
3,2,45,60,25,0.00669,0,10,0.005,0.025,5709,9,4,0.19898406025573656,False
3,2,46,60,25,0.00669,0,10,0.005,0.025,5350,8,2,0.1777570093457944,False
3,2,47,60,25,0.00669,0,10,0.005,0.025,5248,6,3,0.17473323170731708,False
3,2,48,60,25,0.00669,0,10,0.005,0.025,5182,7,4,0.17734465457352375,False
3,2,49,60,25,0.00669,0,10,0.005,0.025,5132,4,1,0.17848791893998442,False
3,2,50,60,25,0.00669,0,10,0.005,0.025,5064,3,1,0.18127962085308058,False
3,2,51,60,25,0.00669,0,10,0.005,0.025,5014,5,3,0.18607897885919425,False
3,2,52,60,25,0.00669,0,10,0.005,0.025,4966,4,3,0.18888441401530406,False
3,3,1,60,25,0.00669,0,10,0.005,0.025,4926,4,2,0.1904181892001624,False
3,3,2,60,25,0.00669,0,10,0.005,0.025,4915,6,1,0.19552390640895217,False
3,3,3,60,25,0.00669,0,10,0.005,0.025,4877,5,2,0.2007381587041214,False
3,3,4,60,25,0.00669,0,10,0.005,0.025,4823,6,3,0.2073398299813394,False
3,3,5,60,25,0.00669,0,10,0.005,0.025,4780,5,2,0.21192468619246863,False
3,3,6,60,25,0.00669,0,10,0.005,0.025,4750,5,1,0.21642105263157896,False
3,3,7,60,25,0.00669,0,10,0.005,0.025,4695,4,1,0.220234291799787,False
3,3,8,60,25,0.00669,0,10,0.005,0.025,4637,7,1,0.22191071813672633,False
3,3,9,60,25,0.00669,0,10,0.005,0.025,4608,6,1,0.22547743055555555,False
3,3,10,60,25,0.00669,0,10,0.005,0.025,4566,10,4,0.2284275076653526,False
3,3,11,60,25,0.00669,0,10,0.005,0.025,4541,11,5,0.23144681788152388,False
3,3,12,60,25,0.00669,0,10,0.005,0.025,4491,10,3,0.23446893787575152,False
3,3,13,60,25,0.00669,0,10,0.005,0.025,4421,9,3,0.235919475231848,False
3,3,14,60,25,0.00669,0,10,0.005,0.025,4371,8,6,0.2390757263784031,False
3,3,15,60,25,0.00669,0,10,0.005,0.025,4312,7,5,0.24095547309833024,False
3,3,16,60,25,0.00669,0,10,0.005,0.025,4255,5,2,0.24347826086956523,False
3,3,17,60,25,0.00669,0,10,0.005,0.025,4200,4,1,0.24476190476190476,False
3,3,18,60,25,0.00669,0,10,0.005,0.025,9783,3,0,0.10569355003577635,False
3,3,19,60,25,0.00669,0,10,0.005,0.025,9609,3,1,0.10833593506088042,False
3,3,20,60,25,0.00669,0,10,0.005,0.025,9409,6,2,0.11138271867361037,False
3,3,21,60,25,0.00669,0,10,0.005,0.025,9179,9,4,0.11439154592003486,False
3,3,22,60,25,0.00669,0,10,0.005,0.025,8960,10,4,0.11696428571428572,False
3,3,23,60,25,0.00669,0,10,0.005,0.025,8751,6,3,0.12044337789966861,False
3,3,24,60,25,0.00669,0,10,0.005,0.025,8516,7,2,0.1240018788163457,False
3,3,25,60,25,0.00669,0,10,0.005,0.025,8299,5,1,0.12700325340402457,False
3,3,26,60,25,0.00669,0,10,0.005,0.025,8109,11,2,0.13071895424836602,False
3,3,27,60,25,0.00669,0,10,0.005,0.025,7921,12,3,0.13432647393005934,False
3,3,28,60,25,0.00669,0,10,0.005,0.025,7739,14,6,0.13709781625533016,False
3,3,29,60,25,0.00669,0,10,0.005,0.025,7581,13,8,0.14021896847381612,False
3,3,30,60,25,0.00669,0,10,0.005,0.025,7375,16,6,0.14345762711864407,False
3,3,31,60,25,0.00669,0,10,0.005,0.025,7163,20,4,0.14602820047466145,False
3,3,32,60,25,0.00669,0,10,0.005,0.025,6968,21,6,0.1486796785304248,False
3,3,33,60,25,0.00669,0,10,0.005,0.025,6789,21,11,0.15171601119457948,False
3,3,34,60,25,0.00669,0,10,0.005,0.025,6615,18,9,0.15495086923658352,False
3,3,35,60,25,0.00669,0,10,0.005,0.025,6446,12,4,0.1591684765746199,False
3,3,36,60,25,0.00669,0,10,0.005,0.025,6275,14,6,0.16175298804780877,False
3,3,37,60,25,0.00669,0,10,0.005,0.025,6119,11,5,0.16456937408073213,False
3,3,38,60,25,0.00669,0,10,0.005,0.025,6019,11,5,0.1671373982389101,False
3,3,39,60,25,0.00669,0,10,0.005,0.025,5933,13,6,0.16888589246586888,False
3,3,40,60,25,0.00669,0,10,0.005,0.025,5821,10,6,0.1723071637175743,False
3,3,41,60,25,0.00669,0,10,0.005,0.025,6176,9,4,0.20952072538860103,False
3,3,42,60,25,0.00669,0,10,0.005,0.025,6152,6,2,0.21976592977893367,False
3,3,43,60,25,0.00669,0,10,0.005,0.025,6087,7,4,0.22046985378675868,False
3,3,44,60,25,0.00669,0,10,0.005,0.025,5984,9,4,0.21875,False
3,3,45,60,25,0.00669,0,10,0.005,0.025,5979,6,4,0.22445224954005685,False
3,3,46,60,25,0.00669,0,10,0.005,0.025,5645,5,4,0.20566873339238265,False
3,3,47,60,25,0.00669,0,10,0.005,0.025,5529,2,1,0.20745161873756557,False
3,3,48,60,25,0.00669,0,10,0.005,0.025,5477,1,0,0.20576958188789482,False
3,3,49,60,25,0.00669,0,10,0.005,0.025,5411,1,0,0.2095730918499353,False
3,3,50,60,25,0.00669,0,10,0.005,0.025,5362,1,0,0.21204774337933607,False
3,3,51,60,25,0.00669,0,10,0.005,0.025,5303,1,1,0.21591551951725438,False
3,3,52,60,25,0.00669,0,10,0.005,0.025,5255,2,1,0.21960038058991438,False
3,4,1,60,25,0.00669,0,10,0.005,0.025,5174,0,0,0.22226517201391574,True
3,4,2,60,25,0.00669,0,10,0.005,0.025,5110,0,0,0.2238747553816047,True
3,4,3,60,25,0.00669,0,10,0.005,0.025,5047,0,0,0.22666930850009906,True
3,4,4,60,25,0.00669,0,10,0.005,0.025,4997,0,0,0.23013808284970982,True
3,4,5,60,25,0.00669,0,10,0.005,0.025,4950,0,0,0.2315151515151515,True
3,4,6,60,25,0.00669,0,10,0.005,0.025,4881,0,0,0.2343782011882811,True
3,4,7,60,25,0.00669,0,10,0.005,0.025,4821,0,0,0.238954573739888,True
3,4,8,60,25,0.00669,0,10,0.005,0.025,4756,0,0,0.24011774600504626,True
3,4,9,60,25,0.00669,0,10,0.005,0.025,4689,0,0,0.2435487310727234,True
3,4,10,60,25,0.00669,0,10,0.005,0.025,4619,0,0,0.24507469149166486,True
3,4,11,60,25,0.00669,0,10,0.005,0.025,4554,0,0,0.24681598594642074,True
3,4,12,60,25,0.00669,0,10,0.005,0.025,4488,0,0,0.25089126559714797,True
3,4,13,60,25,0.00669,0,10,0.005,0.025,4432,0,0,0.25248194945848373,True
3,4,14,60,25,0.00669,0,10,0.005,0.025,4378,0,0,0.2551393330287803,True
3,4,15,60,25,0.00669,0,10,0.005,0.025,4308,0,0,0.2551067780872795,True
3,4,16,60,25,0.00669,0,10,0.005,0.025,4261,0,0,0.25721661581788313,True
3,4,17,60,25,0.00669,0,10,0.005,0.025,4214,0,0,0.2593735168485999,True
3,4,18,60,25,0.00669,0,10,0.005,0.025,9365,0,0,0.11735184196476241,True
3,4,19,60,25,0.00669,0,10,0.005,0.025,9156,0,0,0.12145041502839668,True
3,4,20,60,25,0.00669,0,10,0.005,0.025,8960,0,0,0.12410714285714286,True
3,4,21,60,25,0.00669,0,10,0.005,0.025,8783,0,0,0.12774678355914834,True
3,4,22,60,25,0.00669,0,10,0.005,0.025,8592,0,0,0.13105214152700187,True
3,4,23,60,25,0.00669,0,10,0.005,0.025,8391,0,0,0.13431057084971995,True
3,4,24,60,25,0.00669,0,10,0.005,0.025,8177,0,0,0.13672496025437203,True
3,4,25,60,25,0.00669,0,10,0.005,0.025,7966,0,0,0.14034647250815968,True
3,4,26,60,25,0.00669,0,10,0.005,0.025,7744,0,0,0.14256198347107438,True
3,4,27,60,25,0.00669,0,10,0.005,0.025,7544,0,0,0.14581124072110285,True
3,4,28,60,25,0.00669,0,10,0.005,0.025,7359,0,0,0.14947683109118087,True
3,4,29,60,25,0.00669,0,10,0.005,0.025,7202,0,0,0.15217995001388504,True
3,4,30,60,25,0.00669,0,10,0.005,0.025,7049,0,0,0.15562491133494114,True
3,4,31,60,25,0.00669,0,10,0.005,0.025,6873,0,0,0.1571366215626364,True
3,4,32,60,25,0.00669,0,10,0.005,0.025,6731,0,0,0.15985737631852623,True
3,4,33,60,25,0.00669,0,10,0.005,0.025,6565,0,0,0.1632901751713633,True
3,4,34,60,25,0.00669,0,10,0.005,0.025,6417,0,0,0.16690042075736325,True
3,4,35,60,25,0.00669,0,10,0.005,0.025,6293,0,0,0.16923565866836168,True
3,4,36,60,25,0.00669,0,10,0.005,0.025,6176,0,0,0.17114637305699482,True
3,4,37,60,25,0.00669,0,10,0.005,0.025,6049,0,0,0.17407836005951396,True
3,4,38,60,25,0.00669,0,10,0.005,0.025,5983,0,0,0.1744944008022731,True
3,4,39,60,25,0.00669,0,10,0.005,0.025,5896,0,0,0.17622116689280867,True
3,4,40,60,25,0.00669,0,10,0.005,0.025,5801,0,0,0.17876228236510947,True
3,4,41,60,25,0.00669,0,10,0.005,0.025,6202,0,0,0.22121896162528218,True
3,4,42,60,25,0.00669,0,10,0.005,0.025,6142,0,0,0.22517095408661675,True
3,4,43,60,25,0.00669,0,10,0.005,0.025,6083,0,0,0.2289988492520138,True
3,4,44,60,25,0.00669,0,10,0.005,0.025,6031,0,0,0.2319681644835019,True
3,4,45,60,25,0.00669,0,10,0.005,0.025,5984,0,0,0.23211898395721925,True
3,4,46,60,25,0.00669,0,10,0.005,0.025,5645,0,0,0.2178919397697077,True
3,4,47,60,25,0.00669,0,10,0.005,0.025,5533,0,0,0.21416952828483643,True
3,4,48,60,25,0.00669,0,10,0.005,0.025,5493,0,0,0.2162752594210814,True
3,4,49,60,25,0.00669,0,10,0.005,0.025,5475,0,0,0.22100456621004566,True
3,4,50,60,25,0.00669,0,10,0.005,0.025,5435,0,0,0.22373505059797608,True
3,4,51,60,25,0.00669,0,10,0.005,0.025,5385,0,0,0.22562674094707522,True
3,4,52,60,25,0.00669,0,10,0.005,0.025,5316,0,0,0.22705041384499625,True
3,5,1,60,25,0.00669,0,10,0.005,0.025,5271,0,0,0.23240371845949534,True
3,5,2,60,25,0.00669,0,10,0.005,0.025,5221,0,0,0.2363531890442444,True
3,5,3,60,25,0.00669,0,10,0.005,0.025,5188,0,0,0.24113338473400153,True
3,5,4,60,25,0.00669,0,10,0.005,0.025,5115,0,0,0.2432062561094819,True
3,5,5,60,25,0.00669,0,10,0.005,0.025,5049,0,0,0.2475737769855417,True
3,5,6,60,25,0.00669,0,10,0.005,0.025,5015,0,0,0.24925224327018944,True
3,5,7,60,25,0.00669,0,10,0.005,0.025,4984,0,0,0.2546147672552167,True
3,5,8,60,25,0.00669,0,10,0.005,0.025,4898,0,0,0.25724785626786445,True
3,5,9,60,25,0.00669,0,10,0.005,0.025,4838,0,0,0.260438197602315,True
3,5,10,60,25,0.00669,0,10,0.005,0.025,4787,0,0,0.2632128681846668,True
3,5,11,60,25,0.00669,0,10,0.005,0.025,4734,0,0,0.2670046472327841,True
3,5,12,60,25,0.00669,0,10,0.005,0.025,4681,0,0,0.2708822901089511,True
3,5,13,60,25,0.00669,0,10,0.005,0.025,4621,0,0,0.2711534299935079,True
3,5,14,60,25,0.00669,0,10,0.005,0.025,4570,0,0,0.27286652078774615,True
3,5,15,60,25,0.00669,0,10,0.005,0.025,4483,0,0,0.2763774258309168,True
3,5,16,60,25,0.00669,0,10,0.005,0.025,4419,0,0,0.2760805612129441,True
3,5,17,60,25,0.00669,0,10,0.005,0.025,4381,0,0,0.27733394202236933,True
3,5,18,60,25,0.00669,0,10,0.005,0.025,9912,0,0,0.12318401937046004,True
3,5,19,60,25,0.00669,0,10,0.005,0.025,9730,0,0,0.12620760534429598,True
3,5,20,60,25,0.00669,0,10,0.005,0.025,9515,0,0,0.12874408828166053,True
3,5,21,60,25,0.00669,0,10,0.005,0.025,9269,0,0,0.13162153414607833,True
3,5,22,60,25,0.00669,0,10,0.005,0.025,9058,0,0,0.1361227644071539,True
3,5,23,60,25,0.00669,0,10,0.005,0.025,8842,0,0,0.13967428183668854,True
3,5,24,60,25,0.00669,0,10,0.005,0.025,8628,0,0,0.14255910987482615,True
3,5,25,60,25,0.00669,0,10,0.005,0.025,8452,0,0,0.14600094652153336,True
3,5,26,60,25,0.00669,0,10,0.005,0.025,8276,0,0,0.15055582406959883,True
3,5,27,60,25,0.00669,0,10,0.005,0.025,8086,0,0,0.153227801137769,True
3,5,28,60,25,0.00669,0,10,0.005,0.025,7886,0,0,0.15609941668780117,True
3,5,29,60,25,0.00669,0,10,0.005,0.025,7706,0,0,0.15857773163768493,True
3,5,30,60,25,0.00669,0,10,0.005,0.025,7497,0,0,0.16166466586634654,True
3,5,31,60,25,0.00669,0,10,0.005,0.025,7305,0,0,0.16399726214921287,True
3,5,32,60,25,0.00669,0,10,0.005,0.025,7110,0,0,0.16736990154711673,True
3,5,33,60,25,0.00669,0,10,0.005,0.025,6926,0,0,0.17080565983251517,True
3,5,34,60,25,0.00669,0,10,0.005,0.025,6777,0,0,0.17411834144901875,True
3,5,35,60,25,0.00669,0,10,0.005,0.025,6636,0,0,0.17781796262808922,True
3,5,36,60,25,0.00669,0,10,0.005,0.025,6494,0,0,0.18293809670465044,True
3,5,37,60,25,0.00669,0,10,0.005,0.025,6363,0,0,0.18639006757818638,True
3,5,38,60,25,0.00669,0,10,0.005,0.025,6289,0,0,0.1882652249960248,True
3,5,39,60,25,0.00669,0,10,0.005,0.025,6197,0,0,0.19122155881878328,True
3,5,40,60,25,0.00669,0,10,0.005,0.025,6093,0,0,0.19579845724602002,True
3,5,41,60,25,0.00669,0,10,0.005,0.025,6418,0,0,0.22530383296977252,True
3,5,42,60,25,0.00669,0,10,0.005,0.025,6418,0,0,0.2335618572764101,True
3,5,43,60,25,0.00669,0,10,0.005,0.025,6378,0,0,0.24004390090937597,True
3,5,44,60,25,0.00669,0,10,0.005,0.025,6290,0,0,0.24403815580286167,True
3,5,45,60,25,0.00669,0,10,0.005,0.025,6252,0,0,0.23976327575175943,True
3,5,46,60,25,0.00669,0,10,0.005,0.025,5919,0,0,0.22013853691501942,True
3,5,47,60,25,0.00669,0,10,0.005,0.025,5810,0,0,0.2189328743545611,True
3,5,48,60,25,0.00669,0,10,0.005,0.025,5727,0,0,0.21913741924218613,True
3,5,49,60,25,0.00669,0,10,0.005,0.025,5662,0,0,0.2220063581773225,True
3,5,50,60,25,0.00669,0,10,0.005,0.025,5574,0,0,0.22264083243631144,True
3,5,51,60,25,0.00669,0,10,0.005,0.025,5503,0,0,0.2249681991640923,True
3,5,52,60,25,0.00669,0,10,0.005,0.025,5428,0,0,0.22549742078113486,True
3,6,1,60,25,0.00669,0,10,0.005,0.025,5371,0,0,0.22621485756842302,True
3,6,2,60,25,0.00669,0,10,0.005,0.025,5312,0,0,0.22872740963855423,True
3,6,3,60,25,0.00669,0,10,0.005,0.025,5256,0,0,0.2317351598173516,True
3,6,4,60,25,0.00669,0,10,0.005,0.025,5195,0,0,0.23484119345524543,True
3,6,5,60,25,0.00669,0,10,0.005,0.025,5163,0,0,0.2399767576990122,True
3,6,6,60,25,0.00669,0,10,0.005,0.025,5127,0,0,0.24244197386385802,True
3,6,7,60,25,0.00669,0,10,0.005,0.025,5055,0,0,0.24490603363006924,True
3,6,8,60,25,0.00669,0,10,0.005,0.025,4986,0,0,0.2480946650621741,True
3,6,9,60,25,0.00669,0,10,0.005,0.025,4954,0,0,0.25393621316108195,True
3,6,10,60,25,0.00669,0,10,0.005,0.025,4882,0,0,0.2560426054895535,True
3,6,11,60,25,0.00669,0,10,0.005,0.025,4827,0,0,0.2575098404806298,True
3,6,12,60,25,0.00669,0,10,0.005,0.025,4756,0,0,0.2592514718250631,True
3,6,13,60,25,0.00669,0,10,0.005,0.025,4720,0,0,0.26228813559322034,True
3,6,14,60,25,0.00669,0,10,0.005,0.025,4669,0,0,0.2679374598415078,True
3,6,15,60,25,0.00669,0,10,0.005,0.025,4633,0,0,0.2717461687891215,True
3,6,16,60,25,0.00669,0,10,0.005,0.025,4578,0,0,0.2745740498034076,True
3,6,17,60,25,0.00669,0,10,0.005,0.025,4529,0,0,0.2773239125634798,True
3,6,18,60,25,0.00669,0,10,0.005,0.025,9915,0,0,0.12637418053454363,True
3,6,19,60,25,0.00669,0,10,0.005,0.025,9762,0,0,0.13019872976849006,True
3,6,20,60,25,0.00669,0,10,0.005,0.025,9557,0,0,0.1336193366119075,True
3,6,21,60,25,0.00669,0,10,0.005,0.025,9370,0,0,0.1374599786552828,True
3,6,22,60,25,0.00669,0,10,0.005,0.025,9120,0,0,0.14210526315789473,True
3,6,23,60,25,0.00669,0,10,0.005,0.025,8887,0,0,0.14560594126251827,True
3,6,24,60,25,0.00669,0,10,0.005,0.025,8681,0,0,0.14883077986407095,True
3,6,25,60,25,0.00669,0,10,0.005,0.025,8477,0,0,0.1531202076206205,True
3,6,26,60,25,0.00669,0,10,0.005,0.025,8309,0,0,0.15669755686604886,True
3,6,27,60,25,0.00669,0,10,0.005,0.025,8131,0,0,0.1586520723158283,True
3,6,28,60,25,0.00669,0,10,0.005,0.025,7948,0,0,0.16255661801711122,True
3,6,29,60,25,0.00669,0,10,0.005,0.025,7786,0,0,0.1663241715900334,True
3,6,30,60,25,0.00669,0,10,0.005,0.025,7599,0,0,0.1689696012633241,True
3,6,31,60,25,0.00669,0,10,0.005,0.025,7478,0,0,0.17050013372559508,True
3,6,32,60,25,0.00669,0,10,0.005,0.025,7300,0,0,0.173013698630137,True
3,6,33,60,25,0.00669,0,10,0.005,0.025,7149,0,0,0.17596866694642607,True
3,6,34,60,25,0.00669,0,10,0.005,0.025,6982,0,0,0.17960469779432828,True
3,6,35,60,25,0.00669,0,10,0.005,0.025,6797,0,0,0.18272767397381198,True
3,6,36,60,25,0.00669,0,10,0.005,0.025,6661,0,0,0.18525746884852123,True
3,6,37,60,25,0.00669,0,10,0.005,0.025,6494,0,0,0.18878965198644904,True
3,6,38,60,25,0.00669,0,10,0.005,0.025,6404,0,0,0.19113054341036853,True
3,6,39,60,25,0.00669,0,10,0.005,0.025,6333,0,0,0.19358913627033003,True
3,6,40,60,25,0.00669,0,10,0.005,0.025,6240,0,0,0.19583333333333333,True
3,6,41,60,25,0.00669,0,10,0.005,0.025,6671,0,0,0.23999400389746664,True
3,6,42,60,25,0.00669,0,10,0.005,0.025,6575,0,0,0.24577946768060838,True
3,6,43,60,25,0.00669,0,10,0.005,0.025,6479,0,0,0.24587127643154807,True
3,6,44,60,25,0.00669,0,10,0.005,0.025,6348,0,0,0.24464398235664778,True
3,6,45,60,25,0.00669,0,10,0.005,0.025,6315,0,0,0.2454473475851148,True
3,6,46,60,25,0.00669,0,10,0.005,0.025,5949,0,0,0.2259203227433182,True
3,6,47,60,25,0.00669,0,10,0.005,0.025,5840,0,0,0.22465753424657534,True
3,6,48,60,25,0.00669,0,10,0.005,0.025,5789,0,0,0.22560027638624977,True
3,6,49,60,25,0.00669,0,10,0.005,0.025,5729,0,0,0.2277884447547565,True
3,6,50,60,25,0.00669,0,10,0.005,0.025,5656,0,0,0.22913719943422914,True
3,6,51,60,25,0.00669,0,10,0.005,0.025,5596,0,0,0.2332022873481058,True
3,6,52,60,25,0.00669,0,10,0.005,0.025,5544,0,0,0.23376623376623376,True
3,7,1,60,25,0.00669,0,10,0.005,0.025,5470,0,0,0.23747714808043877,True
3,7,2,60,25,0.00669,0,10,0.005,0.025,5410,0,0,0.2391866913123845,True
3,7,3,60,25,0.00669,0,10,0.005,0.025,5331,0,0,0.24010504595760646,True
3,7,4,60,25,0.00669,0,10,0.005,0.025,5243,0,0,0.24203700171657447,True
3,7,5,60,25,0.00669,0,10,0.005,0.025,5162,0,0,0.2446726075164665,True
3,7,6,60,25,0.00669,0,10,0.005,0.025,5107,0,0,0.24672018797728607,True
3,7,7,60,25,0.00669,0,10,0.005,0.025,5040,0,0,0.24861111111111112,True
3,7,8,60,25,0.00669,0,10,0.005,0.025,4962,0,0,0.24909310761789602,True
3,7,9,60,25,0.00669,0,10,0.005,0.025,4902,0,0,0.2507139942880457,True
3,7,10,60,25,0.00669,0,10,0.005,0.025,4835,0,0,0.25274043433298865,True
3,7,11,60,25,0.00669,0,10,0.005,0.025,4787,0,0,0.25569250052224773,True
3,7,12,60,25,0.00669,0,10,0.005,0.025,4734,0,0,0.25686523024926067,True
3,7,13,60,25,0.00669,0,10,0.005,0.025,4671,0,0,0.26011560693641617,True
3,7,14,60,25,0.00669,0,10,0.005,0.025,4632,0,0,0.2623056994818653,True
3,7,15,60,25,0.00669,0,10,0.005,0.025,4542,0,0,0.2650814619110524,True
3,7,16,60,25,0.00669,0,10,0.005,0.025,4497,0,0,0.26706693351122973,True
3,7,17,60,25,0.00669,0,10,0.005,0.025,4442,0,0,0.2687978388113462,True
3,7,18,60,25,0.00669,0,10,0.005,0.025,9992,0,0,0.12119695756605284,True
3,7,19,60,25,0.00669,0,10,0.005,0.025,9795,0,0,0.12445125063808066,True
3,7,20,60,25,0.00669,0,10,0.005,0.025,9577,0,0,0.12801503602380704,True
3,7,21,60,25,0.00669,0,10,0.005,0.025,9345,0,0,0.13183520599250936,True
3,7,22,60,25,0.00669,0,10,0.005,0.025,9145,0,0,0.1344997266265719,True
3,7,23,60,25,0.00669,0,10,0.005,0.025,8948,0,0,0.1375726419311578,True
3,7,24,60,25,0.00669,0,10,0.005,0.025,8770,0,0,0.13979475484606613,True
3,7,25,60,25,0.00669,0,10,0.005,0.025,8598,0,0,0.14247499418469411,True
3,7,26,60,25,0.00669,0,10,0.005,0.025,8402,0,0,0.14556058081409187,True
3,7,27,60,25,0.00669,0,10,0.005,0.025,8174,0,0,0.14925373134328357,True
3,7,28,60,25,0.00669,0,10,0.005,0.025,7981,0,0,0.15336424007016664,True
3,7,29,60,25,0.00669,0,10,0.005,0.025,7818,0,0,0.15656178050652342,True
3,7,30,60,25,0.00669,0,10,0.005,0.025,7648,0,0,0.15938807531380753,True
3,7,31,60,25,0.00669,0,10,0.005,0.025,7473,0,0,0.161247156429814,True
3,7,32,60,25,0.00669,0,10,0.005,0.025,7279,0,0,0.16417090259651052,True
3,7,33,60,25,0.00669,0,10,0.005,0.025,7131,0,0,0.16687701584630488,True
3,7,34,60,25,0.00669,0,10,0.005,0.025,6992,0,0,0.17048054919908467,True
3,7,35,60,25,0.00669,0,10,0.005,0.025,6831,0,0,0.17449860928121796,True
3,7,36,60,25,0.00669,0,10,0.005,0.025,6684,0,0,0.17923399162178336,True
3,7,37,60,25,0.00669,0,10,0.005,0.025,6540,0,0,0.1808868501529052,True
3,7,38,60,25,0.00669,0,10,0.005,0.025,6442,0,0,0.1827072337783297,True
3,7,39,60,25,0.00669,0,10,0.005,0.025,6364,0,0,0.18541797611565053,True
3,7,40,60,25,0.00669,0,10,0.005,0.025,6273,0,0,0.18874541686593335,True
3,7,41,60,25,0.00669,0,10,0.005,0.025,6789,0,0,0.23110914714980116,True
3,7,42,60,25,0.00669,0,10,0.005,0.025,6687,0,0,0.23403618962165396,True
3,7,43,60,25,0.00669,0,10,0.005,0.025,6664,0,0,0.2385954381752701,True
3,7,44,60,25,0.00669,0,10,0.005,0.025,6543,0,0,0.23613021549747823,True
3,7,45,60,25,0.00669,0,10,0.005,0.025,6431,0,0,0.23573316747006687,True
3,7,46,60,25,0.00669,0,10,0.005,0.025,6081,0,0,0.21756290083867785,True
3,7,47,60,25,0.00669,0,10,0.005,0.025,5945,0,0,0.21530698065601345,True
3,7,48,60,25,0.00669,0,10,0.005,0.025,5883,0,0,0.21519632840387556,True
3,7,49,60,25,0.00669,0,10,0.005,0.025,5814,0,0,0.21671826625386997,True
3,7,50,60,25,0.00669,0,10,0.005,0.025,5742,0,0,0.21926158133054685,True
3,7,51,60,25,0.00669,0,10,0.005,0.025,5665,0,0,0.22135922330097088,True
3,7,52,60,25,0.00669,0,10,0.005,0.025,5582,0,0,0.22303833751343605,True
3,8,1,60,25,0.00669,0,10,0.005,0.025,5493,0,0,0.2255598033861278,True
3,8,2,60,25,0.00669,0,10,0.005,0.025,5416,0,0,0.22913589364844905,True
3,8,3,60,25,0.00669,0,10,0.005,0.025,5343,0,0,0.23114355231143552,True
3,8,4,60,25,0.00669,0,10,0.005,0.025,5260,0,0,0.23250950570342205,True
3,8,5,60,25,0.00669,0,10,0.005,0.025,5207,0,0,0.23333973497215288,True
3,8,6,60,25,0.00669,0,10,0.005,0.025,5131,0,0,0.23621126486065094,True
3,8,7,60,25,0.00669,0,10,0.005,0.025,5051,0,0,0.23916056226489804,True
3,8,8,60,25,0.00669,0,10,0.005,0.025,4977,0,0,0.2407072533654812,True
3,8,9,60,25,0.00669,0,10,0.005,0.025,4908,0,0,0.24327628361858192,True
3,8,10,60,25,0.00669,0,10,0.005,0.025,4852,0,0,0.24525968672712284,True
3,8,11,60,25,0.00669,0,10,0.005,0.025,4796,0,0,0.2481234361968307,True
3,8,12,60,25,0.00669,0,10,0.005,0.025,4746,0,0,0.2505267593763169,True
3,8,13,60,25,0.00669,0,10,0.005,0.025,4685,0,0,0.25400213447171827,True
3,8,14,60,25,0.00669,0,10,0.005,0.025,4637,0,0,0.256847099417727,True
3,8,15,60,25,0.00669,0,10,0.005,0.025,4580,0,0,0.26004366812227075,True
3,8,16,60,25,0.00669,0,10,0.005,0.025,4521,0,0,0.26277372262773724,True
3,8,17,60,25,0.00669,0,10,0.005,0.025,4460,0,0,0.26524663677130045,True
3,8,18,60,25,0.00669,0,10,0.005,0.025,10203,0,0,0.11643634225227874,True
3,8,19,60,25,0.00669,0,10,0.005,0.025,10003,0,0,0.11906428071578526,True
3,8,20,60,25,0.00669,0,10,0.005,0.025,9792,0,0,0.12214052287581699,True
3,8,21,60,25,0.00669,0,10,0.005,0.025,9566,0,0,0.12596696633911772,True
3,8,22,60,25,0.00669,0,10,0.005,0.025,9345,0,0,0.1301230604601391,True
3,8,23,60,25,0.00669,0,10,0.005,0.025,9166,0,0,0.13277329260309842,True
3,8,24,60,25,0.00669,0,10,0.005,0.025,8982,0,0,0.13627254509018036,True
3,8,25,60,25,0.00669,0,10,0.005,0.025,8788,0,0,0.13882567137005006,True
3,8,26,60,25,0.00669,0,10,0.005,0.025,8579,0,0,0.14232428021913976,True
3,8,27,60,25,0.00669,0,10,0.005,0.025,8354,0,0,0.14436198228393585,True
3,8,28,60,25,0.00669,0,10,0.005,0.025,8162,0,0,0.14800294045577064,True
3,8,29,60,25,0.00669,0,10,0.005,0.025,7996,0,0,0.14982491245622812,True
3,8,30,60,25,0.00669,0,10,0.005,0.025,7821,0,0,0.1540723692622427,True
3,8,31,60,25,0.00669,0,10,0.005,0.025,7630,0,0,0.15740498034076017,True
3,8,32,60,25,0.00669,0,10,0.005,0.025,7467,0,0,0.16164456943886435,True
3,8,33,60,25,0.00669,0,10,0.005,0.025,7317,0,0,0.16577832444991117,True
3,8,34,60,25,0.00669,0,10,0.005,0.025,7175,0,0,0.16933797909407666,True
3,8,35,60,25,0.00669,0,10,0.005,0.025,7013,0,0,0.17339227149579353,True
3,8,36,60,25,0.00669,0,10,0.005,0.025,6875,0,0,0.17658181818181817,True
3,8,37,60,25,0.00669,0,10,0.005,0.025,6736,0,0,0.17933491686460806,True
3,8,38,60,25,0.00669,0,10,0.005,0.025,6631,0,0,0.18187302066053385,True
3,8,39,60,25,0.00669,0,10,0.005,0.025,6509,0,0,0.18389921646950377,True
3,8,40,60,25,0.00669,0,10,0.005,0.025,6436,0,0,0.18691733996270976,True
3,8,41,60,25,0.00669,0,10,0.005,0.025,7018,0,0,0.23368481048731832,True
3,8,42,60,25,0.00669,0,10,0.005,0.025,6977,0,0,0.23663465672925327,True
3,8,43,60,25,0.00669,0,10,0.005,0.025,6885,0,0,0.23413217138707335,True
3,8,44,60,25,0.00669,0,10,0.005,0.025,6827,0,0,0.23451003368976125,True
3,8,45,60,25,0.00669,0,10,0.005,0.025,6788,0,0,0.24057159693576902,True
3,8,46,60,25,0.00669,0,10,0.005,0.025,6360,0,0,0.21635220125786164,True
3,8,47,60,25,0.00669,0,10,0.005,0.025,6227,0,0,0.21454954231572185,True
3,8,48,60,25,0.00669,0,10,0.005,0.025,6137,0,0,0.21476291347563956,True
3,8,49,60,25,0.00669,0,10,0.005,0.025,6054,0,0,0.2180376610505451,True
3,8,50,60,25,0.00669,0,10,0.005,0.025,5972,0,0,0.2203616878767582,True
3,8,51,60,25,0.00669,0,10,0.005,0.025,5890,0,0,0.22292020373514432,True
3,8,52,60,25,0.00669,0,10,0.005,0.025,5812,0,0,0.2260839642119752,True
3,9,1,60,25,0.00669,0,10,0.005,0.025,5738,0,0,0.22899965144649703,True
3,9,2,60,25,0.00669,0,10,0.005,0.025,5677,0,0,0.2323410251893606,True
3,9,3,60,25,0.00669,0,10,0.005,0.025,5609,0,0,0.234622927438046,True
3,9,4,60,25,0.00669,0,10,0.005,0.025,5532,0,0,0.23644251626898047,True
3,9,5,60,25,0.00669,0,10,0.005,0.025,5439,0,0,0.2386468100753815,True
3,9,6,60,25,0.00669,0,10,0.005,0.025,5381,0,0,0.24140494331908569,True
3,9,7,60,25,0.00669,0,10,0.005,0.025,5320,0,0,0.243796992481203,True
3,9,8,60,25,0.00669,0,10,0.005,0.025,5243,0,0,0.24661453366393285,True
3,9,9,60,25,0.00669,0,10,0.005,0.025,5189,0,0,0.24783195220659088,True
3,9,10,60,25,0.00669,0,10,0.005,0.025,5130,0,0,0.25087719298245614,True
3,9,11,60,25,0.00669,0,10,0.005,0.025,5065,0,0,0.25409674234945706,True
3,9,12,60,25,0.00669,0,10,0.005,0.025,4997,0,0,0.2555533319991995,True
3,9,13,60,25,0.00669,0,10,0.005,0.025,4926,0,0,0.2570036540803898,True
3,9,14,60,25,0.00669,0,10,0.005,0.025,4887,0,0,0.2590546347452425,True
3,9,15,60,25,0.00669,0,10,0.005,0.025,4826,0,0,0.26087857438872775,True
3,9,16,60,25,0.00669,0,10,0.005,0.025,4771,0,0,0.2653531754349193,True
3,9,17,60,25,0.00669,0,10,0.005,0.025,4721,0,0,0.26646896843889006,True
3,9,18,60,25,0.00669,0,10,0.005,0.025,10203,0,0,0.11359404096834265,True
3,9,19,60,25,0.00669,0,10,0.005,0.025,10030,0,0,0.11674975074775673,True
3,9,20,60,25,0.00669,0,10,0.005,0.025,9841,0,0,0.11939843511838227,True
3,9,21,60,25,0.00669,0,10,0.005,0.025,9599,0,0,0.12313782685696427,True
3,9,22,60,25,0.00669,0,10,0.005,0.025,9386,0,0,0.12582569784785852,True
3,9,23,60,25,0.00669,0,10,0.005,0.025,9201,0,0,0.13031192261710683,True
3,9,24,60,25,0.00669,0,10,0.005,0.025,9012,0,0,0.13304482911673324,True
3,9,25,60,25,0.00669,0,10,0.005,0.025,8814,0,0,0.13614703880190607,True
3,9,26,60,25,0.00669,0,10,0.005,0.025,8632,0,0,0.13901760889712697,True
3,9,27,60,25,0.00669,0,10,0.005,0.025,8439,0,0,0.14124896314729232,True
3,9,28,60,25,0.00669,0,10,0.005,0.025,8198,0,0,0.1451573554525494,True
3,9,29,60,25,0.00669,0,10,0.005,0.025,8030,0,0,0.1485678704856787,True
3,9,30,60,25,0.00669,0,10,0.005,0.025,7854,0,0,0.15100585688820983,True
3,9,31,60,25,0.00669,0,10,0.005,0.025,7673,0,0,0.15508927407793563,True
3,9,32,60,25,0.00669,0,10,0.005,0.025,7524,0,0,0.15776182881446038,True
3,9,33,60,25,0.00669,0,10,0.005,0.025,7383,0,0,0.1611810916971421,True
3,9,34,60,25,0.00669,0,10,0.005,0.025,7284,0,0,0.16474464579901152,True
3,9,35,60,25,0.00669,0,10,0.005,0.025,7116,0,0,0.1689151208544126,True
3,9,36,60,25,0.00669,0,10,0.005,0.025,6952,0,0,0.17318757192174913,True
3,9,37,60,25,0.00669,0,10,0.005,0.025,6784,0,0,0.17659198113207547,True
3,9,38,60,25,0.00669,0,10,0.005,0.025,6686,0,0,0.17858211187556086,True
3,9,39,60,25,0.00669,0,10,0.005,0.025,6587,0,0,0.18126613025656596,True
3,9,40,60,25,0.00669,0,10,0.005,0.025,6494,0,0,0.1835540498922082,True
3,9,41,60,25,0.00669,0,10,0.005,0.025,7049,0,0,0.22471272520924954,True
3,9,42,60,25,0.00669,0,10,0.005,0.025,7066,0,0,0.23025757146900652,True
3,9,43,60,25,0.00669,0,10,0.005,0.025,6971,0,0,0.2349734614832879,True
3,9,44,60,25,0.00669,0,10,0.005,0.025,6927,0,0,0.23632163995957847,True
3,9,45,60,25,0.00669,0,10,0.005,0.025,6860,0,0,0.2392128279883382,True
3,9,46,60,25,0.00669,0,10,0.005,0.025,6480,0,0,0.2191358024691358,True
3,9,47,60,25,0.00669,0,10,0.005,0.025,6329,0,0,0.21519987359772477,True
3,9,48,60,25,0.00669,0,10,0.005,0.025,6230,0,0,0.21524879614767256,True
3,9,49,60,25,0.00669,0,10,0.005,0.025,6161,0,0,0.21749715955202079,True
3,9,50,60,25,0.00669,0,10,0.005,0.025,6101,0,0,0.21848877233240452,True
3,9,51,60,25,0.00669,0,10,0.005,0.025,6018,0,0,0.21917580591558658,True
3,9,52,60,25,0.00669,0,10,0.005,0.025,5944,0,0,0.2234185733512786,True
3,10,1,60,25,0.00669,0,10,0.005,0.025,5899,0,0,0.22546194270215292,True
3,10,2,60,25,0.00669,0,10,0.005,0.025,5812,0,0,0.22763248451479698,True
3,10,3,60,25,0.00669,0,10,0.005,0.025,5728,0,0,0.23131983240223464,True
3,10,4,60,25,0.00669,0,10,0.005,0.025,5671,0,0,0.23470287427261505,True
3,10,5,60,25,0.00669,0,10,0.005,0.025,5620,0,0,0.23790035587188613,True
3,10,6,60,25,0.00669,0,10,0.005,0.025,5556,0,0,0.2410007199424046,True
3,10,7,60,25,0.00669,0,10,0.005,0.025,5496,0,0,0.24417758369723436,True
3,10,8,60,25,0.00669,0,10,0.005,0.025,5460,0,0,0.24816849816849818,True
3,10,9,60,25,0.00669,0,10,0.005,0.025,5386,0,0,0.25250649832900113,True
3,10,10,60,25,0.00669,0,10,0.005,0.025,5313,0,0,0.25447016751364576,True
3,10,11,60,25,0.00669,0,10,0.005,0.025,5250,0,0,0.25695238095238093,True
3,10,12,60,25,0.00669,0,10,0.005,0.025,5211,0,0,0.25906735751295334,True
3,10,13,60,25,0.00669,0,10,0.005,0.025,5150,0,0,0.26349514563106796,True
3,10,14,60,25,0.00669,0,10,0.005,0.025,5113,0,0,0.266770975943673,True
3,10,15,60,25,0.00669,0,10,0.005,0.025,5051,0,0,0.2694515937438131,True
3,10,16,60,25,0.00669,0,10,0.005,0.025,5001,0,0,0.27474505098980206,True
3,10,17,60,25,0.00669,0,10,0.005,0.025,4955,0,0,0.27648839556004035,True
3,10,18,60,25,0.00669,0,10,0.005,0.025,10714,0,0,0.12077655404144111,True
3,10,19,60,25,0.00669,0,10,0.005,0.025,10526,0,0,0.1254987649629489,True
3,10,20,60,25,0.00669,0,10,0.005,0.025,10310,0,0,0.12686711930164887,True
3,10,21,60,25,0.00669,0,10,0.005,0.025,10056,0,0,0.13136435958631662,True
3,10,22,60,25,0.00669,0,10,0.005,0.025,9852,0,0,0.13550548112058466,True
3,10,23,60,25,0.00669,0,10,0.005,0.025,9698,0,0,0.13868838935863065,True
3,10,24,60,25,0.00669,0,10,0.005,0.025,9501,0,0,0.14156404588990631,True
3,10,25,60,25,0.00669,0,10,0.005,0.025,9273,0,0,0.14526043351666126,True
3,10,26,60,25,0.00669,0,10,0.005,0.025,9011,0,0,0.14870713572300523,True
3,10,27,60,25,0.00669,0,10,0.005,0.025,8841,0,0,0.1515665648682276,True
3,10,28,60,25,0.00669,0,10,0.005,0.025,8699,0,0,0.15415565007472123,True
3,10,29,60,25,0.00669,0,10,0.005,0.025,8532,0,0,0.1568213783403657,True
3,10,30,60,25,0.00669,0,10,0.005,0.025,8375,0,0,0.16,True
3,10,31,60,25,0.00669,0,10,0.005,0.025,8201,0,0,0.16449213510547495,True
3,10,32,60,25,0.00669,0,10,0.005,0.025,7983,0,0,0.16760616309658025,True
3,10,33,60,25,0.00669,0,10,0.005,0.025,7806,0,0,0.17140661029976942,True
3,10,34,60,25,0.00669,0,10,0.005,0.025,7652,0,0,0.17511761630946157,True
3,10,35,60,25,0.00669,0,10,0.005,0.025,7503,0,0,0.17819538851126215,True
3,10,36,60,25,0.00669,0,10,0.005,0.025,7346,0,0,0.18268445412469372,True
3,10,37,60,25,0.00669,0,10,0.005,0.025,7221,0,0,0.18543138069519458,True
3,10,38,60,25,0.00669,0,10,0.005,0.025,7136,0,0,0.1875,True
3,10,39,60,25,0.00669,0,10,0.005,0.025,7036,0,0,0.1907333712336555,True
3,10,40,60,25,0.00669,0,10,0.005,0.025,6942,0,0,0.1930279458369346,True
3,10,41,60,25,0.00669,0,10,0.005,0.025,7409,0,0,0.23039546497503036,True
3,10,42,60,25,0.00669,0,10,0.005,0.025,7406,0,0,0.23386443424250608,True
3,10,43,60,25,0.00669,0,10,0.005,0.025,7383,0,0,0.23770824867939863,True
3,10,44,60,25,0.00669,0,10,0.005,0.025,7246,0,0,0.23571625724537676,True
3,10,45,60,25,0.00669,0,10,0.005,0.025,7215,0,0,0.24088704088704088,True
3,10,46,60,25,0.00669,0,10,0.005,0.025,6783,0,0,0.22335249889429457,True
3,10,47,60,25,0.00669,0,10,0.005,0.025,6596,0,0,0.22028502122498483,True
3,10,48,60,25,0.00669,0,10,0.005,0.025,6498,0,0,0.2222222222222222,True
3,10,49,60,25,0.00669,0,10,0.005,0.025,6416,0,0,0.2256857855361596,True
3,10,50,60,25,0.00669,0,10,0.005,0.025,6323,0,0,0.22726553851020084,True
3,10,51,60,25,0.00669,0,10,0.005,0.025,6249,0,0,0.228516562650024,True
3,10,52,60,25,0.00669,0,10,0.005,0.025,6171,0,0,0.23367363474315345,True
3,11,1,60,25,0.00669,0,10,0.005,0.025,6098,0,0,0.23565103312561494,True
3,11,2,60,25,0.00669,0,10,0.005,0.025,6022,0,0,0.2374626369976752,True
3,11,3,60,25,0.00669,0,10,0.005,0.025,5932,0,0,0.23870532703978423,True
3,11,4,60,25,0.00669,0,10,0.005,0.025,5849,0,0,0.24004103265515472,True
3,11,5,60,25,0.00669,0,10,0.005,0.025,5781,0,0,0.24217263449230236,True
3,11,6,60,25,0.00669,0,10,0.005,0.025,5686,0,0,0.2451635596201196,True
3,11,7,60,25,0.00669,0,10,0.005,0.025,5636,0,0,0.2471611071682044,True
3,11,8,60,25,0.00669,0,10,0.005,0.025,5567,0,0,0.24860786779234775,True
3,11,9,60,25,0.00669,0,10,0.005,0.025,5502,0,0,0.25263540530716105,True
3,11,10,60,25,0.00669,0,10,0.005,0.025,5419,0,0,0.2544749953866027,True
3,11,11,60,25,0.00669,0,10,0.005,0.025,5350,0,0,0.2570093457943925,True
3,11,12,60,25,0.00669,0,10,0.005,0.025,5292,0,0,0.258692365835223,True
3,11,13,60,25,0.00669,0,10,0.005,0.025,5225,0,0,0.2633492822966507,True
3,11,14,60,25,0.00669,0,10,0.005,0.025,5174,0,0,0.26517201391573253,True
3,11,15,60,25,0.00669,0,10,0.005,0.025,5119,0,0,0.2693885524516507,True
3,11,16,60,25,0.00669,0,10,0.005,0.025,5054,0,0,0.2716660071230708,True
3,11,17,60,25,0.00669,0,10,0.005,0.025,4999,0,0,0.27425485097019403,True
3,11,18,60,25,0.00669,0,10,0.005,0.025,10654,0,0,0.11817157874976535,True
3,11,19,60,25,0.00669,0,10,0.005,0.025,10453,0,0,0.12159188749641252,True
3,11,20,60,25,0.00669,0,10,0.005,0.025,10214,0,0,0.1253181907186215,True
3,11,21,60,25,0.00669,0,10,0.005,0.025,9997,0,0,0.12783835150545164,True
3,11,22,60,25,0.00669,0,10,0.005,0.025,9728,0,0,0.13147615131578946,True
3,11,23,60,25,0.00669,0,10,0.005,0.025,9485,0,0,0.13589878755930415,True
3,11,24,60,25,0.00669,0,10,0.005,0.025,9234,0,0,0.13807667316439245,True
3,11,25,60,25,0.00669,0,10,0.005,0.025,8981,0,0,0.14163233492929517,True
3,11,26,60,25,0.00669,0,10,0.005,0.025,8815,0,0,0.14429948950652297,True
3,11,27,60,25,0.00669,0,10,0.005,0.025,8640,0,0,0.14837962962962964,True
3,11,28,60,25,0.00669,0,10,0.005,0.025,8468,0,0,0.1511572980632971,True
3,11,29,60,25,0.00669,0,10,0.005,0.025,8316,0,0,0.15464165464165464,True
3,11,30,60,25,0.00669,0,10,0.005,0.025,8166,0,0,0.15699240754347293,True
3,11,31,60,25,0.00669,0,10,0.005,0.025,8013,0,0,0.15911643579183826,True
3,11,32,60,25,0.00669,0,10,0.005,0.025,7878,0,0,0.1620969789286621,True
3,11,33,60,25,0.00669,0,10,0.005,0.025,7698,0,0,0.16614705118212522,True
3,11,34,60,25,0.00669,0,10,0.005,0.025,7562,0,0,0.16926738957947632,True
3,11,35,60,25,0.00669,0,10,0.005,0.025,7444,0,0,0.17262224610424504,True
3,11,36,60,25,0.00669,0,10,0.005,0.025,7308,0,0,0.17610837438423646,True
3,11,37,60,25,0.00669,0,10,0.005,0.025,7195,0,0,0.17887421820708826,True
3,11,38,60,25,0.00669,0,10,0.005,0.025,7093,0,0,0.18116452840828987,True
3,11,39,60,25,0.00669,0,10,0.005,0.025,6990,0,0,0.1838340486409156,True
3,11,40,60,25,0.00669,0,10,0.005,0.025,6882,0,0,0.1873002034292357,True
3,11,41,60,25,0.00669,0,10,0.005,0.025,7389,0,0,0.22844769251590202,True
3,11,42,60,25,0.00669,0,10,0.005,0.025,7392,0,0,0.23363095238095238,True
3,11,43,60,25,0.00669,0,10,0.005,0.025,7292,0,0,0.23107515085024685,True
3,11,44,60,25,0.00669,0,10,0.005,0.025,7217,0,0,0.23278370514064015,True
3,11,45,60,25,0.00669,0,10,0.005,0.025,7142,0,0,0.23774852982357883,True
3,11,46,60,25,0.00669,0,10,0.005,0.025,6737,0,0,0.21938548315273862,True
3,11,47,60,25,0.00669,0,10,0.005,0.025,6585,0,0,0.21594533029612756,True
3,11,48,60,25,0.00669,0,10,0.005,0.025,6473,0,0,0.21597404603738607,True
3,11,49,60,25,0.00669,0,10,0.005,0.025,6386,0,0,0.21813341684935797,True
3,11,50,60,25,0.00669,0,10,0.005,0.025,6297,0,0,0.22153406383992377,True
3,11,51,60,25,0.00669,0,10,0.005,0.025,6238,0,0,0.22443090734209684,True
3,11,52,60,25,0.00669,0,10,0.005,0.025,6173,0,0,0.22711809492953183,True
