rep,year,week,land_size,maxK,lambda1,lambda2,starting_cases,a_mort,j_mort,total_pop,n_infected,n_symptomatic,actual_sero,elim
20,1,1,60,25,0.001,0,0,0.005,0.025,5406,0,0,0.0014798372179060304,True
20,1,2,60,25,0.001,0,0,0.005,0.025,5319,0,0,0.0035721000188005266,True
20,1,3,60,25,0.001,0,0,0.005,0.025,5176,0,0,0.005795981452859351,True
20,1,4,60,25,0.001,0,0,0.005,0.025,5090,0,0,0.008447937131630648,True
20,1,5,60,25,0.001,0,0,0.005,0.025,5019,0,0,0.009563658099222952,True
20,1,6,60,25,0.001,0,0,0.005,0.025,4952,0,0,0.01191437802907916,True
20,1,7,60,25,0.001,0,0,0.005,0.025,4883,0,0,0.013721073110792546,True
20,1,8,60,25,0.001,0,0,0.005,0.025,4809,0,0,0.015803701393221042,True
20,1,9,60,25,0.001,0,0,0.005,0.025,4750,0,0,0.017473684210526315,True
20,1,10,60,25,0.001,0,0,0.005,0.025,4688,0,0,0.020051194539249147,True
20,1,11,60,25,0.001,0,0,0.005,0.025,4633,0,0,0.022231815238506366,True
20,1,12,60,25,0.001,0,0,0.005,0.025,4576,0,0,0.0236013986013986,True
20,1,13,60,25,0.001,0,0,0.005,0.025,4525,0,0,0.025193370165745858,True
20,1,14,60,25,0.001,0,0,0.005,0.025,4477,0,0,0.026580299307572035,True
20,1,15,60,25,0.001,0,0,0.005,0.025,4432,0,0,0.029557761732851986,True
20,1,16,60,25,0.001,0,0,0.005,0.025,4398,0,0,0.030923146884947704,True
20,1,17,60,25,0.001,0,0,0.005,0.025,4330,0,0,0.03279445727482679,True
20,1,18,60,25,0.001,0,0,0.005,0.025,12930,0,0,0.013070378963650426,True
20,1,19,60,25,0.001,0,0,0.005,0.025,12632,0,0,0.015120329322355922,True
20,1,20,60,25,0.001,0,0,0.005,0.025,12259,0,0,0.017130271637164532,True
20,1,21,60,25,0.001,0,0,0.005,0.025,11924,0,0,0.01912110030191211,True
20,1,22,60,25,0.001,0,0,0.005,0.025,11608,0,0,0.021709166092350102,True
20,1,23,60,25,0.001,0,0,0.005,0.025,11293,0,0,0.023997166386256975,True
20,1,24,60,25,0.001,0,0,0.005,0.025,11005,0,0,0.026079054975011357,True
20,1,25,60,25,0.001,0,0,0.005,0.025,10720,0,0,0.028078358208955222,True
20,1,26,60,25,0.001,0,0,0.005,0.025,10460,0,0,0.030305927342256213,True
20,1,27,60,25,0.001,0,0,0.005,0.025,10195,0,0,0.032172633643943106,True
20,1,28,60,25,0.001,0,0,0.005,0.025,9935,0,0,0.0350276799194766,True
20,1,29,60,25,0.001,0,0,0.005,0.025,9705,0,0,0.03565172591447707,True
20,1,30,60,25,0.001,0,0,0.005,0.025,9497,0,0,0.038222596609455615,True
20,1,31,60,25,0.001,0,0,0.005,0.025,9264,0,0,0.0415587219343696,True
20,1,32,60,25,0.001,0,0,0.005,0.025,9040,0,0,0.04402654867256637,True
20,1,33,60,25,0.001,0,0,0.005,0.025,8857,0,0,0.04572654397651575,True
20,1,34,60,25,0.001,0,0,0.005,0.025,8677,0,0,0.04817333179670393,True
20,1,35,60,25,0.001,0,0,0.005,0.025,8493,0,0,0.05015895443306252,True
20,1,36,60,25,0.001,0,0,0.005,0.025,8303,0,0,0.051788510177044444,True
20,1,37,60,25,0.001,0,0,0.005,0.025,8111,0,0,0.05437060781654543,True
20,1,38,60,25,0.001,0,0,0.005,0.025,7959,0,0,0.056791054152531724,True
20,1,39,60,25,0.001,0,0,0.005,0.025,7838,0,0,0.05983669303393723,True
20,1,40,60,25,0.001,0,0,0.005,0.025,7697,0,0,0.06288164219825906,True
20,1,41,60,25,0.001,0,0,0.005,0.025,7891,0,0,0.08161196299581802,True
20,1,42,60,25,0.001,0,0,0.005,0.025,7821,0,0,0.084516046541363,True
20,1,43,60,25,0.001,0,0,0.005,0.025,7750,0,0,0.08619354838709678,True
20,1,44,60,25,0.001,0,0,0.005,0.025,7714,0,0,0.08983666061705989,True
20,1,45,60,25,0.001,0,0,0.005,0.025,7646,0,0,0.09168192518964165,True
20,1,46,60,25,0.001,0,0,0.005,0.025,7385,0,0,0.08314150304671632,True
20,1,47,60,25,0.001,0,0,0.005,0.025,7293,0,0,0.0854243795420266,True
20,1,48,60,25,0.001,0,0,0.005,0.025,7214,0,0,0.08594399778209039,True
20,1,49,60,25,0.001,0,0,0.005,0.025,7117,0,0,0.08823942672474357,True
20,1,50,60,25,0.001,0,0,0.005,0.025,7014,0,0,0.09039064727687482,True
20,1,51,60,25,0.001,0,0,0.005,0.025,6908,0,0,0.09192240880138969,True
20,1,52,60,25,0.001,0,0,0.005,0.025,6804,0,0,0.09435626102292768,True
20,2,1,60,25,0.001,0,0,0.005,0.025,6701,0,0,0.0964035218624086,True
20,2,2,60,25,0.001,0,0,0.005,0.025,6613,0,0,0.09814002721911387,True
20,2,3,60,25,0.001,0,0,0.005,0.025,6524,0,0,0.1007050889025138,True
20,2,4,60,25,0.001,0,0,0.005,0.025,6421,0,0,0.1020090328609251,True
20,2,5,60,25,0.001,0,0,0.005,0.025,6323,0,0,0.10422267910801834,True
20,2,6,60,25,0.001,0,0,0.005,0.025,6225,0,0,0.10522088353413654,True
20,2,7,60,25,0.001,0,0,0.005,0.025,6108,0,0,0.10674525212835625,True
20,2,8,60,25,0.001,0,0,0.005,0.025,6010,0,0,0.10948419301164726,True
20,2,9,60,25,0.001,0,0,0.005,0.025,5906,0,0,0.11208940060954961,True
20,2,10,60,25,0.001,0,0,0.005,0.025,5831,0,0,0.11456010975818899,True
20,2,11,60,25,0.001,0,0,0.005,0.025,5738,0,0,0.11606831648658068,True
20,2,12,60,25,0.001,0,0,0.005,0.025,5640,0,0,0.11595744680851064,True
20,2,13,60,25,0.001,0,0,0.005,0.025,5552,0,0,0.11887608069164265,True
20,2,14,60,25,0.001,0,0,0.005,0.025,5463,0,0,0.12008054182683507,True
20,2,15,60,25,0.001,0,0,0.005,0.025,5386,0,0,0.12198291867805422,True
20,2,16,60,25,0.001,0,0,0.005,0.025,5298,0,0,0.1236315590788977,True
20,2,17,60,25,0.001,0,0,0.005,0.025,5224,0,0,0.12672281776416539,True
20,2,18,60,25,0.001,0,0,0.005,0.025,10454,0,0,0.06514252917543524,True
20,2,19,60,25,0.001,0,0,0.005,0.025,10238,0,0,0.06788435241258058,True
20,2,20,60,25,0.001,0,0,0.005,0.025,10012,0,0,0.06991610067918498,True
20,2,21,60,25,0.001,0,0,0.005,0.025,9772,0,0,0.07306590257879657,True
20,2,22,60,25,0.001,0,0,0.005,0.025,9543,0,0,0.07523839463481086,True
20,2,23,60,25,0.001,0,0,0.005,0.025,9330,0,0,0.07813504823151125,True
20,2,24,60,25,0.001,0,0,0.005,0.025,9080,0,0,0.08204845814977973,True
20,2,25,60,25,0.001,0,0,0.005,0.025,8842,0,0,0.08504863153132776,True
20,2,26,60,25,0.001,0,0,0.005,0.025,8632,0,0,0.08630676552363299,True
20,2,27,60,25,0.001,0,0,0.005,0.025,8457,0,0,0.08797445902802412,True
20,2,28,60,25,0.001,0,0,0.005,0.025,8327,0,0,0.09054881710099676,True
20,2,29,60,25,0.001,0,0,0.005,0.025,8118,0,0,0.09263365360926337,True
20,2,30,60,25,0.001,0,0,0.005,0.025,7981,0,0,0.09535145971682747,True
20,2,31,60,25,0.001,0,0,0.005,0.025,7820,0,0,0.09782608695652174,True
20,2,32,60,25,0.001,0,0,0.005,0.025,7665,0,0,0.09928245270711024,True
20,2,33,60,25,0.001,0,0,0.005,0.025,7524,0,0,0.10207336523125997,True
20,2,34,60,25,0.001,0,0,0.005,0.025,7376,0,0,0.10479934924078091,True
20,2,35,60,25,0.001,0,0,0.005,0.025,7233,0,0,0.10618000829531314,True
20,2,36,60,25,0.001,0,0,0.005,0.025,7059,0,0,0.10752231194220145,True
20,2,37,60,25,0.001,0,0,0.005,0.025,6926,0,0,0.11088651458273173,True
20,2,38,60,25,0.001,0,0,0.005,0.025,6823,0,0,0.11343983584933313,True
20,2,39,60,25,0.001,0,0,0.005,0.025,6737,0,0,0.11563010241947454,True
20,2,40,60,25,0.001,0,0,0.005,0.025,6628,0,0,0.11828605914302957,True
20,2,41,60,25,0.001,0,0,0.005,0.025,7002,0,0,0.15052842045129963,True
20,2,42,60,25,0.001,0,0,0.005,0.025,6968,0,0,0.1555683122847302,True
20,2,43,60,25,0.001,0,0,0.005,0.025,6914,0,0,0.15866358113971651,True
20,2,44,60,25,0.001,0,0,0.005,0.025,6890,0,0,0.15965166908563136,True
20,2,45,60,25,0.001,0,0,0.005,0.025,6816,0,0,0.16035798122065728,True
20,2,46,60,25,0.001,0,0,0.005,0.025,6520,0,0,0.14248466257668713,True
20,2,47,60,25,0.001,0,0,0.005,0.025,6403,0,0,0.14274558800562237,True
20,2,48,60,25,0.001,0,0,0.005,0.025,6320,0,0,0.14414556962025316,True
20,2,49,60,25,0.001,0,0,0.005,0.025,6257,0,0,0.14543711043631133,True
20,2,50,60,25,0.001,0,0,0.005,0.025,6170,0,0,0.1481361426256078,True
20,2,51,60,25,0.001,0,0,0.005,0.025,6102,0,0,0.14962307440183548,True
20,2,52,60,25,0.001,0,0,0.005,0.025,6009,0,0,0.1507738392411383,True
20,3,1,60,25,0.001,0,0,0.005,0.025,5949,0,0,0.15246259875609347,True
20,3,2,60,25,0.001,0,0,0.005,0.025,5867,0,0,0.1556161581728311,True
20,3,3,60,25,0.001,0,0,0.005,0.025,5789,0,0,0.15633097253411643,True
20,3,4,60,25,0.001,0,0,0.005,0.025,5701,0,0,0.15979652692510085,True
20,3,5,60,25,0.001,0,0,0.005,0.025,5636,0,0,0.16305890702625975,True
20,3,6,60,25,0.001,0,0,0.005,0.025,5587,0,0,0.1666368355110077,True
20,3,7,60,25,0.001,0,0,0.005,0.025,5509,0,0,0.16863314576148122,True
20,3,8,60,25,0.001,0,0,0.005,0.025,5430,0,0,0.17016574585635358,True
20,3,9,60,25,0.001,0,0,0.005,0.025,5350,0,0,0.17121495327102804,True
20,3,10,60,25,0.001,0,0,0.005,0.025,5290,0,0,0.17145557655954632,True
20,3,11,60,25,0.001,0,0,0.005,0.025,5221,0,0,0.17352997510055546,True
20,3,12,60,25,0.001,0,0,0.005,0.025,5156,0,0,0.17591155934833205,True
20,3,13,60,25,0.001,0,0,0.005,0.025,5100,0,0,0.17862745098039215,True
20,3,14,60,25,0.001,0,0,0.005,0.025,5038,0,0,0.18042874156411273,True
20,3,15,60,25,0.001,0,0,0.005,0.025,4973,0,0,0.1819827066157249,True
20,3,16,60,25,0.001,0,0,0.005,0.025,4914,0,0,0.18376068376068377,True
20,3,17,60,25,0.001,0,0,0.005,0.025,4860,0,0,0.18621399176954734,True
20,3,18,60,25,0.001,0,0,0.005,0.025,11192,0,0,0.08112937812723374,True
20,3,19,60,25,0.001,0,0,0.005,0.025,10955,0,0,0.08306709265175719,True
20,3,20,60,25,0.001,0,0,0.005,0.025,10699,0,0,0.08552201140293485,True
20,3,21,60,25,0.001,0,0,0.005,0.025,10443,0,0,0.08838456382265633,True
20,3,22,60,25,0.001,0,0,0.005,0.025,10190,0,0,0.09205103042198233,True
20,3,23,60,25,0.001,0,0,0.005,0.025,9942,0,0,0.09424663045664856,True
20,3,24,60,25,0.001,0,0,0.005,0.025,9686,0,0,0.09735701011769564,True
20,3,25,60,25,0.001,0,0,0.005,0.025,9429,0,0,0.10117721921730831,True
20,3,26,60,25,0.001,0,0,0.005,0.025,9183,0,0,0.10410541217467059,True
20,3,27,60,25,0.001,0,0,0.005,0.025,8937,0,0,0.1071948081011525,True
20,3,28,60,25,0.001,0,0,0.005,0.025,8706,0,0,0.10946473696301401,True
20,3,29,60,25,0.001,0,0,0.005,0.025,8548,0,0,0.11230697239120262,True
20,3,30,60,25,0.001,0,0,0.005,0.025,8354,0,0,0.11491501077328226,True
20,3,31,60,25,0.001,0,0,0.005,0.025,8207,0,0,0.11746070427683684,True
20,3,32,60,25,0.001,0,0,0.005,0.025,8069,0,0,0.11971743710496964,True
20,3,33,60,25,0.001,0,0,0.005,0.025,7886,0,0,0.12287598275424803,True
20,3,34,60,25,0.001,0,0,0.005,0.025,7693,0,0,0.1266086052255297,True
20,3,35,60,25,0.001,0,0,0.005,0.025,7544,0,0,0.1306998939554613,True
20,3,36,60,25,0.001,0,0,0.005,0.025,7400,0,0,0.1335135135135135,True
20,3,37,60,25,0.001,0,0,0.005,0.025,7208,0,0,0.13568257491675917,True
20,3,38,60,25,0.001,0,0,0.005,0.025,7107,0,0,0.13929928239763614,True
20,3,39,60,25,0.001,0,0,0.005,0.025,7002,0,0,0.14124535846900885,True
20,3,40,60,25,0.001,0,0,0.005,0.025,6904,0,0,0.14440903823870221,True
20,3,41,60,25,0.001,0,0,0.005,0.025,7347,0,0,0.17966516945692118,True
20,3,42,60,25,0.001,0,0,0.005,0.025,7345,0,0,0.1865214431586113,True
20,3,43,60,25,0.001,0,0,0.005,0.025,7263,0,0,0.1922070769654413,True
20,3,44,60,25,0.001,0,0,0.005,0.025,7258,0,0,0.1944061724993111,True
20,3,45,60,25,0.001,0,0,0.005,0.025,7179,0,0,0.1945953475414403,True
20,3,46,60,25,0.001,0,0,0.005,0.025,6850,0,0,0.17912408759124088,True
20,3,47,60,25,0.001,0,0,0.005,0.025,6710,0,0,0.17719821162444113,True
20,3,48,60,25,0.001,0,0,0.005,0.025,6589,0,0,0.17893458794961298,True
20,3,49,60,25,0.001,0,0,0.005,0.025,6520,0,0,0.18144171779141105,True
20,3,50,60,25,0.001,0,0,0.005,0.025,6413,0,0,0.18322158116326212,True
20,3,51,60,25,0.001,0,0,0.005,0.025,6314,0,0,0.18451061133987964,True
20,3,52,60,25,0.001,0,0,0.005,0.025,6222,0,0,0.18659594985535197,True
20,4,1,60,25,0.001,0,0,0.005,0.025,6137,0,0,0.18852859703438163,True
20,4,2,60,25,0.001,0,0,0.005,0.025,6067,0,0,0.19152793802538323,True
20,4,3,60,25,0.001,0,0,0.005,0.025,5990,0,0,0.193322203672788,True
20,4,4,60,25,0.001,0,0,0.005,0.025,5915,0,0,0.19492814877430262,True
20,4,5,60,25,0.001,0,0,0.005,0.025,5835,0,0,0.19588688946015423,True
20,4,6,60,25,0.001,0,0,0.005,0.025,5757,0,0,0.20114643043251693,True
20,4,7,60,25,0.001,0,0,0.005,0.025,5683,0,0,0.20306176315326413,True
20,4,8,60,25,0.001,0,0,0.005,0.025,5574,0,0,0.2043415859346968,True
20,4,9,60,25,0.001,0,0,0.005,0.025,5497,0,0,0.20593050754957248,True
20,4,10,60,25,0.001,0,0,0.005,0.025,5429,0,0,0.207404678578007,True
20,4,11,60,25,0.001,0,0,0.005,0.025,5326,0,0,0.2097258730754788,True
20,4,12,60,25,0.001,0,0,0.005,0.025,5253,0,0,0.2132114981915096,True
20,4,13,60,25,0.001,0,0,0.005,0.025,5191,0,0,0.21363899056058563,True
20,4,14,60,25,0.001,0,0,0.005,0.025,5119,0,0,0.21566712248486034,True
20,4,15,60,25,0.001,0,0,0.005,0.025,5053,0,0,0.21769245992479716,True
20,4,16,60,25,0.001,0,0,0.005,0.025,4985,0,0,0.21905717151454362,True
20,4,17,60,25,0.001,0,0,0.005,0.025,4916,0,0,0.21948738812042312,True
20,4,18,60,25,0.001,0,0,0.005,0.025,10901,0,0,0.09999082652967618,True
20,4,19,60,25,0.001,0,0,0.005,0.025,10682,0,0,0.10213443175435312,True
20,4,20,60,25,0.001,0,0,0.005,0.025,10428,0,0,0.10500575373993096,True
20,4,21,60,25,0.001,0,0,0.005,0.025,10185,0,0,0.10810014727540501,True
20,4,22,60,25,0.001,0,0,0.005,0.025,9959,0,0,0.11185862034340797,True
20,4,23,60,25,0.001,0,0,0.005,0.025,9705,0,0,0.11509531169500258,True
20,4,24,60,25,0.001,0,0,0.005,0.025,9425,0,0,0.11893899204244032,True
20,4,25,60,25,0.001,0,0,0.005,0.025,9205,0,0,0.12254209668658338,True
20,4,26,60,25,0.001,0,0,0.005,0.025,9009,0,0,0.12520812520812521,True
20,4,27,60,25,0.001,0,0,0.005,0.025,8849,0,0,0.12792405921573058,True
20,4,28,60,25,0.001,0,0,0.005,0.025,8660,0,0,0.1323325635103926,True
20,4,29,60,25,0.001,0,0,0.005,0.025,8501,0,0,0.13574873544288907,True
20,4,30,60,25,0.001,0,0,0.005,0.025,8337,0,0,0.1376994122586062,True
20,4,31,60,25,0.001,0,0,0.005,0.025,8157,0,0,0.14049282824567855,True
20,4,32,60,25,0.001,0,0,0.005,0.025,7960,0,0,0.14258793969849246,True
20,4,33,60,25,0.001,0,0,0.005,0.025,7777,0,0,0.14555741288414556,True
20,4,34,60,25,0.001,0,0,0.005,0.025,7616,0,0,0.1479779411764706,True
20,4,35,60,25,0.001,0,0,0.005,0.025,7457,0,0,0.15113316347056457,True
20,4,36,60,25,0.001,0,0,0.005,0.025,7292,0,0,0.15414152495885902,True
20,4,37,60,25,0.001,0,0,0.005,0.025,7150,0,0,0.15832167832167832,True
20,4,38,60,25,0.001,0,0,0.005,0.025,7041,0,0,0.1602045164039199,True
20,4,39,60,25,0.001,0,0,0.005,0.025,6921,0,0,0.16240427683860714,True
20,4,40,60,25,0.001,0,0,0.005,0.025,6829,0,0,0.1650314833797042,True
20,4,41,60,25,0.001,0,0,0.005,0.025,7324,0,0,0.2024849808847624,True
20,4,42,60,25,0.001,0,0,0.005,0.025,7291,0,0,0.20573309559731176,True
20,4,43,60,25,0.001,0,0,0.005,0.025,7184,0,0,0.20629175946547884,True
20,4,44,60,25,0.001,0,0,0.005,0.025,7165,0,0,0.20921144452198184,True
20,4,45,60,25,0.001,0,0,0.005,0.025,7096,0,0,0.21195039458850057,True
20,4,46,60,25,0.001,0,0,0.005,0.025,6803,0,0,0.1969719241511098,True
20,4,47,60,25,0.001,0,0,0.005,0.025,6706,0,0,0.1965404115717268,True
20,4,48,60,25,0.001,0,0,0.005,0.025,6616,0,0,0.19951632406287786,True
20,4,49,60,25,0.001,0,0,0.005,0.025,6519,0,0,0.2018714526767909,True
20,4,50,60,25,0.001,0,0,0.005,0.025,6449,0,0,0.20468289657311212,True
20,4,51,60,25,0.001,0,0,0.005,0.025,6374,0,0,0.20583620960150611,True
20,4,52,60,25,0.001,0,0,0.005,0.025,6310,0,0,0.20887480190174326,True
20,5,1,60,25,0.001,0,0,0.005,0.025,6193,0,0,0.20959147424511546,True
20,5,2,60,25,0.001,0,0,0.005,0.025,6117,0,0,0.2125224783390551,True
20,5,3,60,25,0.001,0,0,0.005,0.025,6033,0,0,0.21564727333001824,True
20,5,4,60,25,0.001,0,0,0.005,0.025,5960,0,0,0.21644295302013422,True
20,5,5,60,25,0.001,0,0,0.005,0.025,5909,0,0,0.21915721780335082,True
20,5,6,60,25,0.001,0,0,0.005,0.025,5857,0,0,0.22144442547379203,True
20,5,7,60,25,0.001,0,0,0.005,0.025,5774,0,0,0.22618635261517145,True
20,5,8,60,25,0.001,0,0,0.005,0.025,5712,0,0,0.2267156862745098,True
20,5,9,60,25,0.001,0,0,0.005,0.025,5659,0,0,0.2286623078282382,True
20,5,10,60,25,0.001,0,0,0.005,0.025,5562,0,0,0.23031283710895362,True
20,5,11,60,25,0.001,0,0,0.005,0.025,5502,0,0,0.23446019629225737,True
20,5,12,60,25,0.001,0,0,0.005,0.025,5430,0,0,0.23646408839779007,True
20,5,13,60,25,0.001,0,0,0.005,0.025,5365,0,0,0.23988816402609506,True
20,5,14,60,25,0.001,0,0,0.005,0.025,5322,0,0,0.24182638105975196,True
20,5,15,60,25,0.001,0,0,0.005,0.025,5277,0,0,0.24407807466363465,True
20,5,16,60,25,0.001,0,0,0.005,0.025,5219,0,0,0.2467905729066871,True
20,5,17,60,25,0.001,0,0,0.005,0.025,5138,0,0,0.24795640326975477,True
20,5,18,60,25,0.001,0,0,0.005,0.025,11707,0,0,0.11053216024600666,True
20,5,19,60,25,0.001,0,0,0.005,0.025,11454,0,0,0.11271171643094116,True
20,5,20,60,25,0.001,0,0,0.005,0.025,11179,0,0,0.11637892476965739,True
20,5,21,60,25,0.001,0,0,0.005,0.025,10903,0,0,0.11932495643400899,True
20,5,22,60,25,0.001,0,0,0.005,0.025,10652,0,0,0.1222305670296658,True
20,5,23,60,25,0.001,0,0,0.005,0.025,10385,0,0,0.125565719788156,True
20,5,24,60,25,0.001,0,0,0.005,0.025,10123,0,0,0.12930949323323127,True
20,5,25,60,25,0.001,0,0,0.005,0.025,9848,0,0,0.1323111291632819,True
20,5,26,60,25,0.001,0,0,0.005,0.025,9625,0,0,0.13537662337662337,True
20,5,27,60,25,0.001,0,0,0.005,0.025,9387,0,0,0.13891552146585703,True
20,5,28,60,25,0.001,0,0,0.005,0.025,9151,0,0,0.14217025461698174,True
20,5,29,60,25,0.001,0,0,0.005,0.025,8962,0,0,0.14483374246819905,True
20,5,30,60,25,0.001,0,0,0.005,0.025,8756,0,0,0.1477843764275925,True
20,5,31,60,25,0.001,0,0,0.005,0.025,8578,0,0,0.15015155047796688,True
20,5,32,60,25,0.001,0,0,0.005,0.025,8383,0,0,0.15340570201598472,True
20,5,33,60,25,0.001,0,0,0.005,0.025,8229,0,0,0.15591201847126018,True
20,5,34,60,25,0.001,0,0,0.005,0.025,8048,0,0,0.15929423459244532,True
20,5,35,60,25,0.001,0,0,0.005,0.025,7865,0,0,0.16261919898283533,True
20,5,36,60,25,0.001,0,0,0.005,0.025,7730,0,0,0.1650711513583441,True
20,5,37,60,25,0.001,0,0,0.005,0.025,7574,0,0,0.16728280961182995,True
20,5,38,60,25,0.001,0,0,0.005,0.025,7450,0,0,0.1697986577181208,True
20,5,39,60,25,0.001,0,0,0.005,0.025,7352,0,0,0.17178998911860718,True
20,5,40,60,25,0.001,0,0,0.005,0.025,7258,0,0,0.17470377514466795,True
20,5,41,60,25,0.001,0,0,0.005,0.025,7657,0,0,0.20673893169648688,True
20,5,42,60,25,0.001,0,0,0.005,0.025,7599,0,0,0.21002763521515988,True
20,5,43,60,25,0.001,0,0,0.005,0.025,7528,0,0,0.2113443145589798,True
20,5,44,60,25,0.001,0,0,0.005,0.025,7473,0,0,0.2127659574468085,True
20,5,45,60,25,0.001,0,0,0.005,0.025,7450,0,0,0.21838926174496645,True
20,5,46,60,25,0.001,0,0,0.005,0.025,7072,0,0,0.20149886877828055,True
20,5,47,60,25,0.001,0,0,0.005,0.025,6957,0,0,0.20051746442432083,True
20,5,48,60,25,0.001,0,0,0.005,0.025,6841,0,0,0.20099400672416312,True
20,5,49,60,25,0.001,0,0,0.005,0.025,6769,0,0,0.20357512187915497,True
20,5,50,60,25,0.001,0,0,0.005,0.025,6706,0,0,0.20533850283328361,True
20,5,51,60,25,0.001,0,0,0.005,0.025,6650,0,0,0.2069172932330827,True
20,5,52,60,25,0.001,0,0,0.005,0.025,6586,0,0,0.209383540844215,True
20,6,1,60,25,0.001,0,0,0.005,0.025,6499,0,0,0.21064779196799507,True
20,6,2,60,25,0.001,0,0,0.005,0.025,6417,0,0,0.21271622253389436,True
20,6,3,60,25,0.001,0,0,0.005,0.025,6334,0,0,0.2162930217871803,True
20,6,4,60,25,0.001,0,0,0.005,0.025,6251,0,0,0.21724524076147816,True
20,6,5,60,25,0.001,0,0,0.005,0.025,6175,0,0,0.21829959514170041,True
20,6,6,60,25,0.001,0,0,0.005,0.025,6090,0,0,0.22036124794745485,True
20,6,7,60,25,0.001,0,0,0.005,0.025,6016,0,0,0.22174202127659576,True
20,6,8,60,25,0.001,0,0,0.005,0.025,5925,0,0,0.22531645569620254,True
20,6,9,60,25,0.001,0,0,0.005,0.025,5842,0,0,0.2262923656282095,True
20,6,10,60,25,0.001,0,0,0.005,0.025,5774,0,0,0.22913058538275027,True
20,6,11,60,25,0.001,0,0,0.005,0.025,5708,0,0,0.22880168185003505,True
20,6,12,60,25,0.001,0,0,0.005,0.025,5630,0,0,0.23179396092362345,True
20,6,13,60,25,0.001,0,0,0.005,0.025,5551,0,0,0.2329310034228067,True
20,6,14,60,25,0.001,0,0,0.005,0.025,5486,0,0,0.23423259205249727,True
20,6,15,60,25,0.001,0,0,0.005,0.025,5413,0,0,0.23609828191391097,True
20,6,16,60,25,0.001,0,0,0.005,0.025,5354,0,0,0.23870003735524842,True
20,6,17,60,25,0.001,0,0,0.005,0.025,5273,0,0,0.2419874834060307,True
20,6,18,60,25,0.001,0,0,0.005,0.025,11656,0,0,0.11032944406314345,True
20,6,19,60,25,0.001,0,0,0.005,0.025,11464,0,0,0.11287508722958828,True
20,6,20,60,25,0.001,0,0,0.005,0.025,11209,0,0,0.11642430190025872,True
20,6,21,60,25,0.001,0,0,0.005,0.025,10963,0,0,0.11949283955121773,True
20,6,22,60,25,0.001,0,0,0.005,0.025,10692,0,0,0.12224092779648335,True
20,6,23,60,25,0.001,0,0,0.005,0.025,10473,0,0,0.12546548266972216,True
20,6,24,60,25,0.001,0,0,0.005,0.025,10239,0,0,0.1291141713057916,True
20,6,25,60,25,0.001,0,0,0.005,0.025,10017,0,0,0.13257462314066087,True
20,6,26,60,25,0.001,0,0,0.005,0.025,9794,0,0,0.13702266693894222,True
20,6,27,60,25,0.001,0,0,0.005,0.025,9536,0,0,0.14031040268456377,True
20,6,28,60,25,0.001,0,0,0.005,0.025,9319,0,0,0.14314840648138213,True
20,6,29,60,25,0.001,0,0,0.005,0.025,9080,0,0,0.1458149779735683,True
20,6,30,60,25,0.001,0,0,0.005,0.025,8856,0,0,0.14893857271906052,True
20,6,31,60,25,0.001,0,0,0.005,0.025,8647,0,0,0.151728923326009,True
20,6,32,60,25,0.001,0,0,0.005,0.025,8452,0,0,0.15475627070515854,True
20,6,33,60,25,0.001,0,0,0.005,0.025,8240,0,0,0.15898058252427186,True
20,6,34,60,25,0.001,0,0,0.005,0.025,8028,0,0,0.161310413552566,True
20,6,35,60,25,0.001,0,0,0.005,0.025,7850,0,0,0.16471337579617834,True
20,6,36,60,25,0.001,0,0,0.005,0.025,7643,0,0,0.1674735051681277,True
20,6,37,60,25,0.001,0,0,0.005,0.025,7450,0,0,0.17181208053691274,True
20,6,38,60,25,0.001,0,0,0.005,0.025,7361,0,0,0.17484037494905583,True
20,6,39,60,25,0.001,0,0,0.005,0.025,7266,0,0,0.17685108725571153,True
20,6,40,60,25,0.001,0,0,0.005,0.025,7153,0,0,0.17992450719977632,True
20,6,41,60,25,0.001,0,0,0.005,0.025,7535,0,0,0.2079628400796284,True
20,6,42,60,25,0.001,0,0,0.005,0.025,7460,0,0,0.2126005361930295,True
20,6,43,60,25,0.001,0,0,0.005,0.025,7410,0,0,0.2153846153846154,True
20,6,44,60,25,0.001,0,0,0.005,0.025,7335,0,0,0.21758691206543967,True
20,6,45,60,25,0.001,0,0,0.005,0.025,7270,0,0,0.21966987620357634,True
20,6,46,60,25,0.001,0,0,0.005,0.025,6951,0,0,0.2061573874262696,True
20,6,47,60,25,0.001,0,0,0.005,0.025,6840,0,0,0.20482456140350877,True
20,6,48,60,25,0.001,0,0,0.005,0.025,6766,0,0,0.20765592669228494,True
20,6,49,60,25,0.001,0,0,0.005,0.025,6675,0,0,0.20853932584269663,True
20,6,50,60,25,0.001,0,0,0.005,0.025,6595,0,0,0.21091736163760424,True
20,6,51,60,25,0.001,0,0,0.005,0.025,6512,0,0,0.21237714987714987,True
20,6,52,60,25,0.001,0,0,0.005,0.025,6434,0,0,0.2143301212309605,True
20,7,1,60,25,0.001,0,0,0.005,0.025,6360,0,0,0.2158805031446541,True
20,7,2,60,25,0.001,0,0,0.005,0.025,6285,0,0,0.2184566428003182,True
20,7,3,60,25,0.001,0,0,0.005,0.025,6218,0,0,0.22177549051141845,True
20,7,4,60,25,0.001,0,0,0.005,0.025,6135,0,0,0.22314588427057866,True
20,7,5,60,25,0.001,0,0,0.005,0.025,6052,0,0,0.22769332452081956,True
20,7,6,60,25,0.001,0,0,0.005,0.025,5972,0,0,0.2290689886135298,True
20,7,7,60,25,0.001,0,0,0.005,0.025,5914,0,0,0.23182279337166048,True
20,7,8,60,25,0.001,0,0,0.005,0.025,5835,0,0,0.23307626392459296,True
20,7,9,60,25,0.001,0,0,0.005,0.025,5752,0,0,0.23504867872044508,True
20,7,10,60,25,0.001,0,0,0.005,0.025,5677,0,0,0.23727320768011273,True
20,7,11,60,25,0.001,0,0,0.005,0.025,5632,0,0,0.23899147727272727,True
20,7,12,60,25,0.001,0,0,0.005,0.025,5550,0,0,0.24162162162162162,True
20,7,13,60,25,0.001,0,0,0.005,0.025,5498,0,0,0.2439068752273554,True
20,7,14,60,25,0.001,0,0,0.005,0.025,5426,0,0,0.2464061924069296,True
20,7,15,60,25,0.001,0,0,0.005,0.025,5365,0,0,0.24753028890959924,True
20,7,16,60,25,0.001,0,0,0.005,0.025,5320,0,0,0.25206766917293233,True
20,7,17,60,25,0.001,0,0,0.005,0.025,5245,0,0,0.25319351763584363,True
20,7,18,60,25,0.001,0,0,0.005,0.025,11798,0,0,0.11374809289710121,True
20,7,19,60,25,0.001,0,0,0.005,0.025,11563,0,0,0.1170976390210153,True
20,7,20,60,25,0.001,0,0,0.005,0.025,11291,0,0,0.12062704809140024,True
20,7,21,60,25,0.001,0,0,0.005,0.025,11048,0,0,0.12328023171614771,True
20,7,22,60,25,0.001,0,0,0.005,0.025,10777,0,0,0.12721536605734435,True
20,7,23,60,25,0.001,0,0,0.005,0.025,10514,0,0,0.13134867795320526,True
20,7,24,60,25,0.001,0,0,0.005,0.025,10285,0,0,0.13368983957219252,True
20,7,25,60,25,0.001,0,0,0.005,0.025,10056,0,0,0.13693317422434367,True
20,7,26,60,25,0.001,0,0,0.005,0.025,9842,0,0,0.13991058727900832,True
20,7,27,60,25,0.001,0,0,0.005,0.025,9624,0,0,0.14256026600166252,True
20,7,28,60,25,0.001,0,0,0.005,0.025,9426,0,0,0.1460852959898154,True
20,7,29,60,25,0.001,0,0,0.005,0.025,9228,0,0,0.14889466840052015,True
20,7,30,60,25,0.001,0,0,0.005,0.025,9048,0,0,0.15285145888594165,True
20,7,31,60,25,0.001,0,0,0.005,0.025,8859,0,0,0.15498363246416075,True
20,7,32,60,25,0.001,0,0,0.005,0.025,8701,0,0,0.15802781289506954,True
20,7,33,60,25,0.001,0,0,0.005,0.025,8530,0,0,0.1596717467760844,True
20,7,34,60,25,0.001,0,0,0.005,0.025,8327,0,0,0.1641647652215684,True
20,7,35,60,25,0.001,0,0,0.005,0.025,8144,0,0,0.16711689587426326,True
20,7,36,60,25,0.001,0,0,0.005,0.025,7969,0,0,0.17103777136403564,True
20,7,37,60,25,0.001,0,0,0.005,0.025,7798,0,0,0.1744036932546807,True
20,7,38,60,25,0.001,0,0,0.005,0.025,7671,0,0,0.17611784643462391,True
20,7,39,60,25,0.001,0,0,0.005,0.025,7545,0,0,0.17945659377070908,True
20,7,40,60,25,0.001,0,0,0.005,0.025,7415,0,0,0.1827376938637896,True
20,7,41,60,25,0.001,0,0,0.005,0.025,7781,0,0,0.21616758771366149,True
20,7,42,60,25,0.001,0,0,0.005,0.025,7722,0,0,0.22066822066822067,True
20,7,43,60,25,0.001,0,0,0.005,0.025,7633,0,0,0.2223241189571597,True
20,7,44,60,25,0.001,0,0,0.005,0.025,7560,0,0,0.22328042328042327,True
20,7,45,60,25,0.001,0,0,0.005,0.025,7513,0,0,0.22387861040862506,True
20,7,46,60,25,0.001,0,0,0.005,0.025,7155,0,0,0.21118099231306778,True
20,7,47,60,25,0.001,0,0,0.005,0.025,7041,0,0,0.20891918761539555,True
20,7,48,60,25,0.001,0,0,0.005,0.025,6940,0,0,0.2106628242074928,True
20,7,49,60,25,0.001,0,0,0.005,0.025,6863,0,0,0.2120064111904415,True
20,7,50,60,25,0.001,0,0,0.005,0.025,6801,0,0,0.21467431260108807,True
20,7,51,60,25,0.001,0,0,0.005,0.025,6731,0,0,0.21452978755014113,True
20,7,52,60,25,0.001,0,0,0.005,0.025,6663,0,0,0.21927059882935615,True
20,8,1,60,25,0.001,0,0,0.005,0.025,6574,0,0,0.2220870094310922,True
20,8,2,60,25,0.001,0,0,0.005,0.025,6508,0,0,0.2238783036263061,True
20,8,3,60,25,0.001,0,0,0.005,0.025,6442,0,0,0.2274138466314809,True
20,8,4,60,25,0.001,0,0,0.005,0.025,6351,0,0,0.22988505747126436,True
20,8,5,60,25,0.001,0,0,0.005,0.025,6285,0,0,0.23198090692124104,True
20,8,6,60,25,0.001,0,0,0.005,0.025,6191,0,0,0.23518010014537233,True
20,8,7,60,25,0.001,0,0,0.005,0.025,6125,0,0,0.23722448979591837,True
20,8,8,60,25,0.001,0,0,0.005,0.025,6045,0,0,0.23986765922249792,True
20,8,9,60,25,0.001,0,0,0.005,0.025,5969,0,0,0.2444295526888926,True
20,8,10,60,25,0.001,0,0,0.005,0.025,5890,0,0,0.24787775891341257,True
20,8,11,60,25,0.001,0,0,0.005,0.025,5815,0,0,0.2500429922613929,True
20,8,12,60,25,0.001,0,0,0.005,0.025,5743,0,0,0.2531777816472227,True
20,8,13,60,25,0.001,0,0,0.005,0.025,5677,0,0,0.25594504139510305,True
20,8,14,60,25,0.001,0,0,0.005,0.025,5609,0,0,0.25779996434302016,True
20,8,15,60,25,0.001,0,0,0.005,0.025,5549,0,0,0.26076770589295367,True
20,8,16,60,25,0.001,0,0,0.005,0.025,5485,0,0,0.2636280765724704,True
20,8,17,60,25,0.001,0,0,0.005,0.025,5416,0,0,0.26717134416543575,True
20,8,18,60,25,0.001,0,0,0.005,0.025,11840,0,0,0.12339527027027027,True
20,8,19,60,25,0.001,0,0,0.005,0.025,11621,0,0,0.1258067291971431,True
20,8,20,60,25,0.001,0,0,0.005,0.025,11342,0,0,0.12898959619114794,True
20,8,21,60,25,0.001,0,0,0.005,0.025,11065,0,0,0.13230908269317668,True
20,8,22,60,25,0.001,0,0,0.005,0.025,10857,0,0,0.13548862485032698,True
20,8,23,60,25,0.001,0,0,0.005,0.025,10614,0,0,0.13840211042019973,True
20,8,24,60,25,0.001,0,0,0.005,0.025,10397,0,0,0.14052130422237183,True
20,8,25,60,25,0.001,0,0,0.005,0.025,10214,0,0,0.14431172899941258,True
20,8,26,60,25,0.001,0,0,0.005,0.025,10020,0,0,0.14760479041916166,True
20,8,27,60,25,0.001,0,0,0.005,0.025,9795,0,0,0.15160796324655437,True
20,8,28,60,25,0.001,0,0,0.005,0.025,9596,0,0,0.15641934139224678,True
20,8,29,60,25,0.001,0,0,0.005,0.025,9411,0,0,0.1602380193390713,True
20,8,30,60,25,0.001,0,0,0.005,0.025,9241,0,0,0.1636186559896115,True
20,8,31,60,25,0.001,0,0,0.005,0.025,9047,0,0,0.1663534873438709,True
20,8,32,60,25,0.001,0,0,0.005,0.025,8862,0,0,0.16768223877228616,True
20,8,33,60,25,0.001,0,0,0.005,0.025,8663,0,0,0.17245757820616414,True
20,8,34,60,25,0.001,0,0,0.005,0.025,8540,0,0,0.17517564402810304,True
20,8,35,60,25,0.001,0,0,0.005,0.025,8383,0,0,0.17845639985685316,True
20,8,36,60,25,0.001,0,0,0.005,0.025,8237,0,0,0.18174092509408765,True
20,8,37,60,25,0.001,0,0,0.005,0.025,8069,0,0,0.18366588176973603,True
20,8,38,60,25,0.001,0,0,0.005,0.025,7976,0,0,0.18543129388164495,True
20,8,39,60,25,0.001,0,0,0.005,0.025,7863,0,0,0.1877146127432278,True
20,8,40,60,25,0.001,0,0,0.005,0.025,7747,0,0,0.19078352910804183,True
20,8,41,60,25,0.001,0,0,0.005,0.025,8197,0,0,0.22264243015737464,True
20,8,42,60,25,0.001,0,0,0.005,0.025,8137,0,0,0.22194912129777558,True
20,8,43,60,25,0.001,0,0,0.005,0.025,8053,0,0,0.22687197317769775,True
20,8,44,60,25,0.001,0,0,0.005,0.025,7961,0,0,0.22798643386509232,True
20,8,45,60,25,0.001,0,0,0.005,0.025,7895,0,0,0.23204559848005066,True
20,8,46,60,25,0.001,0,0,0.005,0.025,7524,0,0,0.2179691653375864,True
20,8,47,60,25,0.001,0,0,0.005,0.025,7360,0,0,0.2169836956521739,True
20,8,48,60,25,0.001,0,0,0.005,0.025,7281,0,0,0.21906331547864305,True
20,8,49,60,25,0.001,0,0,0.005,0.025,7204,0,0,0.2227928928373126,True
20,8,50,60,25,0.001,0,0,0.005,0.025,7117,0,0,0.22495433469158355,True
20,8,51,60,25,0.001,0,0,0.005,0.025,7036,0,0,0.22626492325184763,True
20,8,52,60,25,0.001,0,0,0.005,0.025,6950,0,0,0.23007194244604318,True
20,9,1,60,25,0.001,0,0,0.005,0.025,6880,0,0,0.23081395348837208,True
20,9,2,60,25,0.001,0,0,0.005,0.025,6821,0,0,0.23310365049113033,True
20,9,3,60,25,0.001,0,0,0.005,0.025,6729,0,0,0.23688512408976073,True
20,9,4,60,25,0.001,0,0,0.005,0.025,6638,0,0,0.23877673998192225,True
20,9,5,60,25,0.001,0,0,0.005,0.025,6559,0,0,0.2405854550998628,True
20,9,6,60,25,0.001,0,0,0.005,0.025,6473,0,0,0.24316391163293682,True
20,9,7,60,25,0.001,0,0,0.005,0.025,6415,0,0,0.2436477007014809,True
20,9,8,60,25,0.001,0,0,0.005,0.025,6329,0,0,0.24680044240796334,True
20,9,9,60,25,0.001,0,0,0.005,0.025,6257,0,0,0.24948058174844173,True
20,9,10,60,25,0.001,0,0,0.005,0.025,6196,0,0,0.25209812782440283,True
20,9,11,60,25,0.001,0,0,0.005,0.025,6105,0,0,0.2552006552006552,True
20,9,12,60,25,0.001,0,0,0.005,0.025,6040,0,0,0.25645695364238413,True
20,9,13,60,25,0.001,0,0,0.005,0.025,5969,0,0,0.25783213268554195,True
20,9,14,60,25,0.001,0,0,0.005,0.025,5889,0,0,0.25929699439633214,True
20,9,15,60,25,0.001,0,0,0.005,0.025,5815,0,0,0.26156491831470335,True
20,9,16,60,25,0.001,0,0,0.005,0.025,5740,0,0,0.26306620209059234,True
20,9,17,60,25,0.001,0,0,0.005,0.025,5671,0,0,0.26432727913948156,True
20,9,18,60,25,0.001,0,0,0.005,0.025,11976,0,0,0.114562458249833,True
20,9,19,60,25,0.001,0,0,0.005,0.025,11772,0,0,0.11739721372748896,True
20,9,20,60,25,0.001,0,0,0.005,0.025,11541,0,0,0.11948704618317303,True
20,9,21,60,25,0.001,0,0,0.005,0.025,11286,0,0,0.12360446570972887,True
20,9,22,60,25,0.001,0,0,0.005,0.025,11074,0,0,0.12651255192342423,True
20,9,23,60,25,0.001,0,0,0.005,0.025,10801,0,0,0.13026571613739468,True
20,9,24,60,25,0.001,0,0,0.005,0.025,10561,0,0,0.13256320424202253,True
20,9,25,60,25,0.001,0,0,0.005,0.025,10354,0,0,0.13733822677226193,True
20,9,26,60,25,0.001,0,0,0.005,0.025,10168,0,0,0.13994885916601102,True
20,9,27,60,25,0.001,0,0,0.005,0.025,10002,0,0,0.14377124575084982,True
20,9,28,60,25,0.001,0,0,0.005,0.025,9793,0,0,0.14765648932911263,True
20,9,29,60,25,0.001,0,0,0.005,0.025,9576,0,0,0.15089807852965748,True
20,9,30,60,25,0.001,0,0,0.005,0.025,9383,0,0,0.1551742513055526,True
20,9,31,60,25,0.001,0,0,0.005,0.025,9192,0,0,0.15850739773716274,True
20,9,32,60,25,0.001,0,0,0.005,0.025,9011,0,0,0.1610254133836422,True
20,9,33,60,25,0.001,0,0,0.005,0.025,8805,0,0,0.16422487223168655,True
20,9,34,60,25,0.001,0,0,0.005,0.025,8648,0,0,0.1677844588344126,True
20,9,35,60,25,0.001,0,0,0.005,0.025,8471,0,0,0.17117223468303625,True
20,9,36,60,25,0.001,0,0,0.005,0.025,8321,0,0,0.1749789688739334,True
20,9,37,60,25,0.001,0,0,0.005,0.025,8167,0,0,0.17791110566915636,True
20,9,38,60,25,0.001,0,0,0.005,0.025,8042,0,0,0.17968167122606316,True
20,9,39,60,25,0.001,0,0,0.005,0.025,7925,0,0,0.18309148264984226,True
20,9,40,60,25,0.001,0,0,0.005,0.025,7794,0,0,0.18565563253784964,True
20,9,41,60,25,0.001,0,0,0.005,0.025,8202,0,0,0.21616678858814922,True
20,9,42,60,25,0.001,0,0,0.005,0.025,8184,0,0,0.22226295210166178,True
20,9,43,60,25,0.001,0,0,0.005,0.025,8096,0,0,0.22332015810276679,True
20,9,44,60,25,0.001,0,0,0.005,0.025,7987,0,0,0.22499060974082885,True
20,9,45,60,25,0.001,0,0,0.005,0.025,7963,0,0,0.22880823810121814,True
20,9,46,60,25,0.001,0,0,0.005,0.025,7648,0,0,0.21325836820083682,True
20,9,47,60,25,0.001,0,0,0.005,0.025,7520,0,0,0.2136968085106383,True
20,9,48,60,25,0.001,0,0,0.005,0.025,7444,0,0,0.21628156904889845,True
20,9,49,60,25,0.001,0,0,0.005,0.025,7351,0,0,0.21956196435859066,True
20,9,50,60,25,0.001,0,0,0.005,0.025,7243,0,0,0.2218693911362695,True
20,9,51,60,25,0.001,0,0,0.005,0.025,7161,0,0,0.22622538751571009,True
20,9,52,60,25,0.001,0,0,0.005,0.025,7071,0,0,0.2283976806675152,True
20,10,1,60,25,0.001,0,0,0.005,0.025,6997,0,0,0.23052736887237388,True
20,10,2,60,25,0.001,0,0,0.005,0.025,6913,0,0,0.2323159265152611,True
20,10,3,60,25,0.001,0,0,0.005,0.025,6837,0,0,0.2348983472283165,True
20,10,4,60,25,0.001,0,0,0.005,0.025,6756,0,0,0.23801065719360567,True
20,10,5,60,25,0.001,0,0,0.005,0.025,6675,0,0,0.24059925093632958,True
20,10,6,60,25,0.001,0,0,0.005,0.025,6609,0,0,0.24300196701467697,True
20,10,7,60,25,0.001,0,0,0.005,0.025,6545,0,0,0.24629488158899923,True
20,10,8,60,25,0.001,0,0,0.005,0.025,6462,0,0,0.24837511606313833,True
20,10,9,60,25,0.001,0,0,0.005,0.025,6392,0,0,0.2509386733416771,True
20,10,10,60,25,0.001,0,0,0.005,0.025,6313,0,0,0.2555045144939015,True
20,10,11,60,25,0.001,0,0,0.005,0.025,6242,0,0,0.25696892021787887,True
20,10,12,60,25,0.001,0,0,0.005,0.025,6179,0,0,0.2589415763068458,True
20,10,13,60,25,0.001,0,0,0.005,0.025,6106,0,0,0.2608909269570914,True
20,10,14,60,25,0.001,0,0,0.005,0.025,6040,0,0,0.2637417218543046,True
20,10,15,60,25,0.001,0,0,0.005,0.025,5974,0,0,0.2654837629728825,True
20,10,16,60,25,0.001,0,0,0.005,0.025,5909,0,0,0.26705026231172785,True
20,10,17,60,25,0.001,0,0,0.005,0.025,5835,0,0,0.269751499571551,True
20,10,18,60,25,0.001,0,0,0.005,0.025,12642,0,0,0.1187312134155988,True
20,10,19,60,25,0.001,0,0,0.005,0.025,12406,0,0,0.12131226825729485,True
20,10,20,60,25,0.001,0,0,0.005,0.025,12188,0,0,0.1251230718739744,True
20,10,21,60,25,0.001,0,0,0.005,0.025,11922,0,0,0.12850192920650896,True
20,10,22,60,25,0.001,0,0,0.005,0.025,11656,0,0,0.13126286890871655,True
20,10,23,60,25,0.001,0,0,0.005,0.025,11417,0,0,0.13462380660418674,True
20,10,24,60,25,0.001,0,0,0.005,0.025,11118,0,0,0.13815434430652995,True
20,10,25,60,25,0.001,0,0,0.005,0.025,10902,0,0,0.14217574756925336,True
20,10,26,60,25,0.001,0,0,0.005,0.025,10681,0,0,0.14511749836157664,True
20,10,27,60,25,0.001,0,0,0.005,0.025,10435,0,0,0.14892189746046958,True
20,10,28,60,25,0.001,0,0,0.005,0.025,10219,0,0,0.15197181720324884,True
20,10,29,60,25,0.001,0,0,0.005,0.025,10003,0,0,0.15525342397280817,True
20,10,30,60,25,0.001,0,0,0.005,0.025,9723,0,0,0.15828448009873497,True
20,10,31,60,25,0.001,0,0,0.005,0.025,9528,0,0,0.16173383711167086,True
20,10,32,60,25,0.001,0,0,0.005,0.025,9351,0,0,0.16468826863437067,True
20,10,33,60,25,0.001,0,0,0.005,0.025,9180,0,0,0.16786492374727668,True
20,10,34,60,25,0.001,0,0,0.005,0.025,9012,0,0,0.17066134043497558,True
20,10,35,60,25,0.001,0,0,0.005,0.025,8861,0,0,0.17345672046044464,True
20,10,36,60,25,0.001,0,0,0.005,0.025,8705,0,0,0.17564618035611718,True
20,10,37,60,25,0.001,0,0,0.005,0.025,8519,0,0,0.1780725437257894,True
20,10,38,60,25,0.001,0,0,0.005,0.025,8418,0,0,0.18199097172725112,True
20,10,39,60,25,0.001,0,0,0.005,0.025,8278,0,0,0.1843440444551824,True
20,10,40,60,25,0.001,0,0,0.005,0.025,8183,0,0,0.18746181107173407,True
20,10,41,60,25,0.001,0,0,0.005,0.025,8586,0,0,0.21651525739576055,True
20,10,42,60,25,0.001,0,0,0.005,0.025,8524,0,0,0.21984983575786016,True
20,10,43,60,25,0.001,0,0,0.005,0.025,8452,0,0,0.22444391859914814,True
20,10,44,60,25,0.001,0,0,0.005,0.025,8336,0,0,0.22348848368522073,True
20,10,45,60,25,0.001,0,0,0.005,0.025,8299,0,0,0.2291842390649476,True
20,10,46,60,25,0.001,0,0,0.005,0.025,7964,0,0,0.21672526368658965,True
20,10,47,60,25,0.001,0,0,0.005,0.025,7843,0,0,0.21649878872880277,True
20,10,48,60,25,0.001,0,0,0.005,0.025,7757,0,0,0.2182544798246745,True
20,10,49,60,25,0.001,0,0,0.005,0.025,7691,0,0,0.22129762059550123,True
20,10,50,60,25,0.001,0,0,0.005,0.025,7616,0,0,0.22229516806722688,True
20,10,51,60,25,0.001,0,0,0.005,0.025,7519,0,0,0.22396595291927118,True
20,10,52,60,25,0.001,0,0,0.005,0.025,7432,0,0,0.2255113024757804,True
20,11,1,60,25,0.001,0,0,0.005,0.025,7363,0,0,0.22816786635882114,True
20,11,2,60,25,0.001,0,0,0.005,0.025,7307,0,0,0.2288216778431641,True
20,11,3,60,25,0.001,0,0,0.005,0.025,7228,0,0,0.2327061427780852,True
20,11,4,60,25,0.001,0,0,0.005,0.025,7131,0,0,0.23615201234048522,True
20,11,5,60,25,0.001,0,0,0.005,0.025,7051,0,0,0.23911501914622038,True
20,11,6,60,25,0.001,0,0,0.005,0.025,6956,0,0,0.24194939620471537,True
20,11,7,60,25,0.001,0,0,0.005,0.025,6875,0,0,0.24392727272727271,True
20,11,8,60,25,0.001,0,0,0.005,0.025,6782,0,0,0.2462400471837216,True
20,11,9,60,25,0.001,0,0,0.005,0.025,6707,0,0,0.24794990308632772,True
20,11,10,60,25,0.001,0,0,0.005,0.025,6609,0,0,0.25041609925858677,True
20,11,11,60,25,0.001,0,0,0.005,0.025,6532,0,0,0.25290875688916103,True
20,11,12,60,25,0.001,0,0,0.005,0.025,6471,0,0,0.25622005872353576,True
20,11,13,60,25,0.001,0,0,0.005,0.025,6393,0,0,0.2579383700922884,True
20,11,14,60,25,0.001,0,0,0.005,0.025,6318,0,0,0.26005064893953783,True
20,11,15,60,25,0.001,0,0,0.005,0.025,6247,0,0,0.26220585881222985,True
20,11,16,60,25,0.001,0,0,0.005,0.025,6179,0,0,0.2654151157145169,True
20,11,17,60,25,0.001,0,0,0.005,0.025,6115,0,0,0.2686835650040883,True
20,11,18,60,25,0.001,0,0,0.005,0.025,13075,0,0,0.11808795411089866,True
20,11,19,60,25,0.001,0,0,0.005,0.025,12853,0,0,0.12191706216447522,True
20,11,20,60,25,0.001,0,0,0.005,0.025,12590,0,0,0.1243844320889595,True
20,11,21,60,25,0.001,0,0,0.005,0.025,12318,0,0,0.12786166585484657,True
20,11,22,60,25,0.001,0,0,0.005,0.025,12083,0,0,0.13101051063477615,True
20,11,23,60,25,0.001,0,0,0.005,0.025,11805,0,0,0.13443456162642947,True
20,11,24,60,25,0.001,0,0,0.005,0.025,11558,0,0,0.13782661360096904,True
20,11,25,60,25,0.001,0,0,0.005,0.025,11280,0,0,0.14131205673758865,True
20,11,26,60,25,0.001,0,0,0.005,0.025,11057,0,0,0.14506647372705073,True
20,11,27,60,25,0.001,0,0,0.005,0.025,10791,0,0,0.14817903808729496,True
20,11,28,60,25,0.001,0,0,0.005,0.025,10562,0,0,0.15129710282143533,True
20,11,29,60,25,0.001,0,0,0.005,0.025,10366,0,0,0.1542542928805711,True
20,11,30,60,25,0.001,0,0,0.005,0.025,10171,0,0,0.15681840526988497,True
20,11,31,60,25,0.001,0,0,0.005,0.025,9978,0,0,0.16005211465223493,True
20,11,32,60,25,0.001,0,0,0.005,0.025,9766,0,0,0.16383370878558262,True
20,11,33,60,25,0.001,0,0,0.005,0.025,9565,0,0,0.16633559853633037,True
20,11,34,60,25,0.001,0,0,0.005,0.025,9393,0,0,0.17033961460662195,True
20,11,35,60,25,0.001,0,0,0.005,0.025,9215,0,0,0.1735214324470971,True
20,11,36,60,25,0.001,0,0,0.005,0.025,9006,0,0,0.17621585609593604,True
20,11,37,60,25,0.001,0,0,0.005,0.025,8800,0,0,0.1794318181818182,True
20,11,38,60,25,0.001,0,0,0.005,0.025,8664,0,0,0.18259464450600185,True
20,11,39,60,25,0.001,0,0,0.005,0.025,8540,0,0,0.18583138173302108,True
20,11,40,60,25,0.001,0,0,0.005,0.025,8417,0,0,0.18985386717357727,True
20,11,41,60,25,0.001,0,0,0.005,0.025,8814,0,0,0.21704107102337192,True
20,11,42,60,25,0.001,0,0,0.005,0.025,8722,0,0,0.22208209126347167,True
20,11,43,60,25,0.001,0,0,0.005,0.025,8609,0,0,0.22371936345684748,True
20,11,44,60,25,0.001,0,0,0.005,0.025,8525,0,0,0.22592375366568915,True
20,11,45,60,25,0.001,0,0,0.005,0.025,8483,0,0,0.22951785924790757,True
20,11,46,60,25,0.001,0,0,0.005,0.025,8159,0,0,0.21853168280426521,True
20,11,47,60,25,0.001,0,0,0.005,0.025,8062,0,0,0.21806003473083602,True
20,11,48,60,25,0.001,0,0,0.005,0.025,7980,0,0,0.2194235588972431,True
20,11,49,60,25,0.001,0,0,0.005,0.025,7923,0,0,0.22428373091000883,True
20,11,50,60,25,0.001,0,0,0.005,0.025,7841,0,0,0.22624665221272797,True
20,11,51,60,25,0.001,0,0,0.005,0.025,7763,0,0,0.2290351668169522,True
20,11,52,60,25,0.001,0,0,0.005,0.025,7681,0,0,0.23239161567504232,True
20,1,1,60,25,0.00188,0,0,0.005,0.025,5406,0,0,0.0012948575656677765,True
20,1,2,60,25,0.00188,0,0,0.005,0.025,5244,0,0,0.0036231884057971015,True
20,1,3,60,25,0.00188,0,0,0.005,0.025,5052,0,0,0.005344418052256532,True
20,1,4,60,25,0.00188,0,0,0.005,0.025,4927,0,0,0.007103714227724781,True
20,1,5,60,25,0.00188,0,0,0.005,0.025,4750,0,0,0.009473684210526316,True
20,1,6,60,25,0.00188,0,0,0.005,0.025,4608,0,0,0.011935763888888888,True
20,1,7,60,25,0.00188,0,0,0.005,0.025,4479,0,0,0.013619111408796606,True
20,1,8,60,25,0.00188,0,0,0.005,0.025,4318,0,0,0.014590088003705419,True
20,1,9,60,25,0.00188,0,0,0.005,0.025,4199,0,0,0.016432483924743987,True
20,1,10,60,25,0.00188,0,0,0.005,0.025,4052,0,0,0.018756169792694965,True
20,1,11,60,25,0.00188,0,0,0.005,0.025,3953,0,0,0.02023779408044523,True
20,1,12,60,25,0.00188,0,0,0.005,0.025,3855,0,0,0.022568093385214007,True
20,1,13,60,25,0.00188,0,0,0.005,0.025,3744,0,0,0.024572649572649572,True
20,1,14,60,25,0.00188,0,0,0.005,0.025,3671,0,0,0.02642331789703078,True
20,1,15,60,25,0.00188,0,0,0.005,0.025,3597,0,0,0.02835696413678065,True
20,1,16,60,25,0.00188,0,0,0.005,0.025,3475,0,0,0.030215827338129497,True
20,1,17,60,25,0.00188,0,0,0.005,0.025,3400,0,0,0.03264705882352941,True
20,1,18,60,25,0.00188,0,0,0.005,0.025,9811,0,0,0.012435021914177963,True
20,1,19,60,25,0.00188,0,0,0.005,0.025,9395,0,0,0.01522086216072379,True
20,1,20,60,25,0.00188,0,0,0.005,0.025,9098,0,0,0.018025939766981754,True
20,1,21,60,25,0.00188,0,0,0.005,0.025,8809,0,0,0.020433647406061982,True
20,1,22,60,25,0.00188,0,0,0.005,0.025,8547,0,0,0.021879021879021878,True
20,1,23,60,25,0.00188,0,0,0.005,0.025,8274,0,0,0.024172105390379502,True
20,1,24,60,25,0.00188,0,0,0.005,0.025,8036,0,0,0.02687904430064709,True
20,1,25,60,25,0.00188,0,0,0.005,0.025,7788,0,0,0.029147406266050335,True
20,1,26,60,25,0.00188,0,0,0.005,0.025,7599,0,0,0.030135544150546124,True
20,1,27,60,25,0.00188,0,0,0.005,0.025,7417,0,0,0.03235809626533639,True
20,1,28,60,25,0.00188,0,0,0.005,0.025,7239,0,0,0.03425887553529493,True
20,1,29,60,25,0.00188,0,0,0.005,0.025,7066,0,0,0.0350976507217662,True
20,1,30,60,25,0.00188,0,0,0.005,0.025,6853,0,0,0.03691813804173355,True
20,1,31,60,25,0.00188,0,0,0.005,0.025,6688,0,0,0.039623205741626796,True
20,1,32,60,25,0.00188,0,0,0.005,0.025,6509,0,0,0.04163465970195115,True
20,1,33,60,25,0.00188,0,0,0.005,0.025,6336,0,0,0.043560606060606064,True
20,1,34,60,25,0.00188,0,0,0.005,0.025,6160,0,0,0.046103896103896105,True
20,1,35,60,25,0.00188,0,0,0.005,0.025,6013,0,0,0.04806253118243805,True
20,1,36,60,25,0.00188,0,0,0.005,0.025,5896,0,0,0.051560379918588875,True
20,1,37,60,25,0.00188,0,0,0.005,0.025,5771,0,0,0.05319701958066193,True
20,1,38,60,25,0.00188,0,0,0.005,0.025,5657,0,0,0.054622591479582816,True
20,1,39,60,25,0.00188,0,0,0.005,0.025,5565,0,0,0.055705300988319856,True
20,1,40,60,25,0.00188,0,0,0.005,0.025,5449,0,0,0.05707469260414755,True
20,1,41,60,25,0.00188,0,0,0.005,0.025,6049,0,0,0.10563729542073069,True
20,1,42,60,25,0.00188,0,0,0.005,0.025,6055,0,0,0.11676300578034682,True
20,1,43,60,25,0.00188,0,0,0.005,0.025,6030,0,0,0.11376451077943615,True
20,1,44,60,25,0.00188,0,0,0.005,0.025,6009,0,0,0.1181560991845565,True
20,1,45,60,25,0.00188,0,0,0.005,0.025,6025,0,0,0.12365145228215768,True
20,1,46,60,25,0.00188,0,0,0.005,0.025,5562,0,0,0.10086299892125135,True
20,1,47,60,25,0.00188,0,0,0.005,0.025,5427,0,0,0.09710705730606228,True
20,1,48,60,25,0.00188,0,0,0.005,0.025,5366,0,0,0.09858367499068207,True
20,1,49,60,25,0.00188,0,0,0.005,0.025,5311,0,0,0.09960459423837319,True
20,1,50,60,25,0.00188,0,0,0.005,0.025,5210,0,0,0.09980806142034548,True
20,1,51,60,25,0.00188,0,0,0.005,0.025,5130,0,0,0.1023391812865497,True
20,1,52,60,25,0.00188,0,0,0.005,0.025,5064,0,0,0.10347551342812006,True
20,2,1,60,25,0.00188,0,0,0.005,0.025,4975,0,0,0.10613065326633166,True
20,2,2,60,25,0.00188,0,0,0.005,0.025,4894,0,0,0.10829587249693502,True
20,2,3,60,25,0.00188,0,0,0.005,0.025,4841,0,0,0.11030778764718034,True
20,2,4,60,25,0.00188,0,0,0.005,0.025,4762,0,0,0.11003779924401512,True
20,2,5,60,25,0.00188,0,0,0.005,0.025,4696,0,0,0.1141396933560477,True
20,2,6,60,25,0.00188,0,0,0.005,0.025,4590,0,0,0.11525054466230937,True
20,2,7,60,25,0.00188,0,0,0.005,0.025,4540,0,0,0.11696035242290749,True
20,2,8,60,25,0.00188,0,0,0.005,0.025,4458,0,0,0.1186630776132795,True
20,2,9,60,25,0.00188,0,0,0.005,0.025,4399,0,0,0.12025460331893612,True
20,2,10,60,25,0.00188,0,0,0.005,0.025,4332,0,0,0.12188365650969529,True
20,2,11,60,25,0.00188,0,0,0.005,0.025,4271,0,0,0.1250292671505502,True
20,2,12,60,25,0.00188,0,0,0.005,0.025,4194,0,0,0.1251788268955651,True
20,2,13,60,25,0.00188,0,0,0.005,0.025,4143,0,0,0.12792662321988896,True
20,2,14,60,25,0.00188,0,0,0.005,0.025,4070,0,0,0.13095823095823095,True
20,2,15,60,25,0.00188,0,0,0.005,0.025,4025,0,0,0.1319254658385093,True
20,2,16,60,25,0.00188,0,0,0.005,0.025,3968,0,0,0.13356854838709678,True
20,2,17,60,25,0.00188,0,0,0.005,0.025,3909,0,0,0.13558454847787157,True
20,2,18,60,25,0.00188,0,0,0.005,0.025,7712,0,0,0.06963174273858921,True
20,2,19,60,25,0.00188,0,0,0.005,0.025,7554,0,0,0.07227958697378872,True
20,2,20,60,25,0.00188,0,0,0.005,0.025,7379,0,0,0.07494240411979942,True
20,2,21,60,25,0.00188,0,0,0.005,0.025,7221,0,0,0.07879795042237918,True
20,2,22,60,25,0.00188,0,0,0.005,0.025,7045,0,0,0.08133427963094393,True
20,2,23,60,25,0.00188,0,0,0.005,0.025,6902,0,0,0.08475804114749348,True
20,2,24,60,25,0.00188,0,0,0.005,0.025,6733,0,0,0.08688548938066241,True
20,2,25,60,25,0.00188,0,0,0.005,0.025,6569,0,0,0.08844572994367483,True
20,2,26,60,25,0.00188,0,0,0.005,0.025,6421,0,0,0.08939417536209313,True
20,2,27,60,25,0.00188,0,0,0.005,0.025,6265,0,0,0.09241819632881085,True
20,2,28,60,25,0.00188,0,0,0.005,0.025,6162,0,0,0.09461213891593638,True
20,2,29,60,25,0.00188,0,0,0.005,0.025,6023,0,0,0.09629752614975925,True
20,2,30,60,25,0.00188,0,0,0.005,0.025,5885,0,0,0.09889549702633815,True
20,2,31,60,25,0.00188,0,0,0.005,0.025,5780,0,0,0.10207612456747404,True
20,2,32,60,25,0.00188,0,0,0.005,0.025,5637,0,0,0.10484300159659393,True
20,2,33,60,25,0.00188,0,0,0.005,0.025,5513,0,0,0.10720116089243606,True
20,2,34,60,25,0.00188,0,0,0.005,0.025,5385,0,0,0.11030640668523677,True
20,2,35,60,25,0.00188,0,0,0.005,0.025,5285,0,0,0.11220435193945127,True
20,2,36,60,25,0.00188,0,0,0.005,0.025,5172,0,0,0.11581593194122196,True
20,2,37,60,25,0.00188,0,0,0.005,0.025,5048,0,0,0.11984944532488113,True
20,2,38,60,25,0.00188,0,0,0.005,0.025,4968,0,0,0.12177938808373591,True
20,2,39,60,25,0.00188,0,0,0.005,0.025,4898,0,0,0.1259697835851368,True
20,2,40,60,25,0.00188,0,0,0.005,0.025,4829,0,0,0.12797680679229653,True
20,2,41,60,25,0.00188,0,0,0.005,0.025,5447,0,0,0.1881769781531118,True
20,2,42,60,25,0.00188,0,0,0.005,0.025,5439,0,0,0.19488876631733776,True
20,2,43,60,25,0.00188,0,0,0.005,0.025,5413,0,0,0.19490116386477,True
20,2,44,60,25,0.00188,0,0,0.005,0.025,5413,0,0,0.20062811749491963,True
20,2,45,60,25,0.00188,0,0,0.005,0.025,5381,0,0,0.19903363687047018,True
20,2,46,60,25,0.00188,0,0,0.005,0.025,4921,0,0,0.16399105872790085,True
20,2,47,60,25,0.00188,0,0,0.005,0.025,4767,0,0,0.15880008391021608,True
20,2,48,60,25,0.00188,0,0,0.005,0.025,4681,0,0,0.1597949156163213,True
20,2,49,60,25,0.00188,0,0,0.005,0.025,4620,0,0,0.16103896103896104,True
20,2,50,60,25,0.00188,0,0,0.005,0.025,4556,0,0,0.16154521510096576,True
20,2,51,60,25,0.00188,0,0,0.005,0.025,4510,0,0,0.16363636363636364,True
20,2,52,60,25,0.00188,0,0,0.005,0.025,4439,0,0,0.16219869339941428,True
20,3,1,60,25,0.00188,0,0,0.005,0.025,4385,0,0,0.1653363740022805,True
20,3,2,60,25,0.00188,0,0,0.005,0.025,4315,0,0,0.1657010428736964,True
20,3,3,60,25,0.00188,0,0,0.005,0.025,4256,0,0,0.16823308270676693,True
20,3,4,60,25,0.00188,0,0,0.005,0.025,4206,0,0,0.16904422253922968,True
20,3,5,60,25,0.00188,0,0,0.005,0.025,4176,0,0,0.17313218390804597,True
20,3,6,60,25,0.00188,0,0,0.005,0.025,4117,0,0,0.17585620597522467,True
20,3,7,60,25,0.00188,0,0,0.005,0.025,4045,0,0,0.17948084054388133,True
20,3,8,60,25,0.00188,0,0,0.005,0.025,4014,0,0,0.18086696562032886,True
20,3,9,60,25,0.00188,0,0,0.005,0.025,3956,0,0,0.18478260869565216,True
20,3,10,60,25,0.00188,0,0,0.005,0.025,3903,0,0,0.18882910581603896,True
20,3,11,60,25,0.00188,0,0,0.005,0.025,3852,0,0,0.19106957424714435,True
20,3,12,60,25,0.00188,0,0,0.005,0.025,3794,0,0,0.18977332630469163,True
20,3,13,60,25,0.00188,0,0,0.005,0.025,3749,0,0,0.19578554281141639,True
20,3,14,60,25,0.00188,0,0,0.005,0.025,3705,0,0,0.1970310391363023,True
20,3,15,60,25,0.00188,0,0,0.005,0.025,3666,0,0,0.1988543371522095,True
20,3,16,60,25,0.00188,0,0,0.005,0.025,3626,0,0,0.202426916712631,True
20,3,17,60,25,0.00188,0,0,0.005,0.025,3579,0,0,0.20368818105616093,True
20,3,18,60,25,0.00188,0,0,0.005,0.025,8252,0,0,0.08870576829859428,True
20,3,19,60,25,0.00188,0,0,0.005,0.025,8047,0,0,0.09034422766248291,True
20,3,20,60,25,0.00188,0,0,0.005,0.025,7832,0,0,0.09256894790602656,True
20,3,21,60,25,0.00188,0,0,0.005,0.025,7651,0,0,0.0955430662658476,True
20,3,22,60,25,0.00188,0,0,0.005,0.025,7458,0,0,0.09908822740681147,True
20,3,23,60,25,0.00188,0,0,0.005,0.025,7264,0,0,0.10159691629955947,True
20,3,24,60,25,0.00188,0,0,0.005,0.025,7055,0,0,0.1041814316087881,True
20,3,25,60,25,0.00188,0,0,0.005,0.025,6872,0,0,0.10753783469150174,True
20,3,26,60,25,0.00188,0,0,0.005,0.025,6714,0,0,0.11126005361930295,True
20,3,27,60,25,0.00188,0,0,0.005,0.025,6568,0,0,0.11556029232643118,True
20,3,28,60,25,0.00188,0,0,0.005,0.025,6435,0,0,0.11748251748251748,True
20,3,29,60,25,0.00188,0,0,0.005,0.025,6252,0,0,0.12252079334612924,True
20,3,30,60,25,0.00188,0,0,0.005,0.025,6104,0,0,0.12549148099606816,True
20,3,31,60,25,0.00188,0,0,0.005,0.025,5905,0,0,0.12988992379339542,True
20,3,32,60,25,0.00188,0,0,0.005,0.025,5759,0,0,0.131620072929328,True
20,3,33,60,25,0.00188,0,0,0.005,0.025,5605,0,0,0.13577163247100804,True
20,3,34,60,25,0.00188,0,0,0.005,0.025,5529,0,0,0.1387230964007958,True
20,3,35,60,25,0.00188,0,0,0.005,0.025,5400,0,0,0.14055555555555554,True
20,3,36,60,25,0.00188,0,0,0.005,0.025,5272,0,0,0.1432094081942337,True
20,3,37,60,25,0.00188,0,0,0.005,0.025,5145,0,0,0.1469387755102041,True
20,3,38,60,25,0.00188,0,0,0.005,0.025,5053,0,0,0.1498119928755195,True
20,3,39,60,25,0.00188,0,0,0.005,0.025,4975,0,0,0.15296482412060303,True
20,3,40,60,25,0.00188,0,0,0.005,0.025,4921,0,0,0.15423694371062793,True
20,3,41,60,25,0.00188,0,0,0.005,0.025,5722,0,0,0.2224746592100664,True
20,3,42,60,25,0.00188,0,0,0.005,0.025,5719,0,0,0.230984437838783,True
20,3,43,60,25,0.00188,0,0,0.005,0.025,5695,0,0,0.23494293239683933,True
20,3,44,60,25,0.00188,0,0,0.005,0.025,5640,0,0,0.23634751773049645,True
20,3,45,60,25,0.00188,0,0,0.005,0.025,5564,0,0,0.2361610352264558,True
20,3,46,60,25,0.00188,0,0,0.005,0.025,5051,0,0,0.2021381904573352,True
20,3,47,60,25,0.00188,0,0,0.005,0.025,4882,0,0,0.19561655059401883,True
20,3,48,60,25,0.00188,0,0,0.005,0.025,4786,0,0,0.1949435854575846,True
20,3,49,60,25,0.00188,0,0,0.005,0.025,4690,0,0,0.19552238805970149,True
20,3,50,60,25,0.00188,0,0,0.005,0.025,4609,0,0,0.1957040572792363,True
20,3,51,60,25,0.00188,0,0,0.005,0.025,4530,0,0,0.19602649006622516,True
20,3,52,60,25,0.00188,0,0,0.005,0.025,4446,0,0,0.19770580296896087,True
20,4,1,60,25,0.00188,0,0,0.005,0.025,4396,0,0,0.19927206551410373,True
20,4,2,60,25,0.00188,0,0,0.005,0.025,4349,0,0,0.20349505633478962,True
20,4,3,60,25,0.00188,0,0,0.005,0.025,4301,0,0,0.20390606835619624,True
20,4,4,60,25,0.00188,0,0,0.005,0.025,4260,0,0,0.207981220657277,True
20,4,5,60,25,0.00188,0,0,0.005,0.025,4189,0,0,0.21055144425877298,True
20,4,6,60,25,0.00188,0,0,0.005,0.025,4141,0,0,0.214923931417532,True
20,4,7,60,25,0.00188,0,0,0.005,0.025,4070,0,0,0.21621621621621623,True
20,4,8,60,25,0.00188,0,0,0.005,0.025,4020,0,0,0.21791044776119403,True
20,4,9,60,25,0.00188,0,0,0.005,0.025,3975,0,0,0.21962264150943397,True
20,4,10,60,25,0.00188,0,0,0.005,0.025,3920,0,0,0.22142857142857142,True
20,4,11,60,25,0.00188,0,0,0.005,0.025,3881,0,0,0.22494202525122392,True
20,4,12,60,25,0.00188,0,0,0.005,0.025,3804,0,0,0.2258149316508938,True
20,4,13,60,25,0.00188,0,0,0.005,0.025,3768,0,0,0.22823779193205945,True
20,4,14,60,25,0.00188,0,0,0.005,0.025,3719,0,0,0.22936273191718204,True
20,4,15,60,25,0.00188,0,0,0.005,0.025,3672,0,0,0.23175381263616557,True
20,4,16,60,25,0.00188,0,0,0.005,0.025,3626,0,0,0.2344180915609487,True
20,4,17,60,25,0.00188,0,0,0.005,0.025,3582,0,0,0.23590173087660524,True
20,4,18,60,25,0.00188,0,0,0.005,0.025,8036,0,0,0.10540069686411149,True
20,4,19,60,25,0.00188,0,0,0.005,0.025,7901,0,0,0.10682192127578788,True
20,4,20,60,25,0.00188,0,0,0.005,0.025,7716,0,0,0.11054950751684811,True
20,4,21,60,25,0.00188,0,0,0.005,0.025,7517,0,0,0.11507250232805641,True
20,4,22,60,25,0.00188,0,0,0.005,0.025,7318,0,0,0.11847499316753211,True
20,4,23,60,25,0.00188,0,0,0.005,0.025,7181,0,0,0.12226709371953767,True
20,4,24,60,25,0.00188,0,0,0.005,0.025,7030,0,0,0.12446657183499289,True
20,4,25,60,25,0.00188,0,0,0.005,0.025,6784,0,0,0.12824292452830188,True
20,4,26,60,25,0.00188,0,0,0.005,0.025,6543,0,0,0.1337307045697692,True
20,4,27,60,25,0.00188,0,0,0.005,0.025,6395,0,0,0.1388584831899922,True
20,4,28,60,25,0.00188,0,0,0.005,0.025,6269,0,0,0.1413303557186154,True
20,4,29,60,25,0.00188,0,0,0.005,0.025,6115,0,0,0.14488961569910058,True
20,4,30,60,25,0.00188,0,0,0.005,0.025,5969,0,0,0.14876863796280784,True
20,4,31,60,25,0.00188,0,0,0.005,0.025,5814,0,0,0.15239078087375302,True
20,4,32,60,25,0.00188,0,0,0.005,0.025,5679,0,0,0.15636555731642895,True
20,4,33,60,25,0.00188,0,0,0.005,0.025,5545,0,0,0.15852119026149683,True
20,4,34,60,25,0.00188,0,0,0.005,0.025,5402,0,0,0.1612365790447982,True
20,4,35,60,25,0.00188,0,0,0.005,0.025,5268,0,0,0.16457858769931663,True
20,4,36,60,25,0.00188,0,0,0.005,0.025,5155,0,0,0.1681862269641125,True
20,4,37,60,25,0.00188,0,0,0.005,0.025,5077,0,0,0.17096710655899153,True
20,4,38,60,25,0.00188,0,0,0.005,0.025,4990,0,0,0.17314629258517034,True
20,4,39,60,25,0.00188,0,0,0.005,0.025,4928,0,0,0.17755681818181818,True
20,4,40,60,25,0.00188,0,0,0.005,0.025,4843,0,0,0.17943423497831923,True
20,4,41,60,25,0.00188,0,0,0.005,0.025,5630,0,0,0.24866785079928952,True
20,4,42,60,25,0.00188,0,0,0.005,0.025,5698,0,0,0.255001755001755,True
20,4,43,60,25,0.00188,0,0,0.005,0.025,5675,0,0,0.2595594713656388,True
20,4,44,60,25,0.00188,0,0,0.005,0.025,5615,0,0,0.2577025823686554,True
20,4,45,60,25,0.00188,0,0,0.005,0.025,5582,0,0,0.26030096739519887,True
20,4,46,60,25,0.00188,0,0,0.005,0.025,5074,0,0,0.22703981080015767,True
20,4,47,60,25,0.00188,0,0,0.005,0.025,4914,0,0,0.2218152218152218,True
20,4,48,60,25,0.00188,0,0,0.005,0.025,4817,0,0,0.21963877932323023,True
20,4,49,60,25,0.00188,0,0,0.005,0.025,4731,0,0,0.2219403931515536,True
20,4,50,60,25,0.00188,0,0,0.005,0.025,4644,0,0,0.22243755383290267,True
20,4,51,60,25,0.00188,0,0,0.005,0.025,4582,0,0,0.22457442164993452,True
20,4,52,60,25,0.00188,0,0,0.005,0.025,4514,0,0,0.22485600354452814,True
20,5,1,60,25,0.00188,0,0,0.005,0.025,4461,0,0,0.22909661510872,True
20,5,2,60,25,0.00188,0,0,0.005,0.025,4392,0,0,0.23087431693989072,True
20,5,3,60,25,0.00188,0,0,0.005,0.025,4331,0,0,0.23481874855691526,True
20,5,4,60,25,0.00188,0,0,0.005,0.025,4269,0,0,0.23658936519091123,True
20,5,5,60,25,0.00188,0,0,0.005,0.025,4228,0,0,0.23864711447492903,True
20,5,6,60,25,0.00188,0,0,0.005,0.025,4163,0,0,0.24213307710785492,True
20,5,7,60,25,0.00188,0,0,0.005,0.025,4101,0,0,0.24554986588636918,True
20,5,8,60,25,0.00188,0,0,0.005,0.025,4041,0,0,0.24672110863647612,True
20,5,9,60,25,0.00188,0,0,0.005,0.025,3986,0,0,0.25062719518314097,True
20,5,10,60,25,0.00188,0,0,0.005,0.025,3943,0,0,0.2525995434948009,True
20,5,11,60,25,0.00188,0,0,0.005,0.025,3889,0,0,0.2550784263306763,True
20,5,12,60,25,0.00188,0,0,0.005,0.025,3840,0,0,0.25807291666666665,True
20,5,13,60,25,0.00188,0,0,0.005,0.025,3790,0,0,0.2598944591029024,True
20,5,14,60,25,0.00188,0,0,0.005,0.025,3736,0,0,0.25990364025695933,True
20,5,15,60,25,0.00188,0,0,0.005,0.025,3693,0,0,0.2613051719469266,True
20,5,16,60,25,0.00188,0,0,0.005,0.025,3635,0,0,0.2624484181568088,True
20,5,17,60,25,0.00188,0,0,0.005,0.025,3585,0,0,0.26471408647140865,True
20,5,18,60,25,0.00188,0,0,0.005,0.025,8095,0,0,0.118591723285979,True
20,5,19,60,25,0.00188,0,0,0.005,0.025,7898,0,0,0.12167637376551026,True
20,5,20,60,25,0.00188,0,0,0.005,0.025,7705,0,0,0.12407527579493835,True
20,5,21,60,25,0.00188,0,0,0.005,0.025,7534,0,0,0.12728962038757632,True
20,5,22,60,25,0.00188,0,0,0.005,0.025,7371,0,0,0.13051146384479717,True
20,5,23,60,25,0.00188,0,0,0.005,0.025,7208,0,0,0.13443396226415094,True
20,5,24,60,25,0.00188,0,0,0.005,0.025,7009,0,0,0.13924953631045797,True
20,5,25,60,25,0.00188,0,0,0.005,0.025,6852,0,0,0.14258610624635143,True
20,5,26,60,25,0.00188,0,0,0.005,0.025,6695,0,0,0.1462285287528006,True
20,5,27,60,25,0.00188,0,0,0.005,0.025,6528,0,0,0.14950980392156862,True
20,5,28,60,25,0.00188,0,0,0.005,0.025,6340,0,0,0.15315457413249212,True
20,5,29,60,25,0.00188,0,0,0.005,0.025,6192,0,0,0.1572997416020672,True
20,5,30,60,25,0.00188,0,0,0.005,0.025,6060,0,0,0.15907590759075907,True
20,5,31,60,25,0.00188,0,0,0.005,0.025,5924,0,0,0.16188386225523296,True
20,5,32,60,25,0.00188,0,0,0.005,0.025,5792,0,0,0.1664364640883978,True
20,5,33,60,25,0.00188,0,0,0.005,0.025,5682,0,0,0.17018655403027103,True
20,5,34,60,25,0.00188,0,0,0.005,0.025,5543,0,0,0.1737326357568104,True
20,5,35,60,25,0.00188,0,0,0.005,0.025,5437,0,0,0.1769358101894427,True
20,5,36,60,25,0.00188,0,0,0.005,0.025,5338,0,0,0.1811539902585238,True
20,5,37,60,25,0.00188,0,0,0.005,0.025,5223,0,0,0.1820792647903504,True
20,5,38,60,25,0.00188,0,0,0.005,0.025,5138,0,0,0.18470221876216428,True
20,5,39,60,25,0.00188,0,0,0.005,0.025,5042,0,0,0.18881396271320905,True
20,5,40,60,25,0.00188,0,0,0.005,0.025,4979,0,0,0.19100220927897169,True
20,5,41,60,25,0.00188,0,0,0.005,0.025,5793,0,0,0.25686172967374415,True
20,5,42,60,25,0.00188,0,0,0.005,0.025,5786,0,0,0.26512270998963017,True
20,5,43,60,25,0.00188,0,0,0.005,0.025,5776,0,0,0.26887119113573404,True
20,5,44,60,25,0.00188,0,0,0.005,0.025,5708,0,0,0.2668185003503854,True
20,5,45,60,25,0.00188,0,0,0.005,0.025,5725,0,0,0.27179039301310043,True
20,5,46,60,25,0.00188,0,0,0.005,0.025,5187,0,0,0.23905918642760748,True
20,5,47,60,25,0.00188,0,0,0.005,0.025,4994,0,0,0.22827392871445734,True
20,5,48,60,25,0.00188,0,0,0.005,0.025,4873,0,0,0.22983788220808538,True
20,5,49,60,25,0.00188,0,0,0.005,0.025,4788,0,0,0.22953216374269006,True
20,5,50,60,25,0.00188,0,0,0.005,0.025,4692,0,0,0.23060528559249788,True
20,5,51,60,25,0.00188,0,0,0.005,0.025,4639,0,0,0.23151541280448373,True
20,5,52,60,25,0.00188,0,0,0.005,0.025,4594,0,0,0.23443622115803223,True
20,6,1,60,25,0.00188,0,0,0.005,0.025,4529,0,0,0.236034444689777,True
20,6,2,60,25,0.00188,0,0,0.005,0.025,4467,0,0,0.23460935751063353,True
20,6,3,60,25,0.00188,0,0,0.005,0.025,4418,0,0,0.23607967406066094,True
20,6,4,60,25,0.00188,0,0,0.005,0.025,4358,0,0,0.23841211564938045,True
20,6,5,60,25,0.00188,0,0,0.005,0.025,4311,0,0,0.24217118997912318,True
20,6,6,60,25,0.00188,0,0,0.005,0.025,4244,0,0,0.24198868991517436,True
20,6,7,60,25,0.00188,0,0,0.005,0.025,4206,0,0,0.24346172135045174,True
20,6,8,60,25,0.00188,0,0,0.005,0.025,4144,0,0,0.24734555984555984,True
20,6,9,60,25,0.00188,0,0,0.005,0.025,4091,0,0,0.2510388658029822,True
20,6,10,60,25,0.00188,0,0,0.005,0.025,4038,0,0,0.2535908865775136,True
20,6,11,60,25,0.00188,0,0,0.005,0.025,3991,0,0,0.2565772989225758,True
20,6,12,60,25,0.00188,0,0,0.005,0.025,3929,0,0,0.25960804275897176,True
20,6,13,60,25,0.00188,0,0,0.005,0.025,3879,0,0,0.2616653776746584,True
20,6,14,60,25,0.00188,0,0,0.005,0.025,3814,0,0,0.2616675406397483,True
20,6,15,60,25,0.00188,0,0,0.005,0.025,3770,0,0,0.2647214854111406,True
20,6,16,60,25,0.00188,0,0,0.005,0.025,3712,0,0,0.265625,True
20,6,17,60,25,0.00188,0,0,0.005,0.025,3666,0,0,0.26786688488816146,True
20,6,18,60,25,0.00188,0,0,0.005,0.025,8263,0,0,0.11860099237565049,True
20,6,19,60,25,0.00188,0,0,0.005,0.025,8116,0,0,0.12111877772301627,True
20,6,20,60,25,0.00188,0,0,0.005,0.025,7921,0,0,0.12485797247822245,True
20,6,21,60,25,0.00188,0,0,0.005,0.025,7715,0,0,0.12961762799740764,True
20,6,22,60,25,0.00188,0,0,0.005,0.025,7558,0,0,0.13217782482138132,True
20,6,23,60,25,0.00188,0,0,0.005,0.025,7336,0,0,0.13685932388222466,True
20,6,24,60,25,0.00188,0,0,0.005,0.025,7153,0,0,0.1399412833776038,True
20,6,25,60,25,0.00188,0,0,0.005,0.025,7002,0,0,0.1443873179091688,True
20,6,26,60,25,0.00188,0,0,0.005,0.025,6798,0,0,0.14798470138275963,True
20,6,27,60,25,0.00188,0,0,0.005,0.025,6670,0,0,0.15172413793103448,True
20,6,28,60,25,0.00188,0,0,0.005,0.025,6512,0,0,0.1541769041769042,True
20,6,29,60,25,0.00188,0,0,0.005,0.025,6331,0,0,0.1585847417469594,True
20,6,30,60,25,0.00188,0,0,0.005,0.025,6218,0,0,0.16403988420714055,True
20,6,31,60,25,0.00188,0,0,0.005,0.025,6092,0,0,0.16792514773473408,True
20,6,32,60,25,0.00188,0,0,0.005,0.025,5946,0,0,0.17272115708039018,True
20,6,33,60,25,0.00188,0,0,0.005,0.025,5811,0,0,0.17535708139734985,True
20,6,34,60,25,0.00188,0,0,0.005,0.025,5693,0,0,0.17776216406112771,True
20,6,35,60,25,0.00188,0,0,0.005,0.025,5544,0,0,0.18163780663780663,True
20,6,36,60,25,0.00188,0,0,0.005,0.025,5424,0,0,0.18657817109144542,True
20,6,37,60,25,0.00188,0,0,0.005,0.025,5319,0,0,0.1895093062605753,True
20,6,38,60,25,0.00188,0,0,0.005,0.025,5254,0,0,0.19356680624286257,True
20,6,39,60,25,0.00188,0,0,0.005,0.025,5165,0,0,0.19535333978702807,True
20,6,40,60,25,0.00188,0,0,0.005,0.025,5108,0,0,0.19792482380579482,True
20,6,41,60,25,0.00188,0,0,0.005,0.025,5838,0,0,0.26121959575196985,True
20,6,42,60,25,0.00188,0,0,0.005,0.025,5889,0,0,0.2657497028357956,True
20,6,43,60,25,0.00188,0,0,0.005,0.025,5891,0,0,0.26752673569852314,True
20,6,44,60,25,0.00188,0,0,0.005,0.025,5839,0,0,0.2714505908545984,True
20,6,45,60,25,0.00188,0,0,0.005,0.025,5731,0,0,0.26766707380910837,True
20,6,46,60,25,0.00188,0,0,0.005,0.025,5271,0,0,0.2405615632707266,True
20,6,47,60,25,0.00188,0,0,0.005,0.025,5084,0,0,0.23524783634933125,True
20,6,48,60,25,0.00188,0,0,0.005,0.025,5003,0,0,0.23405956426144314,True
20,6,49,60,25,0.00188,0,0,0.005,0.025,4925,0,0,0.23411167512690356,True
20,6,50,60,25,0.00188,0,0,0.005,0.025,4879,0,0,0.2383685181389629,True
20,6,51,60,25,0.00188,0,0,0.005,0.025,4820,0,0,0.2421161825726141,True
20,6,52,60,25,0.00188,0,0,0.005,0.025,4749,0,0,0.24678879764160877,True
20,7,1,60,25,0.00188,0,0,0.005,0.025,4689,0,0,0.2507997440818938,True
20,7,2,60,25,0.00188,0,0,0.005,0.025,4621,0,0,0.25405756329798745,True
20,7,3,60,25,0.00188,0,0,0.005,0.025,4573,0,0,0.25672425103870544,True
20,7,4,60,25,0.00188,0,0,0.005,0.025,4509,0,0,0.25925925925925924,True
20,7,5,60,25,0.00188,0,0,0.005,0.025,4453,0,0,0.26117224343139456,True
20,7,6,60,25,0.00188,0,0,0.005,0.025,4400,0,0,0.26454545454545453,True
20,7,7,60,25,0.00188,0,0,0.005,0.025,4338,0,0,0.2657906869525127,True
20,7,8,60,25,0.00188,0,0,0.005,0.025,4277,0,0,0.2691138648585457,True
20,7,9,60,25,0.00188,0,0,0.005,0.025,4216,0,0,0.27205882352941174,True
20,7,10,60,25,0.00188,0,0,0.005,0.025,4177,0,0,0.27220493176921234,True
20,7,11,60,25,0.00188,0,0,0.005,0.025,4121,0,0,0.2746906090754671,True
20,7,12,60,25,0.00188,0,0,0.005,0.025,4083,0,0,0.2784717119764879,True
20,7,13,60,25,0.00188,0,0,0.005,0.025,4031,0,0,0.2798313073678988,True
20,7,14,60,25,0.00188,0,0,0.005,0.025,3973,0,0,0.2829096400704757,True
20,7,15,60,25,0.00188,0,0,0.005,0.025,3933,0,0,0.2829900839054157,True
20,7,16,60,25,0.00188,0,0,0.005,0.025,3876,0,0,0.2853457172342621,True
20,7,17,60,25,0.00188,0,0,0.005,0.025,3839,0,0,0.2873144047929148,True
20,7,18,60,25,0.00188,0,0,0.005,0.025,8676,0,0,0.12793914246196403,True
20,7,19,60,25,0.00188,0,0,0.005,0.025,8516,0,0,0.13128229215594175,True
20,7,20,60,25,0.00188,0,0,0.005,0.025,8305,0,0,0.13485851896447923,True
20,7,21,60,25,0.00188,0,0,0.005,0.025,8107,0,0,0.1382755643271247,True
20,7,22,60,25,0.00188,0,0,0.005,0.025,7918,0,0,0.1414498610760293,True
20,7,23,60,25,0.00188,0,0,0.005,0.025,7740,0,0,0.14444444444444443,True
20,7,24,60,25,0.00188,0,0,0.005,0.025,7551,0,0,0.14739769566944774,True
20,7,25,60,25,0.00188,0,0,0.005,0.025,7362,0,0,0.15213257267046998,True
20,7,26,60,25,0.00188,0,0,0.005,0.025,7235,0,0,0.15549412577747063,True
20,7,27,60,25,0.00188,0,0,0.005,0.025,7063,0,0,0.15928075888432677,True
20,7,28,60,25,0.00188,0,0,0.005,0.025,6930,0,0,0.16161616161616163,True
20,7,29,60,25,0.00188,0,0,0.005,0.025,6744,0,0,0.16429418742586002,True
20,7,30,60,25,0.00188,0,0,0.005,0.025,6561,0,0,0.16933394299649443,True
20,7,31,60,25,0.00188,0,0,0.005,0.025,6397,0,0,0.17179928091292793,True
20,7,32,60,25,0.00188,0,0,0.005,0.025,6244,0,0,0.1753683536194747,True
20,7,33,60,25,0.00188,0,0,0.005,0.025,6086,0,0,0.1797568189286888,True
20,7,34,60,25,0.00188,0,0,0.005,0.025,5960,0,0,0.18322147651006712,True
20,7,35,60,25,0.00188,0,0,0.005,0.025,5809,0,0,0.18574625580995008,True
20,7,36,60,25,0.00188,0,0,0.005,0.025,5656,0,0,0.18864922206506365,True
20,7,37,60,25,0.00188,0,0,0.005,0.025,5511,0,0,0.1917982217383415,True
20,7,38,60,25,0.00188,0,0,0.005,0.025,5446,0,0,0.1939037825927286,True
20,7,39,60,25,0.00188,0,0,0.005,0.025,5359,0,0,0.19761149468184364,True
20,7,40,60,25,0.00188,0,0,0.005,0.025,5291,0,0,0.20052920052920054,True
20,7,41,60,25,0.00188,0,0,0.005,0.025,6084,0,0,0.2621630506245891,True
20,7,42,60,25,0.00188,0,0,0.005,0.025,6128,0,0,0.2712140992167102,True
20,7,43,60,25,0.00188,0,0,0.005,0.025,6045,0,0,0.2714640198511166,True
20,7,44,60,25,0.00188,0,0,0.005,0.025,6030,0,0,0.26865671641791045,True
20,7,45,60,25,0.00188,0,0,0.005,0.025,5952,0,0,0.2723454301075269,True
20,7,46,60,25,0.00188,0,0,0.005,0.025,5457,0,0,0.2462891698735569,True
20,7,47,60,25,0.00188,0,0,0.005,0.025,5298,0,0,0.2408456021140053,True
20,7,48,60,25,0.00188,0,0,0.005,0.025,5190,0,0,0.23892100192678228,True
20,7,49,60,25,0.00188,0,0,0.005,0.025,5079,0,0,0.23882654065760978,True
20,7,50,60,25,0.00188,0,0,0.005,0.025,4993,0,0,0.2415381534147807,True
20,7,51,60,25,0.00188,0,0,0.005,0.025,4923,0,0,0.2435506804793825,True
20,7,52,60,25,0.00188,0,0,0.005,0.025,4847,0,0,0.2448937487105426,True
20,8,1,60,25,0.00188,0,0,0.005,0.025,4776,0,0,0.2466499162479062,True
20,8,2,60,25,0.00188,0,0,0.005,0.025,4708,0,0,0.24872557349192864,True
20,8,3,60,25,0.00188,0,0,0.005,0.025,4661,0,0,0.2510190946148895,True
20,8,4,60,25,0.00188,0,0,0.005,0.025,4586,0,0,0.25141735717400787,True
20,8,5,60,25,0.00188,0,0,0.005,0.025,4526,0,0,0.25320371188687585,True
20,8,6,60,25,0.00188,0,0,0.005,0.025,4455,0,0,0.2558922558922559,True
20,8,7,60,25,0.00188,0,0,0.005,0.025,4399,0,0,0.25733121163900885,True
20,8,8,60,25,0.00188,0,0,0.005,0.025,4337,0,0,0.25824302513258013,True
20,8,9,60,25,0.00188,0,0,0.005,0.025,4275,0,0,0.26105263157894737,True
20,8,10,60,25,0.00188,0,0,0.005,0.025,4227,0,0,0.262597586941093,True
20,8,11,60,25,0.00188,0,0,0.005,0.025,4176,0,0,0.2665229885057471,True
20,8,12,60,25,0.00188,0,0,0.005,0.025,4143,0,0,0.26912865073618153,True
20,8,13,60,25,0.00188,0,0,0.005,0.025,4097,0,0,0.2701977056382719,True
20,8,14,60,25,0.00188,0,0,0.005,0.025,4055,0,0,0.27373612823674476,True
20,8,15,60,25,0.00188,0,0,0.005,0.025,3999,0,0,0.27631907976994247,True
20,8,16,60,25,0.00188,0,0,0.005,0.025,3955,0,0,0.2804045512010114,True
20,8,17,60,25,0.00188,0,0,0.005,0.025,3899,0,0,0.2834060015388561,True
20,8,18,60,25,0.00188,0,0,0.005,0.025,8660,0,0,0.1287528868360277,True
20,8,19,60,25,0.00188,0,0,0.005,0.025,8519,0,0,0.13217513792698674,True
20,8,20,60,25,0.00188,0,0,0.005,0.025,8300,0,0,0.1353012048192771,True
20,8,21,60,25,0.00188,0,0,0.005,0.025,8169,0,0,0.13759334067817358,True
20,8,22,60,25,0.00188,0,0,0.005,0.025,7985,0,0,0.1406386975579211,True
20,8,23,60,25,0.00188,0,0,0.005,0.025,7839,0,0,0.14364077050644214,True
20,8,24,60,25,0.00188,0,0,0.005,0.025,7639,0,0,0.14910328577038878,True
20,8,25,60,25,0.00188,0,0,0.005,0.025,7480,0,0,0.1532085561497326,True
20,8,26,60,25,0.00188,0,0,0.005,0.025,7325,0,0,0.15549488054607508,True
20,8,27,60,25,0.00188,0,0,0.005,0.025,7166,0,0,0.15978230533072843,True
20,8,28,60,25,0.00188,0,0,0.005,0.025,6996,0,0,0.16309319611206405,True
20,8,29,60,25,0.00188,0,0,0.005,0.025,6805,0,0,0.16620132255694342,True
20,8,30,60,25,0.00188,0,0,0.005,0.025,6653,0,0,0.16984818878701338,True
20,8,31,60,25,0.00188,0,0,0.005,0.025,6480,0,0,0.1736111111111111,True
20,8,32,60,25,0.00188,0,0,0.005,0.025,6367,0,0,0.17779173865242656,True
20,8,33,60,25,0.00188,0,0,0.005,0.025,6252,0,0,0.18266154830454254,True
20,8,34,60,25,0.00188,0,0,0.005,0.025,6133,0,0,0.1858796673732268,True
20,8,35,60,25,0.00188,0,0,0.005,0.025,6000,0,0,0.1905,True
20,8,36,60,25,0.00188,0,0,0.005,0.025,5878,0,0,0.19309288873766586,True
20,8,37,60,25,0.00188,0,0,0.005,0.025,5770,0,0,0.19566724436741767,True
20,8,38,60,25,0.00188,0,0,0.005,0.025,5688,0,0,0.19866385372714487,True
20,8,39,60,25,0.00188,0,0,0.005,0.025,5614,0,0,0.20163876024225152,True
20,8,40,60,25,0.00188,0,0,0.005,0.025,5534,0,0,0.20473436935309,True
20,8,41,60,25,0.00188,0,0,0.005,0.025,6365,0,0,0.2661429693637078,True
20,8,42,60,25,0.00188,0,0,0.005,0.025,6376,0,0,0.27368255959849436,True
20,8,43,60,25,0.00188,0,0,0.005,0.025,6378,0,0,0.2756349952963311,True
20,8,44,60,25,0.00188,0,0,0.005,0.025,6303,0,0,0.27494843725210216,True
20,8,45,60,25,0.00188,0,0,0.005,0.025,6255,0,0,0.27849720223820945,True
20,8,46,60,25,0.00188,0,0,0.005,0.025,5728,0,0,0.24895251396648044,True
20,8,47,60,25,0.00188,0,0,0.005,0.025,5546,0,0,0.2426974395961053,True
20,8,48,60,25,0.00188,0,0,0.005,0.025,5452,0,0,0.24358033749082905,True
20,8,49,60,25,0.00188,0,0,0.005,0.025,5358,0,0,0.24188129899216126,True
20,8,50,60,25,0.00188,0,0,0.005,0.025,5277,0,0,0.24388857305287096,True
20,8,51,60,25,0.00188,0,0,0.005,0.025,5201,0,0,0.24399154008844454,True
20,8,52,60,25,0.00188,0,0,0.005,0.025,5124,0,0,0.2462919594067135,True
20,9,1,60,25,0.00188,0,0,0.005,0.025,5043,0,0,0.24905810033710093,True
20,9,2,60,25,0.00188,0,0,0.005,0.025,4980,0,0,0.25100401606425704,True
20,9,3,60,25,0.00188,0,0,0.005,0.025,4922,0,0,0.25416497358797235,True
20,9,4,60,25,0.00188,0,0,0.005,0.025,4857,0,0,0.25591929174387484,True
20,9,5,60,25,0.00188,0,0,0.005,0.025,4809,0,0,0.25847369515491786,True
20,9,6,60,25,0.00188,0,0,0.005,0.025,4757,0,0,0.2610889215892369,True
20,9,7,60,25,0.00188,0,0,0.005,0.025,4714,0,0,0.26198557488332624,True
20,9,8,60,25,0.00188,0,0,0.005,0.025,4643,0,0,0.264914925694594,True
20,9,9,60,25,0.00188,0,0,0.005,0.025,4608,0,0,0.2677951388888889,True
20,9,10,60,25,0.00188,0,0,0.005,0.025,4560,0,0,0.2712719298245614,True
20,9,11,60,25,0.00188,0,0,0.005,0.025,4515,0,0,0.2744186046511628,True
20,9,12,60,25,0.00188,0,0,0.005,0.025,4450,0,0,0.2759550561797753,True
20,9,13,60,25,0.00188,0,0,0.005,0.025,4389,0,0,0.2786511733880155,True
20,9,14,60,25,0.00188,0,0,0.005,0.025,4316,0,0,0.2803521779425394,True
20,9,15,60,25,0.00188,0,0,0.005,0.025,4259,0,0,0.28457384362526417,True
20,9,16,60,25,0.00188,0,0,0.005,0.025,4195,0,0,0.2862932061978546,True
20,9,17,60,25,0.00188,0,0,0.005,0.025,4142,0,0,0.28874939642684694,True
20,9,18,60,25,0.00188,0,0,0.005,0.025,8785,0,0,0.12430278884462151,True
20,9,19,60,25,0.00188,0,0,0.005,0.025,8597,0,0,0.1274863324415494,True
20,9,20,60,25,0.00188,0,0,0.005,0.025,8434,0,0,0.13101731088451507,True
20,9,21,60,25,0.00188,0,0,0.005,0.025,8250,0,0,0.13393939393939394,True
20,9,22,60,25,0.00188,0,0,0.005,0.025,8065,0,0,0.13812771233725976,True
20,9,23,60,25,0.00188,0,0,0.005,0.025,7952,0,0,0.14109657947686116,True
20,9,24,60,25,0.00188,0,0,0.005,0.025,7775,0,0,0.14366559485530547,True
20,9,25,60,25,0.00188,0,0,0.005,0.025,7598,0,0,0.14767043958936563,True
20,9,26,60,25,0.00188,0,0,0.005,0.025,7421,0,0,0.15011453981943135,True
20,9,27,60,25,0.00188,0,0,0.005,0.025,7271,0,0,0.15348645303259525,True
20,9,28,60,25,0.00188,0,0,0.005,0.025,7121,0,0,0.15671956185928942,True
20,9,29,60,25,0.00188,0,0,0.005,0.025,6978,0,0,0.1584981370020063,True
20,9,30,60,25,0.00188,0,0,0.005,0.025,6848,0,0,0.1615070093457944,True
20,9,31,60,25,0.00188,0,0,0.005,0.025,6712,0,0,0.16433253873659118,True
20,9,32,60,25,0.00188,0,0,0.005,0.025,6578,0,0,0.16904834296138643,True
20,9,33,60,25,0.00188,0,0,0.005,0.025,6422,0,0,0.1726876362503893,True
20,9,34,60,25,0.00188,0,0,0.005,0.025,6304,0,0,0.17544416243654823,True
20,9,35,60,25,0.00188,0,0,0.005,0.025,6176,0,0,0.17810880829015543,True
20,9,36,60,25,0.00188,0,0,0.005,0.025,6064,0,0,0.18139841688654354,True
20,9,37,60,25,0.00188,0,0,0.005,0.025,5924,0,0,0.18551654287643485,True
20,9,38,60,25,0.00188,0,0,0.005,0.025,5832,0,0,0.1886145404663923,True
20,9,39,60,25,0.00188,0,0,0.005,0.025,5748,0,0,0.191892832289492,True
20,9,40,60,25,0.00188,0,0,0.005,0.025,5655,0,0,0.1964633068081344,True
20,9,41,60,25,0.00188,0,0,0.005,0.025,6486,0,0,0.2533148319457293,True
20,9,42,60,25,0.00188,0,0,0.005,0.025,6503,0,0,0.26280178379209596,True
20,9,43,60,25,0.00188,0,0,0.005,0.025,6393,0,0,0.2629438448302831,True
20,9,44,60,25,0.00188,0,0,0.005,0.025,6314,0,0,0.2679759265125119,True
20,9,45,60,25,0.00188,0,0,0.005,0.025,6287,0,0,0.26674089390806427,True
20,9,46,60,25,0.00188,0,0,0.005,0.025,5758,0,0,0.23740882250781523,True
20,9,47,60,25,0.00188,0,0,0.005,0.025,5560,0,0,0.23345323741007193,True
20,9,48,60,25,0.00188,0,0,0.005,0.025,5458,0,0,0.23305240014657383,True
20,9,49,60,25,0.00188,0,0,0.005,0.025,5350,0,0,0.23345794392523364,True
20,9,50,60,25,0.00188,0,0,0.005,0.025,5251,0,0,0.23462197676633023,True
20,9,51,60,25,0.00188,0,0,0.005,0.025,5176,0,0,0.2358964451313756,True
20,9,52,60,25,0.00188,0,0,0.005,0.025,5111,0,0,0.23772255918606927,True
20,10,1,60,25,0.00188,0,0,0.005,0.025,5048,0,0,0.2402931854199683,True
20,10,2,60,25,0.00188,0,0,0.005,0.025,4971,0,0,0.2428082880708107,True
20,10,3,60,25,0.00188,0,0,0.005,0.025,4916,0,0,0.24613506916192027,True
20,10,4,60,25,0.00188,0,0,0.005,0.025,4858,0,0,0.24639769452449567,True
20,10,5,60,25,0.00188,0,0,0.005,0.025,4789,0,0,0.2505742326164126,True
20,10,6,60,25,0.00188,0,0,0.005,0.025,4730,0,0,0.254122621564482,True
20,10,7,60,25,0.00188,0,0,0.005,0.025,4667,0,0,0.25669595028926506,True
20,10,8,60,25,0.00188,0,0,0.005,0.025,4597,0,0,0.26169240809223404,True
20,10,9,60,25,0.00188,0,0,0.005,0.025,4536,0,0,0.26432980599647266,True
20,10,10,60,25,0.00188,0,0,0.005,0.025,4492,0,0,0.26669634906500445,True
20,10,11,60,25,0.00188,0,0,0.005,0.025,4444,0,0,0.2698019801980198,True
20,10,12,60,25,0.00188,0,0,0.005,0.025,4384,0,0,0.2716697080291971,True
20,10,13,60,25,0.00188,0,0,0.005,0.025,4299,0,0,0.2749476622470342,True
20,10,14,60,25,0.00188,0,0,0.005,0.025,4235,0,0,0.27508854781582054,True
20,10,15,60,25,0.00188,0,0,0.005,0.025,4176,0,0,0.2789750957854406,True
20,10,16,60,25,0.00188,0,0,0.005,0.025,4129,0,0,0.2799709372729474,True
20,10,17,60,25,0.00188,0,0,0.005,0.025,4087,0,0,0.2823586983117201,True
20,10,18,60,25,0.00188,0,0,0.005,0.025,8897,0,0,0.12273800157356413,True
20,10,19,60,25,0.00188,0,0,0.005,0.025,8748,0,0,0.1262002743484225,True
20,10,20,60,25,0.00188,0,0,0.005,0.025,8577,0,0,0.12941587967820917,True
20,10,21,60,25,0.00188,0,0,0.005,0.025,8406,0,0,0.13288127527956223,True
20,10,22,60,25,0.00188,0,0,0.005,0.025,8226,0,0,0.13591052759542913,True
20,10,23,60,25,0.00188,0,0,0.005,0.025,8059,0,0,0.14046407742896141,True
20,10,24,60,25,0.00188,0,0,0.005,0.025,7862,0,0,0.1425845840752989,True
20,10,25,60,25,0.00188,0,0,0.005,0.025,7676,0,0,0.1465607087024492,True
20,10,26,60,25,0.00188,0,0,0.005,0.025,7505,0,0,0.1508327781479014,True
20,10,27,60,25,0.00188,0,0,0.005,0.025,7390,0,0,0.15317997293640054,True
20,10,28,60,25,0.00188,0,0,0.005,0.025,7253,0,0,0.15703846684130704,True
20,10,29,60,25,0.00188,0,0,0.005,0.025,7115,0,0,0.160646521433591,True
20,10,30,60,25,0.00188,0,0,0.005,0.025,6951,0,0,0.16414904330312186,True
20,10,31,60,25,0.00188,0,0,0.005,0.025,6784,0,0,0.16789504716981132,True
20,10,32,60,25,0.00188,0,0,0.005,0.025,6666,0,0,0.1707170717071707,True
20,10,33,60,25,0.00188,0,0,0.005,0.025,6543,0,0,0.1756075194864741,True
20,10,34,60,25,0.00188,0,0,0.005,0.025,6430,0,0,0.17791601866251944,True
20,10,35,60,25,0.00188,0,0,0.005,0.025,6310,0,0,0.1809825673534073,True
20,10,36,60,25,0.00188,0,0,0.005,0.025,6211,0,0,0.18386733215263243,True
20,10,37,60,25,0.00188,0,0,0.005,0.025,6092,0,0,0.18745896257386738,True
20,10,38,60,25,0.00188,0,0,0.005,0.025,5997,0,0,0.19009504752376188,True
20,10,39,60,25,0.00188,0,0,0.005,0.025,5909,0,0,0.19427991199864614,True
20,10,40,60,25,0.00188,0,0,0.005,0.025,5813,0,0,0.19714433167039394,True
20,10,41,60,25,0.00188,0,0,0.005,0.025,6669,0,0,0.2591093117408907,True
20,10,42,60,25,0.00188,0,0,0.005,0.025,6714,0,0,0.2703306523681859,True
20,10,43,60,25,0.00188,0,0,0.005,0.025,6685,0,0,0.2629768137621541,True
20,10,44,60,25,0.00188,0,0,0.005,0.025,6633,0,0,0.2692597617970752,True
20,10,45,60,25,0.00188,0,0,0.005,0.025,6570,0,0,0.2745814307458143,True
20,10,46,60,25,0.00188,0,0,0.005,0.025,5972,0,0,0.24196249162759545,True
20,10,47,60,25,0.00188,0,0,0.005,0.025,5759,0,0,0.2351102621982983,True
20,10,48,60,25,0.00188,0,0,0.005,0.025,5647,0,0,0.23251283867540287,True
20,10,49,60,25,0.00188,0,0,0.005,0.025,5533,0,0,0.23170070486173866,True
20,10,50,60,25,0.00188,0,0,0.005,0.025,5431,0,0,0.2331062419443933,True
20,10,51,60,25,0.00188,0,0,0.005,0.025,5360,0,0,0.2367537313432836,True
20,10,52,60,25,0.00188,0,0,0.005,0.025,5312,0,0,0.23870481927710843,True
20,11,1,60,25,0.00188,0,0,0.005,0.025,5240,0,0,0.24083969465648855,True
20,11,2,60,25,0.00188,0,0,0.005,0.025,5165,0,0,0.24317521781219748,True
20,11,3,60,25,0.00188,0,0,0.005,0.025,5083,0,0,0.24513082825103286,True
20,11,4,60,25,0.00188,0,0,0.005,0.025,5018,0,0,0.24810681546432842,True
20,11,5,60,25,0.00188,0,0,0.005,0.025,4946,0,0,0.2509098261221189,True
20,11,6,60,25,0.00188,0,0,0.005,0.025,4880,0,0,0.25368852459016394,True
20,11,7,60,25,0.00188,0,0,0.005,0.025,4828,0,0,0.25704225352112675,True
20,11,8,60,25,0.00188,0,0,0.005,0.025,4777,0,0,0.2581117856395227,True
20,11,9,60,25,0.00188,0,0,0.005,0.025,4713,0,0,0.2605559091873541,True
20,11,10,60,25,0.00188,0,0,0.005,0.025,4658,0,0,0.26277372262773724,True
20,11,11,60,25,0.00188,0,0,0.005,0.025,4614,0,0,0.26527958387516254,True
20,11,12,60,25,0.00188,0,0,0.005,0.025,4568,0,0,0.26816987740805603,True
20,11,13,60,25,0.00188,0,0,0.005,0.025,4523,0,0,0.26840592527083795,True
20,11,14,60,25,0.00188,0,0,0.005,0.025,4454,0,0,0.26986977997305794,True
20,11,15,60,25,0.00188,0,0,0.005,0.025,4406,0,0,0.271448025419882,True
20,11,16,60,25,0.00188,0,0,0.005,0.025,4358,0,0,0.2742083524552547,True
20,11,17,60,25,0.00188,0,0,0.005,0.025,4314,0,0,0.2767732962447844,True
20,11,18,60,25,0.00188,0,0,0.005,0.025,9340,0,0,0.1215203426124197,True
20,11,19,60,25,0.00188,0,0,0.005,0.025,9181,0,0,0.124060559851868,True
20,11,20,60,25,0.00188,0,0,0.005,0.025,8976,0,0,0.1285650623885918,True
20,11,21,60,25,0.00188,0,0,0.005,0.025,8790,0,0,0.13174061433447098,True
20,11,22,60,25,0.00188,0,0,0.005,0.025,8573,0,0,0.13519188148839378,True
20,11,23,60,25,0.00188,0,0,0.005,0.025,8389,0,0,0.139229943974252,True
20,11,24,60,25,0.00188,0,0,0.005,0.025,8247,0,0,0.14368861404146963,True
20,11,25,60,25,0.00188,0,0,0.005,0.025,8059,0,0,0.14741283037597716,True
20,11,26,60,25,0.00188,0,0,0.005,0.025,7858,0,0,0.15029269534232628,True
20,11,27,60,25,0.00188,0,0,0.005,0.025,7666,0,0,0.15405687451082703,True
20,11,28,60,25,0.00188,0,0,0.005,0.025,7530,0,0,0.15723771580345286,True
20,11,29,60,25,0.00188,0,0,0.005,0.025,7364,0,0,0.16064638783269963,True
20,11,30,60,25,0.00188,0,0,0.005,0.025,7210,0,0,0.1639389736477115,True
20,11,31,60,25,0.00188,0,0,0.005,0.025,7085,0,0,0.16753705010585745,True
20,11,32,60,25,0.00188,0,0,0.005,0.025,6954,0,0,0.17026171987345412,True
20,11,33,60,25,0.00188,0,0,0.005,0.025,6817,0,0,0.1735367463693707,True
20,11,34,60,25,0.00188,0,0,0.005,0.025,6661,0,0,0.17624981234048942,True
20,11,35,60,25,0.00188,0,0,0.005,0.025,6509,0,0,0.1795974804117376,True
20,11,36,60,25,0.00188,0,0,0.005,0.025,6383,0,0,0.18314272285759048,True
20,11,37,60,25,0.00188,0,0,0.005,0.025,6256,0,0,0.18718030690537085,True
20,11,38,60,25,0.00188,0,0,0.005,0.025,6173,0,0,0.19018305524056375,True
20,11,39,60,25,0.00188,0,0,0.005,0.025,6074,0,0,0.19097793875535068,True
20,11,40,60,25,0.00188,0,0,0.005,0.025,5997,0,0,0.1952642988160747,True
20,11,41,60,25,0.00188,0,0,0.005,0.025,6951,0,0,0.2598187311178248,True
20,11,42,60,25,0.00188,0,0,0.005,0.025,6972,0,0,0.26376936316695354,True
20,11,43,60,25,0.00188,0,0,0.005,0.025,6993,0,0,0.2702702702702703,True
20,11,44,60,25,0.00188,0,0,0.005,0.025,6901,0,0,0.2709752209824663,True
20,11,45,60,25,0.00188,0,0,0.005,0.025,6819,0,0,0.27276726792784867,True
20,11,46,60,25,0.00188,0,0,0.005,0.025,6227,0,0,0.2434559177774209,True
20,11,47,60,25,0.00188,0,0,0.005,0.025,6019,0,0,0.24040538295397906,True
20,11,48,60,25,0.00188,0,0,0.005,0.025,5915,0,0,0.24057480980557905,True
20,11,49,60,25,0.00188,0,0,0.005,0.025,5833,0,0,0.24155666038059317,True
20,11,50,60,25,0.00188,0,0,0.005,0.025,5728,0,0,0.24231843575418993,True
20,11,51,60,25,0.00188,0,0,0.005,0.025,5660,0,0,0.24522968197879857,True
20,11,52,60,25,0.00188,0,0,0.005,0.025,5590,0,0,0.24722719141323793,True
20,1,1,60,25,0.00355,0,0,0.005,0.025,5466,0,0,0.0018294914013904135,True
20,1,2,60,25,0.00355,0,0,0.005,0.025,5243,0,0,0.004577531947358383,True
20,1,3,60,25,0.00355,0,0,0.005,0.025,5026,0,0,0.007560684440907282,True
20,1,4,60,25,0.00355,0,0,0.005,0.025,4841,0,0,0.0090890311919025,True
20,1,5,60,25,0.00355,0,0,0.005,0.025,4717,0,0,0.011023955904176383,True
20,1,6,60,25,0.00355,0,0,0.005,0.025,4547,0,0,0.012755663074554651,True
20,1,7,60,25,0.00355,0,0,0.005,0.025,4410,0,0,0.014965986394557823,True
20,1,8,60,25,0.00355,0,0,0.005,0.025,4294,0,0,0.016767582673497903,True
20,1,9,60,25,0.00355,0,0,0.005,0.025,4183,0,0,0.019364092756394932,True
20,1,10,60,25,0.00355,0,0,0.005,0.025,4100,0,0,0.020975609756097562,True
20,1,11,60,25,0.00355,0,0,0.005,0.025,4013,0,0,0.02267630201844007,True
20,1,12,60,25,0.00355,0,0,0.005,0.025,3940,0,0,0.024619289340101522,True
20,1,13,60,25,0.00355,0,0,0.005,0.025,3881,0,0,0.0260242205617109,True
20,1,14,60,25,0.00355,0,0,0.005,0.025,3794,0,0,0.027411702688455455,True
20,1,15,60,25,0.00355,0,0,0.005,0.025,3746,0,0,0.031233315536572343,True
20,1,16,60,25,0.00355,0,0,0.005,0.025,3714,0,0,0.033117932148626815,True
20,1,17,60,25,0.00355,0,0,0.005,0.025,3667,0,0,0.03408781019907281,True
20,1,18,60,25,0.00355,0,0,0.005,0.025,10562,0,0,0.013444423404658208,True
20,1,19,60,25,0.00355,0,0,0.005,0.025,10330,0,0,0.015101645692158761,True
20,1,20,60,25,0.00355,0,0,0.005,0.025,10108,0,0,0.01751088246933122,True
20,1,21,60,25,0.00355,0,0,0.005,0.025,9847,0,0,0.019193663044582105,True
20,1,22,60,25,0.00355,0,0,0.005,0.025,9622,0,0,0.020785699438786116,True
20,1,23,60,25,0.00355,0,0,0.005,0.025,9422,0,0,0.023137338144767566,True
20,1,24,60,25,0.00355,0,0,0.005,0.025,9154,0,0,0.025562595586628795,True
20,1,25,60,25,0.00355,0,0,0.005,0.025,8891,0,0,0.0278933753233607,True
20,1,26,60,25,0.00355,0,0,0.005,0.025,8694,0,0,0.02921555095468139,True
20,1,27,60,25,0.00355,0,0,0.005,0.025,8488,0,0,0.030631479736098022,True
20,1,28,60,25,0.00355,0,0,0.005,0.025,8300,0,0,0.03325301204819277,True
20,1,29,60,25,0.00355,0,0,0.005,0.025,8071,0,0,0.03543550985008054,True
20,1,30,60,25,0.00355,0,0,0.005,0.025,7875,0,0,0.037587301587301586,True
20,1,31,60,25,0.00355,0,0,0.005,0.025,7655,0,0,0.040496407576747225,True
20,1,32,60,25,0.00355,0,0,0.005,0.025,7476,0,0,0.042134831460674156,True
20,1,33,60,25,0.00355,0,0,0.005,0.025,7321,0,0,0.04357328233847835,True
20,1,34,60,25,0.00355,0,0,0.005,0.025,7150,0,0,0.04559440559440559,True
20,1,35,60,25,0.00355,0,0,0.005,0.025,6976,0,0,0.046731651376146786,True
20,1,36,60,25,0.00355,0,0,0.005,0.025,6783,0,0,0.04983045849918915,True
20,1,37,60,25,0.00355,0,0,0.005,0.025,6615,0,0,0.05381708238851096,True
20,1,38,60,25,0.00355,0,0,0.005,0.025,6490,0,0,0.05531587057010786,True
20,1,39,60,25,0.00355,0,0,0.005,0.025,6366,0,0,0.057492931196983975,True
20,1,40,60,25,0.00355,0,0,0.005,0.025,6241,0,0,0.05976606313090851,True
20,1,41,60,25,0.00355,0,0,0.005,0.025,6706,0,0,0.09633164330450343,True
20,1,42,60,25,0.00355,0,0,0.005,0.025,6716,0,0,0.10378201310303753,True
20,1,43,60,25,0.00355,0,0,0.005,0.025,6648,0,0,0.10364019253910951,True
20,1,44,60,25,0.00355,0,0,0.005,0.025,6571,0,0,0.1065286866534774,True
20,1,45,60,25,0.00355,0,0,0.005,0.025,6555,0,0,0.10861937452326469,True
20,1,46,60,25,0.00355,0,0,0.005,0.025,6209,0,0,0.0903527138025447,True
20,1,47,60,25,0.00355,0,0,0.005,0.025,6097,0,0,0.08791208791208792,True
20,1,48,60,25,0.00355,0,0,0.005,0.025,6038,0,0,0.08843988075521696,True
20,1,49,60,25,0.00355,0,0,0.005,0.025,5930,0,0,0.0893760539629005,True
20,1,50,60,25,0.00355,0,0,0.005,0.025,5863,0,0,0.08937404059355279,True
20,1,51,60,25,0.00355,0,0,0.005,0.025,5791,0,0,0.09117596270074253,True
20,1,52,60,25,0.00355,0,0,0.005,0.025,5712,0,0,0.0940126050420168,True
20,2,1,60,25,0.00355,0,0,0.005,0.025,5642,0,0,0.09695143566111308,True
20,2,2,60,25,0.00355,0,0,0.005,0.025,5554,0,0,0.09866762693554196,True
20,2,3,60,25,0.00355,0,0,0.005,0.025,5471,0,0,0.0990678121001645,True
20,2,4,60,25,0.00355,0,0,0.005,0.025,5406,0,0,0.09988901220865705,True
20,2,5,60,25,0.00355,0,0,0.005,0.025,5311,0,0,0.10167576727546601,True
20,2,6,60,25,0.00355,0,0,0.005,0.025,5241,0,0,0.10265216561724862,True
20,2,7,60,25,0.00355,0,0,0.005,0.025,5161,0,0,0.10482464638635923,True
20,2,8,60,25,0.00355,0,0,0.005,0.025,5078,0,0,0.10456872784560851,True
20,2,9,60,25,0.00355,0,0,0.005,0.025,5000,0,0,0.106,True
20,2,10,60,25,0.00355,0,0,0.005,0.025,4926,0,0,0.10840438489646773,True
20,2,11,60,25,0.00355,0,0,0.005,0.025,4860,0,0,0.10987654320987654,True
20,2,12,60,25,0.00355,0,0,0.005,0.025,4796,0,0,0.11259382819015847,True
20,2,13,60,25,0.00355,0,0,0.005,0.025,4722,0,0,0.11372299872935197,True
20,2,14,60,25,0.00355,0,0,0.005,0.025,4639,0,0,0.11575770640224187,True
20,2,15,60,25,0.00355,0,0,0.005,0.025,4559,0,0,0.11778898881333626,True
20,2,16,60,25,0.00355,0,0,0.005,0.025,4496,0,0,0.12077402135231317,True
20,2,17,60,25,0.00355,0,0,0.005,0.025,4417,0,0,0.12361331220285261,True
20,2,18,60,25,0.00355,0,0,0.005,0.025,8988,0,0,0.061526479750778816,True
20,2,19,60,25,0.00355,0,0,0.005,0.025,8817,0,0,0.06351366678008392,True
20,2,20,60,25,0.00355,0,0,0.005,0.025,8601,0,0,0.06580630159283804,True
20,2,21,60,25,0.00355,0,0,0.005,0.025,8393,0,0,0.06827117836292149,True
20,2,22,60,25,0.00355,0,0,0.005,0.025,8199,0,0,0.0712281985608001,True
20,2,23,60,25,0.00355,0,0,0.005,0.025,8027,0,0,0.07325277189485487,True
20,2,24,60,25,0.00355,0,0,0.005,0.025,7826,0,0,0.07602862254025045,True
20,2,25,60,25,0.00355,0,0,0.005,0.025,7644,0,0,0.07875457875457875,True
20,2,26,60,25,0.00355,0,0,0.005,0.025,7508,0,0,0.08084709643047416,True
20,2,27,60,25,0.00355,0,0,0.005,0.025,7331,0,0,0.08252625835493112,True
20,2,28,60,25,0.00355,0,0,0.005,0.025,7124,0,0,0.08618753509264458,True
20,2,29,60,25,0.00355,0,0,0.005,0.025,6985,0,0,0.08833214030064424,True
20,2,30,60,25,0.00355,0,0,0.005,0.025,6825,0,0,0.09142857142857143,True
20,2,31,60,25,0.00355,0,0,0.005,0.025,6693,0,0,0.09472583295980876,True
20,2,32,60,25,0.00355,0,0,0.005,0.025,6563,0,0,0.0961450556148103,True
20,2,33,60,25,0.00355,0,0,0.005,0.025,6398,0,0,0.10018755861206627,True
20,2,34,60,25,0.00355,0,0,0.005,0.025,6253,0,0,0.10267071805533344,True
20,2,35,60,25,0.00355,0,0,0.005,0.025,6113,0,0,0.10616718468836905,True
20,2,36,60,25,0.00355,0,0,0.005,0.025,5970,0,0,0.10837520938023451,True
20,2,37,60,25,0.00355,0,0,0.005,0.025,5856,0,0,0.11082650273224044,True
20,2,38,60,25,0.00355,0,0,0.005,0.025,5767,0,0,0.11323044910698804,True
20,2,39,60,25,0.00355,0,0,0.005,0.025,5697,0,0,0.11532385466034756,True
20,2,40,60,25,0.00355,0,0,0.005,0.025,5623,0,0,0.11790858972078962,True
20,2,41,60,25,0.00355,0,0,0.005,0.025,6165,0,0,0.170316301703163,True
20,2,42,60,25,0.00355,0,0,0.005,0.025,6196,0,0,0.17947062621045837,True
20,2,43,60,25,0.00355,0,0,0.005,0.025,6133,0,0,0.1757704223055601,True
20,2,44,60,25,0.00355,0,0,0.005,0.025,6114,0,0,0.17680732744520772,True
20,2,45,60,25,0.00355,0,0,0.005,0.025,6116,0,0,0.18116415958142576,True
20,2,46,60,25,0.00355,0,0,0.005,0.025,5663,0,0,0.15521808228853964,True
20,2,47,60,25,0.00355,0,0,0.005,0.025,5535,0,0,0.14941282746160794,True
20,2,48,60,25,0.00355,0,0,0.005,0.025,5466,0,0,0.1509330406147091,True
20,2,49,60,25,0.00355,0,0,0.005,0.025,5399,0,0,0.1507686608631228,True
20,2,50,60,25,0.00355,0,0,0.005,0.025,5339,0,0,0.15133920209777113,True
20,2,51,60,25,0.00355,0,0,0.005,0.025,5283,0,0,0.15502555366269166,True
20,2,52,60,25,0.00355,0,0,0.005,0.025,5218,0,0,0.15657339977002682,True
20,3,1,60,25,0.00355,0,0,0.005,0.025,5135,0,0,0.15910418695228823,True
20,3,2,60,25,0.00355,0,0,0.005,0.025,5091,0,0,0.16106855234727951,True
20,3,3,60,25,0.00355,0,0,0.005,0.025,5023,0,0,0.16265180171212423,True
20,3,4,60,25,0.00355,0,0,0.005,0.025,4937,0,0,0.16548511241644723,True
20,3,5,60,25,0.00355,0,0,0.005,0.025,4874,0,0,0.16721378744357818,True
20,3,6,60,25,0.00355,0,0,0.005,0.025,4821,0,0,0.16718523127981746,True
20,3,7,60,25,0.00355,0,0,0.005,0.025,4755,0,0,0.16908517350157728,True
20,3,8,60,25,0.00355,0,0,0.005,0.025,4679,0,0,0.16990810002137208,True
20,3,9,60,25,0.00355,0,0,0.005,0.025,4617,0,0,0.17153996101364521,True
20,3,10,60,25,0.00355,0,0,0.005,0.025,4558,0,0,0.17332163229486616,True
20,3,11,60,25,0.00355,0,0,0.005,0.025,4504,0,0,0.17539964476021314,True
20,3,12,60,25,0.00355,0,0,0.005,0.025,4441,0,0,0.17856338662463409,True
20,3,13,60,25,0.00355,0,0,0.005,0.025,4372,0,0,0.18000914913083257,True
20,3,14,60,25,0.00355,0,0,0.005,0.025,4328,0,0,0.18091497227356748,True
20,3,15,60,25,0.00355,0,0,0.005,0.025,4262,0,0,0.18254340685124354,True
20,3,16,60,25,0.00355,0,0,0.005,0.025,4217,0,0,0.1842542091534266,True
20,3,17,60,25,0.00355,0,0,0.005,0.025,4158,0,0,0.18614718614718614,True
20,3,18,60,25,0.00355,0,0,0.005,0.025,9465,0,0,0.08346539883782356,True
20,3,19,60,25,0.00355,0,0,0.005,0.025,9271,0,0,0.0852119512458203,True
20,3,20,60,25,0.00355,0,0,0.005,0.025,9029,0,0,0.08893565178868092,True
20,3,21,60,25,0.00355,0,0,0.005,0.025,8800,0,0,0.09238636363636364,True
20,3,22,60,25,0.00355,0,0,0.005,0.025,8578,0,0,0.09489391466542317,True
20,3,23,60,25,0.00355,0,0,0.005,0.025,8388,0,0,0.0969241773962804,True
20,3,24,60,25,0.00355,0,0,0.005,0.025,8182,0,0,0.10009777560498656,True
20,3,25,60,25,0.00355,0,0,0.005,0.025,8005,0,0,0.10243597751405371,True
20,3,26,60,25,0.00355,0,0,0.005,0.025,7744,0,0,0.1056301652892562,True
20,3,27,60,25,0.00355,0,0,0.005,0.025,7562,0,0,0.11055276381909548,True
20,3,28,60,25,0.00355,0,0,0.005,0.025,7348,0,0,0.11268372346216658,True
20,3,29,60,25,0.00355,0,0,0.005,0.025,7167,0,0,0.11720385098367518,True
20,3,30,60,25,0.00355,0,0,0.005,0.025,7005,0,0,0.1206281227694504,True
20,3,31,60,25,0.00355,0,0,0.005,0.025,6825,0,0,0.12322344322344322,True
20,3,32,60,25,0.00355,0,0,0.005,0.025,6681,0,0,0.12692710672055083,True
20,3,33,60,25,0.00355,0,0,0.005,0.025,6517,0,0,0.13027466625748044,True
20,3,34,60,25,0.00355,0,0,0.005,0.025,6370,0,0,0.1326530612244898,True
20,3,35,60,25,0.00355,0,0,0.005,0.025,6220,0,0,0.13633440514469453,True
20,3,36,60,25,0.00355,0,0,0.005,0.025,6098,0,0,0.13938996392259756,True
20,3,37,60,25,0.00355,0,0,0.005,0.025,5980,0,0,0.1423076923076923,True
20,3,38,60,25,0.00355,0,0,0.005,0.025,5886,0,0,0.1439007815154604,True
20,3,39,60,25,0.00355,0,0,0.005,0.025,5803,0,0,0.1463036360503188,True
20,3,40,60,25,0.00355,0,0,0.005,0.025,5700,0,0,0.1492982456140351,True
20,3,41,60,25,0.00355,0,0,0.005,0.025,6277,0,0,0.19388242791142266,True
20,3,42,60,25,0.00355,0,0,0.005,0.025,6277,0,0,0.20487494025808506,True
20,3,43,60,25,0.00355,0,0,0.005,0.025,6257,0,0,0.20489052261467156,True
20,3,44,60,25,0.00355,0,0,0.005,0.025,6175,0,0,0.20550607287449393,True
20,3,45,60,25,0.00355,0,0,0.005,0.025,6120,0,0,0.20392156862745098,True
20,3,46,60,25,0.00355,0,0,0.005,0.025,5759,0,0,0.18475429762111478,True
20,3,47,60,25,0.00355,0,0,0.005,0.025,5621,0,0,0.18092866038071517,True
20,3,48,60,25,0.00355,0,0,0.005,0.025,5527,0,0,0.17839696037633435,True
20,3,49,60,25,0.00355,0,0,0.005,0.025,5445,0,0,0.18034894398530762,True
20,3,50,60,25,0.00355,0,0,0.005,0.025,5372,0,0,0.18019359642591215,True
20,3,51,60,25,0.00355,0,0,0.005,0.025,5302,0,0,0.18219539796303283,True
20,3,52,60,25,0.00355,0,0,0.005,0.025,5231,0,0,0.18428598738290958,True
20,4,1,60,25,0.00355,0,0,0.005,0.025,5140,0,0,0.1859922178988327,True
20,4,2,60,25,0.00355,0,0,0.005,0.025,5074,0,0,0.18821442648797793,True
20,4,3,60,25,0.00355,0,0,0.005,0.025,5003,0,0,0.19008594843094143,True
20,4,4,60,25,0.00355,0,0,0.005,0.025,4940,0,0,0.19190283400809716,True
20,4,5,60,25,0.00355,0,0,0.005,0.025,4867,0,0,0.19334292171769057,True
20,4,6,60,25,0.00355,0,0,0.005,0.025,4786,0,0,0.19431675720852487,True
20,4,7,60,25,0.00355,0,0,0.005,0.025,4709,0,0,0.19622000424718625,True
20,4,8,60,25,0.00355,0,0,0.005,0.025,4643,0,0,0.19836312728839112,True
20,4,9,60,25,0.00355,0,0,0.005,0.025,4580,0,0,0.19934497816593885,True
20,4,10,60,25,0.00355,0,0,0.005,0.025,4524,0,0,0.20137046861184793,True
20,4,11,60,25,0.00355,0,0,0.005,0.025,4453,0,0,0.20345834269032112,True
20,4,12,60,25,0.00355,0,0,0.005,0.025,4388,0,0,0.2053327256153145,True
20,4,13,60,25,0.00355,0,0,0.005,0.025,4325,0,0,0.2085549132947977,True
20,4,14,60,25,0.00355,0,0,0.005,0.025,4276,0,0,0.2118802619270346,True
20,4,15,60,25,0.00355,0,0,0.005,0.025,4214,0,0,0.21404841006169908,True
20,4,16,60,25,0.00355,0,0,0.005,0.025,4159,0,0,0.21591728780956962,True
20,4,17,60,25,0.00355,0,0,0.005,0.025,4099,0,0,0.2168821663820444,True
20,4,18,60,25,0.00355,0,0,0.005,0.025,9138,0,0,0.09805209017290435,True
20,4,19,60,25,0.00355,0,0,0.005,0.025,8954,0,0,0.10084878266696448,True
20,4,20,60,25,0.00355,0,0,0.005,0.025,8749,0,0,0.10355469196479598,True
20,4,21,60,25,0.00355,0,0,0.005,0.025,8538,0,0,0.10634809088779573,True
20,4,22,60,25,0.00355,0,0,0.005,0.025,8305,0,0,0.10800722456351596,True
20,4,23,60,25,0.00355,0,0,0.005,0.025,8120,0,0,0.11133004926108374,True
20,4,24,60,25,0.00355,0,0,0.005,0.025,7916,0,0,0.11520970186963113,True
20,4,25,60,25,0.00355,0,0,0.005,0.025,7734,0,0,0.11947245927075252,True
20,4,26,60,25,0.00355,0,0,0.005,0.025,7508,0,0,0.12293553542887586,True
20,4,27,60,25,0.00355,0,0,0.005,0.025,7324,0,0,0.1276624795193883,True
20,4,28,60,25,0.00355,0,0,0.005,0.025,7108,0,0,0.13126055149127744,True
20,4,29,60,25,0.00355,0,0,0.005,0.025,6917,0,0,0.13445135174208472,True
20,4,30,60,25,0.00355,0,0,0.005,0.025,6741,0,0,0.1375166889185581,True
20,4,31,60,25,0.00355,0,0,0.005,0.025,6567,0,0,0.1407035175879397,True
20,4,32,60,25,0.00355,0,0,0.005,0.025,6422,0,0,0.14403612581750233,True
20,4,33,60,25,0.00355,0,0,0.005,0.025,6281,0,0,0.14695112243273364,True
20,4,34,60,25,0.00355,0,0,0.005,0.025,6152,0,0,0.14921976592977892,True
20,4,35,60,25,0.00355,0,0,0.005,0.025,6028,0,0,0.15311877903118778,True
20,4,36,60,25,0.00355,0,0,0.005,0.025,5893,0,0,0.15696589173595793,True
20,4,37,60,25,0.00355,0,0,0.005,0.025,5795,0,0,0.15996548748921485,True
20,4,38,60,25,0.00355,0,0,0.005,0.025,5721,0,0,0.16151022548505506,True
20,4,39,60,25,0.00355,0,0,0.005,0.025,5626,0,0,0.1645929612513331,True
20,4,40,60,25,0.00355,0,0,0.005,0.025,5561,0,0,0.16723610861355873,True
20,4,41,60,25,0.00355,0,0,0.005,0.025,6120,0,0,0.21356209150326796,True
20,4,42,60,25,0.00355,0,0,0.005,0.025,6134,0,0,0.21910661884577765,True
20,4,43,60,25,0.00355,0,0,0.005,0.025,6129,0,0,0.2222222222222222,True
20,4,44,60,25,0.00355,0,0,0.005,0.025,6081,0,0,0.22693635915145535,True
20,4,45,60,25,0.00355,0,0,0.005,0.025,6036,0,0,0.22664015904572565,True
20,4,46,60,25,0.00355,0,0,0.005,0.025,5703,0,0,0.20585656671927055,True
20,4,47,60,25,0.00355,0,0,0.005,0.025,5539,0,0,0.197147499548655,True
20,4,48,60,25,0.00355,0,0,0.005,0.025,5459,0,0,0.19948708554680344,True
20,4,49,60,25,0.00355,0,0,0.005,0.025,5381,0,0,0.1992194759338413,True
20,4,50,60,25,0.00355,0,0,0.005,0.025,5310,0,0,0.20037664783427495,True
20,4,51,60,25,0.00355,0,0,0.005,0.025,5236,0,0,0.20339954163483576,True
20,4,52,60,25,0.00355,0,0,0.005,0.025,5170,0,0,0.20483558994197293,True
20,5,1,60,25,0.00355,0,0,0.005,0.025,5088,0,0,0.2077437106918239,True
20,5,2,60,25,0.00355,0,0,0.005,0.025,5020,0,0,0.2099601593625498,True
20,5,3,60,25,0.00355,0,0,0.005,0.025,4956,0,0,0.2106537530266344,True
20,5,4,60,25,0.00355,0,0,0.005,0.025,4899,0,0,0.2135129618289447,True
20,5,5,60,25,0.00355,0,0,0.005,0.025,4830,0,0,0.21407867494824018,True
20,5,6,60,25,0.00355,0,0,0.005,0.025,4768,0,0,0.21644295302013422,True
20,5,7,60,25,0.00355,0,0,0.005,0.025,4708,0,0,0.21962616822429906,True
20,5,8,60,25,0.00355,0,0,0.005,0.025,4644,0,0,0.22071490094745908,True
20,5,9,60,25,0.00355,0,0,0.005,0.025,4593,0,0,0.22229479642934902,True
20,5,10,60,25,0.00355,0,0,0.005,0.025,4546,0,0,0.2234931808183018,True
20,5,11,60,25,0.00355,0,0,0.005,0.025,4479,0,0,0.22705961152042867,True
20,5,12,60,25,0.00355,0,0,0.005,0.025,4419,0,0,0.22765331522968998,True
20,5,13,60,25,0.00355,0,0,0.005,0.025,4360,0,0,0.23027522935779818,True
20,5,14,60,25,0.00355,0,0,0.005,0.025,4301,0,0,0.2334340850964892,True
20,5,15,60,25,0.00355,0,0,0.005,0.025,4232,0,0,0.2339319470699433,True
20,5,16,60,25,0.00355,0,0,0.005,0.025,4166,0,0,0.23643783005280844,True
20,5,17,60,25,0.00355,0,0,0.005,0.025,4102,0,0,0.23744514870794733,True
20,5,18,60,25,0.00355,0,0,0.005,0.025,9118,0,0,0.10747971046282079,True
20,5,19,60,25,0.00355,0,0,0.005,0.025,8971,0,0,0.11013264964886858,True
20,5,20,60,25,0.00355,0,0,0.005,0.025,8784,0,0,0.1130464480874317,True
20,5,21,60,25,0.00355,0,0,0.005,0.025,8601,0,0,0.11545169166376003,True
20,5,22,60,25,0.00355,0,0,0.005,0.025,8394,0,0,0.11889444841553491,True
20,5,23,60,25,0.00355,0,0,0.005,0.025,8198,0,0,0.12271285679434009,True
20,5,24,60,25,0.00355,0,0,0.005,0.025,8053,0,0,0.12603998509872097,True
20,5,25,60,25,0.00355,0,0,0.005,0.025,7870,0,0,0.12922490470139772,True
20,5,26,60,25,0.00355,0,0,0.005,0.025,7683,0,0,0.13171938045034493,True
20,5,27,60,25,0.00355,0,0,0.005,0.025,7511,0,0,0.13566768739182533,True
20,5,28,60,25,0.00355,0,0,0.005,0.025,7329,0,0,0.13944603629417382,True
20,5,29,60,25,0.00355,0,0,0.005,0.025,7156,0,0,0.1428172163219676,True
20,5,30,60,25,0.00355,0,0,0.005,0.025,7005,0,0,0.147180585296217,True
20,5,31,60,25,0.00355,0,0,0.005,0.025,6876,0,0,0.1502326934264107,True
20,5,32,60,25,0.00355,0,0,0.005,0.025,6720,0,0,0.15342261904761906,True
20,5,33,60,25,0.00355,0,0,0.005,0.025,6572,0,0,0.15611685940353012,True
20,5,34,60,25,0.00355,0,0,0.005,0.025,6457,0,0,0.15920706210314386,True
20,5,35,60,25,0.00355,0,0,0.005,0.025,6347,0,0,0.161966283283441,True
20,5,36,60,25,0.00355,0,0,0.005,0.025,6226,0,0,0.16527465467394797,True
20,5,37,60,25,0.00355,0,0,0.005,0.025,6116,0,0,0.16922825376062786,True
20,5,38,60,25,0.00355,0,0,0.005,0.025,6033,0,0,0.17172219459638655,True
20,5,39,60,25,0.00355,0,0,0.005,0.025,5957,0,0,0.174080913211348,True
20,5,40,60,25,0.00355,0,0,0.005,0.025,5868,0,0,0.17774369461486025,True
20,5,41,60,25,0.00355,0,0,0.005,0.025,6487,0,0,0.22599044242330815,True
20,5,42,60,25,0.00355,0,0,0.005,0.025,6464,0,0,0.22911509900990099,True
20,5,43,60,25,0.00355,0,0,0.005,0.025,6437,0,0,0.23271710424110612,True
20,5,44,60,25,0.00355,0,0,0.005,0.025,6415,0,0,0.2367887763055339,True
20,5,45,60,25,0.00355,0,0,0.005,0.025,6349,0,0,0.23232005040163806,True
20,5,46,60,25,0.00355,0,0,0.005,0.025,5927,0,0,0.21174287160452168,True
20,5,47,60,25,0.00355,0,0,0.005,0.025,5784,0,0,0.2072959889349931,True
20,5,48,60,25,0.00355,0,0,0.005,0.025,5707,0,0,0.2081654108988961,True
20,5,49,60,25,0.00355,0,0,0.005,0.025,5618,0,0,0.21075115699537203,True
20,5,50,60,25,0.00355,0,0,0.005,0.025,5551,0,0,0.21059268600252207,True
20,5,51,60,25,0.00355,0,0,0.005,0.025,5490,0,0,0.21621129326047359,True
20,5,52,60,25,0.00355,0,0,0.005,0.025,5433,0,0,0.21829560095711392,True
20,6,1,60,25,0.00355,0,0,0.005,0.025,5361,0,0,0.22029472113411677,True
20,6,2,60,25,0.00355,0,0,0.005,0.025,5302,0,0,0.22444360618634476,True
20,6,3,60,25,0.00355,0,0,0.005,0.025,5248,0,0,0.2265625,True
20,6,4,60,25,0.00355,0,0,0.005,0.025,5181,0,0,0.22833429839799266,True
20,6,5,60,25,0.00355,0,0,0.005,0.025,5131,0,0,0.23250828298577275,True
20,6,6,60,25,0.00355,0,0,0.005,0.025,5050,0,0,0.23485148514851484,True
20,6,7,60,25,0.00355,0,0,0.005,0.025,4977,0,0,0.23688969258589512,True
20,6,8,60,25,0.00355,0,0,0.005,0.025,4915,0,0,0.23865717192268565,True
20,6,9,60,25,0.00355,0,0,0.005,0.025,4861,0,0,0.2404854968113557,True
20,6,10,60,25,0.00355,0,0,0.005,0.025,4809,0,0,0.24370971095861926,True
20,6,11,60,25,0.00355,0,0,0.005,0.025,4765,0,0,0.2465897166841553,True
20,6,12,60,25,0.00355,0,0,0.005,0.025,4704,0,0,0.24851190476190477,True
20,6,13,60,25,0.00355,0,0,0.005,0.025,4639,0,0,0.2496227635266221,True
20,6,14,60,25,0.00355,0,0,0.005,0.025,4578,0,0,0.25229357798165136,True
20,6,15,60,25,0.00355,0,0,0.005,0.025,4527,0,0,0.25270598630439584,True
20,6,16,60,25,0.00355,0,0,0.005,0.025,4472,0,0,0.254695885509839,True
20,6,17,60,25,0.00355,0,0,0.005,0.025,4413,0,0,0.2576478585995921,True
20,6,18,60,25,0.00355,0,0,0.005,0.025,9723,0,0,0.1177620076108197,True
20,6,19,60,25,0.00355,0,0,0.005,0.025,9564,0,0,0.12149728147218737,True
20,6,20,60,25,0.00355,0,0,0.005,0.025,9336,0,0,0.1243573264781491,True
20,6,21,60,25,0.00355,0,0,0.005,0.025,9066,0,0,0.12673726009265388,True
20,6,22,60,25,0.00355,0,0,0.005,0.025,8811,0,0,0.13108614232209737,True
20,6,23,60,25,0.00355,0,0,0.005,0.025,8588,0,0,0.13495575221238937,True
20,6,24,60,25,0.00355,0,0,0.005,0.025,8389,0,0,0.13779949934437954,True
20,6,25,60,25,0.00355,0,0,0.005,0.025,8167,0,0,0.14166768703318233,True
20,6,26,60,25,0.00355,0,0,0.005,0.025,7952,0,0,0.14386317907444668,True
20,6,27,60,25,0.00355,0,0,0.005,0.025,7745,0,0,0.14732085216268562,True
20,6,28,60,25,0.00355,0,0,0.005,0.025,7554,0,0,0.1506486629600212,True
20,6,29,60,25,0.00355,0,0,0.005,0.025,7366,0,0,0.15408634265544394,True
20,6,30,60,25,0.00355,0,0,0.005,0.025,7162,0,0,0.15805640882435074,True
20,6,31,60,25,0.00355,0,0,0.005,0.025,6994,0,0,0.16171003717472118,True
20,6,32,60,25,0.00355,0,0,0.005,0.025,6857,0,0,0.16435759078314133,True
20,6,33,60,25,0.00355,0,0,0.005,0.025,6734,0,0,0.1666171666171666,True
20,6,34,60,25,0.00355,0,0,0.005,0.025,6622,0,0,0.16868015705225006,True
20,6,35,60,25,0.00355,0,0,0.005,0.025,6492,0,0,0.1709796672828096,True
20,6,36,60,25,0.00355,0,0,0.005,0.025,6307,0,0,0.1752021563342318,True
20,6,37,60,25,0.00355,0,0,0.005,0.025,6172,0,0,0.18016850291639663,True
20,6,38,60,25,0.00355,0,0,0.005,0.025,6081,0,0,0.18335800032889327,True
20,6,39,60,25,0.00355,0,0,0.005,0.025,6005,0,0,0.1871773522064946,True
20,6,40,60,25,0.00355,0,0,0.005,0.025,5905,0,0,0.1896697713801863,True
20,6,41,60,25,0.00355,0,0,0.005,0.025,6486,0,0,0.23712611779216775,True
20,6,42,60,25,0.00355,0,0,0.005,0.025,6499,0,0,0.240806277888906,True
20,6,43,60,25,0.00355,0,0,0.005,0.025,6401,0,0,0.2402749570379628,True
20,6,44,60,25,0.00355,0,0,0.005,0.025,6393,0,0,0.2419834193649304,True
20,6,45,60,25,0.00355,0,0,0.005,0.025,6331,0,0,0.24198388880113725,True
20,6,46,60,25,0.00355,0,0,0.005,0.025,5952,0,0,0.21992607526881722,True
20,6,47,60,25,0.00355,0,0,0.005,0.025,5819,0,0,0.21670390101391993,True
20,6,48,60,25,0.00355,0,0,0.005,0.025,5726,0,0,0.2162067761089766,True
20,6,49,60,25,0.00355,0,0,0.005,0.025,5648,0,0,0.21671388101983002,True
20,6,50,60,25,0.00355,0,0,0.005,0.025,5580,0,0,0.21738351254480287,True
20,6,51,60,25,0.00355,0,0,0.005,0.025,5497,0,0,0.21975623067127525,True
20,6,52,60,25,0.00355,0,0,0.005,0.025,5419,0,0,0.22144307067724672,True
20,7,1,60,25,0.00355,0,0,0.005,0.025,5342,0,0,0.22182703107450394,True
20,7,2,60,25,0.00355,0,0,0.005,0.025,5275,0,0,0.22464454976303316,True
20,7,3,60,25,0.00355,0,0,0.005,0.025,5212,0,0,0.227168073676132,True
20,7,4,60,25,0.00355,0,0,0.005,0.025,5149,0,0,0.2289765002913187,True
20,7,5,60,25,0.00355,0,0,0.005,0.025,5074,0,0,0.23098147418210485,True
20,7,6,60,25,0.00355,0,0,0.005,0.025,4993,0,0,0.23352693771279792,True
20,7,7,60,25,0.00355,0,0,0.005,0.025,4929,0,0,0.23676202069385271,True
20,7,8,60,25,0.00355,0,0,0.005,0.025,4858,0,0,0.2377521613832853,True
20,7,9,60,25,0.00355,0,0,0.005,0.025,4788,0,0,0.23955722639933166,True
20,7,10,60,25,0.00355,0,0,0.005,0.025,4721,0,0,0.2410506248676128,True
20,7,11,60,25,0.00355,0,0,0.005,0.025,4676,0,0,0.24315654405474765,True
20,7,12,60,25,0.00355,0,0,0.005,0.025,4608,0,0,0.24609375,True
20,7,13,60,25,0.00355,0,0,0.005,0.025,4562,0,0,0.2476983779044279,True
20,7,14,60,25,0.00355,0,0,0.005,0.025,4503,0,0,0.2493892960248723,True
20,7,15,60,25,0.00355,0,0,0.005,0.025,4444,0,0,0.2509000900090009,True
20,7,16,60,25,0.00355,0,0,0.005,0.025,4385,0,0,0.25290763968072977,True
20,7,17,60,25,0.00355,0,0,0.005,0.025,4329,0,0,0.25594825594825593,True
20,7,18,60,25,0.00355,0,0,0.005,0.025,9829,0,0,0.11293112218943942,True
20,7,19,60,25,0.00355,0,0,0.005,0.025,9630,0,0,0.11557632398753893,True
20,7,20,60,25,0.00355,0,0,0.005,0.025,9399,0,0,0.12001276731567188,True
20,7,21,60,25,0.00355,0,0,0.005,0.025,9192,0,0,0.12369451697127937,True
20,7,22,60,25,0.00355,0,0,0.005,0.025,8984,0,0,0.12678094390026715,True
20,7,23,60,25,0.00355,0,0,0.005,0.025,8761,0,0,0.13012213217669216,True
20,7,24,60,25,0.00355,0,0,0.005,0.025,8549,0,0,0.13486957538893438,True
20,7,25,60,25,0.00355,0,0,0.005,0.025,8376,0,0,0.13896848137535817,True
20,7,26,60,25,0.00355,0,0,0.005,0.025,8196,0,0,0.14226451927769643,True
20,7,27,60,25,0.00355,0,0,0.005,0.025,8017,0,0,0.1454409380067357,True
20,7,28,60,25,0.00355,0,0,0.005,0.025,7838,0,0,0.14837968869609594,True
20,7,29,60,25,0.00355,0,0,0.005,0.025,7620,0,0,0.15183727034120734,True
20,7,30,60,25,0.00355,0,0,0.005,0.025,7414,0,0,0.15578635014836795,True
20,7,31,60,25,0.00355,0,0,0.005,0.025,7251,0,0,0.16025375810233072,True
20,7,32,60,25,0.00355,0,0,0.005,0.025,7117,0,0,0.16341154981031333,True
20,7,33,60,25,0.00355,0,0,0.005,0.025,6947,0,0,0.16640276378292787,True
20,7,34,60,25,0.00355,0,0,0.005,0.025,6795,0,0,0.16938925680647535,True
20,7,35,60,25,0.00355,0,0,0.005,0.025,6657,0,0,0.17199939912873666,True
20,7,36,60,25,0.00355,0,0,0.005,0.025,6514,0,0,0.17516119128031932,True
20,7,37,60,25,0.00355,0,0,0.005,0.025,6334,0,0,0.17856015156299337,True
20,7,38,60,25,0.00355,0,0,0.005,0.025,6241,0,0,0.18138118891203334,True
20,7,39,60,25,0.00355,0,0,0.005,0.025,6139,0,0,0.18423195960254113,True
20,7,40,60,25,0.00355,0,0,0.005,0.025,6059,0,0,0.18715959729328271,True
20,7,41,60,25,0.00355,0,0,0.005,0.025,6611,0,0,0.2335501436998941,True
20,7,42,60,25,0.00355,0,0,0.005,0.025,6596,0,0,0.234990903577926,True
20,7,43,60,25,0.00355,0,0,0.005,0.025,6568,0,0,0.23675395858708892,True
20,7,44,60,25,0.00355,0,0,0.005,0.025,6470,0,0,0.2403400309119011,True
20,7,45,60,25,0.00355,0,0,0.005,0.025,6425,0,0,0.2359533073929961,True
20,7,46,60,25,0.00355,0,0,0.005,0.025,6014,0,0,0.21582973062853342,True
20,7,47,60,25,0.00355,0,0,0.005,0.025,5857,0,0,0.21359057537988732,True
20,7,48,60,25,0.00355,0,0,0.005,0.025,5767,0,0,0.214669672273279,True
20,7,49,60,25,0.00355,0,0,0.005,0.025,5695,0,0,0.21685689201053557,True
20,7,50,60,25,0.00355,0,0,0.005,0.025,5620,0,0,0.21761565836298932,True
20,7,51,60,25,0.00355,0,0,0.005,0.025,5552,0,0,0.22064121037463977,True
20,7,52,60,25,0.00355,0,0,0.005,0.025,5491,0,0,0.22254598433800765,True
20,8,1,60,25,0.00355,0,0,0.005,0.025,5411,0,0,0.22509702457956016,True
20,8,2,60,25,0.00355,0,0,0.005,0.025,5328,0,0,0.22785285285285287,True
20,8,3,60,25,0.00355,0,0,0.005,0.025,5257,0,0,0.23131063344112612,True
20,8,4,60,25,0.00355,0,0,0.005,0.025,5176,0,0,0.23357805255023184,True
20,8,5,60,25,0.00355,0,0,0.005,0.025,5120,0,0,0.2357421875,True
20,8,6,60,25,0.00355,0,0,0.005,0.025,5048,0,0,0.23811410459587956,True
20,8,7,60,25,0.00355,0,0,0.005,0.025,4992,0,0,0.2403846153846154,True
20,8,8,60,25,0.00355,0,0,0.005,0.025,4922,0,0,0.24380333197887039,True
20,8,9,60,25,0.00355,0,0,0.005,0.025,4861,0,0,0.24377700061715696,True
20,8,10,60,25,0.00355,0,0,0.005,0.025,4803,0,0,0.24609618988132417,True
20,8,11,60,25,0.00355,0,0,0.005,0.025,4745,0,0,0.24741833508956795,True
20,8,12,60,25,0.00355,0,0,0.005,0.025,4702,0,0,0.2507443641003828,True
20,8,13,60,25,0.00355,0,0,0.005,0.025,4654,0,0,0.2524709926944564,True
20,8,14,60,25,0.00355,0,0,0.005,0.025,4593,0,0,0.25647724798606575,True
20,8,15,60,25,0.00355,0,0,0.005,0.025,4534,0,0,0.2580502867225408,True
20,8,16,60,25,0.00355,0,0,0.005,0.025,4490,0,0,0.2612472160356347,True
20,8,17,60,25,0.00355,0,0,0.005,0.025,4418,0,0,0.26278859212313266,True
20,8,18,60,25,0.00355,0,0,0.005,0.025,9853,0,0,0.11752765655130418,True
20,8,19,60,25,0.00355,0,0,0.005,0.025,9699,0,0,0.12011547582224971,True
20,8,20,60,25,0.00355,0,0,0.005,0.025,9447,0,0,0.12406054832221869,True
20,8,21,60,25,0.00355,0,0,0.005,0.025,9227,0,0,0.12723528774249485,True
20,8,22,60,25,0.00355,0,0,0.005,0.025,9001,0,0,0.1310965448283524,True
20,8,23,60,25,0.00355,0,0,0.005,0.025,8793,0,0,0.13419765722733992,True
20,8,24,60,25,0.00355,0,0,0.005,0.025,8592,0,0,0.13722067039106145,True
20,8,25,60,25,0.00355,0,0,0.005,0.025,8448,0,0,0.14074337121212122,True
20,8,26,60,25,0.00355,0,0,0.005,0.025,8255,0,0,0.14403391883706845,True
20,8,27,60,25,0.00355,0,0,0.005,0.025,8091,0,0,0.14670621678408108,True
20,8,28,60,25,0.00355,0,0,0.005,0.025,7927,0,0,0.14999369244354738,True
20,8,29,60,25,0.00355,0,0,0.005,0.025,7747,0,0,0.15334968374854782,True
20,8,30,60,25,0.00355,0,0,0.005,0.025,7526,0,0,0.15692266808397556,True
20,8,31,60,25,0.00355,0,0,0.005,0.025,7350,0,0,0.16040816326530613,True
20,8,32,60,25,0.00355,0,0,0.005,0.025,7190,0,0,0.16411682892906815,True
20,8,33,60,25,0.00355,0,0,0.005,0.025,7035,0,0,0.16844349680170576,True
20,8,34,60,25,0.00355,0,0,0.005,0.025,6894,0,0,0.17232375979112272,True
20,8,35,60,25,0.00355,0,0,0.005,0.025,6739,0,0,0.17643567294850868,True
20,8,36,60,25,0.00355,0,0,0.005,0.025,6595,0,0,0.18043972706595907,True
20,8,37,60,25,0.00355,0,0,0.005,0.025,6465,0,0,0.18298530549110595,True
20,8,38,60,25,0.00355,0,0,0.005,0.025,6365,0,0,0.18758837391987432,True
20,8,39,60,25,0.00355,0,0,0.005,0.025,6256,0,0,0.19133631713554988,True
20,8,40,60,25,0.00355,0,0,0.005,0.025,6174,0,0,0.19387755102040816,True
20,8,41,60,25,0.00355,0,0,0.005,0.025,6695,0,0,0.2339058999253174,True
20,8,42,60,25,0.00355,0,0,0.005,0.025,6691,0,0,0.24047227619189956,True
20,8,43,60,25,0.00355,0,0,0.005,0.025,6698,0,0,0.24529710361301882,True
20,8,44,60,25,0.00355,0,0,0.005,0.025,6657,0,0,0.2423013369385609,True
20,8,45,60,25,0.00355,0,0,0.005,0.025,6651,0,0,0.24823334836866637,True
20,8,46,60,25,0.00355,0,0,0.005,0.025,6208,0,0,0.22342139175257733,True
20,8,47,60,25,0.00355,0,0,0.005,0.025,6040,0,0,0.2185430463576159,True
20,8,48,60,25,0.00355,0,0,0.005,0.025,5945,0,0,0.21799831791421362,True
20,8,49,60,25,0.00355,0,0,0.005,0.025,5846,0,0,0.22015053027711257,True
20,8,50,60,25,0.00355,0,0,0.005,0.025,5774,0,0,0.22254935919639765,True
20,8,51,60,25,0.00355,0,0,0.005,0.025,5695,0,0,0.22581211589113256,True
20,8,52,60,25,0.00355,0,0,0.005,0.025,5633,0,0,0.2266998047221729,True
20,9,1,60,25,0.00355,0,0,0.005,0.025,5559,0,0,0.23007735204173413,True
20,9,2,60,25,0.00355,0,0,0.005,0.025,5486,0,0,0.23295661684287278,True
20,9,3,60,25,0.00355,0,0,0.005,0.025,5400,0,0,0.23537037037037037,True
20,9,4,60,25,0.00355,0,0,0.005,0.025,5333,0,0,0.23870241890118132,True
20,9,5,60,25,0.00355,0,0,0.005,0.025,5272,0,0,0.24203338391502277,True
20,9,6,60,25,0.00355,0,0,0.005,0.025,5209,0,0,0.2441927433288539,True
20,9,7,60,25,0.00355,0,0,0.005,0.025,5162,0,0,0.24738473459899263,True
20,9,8,60,25,0.00355,0,0,0.005,0.025,5119,0,0,0.2492674350459074,True
20,9,9,60,25,0.00355,0,0,0.005,0.025,5050,0,0,0.25346534653465347,True
20,9,10,60,25,0.00355,0,0,0.005,0.025,4972,0,0,0.25583266291230894,True
20,9,11,60,25,0.00355,0,0,0.005,0.025,4903,0,0,0.25882112992045686,True
20,9,12,60,25,0.00355,0,0,0.005,0.025,4837,0,0,0.26111225966508167,True
20,9,13,60,25,0.00355,0,0,0.005,0.025,4777,0,0,0.2646012141511409,True
20,9,14,60,25,0.00355,0,0,0.005,0.025,4715,0,0,0.26702014846235417,True
20,9,15,60,25,0.00355,0,0,0.005,0.025,4666,0,0,0.269609944277754,True
20,9,16,60,25,0.00355,0,0,0.005,0.025,4604,0,0,0.2717202432667246,True
20,9,17,60,25,0.00355,0,0,0.005,0.025,4548,0,0,0.2741864555848725,True
20,9,18,60,25,0.00355,0,0,0.005,0.025,9623,0,0,0.11659565624025772,True
20,9,19,60,25,0.00355,0,0,0.005,0.025,9474,0,0,0.11980156217014988,True
20,9,20,60,25,0.00355,0,0,0.005,0.025,9303,0,0,0.12264860797592174,True
20,9,21,60,25,0.00355,0,0,0.005,0.025,9070,0,0,0.12657111356119075,True
20,9,22,60,25,0.00355,0,0,0.005,0.025,8910,0,0,0.12940516273849606,True
20,9,23,60,25,0.00355,0,0,0.005,0.025,8691,0,0,0.1323207916235186,True
20,9,24,60,25,0.00355,0,0,0.005,0.025,8461,0,0,0.13615411889847537,True
20,9,25,60,25,0.00355,0,0,0.005,0.025,8299,0,0,0.13905289793951078,True
20,9,26,60,25,0.00355,0,0,0.005,0.025,8155,0,0,0.14236664622930717,True
20,9,27,60,25,0.00355,0,0,0.005,0.025,7990,0,0,0.1444305381727159,True
20,9,28,60,25,0.00355,0,0,0.005,0.025,7849,0,0,0.14626067014906358,True
20,9,29,60,25,0.00355,0,0,0.005,0.025,7646,0,0,0.14962071671462202,True
20,9,30,60,25,0.00355,0,0,0.005,0.025,7500,0,0,0.15253333333333333,True
20,9,31,60,25,0.00355,0,0,0.005,0.025,7373,0,0,0.15597450155974502,True
20,9,32,60,25,0.00355,0,0,0.005,0.025,7230,0,0,0.1590594744121715,True
20,9,33,60,25,0.00355,0,0,0.005,0.025,7091,0,0,0.1617543364828656,True
20,9,34,60,25,0.00355,0,0,0.005,0.025,6934,0,0,0.1649841361407557,True
20,9,35,60,25,0.00355,0,0,0.005,0.025,6807,0,0,0.167621566034964,True
20,9,36,60,25,0.00355,0,0,0.005,0.025,6646,0,0,0.16942521817634668,True
20,9,37,60,25,0.00355,0,0,0.005,0.025,6521,0,0,0.17512651433829168,True
20,9,38,60,25,0.00355,0,0,0.005,0.025,6432,0,0,0.17708333333333334,True
20,9,39,60,25,0.00355,0,0,0.005,0.025,6337,0,0,0.18100047341013098,True
20,9,40,60,25,0.00355,0,0,0.005,0.025,6249,0,0,0.18386941910705712,True
20,9,41,60,25,0.00355,0,0,0.005,0.025,6829,0,0,0.23034119197539904,True
20,9,42,60,25,0.00355,0,0,0.005,0.025,6811,0,0,0.23564821612098077,True
20,9,43,60,25,0.00355,0,0,0.005,0.025,6831,0,0,0.24271702532572098,True
20,9,44,60,25,0.00355,0,0,0.005,0.025,6725,0,0,0.2407434944237918,True
20,9,45,60,25,0.00355,0,0,0.005,0.025,6656,0,0,0.23768028846153846,True
20,9,46,60,25,0.00355,0,0,0.005,0.025,6213,0,0,0.2161596652180911,True
20,9,47,60,25,0.00355,0,0,0.005,0.025,6050,0,0,0.21272727272727274,True
20,9,48,60,25,0.00355,0,0,0.005,0.025,5954,0,0,0.21346993617735976,True
20,9,49,60,25,0.00355,0,0,0.005,0.025,5849,0,0,0.21029235766797744,True
20,9,50,60,25,0.00355,0,0,0.005,0.025,5785,0,0,0.21313742437337943,True
20,9,51,60,25,0.00355,0,0,0.005,0.025,5717,0,0,0.2140983033059297,True
20,9,52,60,25,0.00355,0,0,0.005,0.025,5632,0,0,0.21519886363636365,True
20,10,1,60,25,0.00355,0,0,0.005,0.025,5563,0,0,0.21642998382167894,True
20,10,2,60,25,0.00355,0,0,0.005,0.025,5500,0,0,0.21854545454545454,True
20,10,3,60,25,0.00355,0,0,0.005,0.025,5413,0,0,0.2207648254202845,True
20,10,4,60,25,0.00355,0,0,0.005,0.025,5329,0,0,0.22218052167386002,True
20,10,5,60,25,0.00355,0,0,0.005,0.025,5252,0,0,0.2242955064737243,True
20,10,6,60,25,0.00355,0,0,0.005,0.025,5172,0,0,0.22621809744779584,True
20,10,7,60,25,0.00355,0,0,0.005,0.025,5098,0,0,0.2287171439780306,True
20,10,8,60,25,0.00355,0,0,0.005,0.025,5035,0,0,0.2317775571002979,True
20,10,9,60,25,0.00355,0,0,0.005,0.025,4976,0,0,0.23553054662379422,True
20,10,10,60,25,0.00355,0,0,0.005,0.025,4924,0,0,0.23842404549147034,True
20,10,11,60,25,0.00355,0,0,0.005,0.025,4868,0,0,0.24116680361544782,True
20,10,12,60,25,0.00355,0,0,0.005,0.025,4808,0,0,0.24396838602329451,True
20,10,13,60,25,0.00355,0,0,0.005,0.025,4750,0,0,0.2463157894736842,True
20,10,14,60,25,0.00355,0,0,0.005,0.025,4696,0,0,0.24701873935264054,True
20,10,15,60,25,0.00355,0,0,0.005,0.025,4652,0,0,0.24849527085124679,True
20,10,16,60,25,0.00355,0,0,0.005,0.025,4596,0,0,0.2506527415143603,True
20,10,17,60,25,0.00355,0,0,0.005,0.025,4555,0,0,0.25466520307354557,True
20,10,18,60,25,0.00355,0,0,0.005,0.025,10025,0,0,0.10962593516209476,True
20,10,19,60,25,0.00355,0,0,0.005,0.025,9849,0,0,0.11270179713676515,True
20,10,20,60,25,0.00355,0,0,0.005,0.025,9642,0,0,0.11626218626840905,True
20,10,21,60,25,0.00355,0,0,0.005,0.025,9421,0,0,0.11973251247213672,True
20,10,22,60,25,0.00355,0,0,0.005,0.025,9173,0,0,0.12373269377520986,True
20,10,23,60,25,0.00355,0,0,0.005,0.025,8957,0,0,0.1261583119347996,True
20,10,24,60,25,0.00355,0,0,0.005,0.025,8759,0,0,0.12969517068158465,True
20,10,25,60,25,0.00355,0,0,0.005,0.025,8584,0,0,0.13408667287977633,True
20,10,26,60,25,0.00355,0,0,0.005,0.025,8421,0,0,0.13668210426315164,True
20,10,27,60,25,0.00355,0,0,0.005,0.025,8248,0,0,0.13930649854510185,True
20,10,28,60,25,0.00355,0,0,0.005,0.025,8064,0,0,0.14322916666666666,True
20,10,29,60,25,0.00355,0,0,0.005,0.025,7912,0,0,0.14648634984833164,True
20,10,30,60,25,0.00355,0,0,0.005,0.025,7760,0,0,0.1497422680412371,True
20,10,31,60,25,0.00355,0,0,0.005,0.025,7607,0,0,0.1527540423294334,True
20,10,32,60,25,0.00355,0,0,0.005,0.025,7460,0,0,0.15536193029490616,True
20,10,33,60,25,0.00355,0,0,0.005,0.025,7322,0,0,0.15897295820813986,True
20,10,34,60,25,0.00355,0,0,0.005,0.025,7161,0,0,0.16282642089093702,True
20,10,35,60,25,0.00355,0,0,0.005,0.025,7034,0,0,0.16477111174296274,True
20,10,36,60,25,0.00355,0,0,0.005,0.025,6892,0,0,0.1684561810795125,True
20,10,37,60,25,0.00355,0,0,0.005,0.025,6764,0,0,0.17253104671791838,True
20,10,38,60,25,0.00355,0,0,0.005,0.025,6682,0,0,0.17569589943130798,True
20,10,39,60,25,0.00355,0,0,0.005,0.025,6606,0,0,0.17771722676354829,True
20,10,40,60,25,0.00355,0,0,0.005,0.025,6516,0,0,0.1803253529772867,True
20,10,41,60,25,0.00355,0,0,0.005,0.025,7138,0,0,0.2244326141776408,True
20,10,42,60,25,0.00355,0,0,0.005,0.025,7176,0,0,0.23355629877369008,True
20,10,43,60,25,0.00355,0,0,0.005,0.025,7081,0,0,0.23301793531987008,True
20,10,44,60,25,0.00355,0,0,0.005,0.025,7040,0,0,0.23636363636363636,True
20,10,45,60,25,0.00355,0,0,0.005,0.025,6978,0,0,0.2351676698194325,True
20,10,46,60,25,0.00355,0,0,0.005,0.025,6520,0,0,0.2151840490797546,True
20,10,47,60,25,0.00355,0,0,0.005,0.025,6349,0,0,0.21137186958576154,True
20,10,48,60,25,0.00355,0,0,0.005,0.025,6222,0,0,0.21054323368691738,True
20,10,49,60,25,0.00355,0,0,0.005,0.025,6117,0,0,0.21137812653261404,True
20,10,50,60,25,0.00355,0,0,0.005,0.025,6037,0,0,0.2126884214013583,True
20,10,51,60,25,0.00355,0,0,0.005,0.025,5953,0,0,0.213001847807828,True
20,10,52,60,25,0.00355,0,0,0.005,0.025,5874,0,0,0.2146748382703439,True
20,11,1,60,25,0.00355,0,0,0.005,0.025,5812,0,0,0.21765313145216794,True
20,11,2,60,25,0.00355,0,0,0.005,0.025,5733,0,0,0.21978021978021978,True
20,11,3,60,25,0.00355,0,0,0.005,0.025,5661,0,0,0.2232821056350468,True
20,11,4,60,25,0.00355,0,0,0.005,0.025,5587,0,0,0.22731340612135315,True
20,11,5,60,25,0.00355,0,0,0.005,0.025,5518,0,0,0.22816237767306996,True
20,11,6,60,25,0.00355,0,0,0.005,0.025,5433,0,0,0.23062764586784465,True
20,11,7,60,25,0.00355,0,0,0.005,0.025,5379,0,0,0.23405837516266964,True
20,11,8,60,25,0.00355,0,0,0.005,0.025,5301,0,0,0.23731371439351065,True
20,11,9,60,25,0.00355,0,0,0.005,0.025,5242,0,0,0.23941243800076306,True
20,11,10,60,25,0.00355,0,0,0.005,0.025,5185,0,0,0.2416586306653809,True
20,11,11,60,25,0.00355,0,0,0.005,0.025,5120,0,0,0.2431640625,True
20,11,12,60,25,0.00355,0,0,0.005,0.025,5062,0,0,0.2459502173054129,True
20,11,13,60,25,0.00355,0,0,0.005,0.025,4980,0,0,0.24799196787148595,True
20,11,14,60,25,0.00355,0,0,0.005,0.025,4916,0,0,0.25040683482506104,True
20,11,15,60,25,0.00355,0,0,0.005,0.025,4859,0,0,0.25437332784523564,True
20,11,16,60,25,0.00355,0,0,0.005,0.025,4800,0,0,0.25583333333333336,True
20,11,17,60,25,0.00355,0,0,0.005,0.025,4745,0,0,0.25964172813487885,True
20,11,18,60,25,0.00355,0,0,0.005,0.025,10395,0,0,0.10986050986050987,True
20,11,19,60,25,0.00355,0,0,0.005,0.025,10186,0,0,0.11260553701158453,True
20,11,20,60,25,0.00355,0,0,0.005,0.025,9990,0,0,0.11601601601601602,True
20,11,21,60,25,0.00355,0,0,0.005,0.025,9772,0,0,0.11942284076954564,True
20,11,22,60,25,0.00355,0,0,0.005,0.025,9565,0,0,0.12211186617877678,True
20,11,23,60,25,0.00355,0,0,0.005,0.025,9381,0,0,0.12408058842340902,True
20,11,24,60,25,0.00355,0,0,0.005,0.025,9172,0,0,0.12778020061055387,True
20,11,25,60,25,0.00355,0,0,0.005,0.025,8969,0,0,0.13044932545434273,True
20,11,26,60,25,0.00355,0,0,0.005,0.025,8770,0,0,0.13340935005701254,True
20,11,27,60,25,0.00355,0,0,0.005,0.025,8552,0,0,0.13751169317118803,True
20,11,28,60,25,0.00355,0,0,0.005,0.025,8372,0,0,0.14082656473960822,True
20,11,29,60,25,0.00355,0,0,0.005,0.025,8184,0,0,0.14516129032258066,True
20,11,30,60,25,0.00355,0,0,0.005,0.025,8055,0,0,0.14959652389819988,True
20,11,31,60,25,0.00355,0,0,0.005,0.025,7910,0,0,0.15284450063211125,True
20,11,32,60,25,0.00355,0,0,0.005,0.025,7781,0,0,0.15730625883562524,True
20,11,33,60,25,0.00355,0,0,0.005,0.025,7642,0,0,0.16121434179534153,True
20,11,34,60,25,0.00355,0,0,0.005,0.025,7509,0,0,0.1642029564522573,True
20,11,35,60,25,0.00355,0,0,0.005,0.025,7367,0,0,0.16709651147006924,True
20,11,36,60,25,0.00355,0,0,0.005,0.025,7214,0,0,0.1700859439977821,True
20,11,37,60,25,0.00355,0,0,0.005,0.025,7067,0,0,0.17334088014716287,True
20,11,38,60,25,0.00355,0,0,0.005,0.025,6967,0,0,0.17453710348787138,True
20,11,39,60,25,0.00355,0,0,0.005,0.025,6876,0,0,0.17742873763816172,True
20,11,40,60,25,0.00355,0,0,0.005,0.025,6777,0,0,0.1800206581083075,True
20,11,41,60,25,0.00355,0,0,0.005,0.025,7434,0,0,0.22733387140166803,True
20,11,42,60,25,0.00355,0,0,0.005,0.025,7423,0,0,0.23359827562979926,True
20,11,43,60,25,0.00355,0,0,0.005,0.025,7345,0,0,0.22954390742001363,True
20,11,44,60,25,0.00355,0,0,0.005,0.025,7306,0,0,0.23473857103750342,True
20,11,45,60,25,0.00355,0,0,0.005,0.025,7236,0,0,0.23742399115533444,True
20,11,46,60,25,0.00355,0,0,0.005,0.025,6758,0,0,0.21100917431192662,True
20,11,47,60,25,0.00355,0,0,0.005,0.025,6591,0,0,0.20740403580640268,True
20,11,48,60,25,0.00355,0,0,0.005,0.025,6489,0,0,0.20634920634920634,True
20,11,49,60,25,0.00355,0,0,0.005,0.025,6395,0,0,0.20797498045347929,True
20,11,50,60,25,0.00355,0,0,0.005,0.025,6294,0,0,0.20877025738798857,True
20,11,51,60,25,0.00355,0,0,0.005,0.025,6195,0,0,0.20855528652138822,True
20,11,52,60,25,0.00355,0,0,0.005,0.025,6108,0,0,0.21185330713817943,True
20,1,1,60,25,0.00669,0,0,0.005,0.025,5412,0,0,0.0011086474501108647,True
20,1,2,60,25,0.00669,0,0,0.005,0.025,5247,0,0,0.002858776443682104,True
20,1,3,60,25,0.00669,0,0,0.005,0.025,5076,0,0,0.004531126871552403,True
20,1,4,60,25,0.00669,0,0,0.005,0.025,4929,0,0,0.006492189085007101,True
20,1,5,60,25,0.00669,0,0,0.005,0.025,4785,0,0,0.00877742946708464,True
20,1,6,60,25,0.00669,0,0,0.005,0.025,4659,0,0,0.01159047005795235,True
20,1,7,60,25,0.00669,0,0,0.005,0.025,4501,0,0,0.014441235281048655,True
20,1,8,60,25,0.00669,0,0,0.005,0.025,4412,0,0,0.016772438803263828,True
20,1,9,60,25,0.00669,0,0,0.005,0.025,4264,0,0,0.017120075046904316,True
20,1,10,60,25,0.00669,0,0,0.005,0.025,4148,0,0,0.019045323047251688,True
20,1,11,60,25,0.00669,0,0,0.005,0.025,4057,0,0,0.020951441952181415,True
20,1,12,60,25,0.00669,0,0,0.005,0.025,3934,0,0,0.02364006100660905,True
20,1,13,60,25,0.00669,0,0,0.005,0.025,3850,0,0,0.025454545454545455,True
20,1,14,60,25,0.00669,0,0,0.005,0.025,3743,0,0,0.027250868287469945,True
20,1,15,60,25,0.00669,0,0,0.005,0.025,3636,0,0,0.029152915291529153,True
20,1,16,60,25,0.00669,0,0,0.005,0.025,3529,0,0,0.03145366959478606,True
20,1,17,60,25,0.00669,0,0,0.005,0.025,3464,0,0,0.03233256351039261,True
20,1,18,60,25,0.00669,0,0,0.005,0.025,10087,0,0,0.012689600475860019,True
20,1,19,60,25,0.00669,0,0,0.005,0.025,9762,0,0,0.014238885474288056,True
20,1,20,60,25,0.00669,0,0,0.005,0.025,9470,0,0,0.016261879619852166,True
20,1,21,60,25,0.00669,0,0,0.005,0.025,9214,0,0,0.01812459301063599,True
20,1,22,60,25,0.00669,0,0,0.005,0.025,8928,0,0,0.021617383512544802,True
20,1,23,60,25,0.00669,0,0,0.005,0.025,8695,0,0,0.02380678550891317,True
20,1,24,60,25,0.00669,0,0,0.005,0.025,8431,0,0,0.02526390700984462,True
20,1,25,60,25,0.00669,0,0,0.005,0.025,8166,0,0,0.027063433749693853,True
20,1,26,60,25,0.00669,0,0,0.005,0.025,7962,0,0,0.030645566440592815,True
20,1,27,60,25,0.00669,0,0,0.005,0.025,7741,0,0,0.03281229815269345,True
20,1,28,60,25,0.00669,0,0,0.005,0.025,7499,0,0,0.03613815175356714,True
20,1,29,60,25,0.00669,0,0,0.005,0.025,7314,0,0,0.038692917692097345,True
20,1,30,60,25,0.00669,0,0,0.005,0.025,7145,0,0,0.04086773967809657,True
20,1,31,60,25,0.00669,0,0,0.005,0.025,6953,0,0,0.04300302027901625,True
20,1,32,60,25,0.00669,0,0,0.005,0.025,6762,0,0,0.04495711328009465,True
20,1,33,60,25,0.00669,0,0,0.005,0.025,6604,0,0,0.047395517867958814,True
20,1,34,60,25,0.00669,0,0,0.005,0.025,6410,0,0,0.048829953198127926,True
20,1,35,60,25,0.00669,0,0,0.005,0.025,6270,0,0,0.050558213716108455,True
20,1,36,60,25,0.00669,0,0,0.005,0.025,6123,0,0,0.0514453699167075,True
20,1,37,60,25,0.00669,0,0,0.005,0.025,6006,0,0,0.053779553779553776,True
20,1,38,60,25,0.00669,0,0,0.005,0.025,5897,0,0,0.057656435475665596,True
20,1,39,60,25,0.00669,0,0,0.005,0.025,5800,0,0,0.060517241379310346,True
20,1,40,60,25,0.00669,0,0,0.005,0.025,5701,0,0,0.06226977723206455,True
20,1,41,60,25,0.00669,0,0,0.005,0.025,6265,0,0,0.1077414205905826,True
20,1,42,60,25,0.00669,0,0,0.005,0.025,6303,0,0,0.11438997302871648,True
20,1,43,60,25,0.00669,0,0,0.005,0.025,6216,0,0,0.11373873873873874,True
20,1,44,60,25,0.00669,0,0,0.005,0.025,6191,0,0,0.11242125666289776,True
20,1,45,60,25,0.00669,0,0,0.005,0.025,6126,0,0,0.1168788769180542,True
20,1,46,60,25,0.00669,0,0,0.005,0.025,5691,0,0,0.09576524336671938,True
20,1,47,60,25,0.00669,0,0,0.005,0.025,5556,0,0,0.09215262778977681,True
20,1,48,60,25,0.00669,0,0,0.005,0.025,5457,0,0,0.09327469305479201,True
20,1,49,60,25,0.00669,0,0,0.005,0.025,5358,0,0,0.0925718551698395,True
20,1,50,60,25,0.00669,0,0,0.005,0.025,5279,0,0,0.09509376775904527,True
20,1,51,60,25,0.00669,0,0,0.005,0.025,5209,0,0,0.09541178729122672,True
20,1,52,60,25,0.00669,0,0,0.005,0.025,5142,0,0,0.09626604434072346,True
20,2,1,60,25,0.00669,0,0,0.005,0.025,5076,0,0,0.09948778565799843,True
20,2,2,60,25,0.00669,0,0,0.005,0.025,5012,0,0,0.1015562649640862,True
20,2,3,60,25,0.00669,0,0,0.005,0.025,4937,0,0,0.10390925663358315,True
20,2,4,60,25,0.00669,0,0,0.005,0.025,4860,0,0,0.10637860082304526,True
20,2,5,60,25,0.00669,0,0,0.005,0.025,4777,0,0,0.10864559346870421,True
20,2,6,60,25,0.00669,0,0,0.005,0.025,4710,0,0,0.1129511677282378,True
20,2,7,60,25,0.00669,0,0,0.005,0.025,4626,0,0,0.1130566364029399,True
20,2,8,60,25,0.00669,0,0,0.005,0.025,4550,0,0,0.11494505494505494,True
20,2,9,60,25,0.00669,0,0,0.005,0.025,4484,0,0,0.11708296164139162,True
20,2,10,60,25,0.00669,0,0,0.005,0.025,4404,0,0,0.11966394187102634,True
20,2,11,60,25,0.00669,0,0,0.005,0.025,4350,0,0,0.12344827586206897,True
20,2,12,60,25,0.00669,0,0,0.005,0.025,4287,0,0,0.1245626312106368,True
20,2,13,60,25,0.00669,0,0,0.005,0.025,4216,0,0,0.12571157495256166,True
20,2,14,60,25,0.00669,0,0,0.005,0.025,4166,0,0,0.1269803168506961,True
20,2,15,60,25,0.00669,0,0,0.005,0.025,4094,0,0,0.12725940400586225,True
20,2,16,60,25,0.00669,0,0,0.005,0.025,4021,0,0,0.12683412086545637,True
20,2,17,60,25,0.00669,0,0,0.005,0.025,3961,0,0,0.12926028780610957,True
20,2,18,60,25,0.00669,0,0,0.005,0.025,7770,0,0,0.06743886743886744,True
20,2,19,60,25,0.00669,0,0,0.005,0.025,7627,0,0,0.07014553559722041,True
20,2,20,60,25,0.00669,0,0,0.005,0.025,7480,0,0,0.07272727272727272,True
20,2,21,60,25,0.00669,0,0,0.005,0.025,7322,0,0,0.07579896203223163,True
20,2,22,60,25,0.00669,0,0,0.005,0.025,7160,0,0,0.07877094972067039,True
20,2,23,60,25,0.00669,0,0,0.005,0.025,7008,0,0,0.08119292237442922,True
20,2,24,60,25,0.00669,0,0,0.005,0.025,6820,0,0,0.08299120234604106,True
20,2,25,60,25,0.00669,0,0,0.005,0.025,6699,0,0,0.08523660247798179,True
20,2,26,60,25,0.00669,0,0,0.005,0.025,6569,0,0,0.08829349977165474,True
20,2,27,60,25,0.00669,0,0,0.005,0.025,6398,0,0,0.08924663957486714,True
20,2,28,60,25,0.00669,0,0,0.005,0.025,6221,0,0,0.09114290307024595,True
20,2,29,60,25,0.00669,0,0,0.005,0.025,6076,0,0,0.09331797235023041,True
20,2,30,60,25,0.00669,0,0,0.005,0.025,5925,0,0,0.09586497890295359,True
20,2,31,60,25,0.00669,0,0,0.005,0.025,5815,0,0,0.09871023215821152,True
20,2,32,60,25,0.00669,0,0,0.005,0.025,5687,0,0,0.10110778969579744,True
20,2,33,60,25,0.00669,0,0,0.005,0.025,5576,0,0,0.10383787661406026,True
20,2,34,60,25,0.00669,0,0,0.005,0.025,5461,0,0,0.10602453763047061,True
20,2,35,60,25,0.00669,0,0,0.005,0.025,5360,0,0,0.1085820895522388,True
20,2,36,60,25,0.00669,0,0,0.005,0.025,5255,0,0,0.11170313986679353,True
20,2,37,60,25,0.00669,0,0,0.005,0.025,5148,0,0,0.11363636363636363,True
20,2,38,60,25,0.00669,0,0,0.005,0.025,5071,0,0,0.11733385919936896,True
20,2,39,60,25,0.00669,0,0,0.005,0.025,4998,0,0,0.11844737895158063,True
20,2,40,60,25,0.00669,0,0,0.005,0.025,4921,0,0,0.12172322698638488,True
20,2,41,60,25,0.00669,0,0,0.005,0.025,5607,0,0,0.19154628143392188,True
20,2,42,60,25,0.00669,0,0,0.005,0.025,5589,0,0,0.19269994632313472,True
20,2,43,60,25,0.00669,0,0,0.005,0.025,5566,0,0,0.1970894717930291,True
20,2,44,60,25,0.00669,0,0,0.005,0.025,5527,0,0,0.1975755382666908,True
20,2,45,60,25,0.00669,0,0,0.005,0.025,5487,0,0,0.1977401129943503,True
20,2,46,60,25,0.00669,0,0,0.005,0.025,4999,0,0,0.16603320664132826,True
20,2,47,60,25,0.00669,0,0,0.005,0.025,4815,0,0,0.15846313603322948,True
20,2,48,60,25,0.00669,0,0,0.005,0.025,4733,0,0,0.1574054510881048,True
20,2,49,60,25,0.00669,0,0,0.005,0.025,4651,0,0,0.15652547839174372,True
20,2,50,60,25,0.00669,0,0,0.005,0.025,4578,0,0,0.15683704674530363,True
20,2,51,60,25,0.00669,0,0,0.005,0.025,4511,0,0,0.15739303923741965,True
20,2,52,60,25,0.00669,0,0,0.005,0.025,4450,0,0,0.15955056179775282,True
20,3,1,60,25,0.00669,0,0,0.005,0.025,4400,0,0,0.16136363636363638,True
20,3,2,60,25,0.00669,0,0,0.005,0.025,4349,0,0,0.16233616923430674,True
20,3,3,60,25,0.00669,0,0,0.005,0.025,4295,0,0,0.16344586728754365,True
20,3,4,60,25,0.00669,0,0,0.005,0.025,4266,0,0,0.16502578527894984,True
20,3,5,60,25,0.00669,0,0,0.005,0.025,4205,0,0,0.166230677764566,True
20,3,6,60,25,0.00669,0,0,0.005,0.025,4167,0,0,0.1677465802735781,True
20,3,7,60,25,0.00669,0,0,0.005,0.025,4120,0,0,0.16966019417475728,True
20,3,8,60,25,0.00669,0,0,0.005,0.025,4081,0,0,0.17201666258270032,True
20,3,9,60,25,0.00669,0,0,0.005,0.025,4044,0,0,0.17260138476755688,True
20,3,10,60,25,0.00669,0,0,0.005,0.025,3997,0,0,0.17413059794846134,True
20,3,11,60,25,0.00669,0,0,0.005,0.025,3951,0,0,0.1776765375854214,True
20,3,12,60,25,0.00669,0,0,0.005,0.025,3888,0,0,0.17772633744855967,True
20,3,13,60,25,0.00669,0,0,0.005,0.025,3852,0,0,0.17938733125649015,True
20,3,14,60,25,0.00669,0,0,0.005,0.025,3803,0,0,0.1801209571391007,True
20,3,15,60,25,0.00669,0,0,0.005,0.025,3749,0,0,0.18138170178714325,True
20,3,16,60,25,0.00669,0,0,0.005,0.025,3698,0,0,0.1836127636560303,True
20,3,17,60,25,0.00669,0,0,0.005,0.025,3660,0,0,0.18524590163934426,True
20,3,18,60,25,0.00669,0,0,0.005,0.025,8376,0,0,0.08285577841451768,True
20,3,19,60,25,0.00669,0,0,0.005,0.025,8205,0,0,0.08592321755027423,True
20,3,20,60,25,0.00669,0,0,0.005,0.025,7969,0,0,0.08846781277450119,True
20,3,21,60,25,0.00669,0,0,0.005,0.025,7791,0,0,0.09113079193941728,True
20,3,22,60,25,0.00669,0,0,0.005,0.025,7607,0,0,0.09504403838569739,True
20,3,23,60,25,0.00669,0,0,0.005,0.025,7390,0,0,0.09688768606224628,True
20,3,24,60,25,0.00669,0,0,0.005,0.025,7203,0,0,0.09940302651672914,True
20,3,25,60,25,0.00669,0,0,0.005,0.025,7066,0,0,0.10260401924709878,True
20,3,26,60,25,0.00669,0,0,0.005,0.025,6877,0,0,0.10513305220299549,True
20,3,27,60,25,0.00669,0,0,0.005,0.025,6746,0,0,0.10984286984879929,True
20,3,28,60,25,0.00669,0,0,0.005,0.025,6577,0,0,0.11296943895393036,True
20,3,29,60,25,0.00669,0,0,0.005,0.025,6417,0,0,0.11391616019947015,True
20,3,30,60,25,0.00669,0,0,0.005,0.025,6253,0,0,0.11562450023988485,True
20,3,31,60,25,0.00669,0,0,0.005,0.025,6113,0,0,0.11745460494029118,True
20,3,32,60,25,0.00669,0,0,0.005,0.025,5979,0,0,0.11925071082120756,True
20,3,33,60,25,0.00669,0,0,0.005,0.025,5823,0,0,0.1226172076249356,True
20,3,34,60,25,0.00669,0,0,0.005,0.025,5706,0,0,0.1244304241149667,True
20,3,35,60,25,0.00669,0,0,0.005,0.025,5605,0,0,0.12702943800178412,True
20,3,36,60,25,0.00669,0,0,0.005,0.025,5490,0,0,0.1284153005464481,True
20,3,37,60,25,0.00669,0,0,0.005,0.025,5383,0,0,0.13171094185398477,True
20,3,38,60,25,0.00669,0,0,0.005,0.025,5295,0,0,0.13465533522190745,True
20,3,39,60,25,0.00669,0,0,0.005,0.025,5204,0,0,0.13739431206764027,True
20,3,40,60,25,0.00669,0,0,0.005,0.025,5121,0,0,0.13962116774067565,True
20,3,41,60,25,0.00669,0,0,0.005,0.025,5879,0,0,0.20683789760163293,True
20,3,42,60,25,0.00669,0,0,0.005,0.025,5932,0,0,0.2140930546190155,True
20,3,43,60,25,0.00669,0,0,0.005,0.025,5906,0,0,0.2219776498476126,True
20,3,44,60,25,0.00669,0,0,0.005,0.025,5861,0,0,0.2175396689984644,True
20,3,45,60,25,0.00669,0,0,0.005,0.025,5782,0,0,0.21774472500864753,True
20,3,46,60,25,0.00669,0,0,0.005,0.025,5273,0,0,0.1856628105442822,True
20,3,47,60,25,0.00669,0,0,0.005,0.025,5102,0,0,0.17973343786750293,True
20,3,48,60,25,0.00669,0,0,0.005,0.025,4996,0,0,0.17914331465172137,True
20,3,49,60,25,0.00669,0,0,0.005,0.025,4909,0,0,0.18007740884090445,True
20,3,50,60,25,0.00669,0,0,0.005,0.025,4835,0,0,0.1809720785935884,True
20,3,51,60,25,0.00669,0,0,0.005,0.025,4781,0,0,0.18322526668061076,True
20,3,52,60,25,0.00669,0,0,0.005,0.025,4698,0,0,0.1836951894423159,True
20,4,1,60,25,0.00669,0,0,0.005,0.025,4634,0,0,0.1845058264997842,True
20,4,2,60,25,0.00669,0,0,0.005,0.025,4567,0,0,0.1865557258594263,True
20,4,3,60,25,0.00669,0,0,0.005,0.025,4522,0,0,0.18951791242812915,True
20,4,4,60,25,0.00669,0,0,0.005,0.025,4464,0,0,0.1922043010752688,True
20,4,5,60,25,0.00669,0,0,0.005,0.025,4406,0,0,0.19246482069904675,True
20,4,6,60,25,0.00669,0,0,0.005,0.025,4335,0,0,0.19238754325259516,True
20,4,7,60,25,0.00669,0,0,0.005,0.025,4281,0,0,0.19621583742116327,True
20,4,8,60,25,0.00669,0,0,0.005,0.025,4223,0,0,0.19772673454889889,True
20,4,9,60,25,0.00669,0,0,0.005,0.025,4176,0,0,0.19899425287356323,True
20,4,10,60,25,0.00669,0,0,0.005,0.025,4110,0,0,0.20072992700729927,True
20,4,11,60,25,0.00669,0,0,0.005,0.025,4062,0,0,0.20236336779911374,True
20,4,12,60,25,0.00669,0,0,0.005,0.025,4000,0,0,0.20575,True
20,4,13,60,25,0.00669,0,0,0.005,0.025,3950,0,0,0.20658227848101265,True
20,4,14,60,25,0.00669,0,0,0.005,0.025,3903,0,0,0.20906994619523445,True
20,4,15,60,25,0.00669,0,0,0.005,0.025,3858,0,0,0.20943494038361846,True
20,4,16,60,25,0.00669,0,0,0.005,0.025,3799,0,0,0.20926559620952884,True
20,4,17,60,25,0.00669,0,0,0.005,0.025,3736,0,0,0.21199143468950749,True
20,4,18,60,25,0.00669,0,0,0.005,0.025,8339,0,0,0.09545509053843386,True
20,4,19,60,25,0.00669,0,0,0.005,0.025,8155,0,0,0.09809932556713673,True
20,4,20,60,25,0.00669,0,0,0.005,0.025,8024,0,0,0.101321036889332,True
20,4,21,60,25,0.00669,0,0,0.005,0.025,7828,0,0,0.10398569238630558,True
20,4,22,60,25,0.00669,0,0,0.005,0.025,7683,0,0,0.10724977222439151,True
20,4,23,60,25,0.00669,0,0,0.005,0.025,7471,0,0,0.11082853700977112,True
20,4,24,60,25,0.00669,0,0,0.005,0.025,7306,0,0,0.11456337257049001,True
20,4,25,60,25,0.00669,0,0,0.005,0.025,7132,0,0,0.1169377453729669,True
20,4,26,60,25,0.00669,0,0,0.005,0.025,6987,0,0,0.1196507800200372,True
20,4,27,60,25,0.00669,0,0,0.005,0.025,6829,0,0,0.12373700395372675,True
20,4,28,60,25,0.00669,0,0,0.005,0.025,6639,0,0,0.1250188281367676,True
20,4,29,60,25,0.00669,0,0,0.005,0.025,6449,0,0,0.1276166847573267,True
20,4,30,60,25,0.00669,0,0,0.005,0.025,6283,0,0,0.12939678497533025,True
20,4,31,60,25,0.00669,0,0,0.005,0.025,6140,0,0,0.13257328990228012,True
20,4,32,60,25,0.00669,0,0,0.005,0.025,5988,0,0,0.1342685370741483,True
20,4,33,60,25,0.00669,0,0,0.005,0.025,5823,0,0,0.13601236476043277,True
20,4,34,60,25,0.00669,0,0,0.005,0.025,5670,0,0,0.1400352733686067,True
20,4,35,60,25,0.00669,0,0,0.005,0.025,5520,0,0,0.14293478260869566,True
20,4,36,60,25,0.00669,0,0,0.005,0.025,5386,0,0,0.14630523579650948,True
20,4,37,60,25,0.00669,0,0,0.005,0.025,5297,0,0,0.1472531621672645,True
20,4,38,60,25,0.00669,0,0,0.005,0.025,5202,0,0,0.14840445982314496,True
20,4,39,60,25,0.00669,0,0,0.005,0.025,5127,0,0,0.148819972693583,True
20,4,40,60,25,0.00669,0,0,0.005,0.025,5063,0,0,0.15089867667390874,True
20,4,41,60,25,0.00669,0,0,0.005,0.025,5817,0,0,0.22004469657899262,True
20,4,42,60,25,0.00669,0,0,0.005,0.025,5824,0,0,0.2245879120879121,True
20,4,43,60,25,0.00669,0,0,0.005,0.025,5775,0,0,0.22995670995670997,True
20,4,44,60,25,0.00669,0,0,0.005,0.025,5747,0,0,0.23072907603967288,True
20,4,45,60,25,0.00669,0,0,0.005,0.025,5644,0,0,0.2248405386250886,True
20,4,46,60,25,0.00669,0,0,0.005,0.025,5154,0,0,0.19402405898331393,True
20,4,47,60,25,0.00669,0,0,0.005,0.025,4971,0,0,0.18788976061154697,True
20,4,48,60,25,0.00669,0,0,0.005,0.025,4861,0,0,0.18699855996708495,True
20,4,49,60,25,0.00669,0,0,0.005,0.025,4791,0,0,0.18743477353370905,True
20,4,50,60,25,0.00669,0,0,0.005,0.025,4715,0,0,0.18939554612937434,True
20,4,51,60,25,0.00669,0,0,0.005,0.025,4653,0,0,0.19084461637653127,True
20,4,52,60,25,0.00669,0,0,0.005,0.025,4582,0,0,0.19161938018332605,True
20,5,1,60,25,0.00669,0,0,0.005,0.025,4517,0,0,0.19504095638698252,True
20,5,2,60,25,0.00669,0,0,0.005,0.025,4461,0,0,0.19816184711947993,True
20,5,3,60,25,0.00669,0,0,0.005,0.025,4397,0,0,0.19831703434159653,True
20,5,4,60,25,0.00669,0,0,0.005,0.025,4343,0,0,0.20101312456827078,True
20,5,5,60,25,0.00669,0,0,0.005,0.025,4290,0,0,0.2034965034965035,True
20,5,6,60,25,0.00669,0,0,0.005,0.025,4250,0,0,0.2056470588235294,True
20,5,7,60,25,0.00669,0,0,0.005,0.025,4188,0,0,0.2079751671442216,True
20,5,8,60,25,0.00669,0,0,0.005,0.025,4133,0,0,0.21001693684974596,True
20,5,9,60,25,0.00669,0,0,0.005,0.025,4077,0,0,0.2102035810645082,True
20,5,10,60,25,0.00669,0,0,0.005,0.025,4023,0,0,0.21128511061396968,True
20,5,11,60,25,0.00669,0,0,0.005,0.025,3966,0,0,0.21306101865859808,True
20,5,12,60,25,0.00669,0,0,0.005,0.025,3922,0,0,0.21545130035696072,True
20,5,13,60,25,0.00669,0,0,0.005,0.025,3857,0,0,0.21571169302566762,True
20,5,14,60,25,0.00669,0,0,0.005,0.025,3810,0,0,0.21968503937007874,True
20,5,15,60,25,0.00669,0,0,0.005,0.025,3758,0,0,0.2211282597126131,True
20,5,16,60,25,0.00669,0,0,0.005,0.025,3714,0,0,0.22347872913301023,True
20,5,17,60,25,0.00669,0,0,0.005,0.025,3657,0,0,0.2242275088870659,True
20,5,18,60,25,0.00669,0,0,0.005,0.025,8052,0,0,0.10307998012916046,True
20,5,19,60,25,0.00669,0,0,0.005,0.025,7883,0,0,0.10643156158822784,True
20,5,20,60,25,0.00669,0,0,0.005,0.025,7688,0,0,0.10965140478668055,True
20,5,21,60,25,0.00669,0,0,0.005,0.025,7491,0,0,0.11293552262715258,True
20,5,22,60,25,0.00669,0,0,0.005,0.025,7318,0,0,0.11478546050833562,True
20,5,23,60,25,0.00669,0,0,0.005,0.025,7148,0,0,0.1176552881925014,True
20,5,24,60,25,0.00669,0,0,0.005,0.025,7008,0,0,0.12143264840182648,True
20,5,25,60,25,0.00669,0,0,0.005,0.025,6831,0,0,0.12428634167764603,True
20,5,26,60,25,0.00669,0,0,0.005,0.025,6665,0,0,0.12708177044261065,True
20,5,27,60,25,0.00669,0,0,0.005,0.025,6513,0,0,0.1294334408106863,True
20,5,28,60,25,0.00669,0,0,0.005,0.025,6346,0,0,0.13205168610148124,True
20,5,29,60,25,0.00669,0,0,0.005,0.025,6209,0,0,0.13528748590755355,True
20,5,30,60,25,0.00669,0,0,0.005,0.025,6038,0,0,0.13862206028486254,True
20,5,31,60,25,0.00669,0,0,0.005,0.025,5894,0,0,0.14285714285714285,True
20,5,32,60,25,0.00669,0,0,0.005,0.025,5760,0,0,0.14548611111111112,True
20,5,33,60,25,0.00669,0,0,0.005,0.025,5628,0,0,0.1476545842217484,True
20,5,34,60,25,0.00669,0,0,0.005,0.025,5492,0,0,0.15040058266569556,True
20,5,35,60,25,0.00669,0,0,0.005,0.025,5347,0,0,0.15447914718533756,True
20,5,36,60,25,0.00669,0,0,0.005,0.025,5225,0,0,0.15904306220095693,True
20,5,37,60,25,0.00669,0,0,0.005,0.025,5105,0,0,0.16297747306562194,True
20,5,38,60,25,0.00669,0,0,0.005,0.025,5009,0,0,0.16390497105210622,True
20,5,39,60,25,0.00669,0,0,0.005,0.025,4919,0,0,0.16649725553974384,True
20,5,40,60,25,0.00669,0,0,0.005,0.025,4855,0,0,0.16848609680741503,True
20,5,41,60,25,0.00669,0,0,0.005,0.025,5637,0,0,0.2391342912896931,True
20,5,42,60,25,0.00669,0,0,0.005,0.025,5668,0,0,0.2424135497529993,True
20,5,43,60,25,0.00669,0,0,0.005,0.025,5626,0,0,0.24600071098471382,True
20,5,44,60,25,0.00669,0,0,0.005,0.025,5605,0,0,0.24656556645851918,True
20,5,45,60,25,0.00669,0,0,0.005,0.025,5530,0,0,0.2524412296564195,True
20,5,46,60,25,0.00669,0,0,0.005,0.025,5044,0,0,0.21887390959555908,True
20,5,47,60,25,0.00669,0,0,0.005,0.025,4854,0,0,0.20951792336217553,True
20,5,48,60,25,0.00669,0,0,0.005,0.025,4732,0,0,0.20519864750633982,True
20,5,49,60,25,0.00669,0,0,0.005,0.025,4610,0,0,0.20455531453362255,True
20,5,50,60,25,0.00669,0,0,0.005,0.025,4539,0,0,0.20665344789601234,True
20,5,51,60,25,0.00669,0,0,0.005,0.025,4479,0,0,0.2067425764679616,True
20,5,52,60,25,0.00669,0,0,0.005,0.025,4406,0,0,0.2085792101679528,True
20,6,1,60,25,0.00669,0,0,0.005,0.025,4352,0,0,0.20955882352941177,True
20,6,2,60,25,0.00669,0,0,0.005,0.025,4291,0,0,0.21090654859007224,True
20,6,3,60,25,0.00669,0,0,0.005,0.025,4231,0,0,0.212242968565351,True
20,6,4,60,25,0.00669,0,0,0.005,0.025,4195,0,0,0.2164481525625745,True
20,6,5,60,25,0.00669,0,0,0.005,0.025,4142,0,0,0.21583775953645581,True
20,6,6,60,25,0.00669,0,0,0.005,0.025,4098,0,0,0.21791117618350414,True
20,6,7,60,25,0.00669,0,0,0.005,0.025,4054,0,0,0.21978293043907252,True
20,6,8,60,25,0.00669,0,0,0.005,0.025,3975,0,0,0.22364779874213836,True
20,6,9,60,25,0.00669,0,0,0.005,0.025,3919,0,0,0.22607808114314876,True
20,6,10,60,25,0.00669,0,0,0.005,0.025,3853,0,0,0.2270957695302362,True
20,6,11,60,25,0.00669,0,0,0.005,0.025,3794,0,0,0.22772799156562995,True
20,6,12,60,25,0.00669,0,0,0.005,0.025,3747,0,0,0.22898318654923938,True
20,6,13,60,25,0.00669,0,0,0.005,0.025,3692,0,0,0.22941495124593717,True
20,6,14,60,25,0.00669,0,0,0.005,0.025,3653,0,0,0.23076923076923078,True
20,6,15,60,25,0.00669,0,0,0.005,0.025,3600,0,0,0.23305555555555554,True
20,6,16,60,25,0.00669,0,0,0.005,0.025,3549,0,0,0.2361228515074669,True
20,6,17,60,25,0.00669,0,0,0.005,0.025,3506,0,0,0.23930405019965773,True
20,6,18,60,25,0.00669,0,0,0.005,0.025,7950,0,0,0.10566037735849057,True
20,6,19,60,25,0.00669,0,0,0.005,0.025,7793,0,0,0.10817400230976518,True
20,6,20,60,25,0.00669,0,0,0.005,0.025,7599,0,0,0.1130411896302145,True
20,6,21,60,25,0.00669,0,0,0.005,0.025,7438,0,0,0.11602581339069643,True
20,6,22,60,25,0.00669,0,0,0.005,0.025,7241,0,0,0.11959674078166,True
20,6,23,60,25,0.00669,0,0,0.005,0.025,7014,0,0,0.12218420302252637,True
20,6,24,60,25,0.00669,0,0,0.005,0.025,6772,0,0,0.12625516834022446,True
20,6,25,60,25,0.00669,0,0,0.005,0.025,6640,0,0,0.12936746987951808,True
20,6,26,60,25,0.00669,0,0,0.005,0.025,6506,0,0,0.13295419612665232,True
20,6,27,60,25,0.00669,0,0,0.005,0.025,6329,0,0,0.1360404487280771,True
20,6,28,60,25,0.00669,0,0,0.005,0.025,6157,0,0,0.13951599805099887,True
20,6,29,60,25,0.00669,0,0,0.005,0.025,5998,0,0,0.14121373791263755,True
20,6,30,60,25,0.00669,0,0,0.005,0.025,5788,0,0,0.14599170697995853,True
20,6,31,60,25,0.00669,0,0,0.005,0.025,5661,0,0,0.14856032503091327,True
20,6,32,60,25,0.00669,0,0,0.005,0.025,5533,0,0,0.152720043376107,True
20,6,33,60,25,0.00669,0,0,0.005,0.025,5411,0,0,0.15486970985030493,True
20,6,34,60,25,0.00669,0,0,0.005,0.025,5253,0,0,0.15819531696173614,True
20,6,35,60,25,0.00669,0,0,0.005,0.025,5105,0,0,0.1616062683643487,True
20,6,36,60,25,0.00669,0,0,0.005,0.025,5011,0,0,0.16543604071043705,True
20,6,37,60,25,0.00669,0,0,0.005,0.025,4895,0,0,0.16833503575076608,True
20,6,38,60,25,0.00669,0,0,0.005,0.025,4817,0,0,0.1716836205106913,True
20,6,39,60,25,0.00669,0,0,0.005,0.025,4746,0,0,0.17256637168141592,True
20,6,40,60,25,0.00669,0,0,0.005,0.025,4682,0,0,0.17620674925245622,True
20,6,41,60,25,0.00669,0,0,0.005,0.025,5460,0,0,0.2456043956043956,True
20,6,42,60,25,0.00669,0,0,0.005,0.025,5536,0,0,0.25072254335260113,True
20,6,43,60,25,0.00669,0,0,0.005,0.025,5475,0,0,0.2515068493150685,True
20,6,44,60,25,0.00669,0,0,0.005,0.025,5450,0,0,0.25394495412844037,True
20,6,45,60,25,0.00669,0,0,0.005,0.025,5379,0,0,0.2559955382041272,True
20,6,46,60,25,0.00669,0,0,0.005,0.025,4844,0,0,0.22192402972749795,True
20,6,47,60,25,0.00669,0,0,0.005,0.025,4658,0,0,0.21425504508372692,True
20,6,48,60,25,0.00669,0,0,0.005,0.025,4553,0,0,0.21282670766527564,True
20,6,49,60,25,0.00669,0,0,0.005,0.025,4433,0,0,0.20911346717798332,True
20,6,50,60,25,0.00669,0,0,0.005,0.025,4371,0,0,0.2088766872569206,True
20,6,51,60,25,0.00669,0,0,0.005,0.025,4304,0,0,0.20910780669144982,True
20,6,52,60,25,0.00669,0,0,0.005,0.025,4225,0,0,0.21136094674556213,True
20,7,1,60,25,0.00669,0,0,0.005,0.025,4178,0,0,0.21397797989468645,True
20,7,2,60,25,0.00669,0,0,0.005,0.025,4144,0,0,0.21766409266409267,True
20,7,3,60,25,0.00669,0,0,0.005,0.025,4091,0,0,0.21755072109508677,True
20,7,4,60,25,0.00669,0,0,0.005,0.025,4026,0,0,0.22056631892697467,True
20,7,5,60,25,0.00669,0,0,0.005,0.025,3982,0,0,0.22350577599196383,True
20,7,6,60,25,0.00669,0,0,0.005,0.025,3926,0,0,0.2272032603158431,True
20,7,7,60,25,0.00669,0,0,0.005,0.025,3878,0,0,0.22898401237751417,True
20,7,8,60,25,0.00669,0,0,0.005,0.025,3829,0,0,0.23060851397231652,True
20,7,9,60,25,0.00669,0,0,0.005,0.025,3790,0,0,0.23430079155672823,True
20,7,10,60,25,0.00669,0,0,0.005,0.025,3756,0,0,0.23588924387646432,True
20,7,11,60,25,0.00669,0,0,0.005,0.025,3703,0,0,0.23629489603024575,True
20,7,12,60,25,0.00669,0,0,0.005,0.025,3657,0,0,0.23981405523653268,True
20,7,13,60,25,0.00669,0,0,0.005,0.025,3606,0,0,0.2418191902384914,True
20,7,14,60,25,0.00669,0,0,0.005,0.025,3550,0,0,0.24394366197183098,True
20,7,15,60,25,0.00669,0,0,0.005,0.025,3515,0,0,0.2460881934566145,True
20,7,16,60,25,0.00669,0,0,0.005,0.025,3475,0,0,0.2489208633093525,True
20,7,17,60,25,0.00669,0,0,0.005,0.025,3418,0,0,0.251316559391457,True
20,7,18,60,25,0.00669,0,0,0.005,0.025,7741,0,0,0.11238858028678465,True
20,7,19,60,25,0.00669,0,0,0.005,0.025,7556,0,0,0.1144785600847009,True
20,7,20,60,25,0.00669,0,0,0.005,0.025,7381,0,0,0.11759924129521745,True
20,7,21,60,25,0.00669,0,0,0.005,0.025,7198,0,0,0.12100583495415393,True
20,7,22,60,25,0.00669,0,0,0.005,0.025,7054,0,0,0.1236178055004253,True
20,7,23,60,25,0.00669,0,0,0.005,0.025,6909,0,0,0.12823852945433492,True
20,7,24,60,25,0.00669,0,0,0.005,0.025,6750,0,0,0.132,True
20,7,25,60,25,0.00669,0,0,0.005,0.025,6613,0,0,0.13609556933313172,True
20,7,26,60,25,0.00669,0,0,0.005,0.025,6455,0,0,0.13756777691711852,True
20,7,27,60,25,0.00669,0,0,0.005,0.025,6311,0,0,0.14213278402788782,True
20,7,28,60,25,0.00669,0,0,0.005,0.025,6147,0,0,0.14543679843826257,True
20,7,29,60,25,0.00669,0,0,0.005,0.025,5992,0,0,0.1491989319092123,True
20,7,30,60,25,0.00669,0,0,0.005,0.025,5835,0,0,0.1532133676092545,True
20,7,31,60,25,0.00669,0,0,0.005,0.025,5677,0,0,0.15536374845869297,True
20,7,32,60,25,0.00669,0,0,0.005,0.025,5528,0,0,0.16009406657018813,True
20,7,33,60,25,0.00669,0,0,0.005,0.025,5420,0,0,0.16420664206642066,True
20,7,34,60,25,0.00669,0,0,0.005,0.025,5302,0,0,0.16578649566201434,True
20,7,35,60,25,0.00669,0,0,0.005,0.025,5164,0,0,0.168861347792409,True
20,7,36,60,25,0.00669,0,0,0.005,0.025,5042,0,0,0.17036890122967077,True
20,7,37,60,25,0.00669,0,0,0.005,0.025,4937,0,0,0.17216933360340286,True
20,7,38,60,25,0.00669,0,0,0.005,0.025,4843,0,0,0.17385917819533347,True
20,7,39,60,25,0.00669,0,0,0.005,0.025,4782,0,0,0.17628607277289837,True
20,7,40,60,25,0.00669,0,0,0.005,0.025,4723,0,0,0.17764132966334956,True
20,7,41,60,25,0.00669,0,0,0.005,0.025,5574,0,0,0.24973089343379978,True
20,7,42,60,25,0.00669,0,0,0.005,0.025,5595,0,0,0.2546916890080429,True
20,7,43,60,25,0.00669,0,0,0.005,0.025,5628,0,0,0.261727078891258,True
20,7,44,60,25,0.00669,0,0,0.005,0.025,5528,0,0,0.262301013024602,True
20,7,45,60,25,0.00669,0,0,0.005,0.025,5561,0,0,0.2702751303722352,True
20,7,46,60,25,0.00669,0,0,0.005,0.025,4952,0,0,0.2275848142164782,True
20,7,47,60,25,0.00669,0,0,0.005,0.025,4759,0,0,0.2189535616726203,True
20,7,48,60,25,0.00669,0,0,0.005,0.025,4659,0,0,0.21614080274737069,True
20,7,49,60,25,0.00669,0,0,0.005,0.025,4557,0,0,0.2139565503620803,True
20,7,50,60,25,0.00669,0,0,0.005,0.025,4484,0,0,0.21654772524531668,True
20,7,51,60,25,0.00669,0,0,0.005,0.025,4404,0,0,0.21707538601271573,True
20,7,52,60,25,0.00669,0,0,0.005,0.025,4323,0,0,0.2181355540134166,True
20,8,1,60,25,0.00669,0,0,0.005,0.025,4278,0,0,0.21949509116409538,True
20,8,2,60,25,0.00669,0,0,0.005,0.025,4206,0,0,0.2215882073228721,True
20,8,3,60,25,0.00669,0,0,0.005,0.025,4141,0,0,0.22289302100941802,True
20,8,4,60,25,0.00669,0,0,0.005,0.025,4098,0,0,0.22620790629575402,True
20,8,5,60,25,0.00669,0,0,0.005,0.025,4044,0,0,0.22799208704253215,True
20,8,6,60,25,0.00669,0,0,0.005,0.025,4008,0,0,0.22979041916167664,True
20,8,7,60,25,0.00669,0,0,0.005,0.025,3956,0,0,0.23179979777553084,True
20,8,8,60,25,0.00669,0,0,0.005,0.025,3898,0,0,0.23678809645972293,True
20,8,9,60,25,0.00669,0,0,0.005,0.025,3845,0,0,0.23615084525357607,True
20,8,10,60,25,0.00669,0,0,0.005,0.025,3809,0,0,0.24074560252034655,True
20,8,11,60,25,0.00669,0,0,0.005,0.025,3752,0,0,0.24173773987206823,True
20,8,12,60,25,0.00669,0,0,0.005,0.025,3728,0,0,0.2446351931330472,True
20,8,13,60,25,0.00669,0,0,0.005,0.025,3671,0,0,0.24652683192590574,True
20,8,14,60,25,0.00669,0,0,0.005,0.025,3612,0,0,0.24750830564784054,True
20,8,15,60,25,0.00669,0,0,0.005,0.025,3569,0,0,0.24908938077892967,True
20,8,16,60,25,0.00669,0,0,0.005,0.025,3517,0,0,0.24907591697469433,True
20,8,17,60,25,0.00669,0,0,0.005,0.025,3485,0,0,0.2527977044476327,True
20,8,18,60,25,0.00669,0,0,0.005,0.025,7720,0,0,0.11450777202072539,True
20,8,19,60,25,0.00669,0,0,0.005,0.025,7575,0,0,0.11775577557755776,True
20,8,20,60,25,0.00669,0,0,0.005,0.025,7388,0,0,0.12100703844071467,True
20,8,21,60,25,0.00669,0,0,0.005,0.025,7225,0,0,0.12442906574394463,True
20,8,22,60,25,0.00669,0,0,0.005,0.025,7052,0,0,0.12790697674418605,True
20,8,23,60,25,0.00669,0,0,0.005,0.025,6910,0,0,0.13140376266280754,True
20,8,24,60,25,0.00669,0,0,0.005,0.025,6745,0,0,0.13387694588584137,True
20,8,25,60,25,0.00669,0,0,0.005,0.025,6592,0,0,0.13683252427184467,True
20,8,26,60,25,0.00669,0,0,0.005,0.025,6440,0,0,0.14021739130434782,True
20,8,27,60,25,0.00669,0,0,0.005,0.025,6315,0,0,0.14410134600158353,True
20,8,28,60,25,0.00669,0,0,0.005,0.025,6184,0,0,0.1473156532988357,True
20,8,29,60,25,0.00669,0,0,0.005,0.025,6039,0,0,0.15035601920847821,True
20,8,30,60,25,0.00669,0,0,0.005,0.025,5918,0,0,0.15275430888813787,True
20,8,31,60,25,0.00669,0,0,0.005,0.025,5819,0,0,0.15552500429627084,True
20,8,32,60,25,0.00669,0,0,0.005,0.025,5704,0,0,0.15813464235624122,True
20,8,33,60,25,0.00669,0,0,0.005,0.025,5579,0,0,0.1609607456533429,True
20,8,34,60,25,0.00669,0,0,0.005,0.025,5463,0,0,0.1638293977667948,True
20,8,35,60,25,0.00669,0,0,0.005,0.025,5352,0,0,0.16666666666666666,True
20,8,36,60,25,0.00669,0,0,0.005,0.025,5244,0,0,0.17067124332570557,True
20,8,37,60,25,0.00669,0,0,0.005,0.025,5115,0,0,0.17204301075268819,True
20,8,38,60,25,0.00669,0,0,0.005,0.025,5044,0,0,0.17386994448850118,True
20,8,39,60,25,0.00669,0,0,0.005,0.025,4973,0,0,0.17675447416046652,True
20,8,40,60,25,0.00669,0,0,0.005,0.025,4908,0,0,0.1790953545232274,True
20,8,41,60,25,0.00669,0,0,0.005,0.025,5828,0,0,0.2548043925875086,True
20,8,42,60,25,0.00669,0,0,0.005,0.025,5825,0,0,0.2575107296137339,True
20,8,43,60,25,0.00669,0,0,0.005,0.025,5785,0,0,0.2636127917026793,True
20,8,44,60,25,0.00669,0,0,0.005,0.025,5694,0,0,0.2667720407446435,True
20,8,45,60,25,0.00669,0,0,0.005,0.025,5669,0,0,0.26248015523019935,True
20,8,46,60,25,0.00669,0,0,0.005,0.025,5079,0,0,0.22721008072455207,True
20,8,47,60,25,0.00669,0,0,0.005,0.025,4886,0,0,0.21899304134261155,True
20,8,48,60,25,0.00669,0,0,0.005,0.025,4782,0,0,0.2179004600585529,True
20,8,49,60,25,0.00669,0,0,0.005,0.025,4698,0,0,0.21711366538952745,True
20,8,50,60,25,0.00669,0,0,0.005,0.025,4621,0,0,0.2183510062756979,True
20,8,51,60,25,0.00669,0,0,0.005,0.025,4561,0,0,0.22122341591756195,True
20,8,52,60,25,0.00669,0,0,0.005,0.025,4482,0,0,0.22244533690316823,True
20,9,1,60,25,0.00669,0,0,0.005,0.025,4429,0,0,0.22623617069315874,True
20,9,2,60,25,0.00669,0,0,0.005,0.025,4371,0,0,0.22786547700754975,True
20,9,3,60,25,0.00669,0,0,0.005,0.025,4308,0,0,0.22934076137418755,True
20,9,4,60,25,0.00669,0,0,0.005,0.025,4252,0,0,0.23142050799623706,True
20,9,5,60,25,0.00669,0,0,0.005,0.025,4218,0,0,0.2321005215742058,True
20,9,6,60,25,0.00669,0,0,0.005,0.025,4168,0,0,0.23440499040307103,True
20,9,7,60,25,0.00669,0,0,0.005,0.025,4122,0,0,0.23508005822416303,True
20,9,8,60,25,0.00669,0,0,0.005,0.025,4074,0,0,0.23711340206185566,True
20,9,9,60,25,0.00669,0,0,0.005,0.025,4036,0,0,0.23909811694747274,True
20,9,10,60,25,0.00669,0,0,0.005,0.025,3977,0,0,0.24038219763640936,True
20,9,11,60,25,0.00669,0,0,0.005,0.025,3918,0,0,0.242215416028586,True
20,9,12,60,25,0.00669,0,0,0.005,0.025,3846,0,0,0.2436297451898076,True
20,9,13,60,25,0.00669,0,0,0.005,0.025,3793,0,0,0.24624307935670972,True
20,9,14,60,25,0.00669,0,0,0.005,0.025,3751,0,0,0.24713409757398028,True
20,9,15,60,25,0.00669,0,0,0.005,0.025,3696,0,0,0.24945887445887446,True
20,9,16,60,25,0.00669,0,0,0.005,0.025,3669,0,0,0.2526573998364677,True
20,9,17,60,25,0.00669,0,0,0.005,0.025,3621,0,0,0.2535211267605634,True
20,9,18,60,25,0.00669,0,0,0.005,0.025,7740,0,0,0.1078811369509044,True
20,9,19,60,25,0.00669,0,0,0.005,0.025,7621,0,0,0.11022175567510825,True
20,9,20,60,25,0.00669,0,0,0.005,0.025,7453,0,0,0.1145847309808131,True
20,9,21,60,25,0.00669,0,0,0.005,0.025,7292,0,0,0.11807460230389467,True
20,9,22,60,25,0.00669,0,0,0.005,0.025,7137,0,0,0.12063892391761244,True
20,9,23,60,25,0.00669,0,0,0.005,0.025,6992,0,0,0.12342677345537757,True
20,9,24,60,25,0.00669,0,0,0.005,0.025,6826,0,0,0.12584236741869323,True
20,9,25,60,25,0.00669,0,0,0.005,0.025,6634,0,0,0.12782634911064214,True
20,9,26,60,25,0.00669,0,0,0.005,0.025,6489,0,0,0.13083680073971335,True
20,9,27,60,25,0.00669,0,0,0.005,0.025,6357,0,0,0.1333962560956426,True
20,9,28,60,25,0.00669,0,0,0.005,0.025,6217,0,0,0.1360784944506997,True
20,9,29,60,25,0.00669,0,0,0.005,0.025,6107,0,0,0.13803831668577043,True
20,9,30,60,25,0.00669,0,0,0.005,0.025,5951,0,0,0.13930431860191564,True
20,9,31,60,25,0.00669,0,0,0.005,0.025,5803,0,0,0.14251249353782527,True
20,9,32,60,25,0.00669,0,0,0.005,0.025,5659,0,0,0.1449019261353596,True
20,9,33,60,25,0.00669,0,0,0.005,0.025,5562,0,0,0.14868752247393024,True
20,9,34,60,25,0.00669,0,0,0.005,0.025,5461,0,0,0.15125434902032595,True
20,9,35,60,25,0.00669,0,0,0.005,0.025,5351,0,0,0.15529807512614466,True
20,9,36,60,25,0.00669,0,0,0.005,0.025,5234,0,0,0.16029805120366833,True
20,9,37,60,25,0.00669,0,0,0.005,0.025,5133,0,0,0.16403662575491915,True
20,9,38,60,25,0.00669,0,0,0.005,0.025,5056,0,0,0.16791930379746836,True
20,9,39,60,25,0.00669,0,0,0.005,0.025,4970,0,0,0.17062374245472836,True
20,9,40,60,25,0.00669,0,0,0.005,0.025,4903,0,0,0.17152763614113808,True
20,9,41,60,25,0.00669,0,0,0.005,0.025,5737,0,0,0.24873627331357853,True
20,9,42,60,25,0.00669,0,0,0.005,0.025,5780,0,0,0.25017301038062284,True
20,9,43,60,25,0.00669,0,0,0.005,0.025,5777,0,0,0.25843863597022676,True
20,9,44,60,25,0.00669,0,0,0.005,0.025,5717,0,0,0.2616757040405807,True
20,9,45,60,25,0.00669,0,0,0.005,0.025,5661,0,0,0.26161455573220277,True
20,9,46,60,25,0.00669,0,0,0.005,0.025,5074,0,0,0.22093023255813954,True
20,9,47,60,25,0.00669,0,0,0.005,0.025,4884,0,0,0.2106879606879607,True
20,9,48,60,25,0.00669,0,0,0.005,0.025,4775,0,0,0.2069109947643979,True
20,9,49,60,25,0.00669,0,0,0.005,0.025,4679,0,0,0.20581320795041674,True
20,9,50,60,25,0.00669,0,0,0.005,0.025,4599,0,0,0.20591432920200042,True
20,9,51,60,25,0.00669,0,0,0.005,0.025,4545,0,0,0.20836083608360836,True
20,9,52,60,25,0.00669,0,0,0.005,0.025,4505,0,0,0.21043285238623752,True
20,10,1,60,25,0.00669,0,0,0.005,0.025,4443,0,0,0.2117938329957236,True
20,10,2,60,25,0.00669,0,0,0.005,0.025,4374,0,0,0.21193415637860083,True
20,10,3,60,25,0.00669,0,0,0.005,0.025,4317,0,0,0.21450081074820476,True
20,10,4,60,25,0.00669,0,0,0.005,0.025,4247,0,0,0.21732987991523428,True
20,10,5,60,25,0.00669,0,0,0.005,0.025,4202,0,0,0.21941932413136603,True
20,10,6,60,25,0.00669,0,0,0.005,0.025,4156,0,0,0.22305101058710297,True
20,10,7,60,25,0.00669,0,0,0.005,0.025,4113,0,0,0.22538293216630198,True
20,10,8,60,25,0.00669,0,0,0.005,0.025,4046,0,0,0.22763222936233315,True
20,10,9,60,25,0.00669,0,0,0.005,0.025,3990,0,0,0.22957393483709274,True
20,10,10,60,25,0.00669,0,0,0.005,0.025,3949,0,0,0.2317042289187136,True
20,10,11,60,25,0.00669,0,0,0.005,0.025,3907,0,0,0.23265932940875353,True
20,10,12,60,25,0.00669,0,0,0.005,0.025,3847,0,0,0.2347283597608526,True
20,10,13,60,25,0.00669,0,0,0.005,0.025,3794,0,0,0.23774380600948866,True
20,10,14,60,25,0.00669,0,0,0.005,0.025,3758,0,0,0.24188398084087281,True
20,10,15,60,25,0.00669,0,0,0.005,0.025,3716,0,0,0.2432723358449946,True
20,10,16,60,25,0.00669,0,0,0.005,0.025,3680,0,0,0.24619565217391304,True
20,10,17,60,25,0.00669,0,0,0.005,0.025,3640,0,0,0.24835164835164836,True
20,10,18,60,25,0.00669,0,0,0.005,0.025,8021,0,0,0.10709387856875702,True
20,10,19,60,25,0.00669,0,0,0.005,0.025,7839,0,0,0.10996300548539355,True
20,10,20,60,25,0.00669,0,0,0.005,0.025,7658,0,0,0.11282319143379473,True
20,10,21,60,25,0.00669,0,0,0.005,0.025,7478,0,0,0.11527146295801016,True
20,10,22,60,25,0.00669,0,0,0.005,0.025,7342,0,0,0.1182239171887769,True
20,10,23,60,25,0.00669,0,0,0.005,0.025,7210,0,0,0.12066574202496533,True
20,10,24,60,25,0.00669,0,0,0.005,0.025,7043,0,0,0.12409484594632969,True
20,10,25,60,25,0.00669,0,0,0.005,0.025,6897,0,0,0.12744671596346238,True
20,10,26,60,25,0.00669,0,0,0.005,0.025,6725,0,0,0.1304089219330855,True
20,10,27,60,25,0.00669,0,0,0.005,0.025,6613,0,0,0.13307122334795102,True
20,10,28,60,25,0.00669,0,0,0.005,0.025,6460,0,0,0.13591331269349846,True
20,10,29,60,25,0.00669,0,0,0.005,0.025,6328,0,0,0.1390644753476612,True
20,10,30,60,25,0.00669,0,0,0.005,0.025,6200,0,0,0.1414516129032258,True
20,10,31,60,25,0.00669,0,0,0.005,0.025,6072,0,0,0.14410408432147562,True
20,10,32,60,25,0.00669,0,0,0.005,0.025,5920,0,0,0.14864864864864866,True
20,10,33,60,25,0.00669,0,0,0.005,0.025,5807,0,0,0.15102462545204065,True
20,10,34,60,25,0.00669,0,0,0.005,0.025,5689,0,0,0.15433292318509403,True
20,10,35,60,25,0.00669,0,0,0.005,0.025,5587,0,0,0.15876141041703956,True
20,10,36,60,25,0.00669,0,0,0.005,0.025,5497,0,0,0.161906494451519,True
20,10,37,60,25,0.00669,0,0,0.005,0.025,5400,0,0,0.16555555555555557,True
20,10,38,60,25,0.00669,0,0,0.005,0.025,5340,0,0,0.16797752808988764,True
20,10,39,60,25,0.00669,0,0,0.005,0.025,5260,0,0,0.1703422053231939,True
20,10,40,60,25,0.00669,0,0,0.005,0.025,5186,0,0,0.17354415734670267,True
20,10,41,60,25,0.00669,0,0,0.005,0.025,6147,0,0,0.24743777452415813,True
20,10,42,60,25,0.00669,0,0,0.005,0.025,6218,0,0,0.2619813444837568,True
20,10,43,60,25,0.00669,0,0,0.005,0.025,6141,0,0,0.25793844650708353,True
20,10,44,60,25,0.00669,0,0,0.005,0.025,6114,0,0,0.2618580307491004,True
20,10,45,60,25,0.00669,0,0,0.005,0.025,6038,0,0,0.259523020867837,True
20,10,46,60,25,0.00669,0,0,0.005,0.025,5391,0,0,0.21999629011315155,True
20,10,47,60,25,0.00669,0,0,0.005,0.025,5206,0,0,0.2134076066077603,True
20,10,48,60,25,0.00669,0,0,0.005,0.025,5078,0,0,0.2128790862544309,True
20,10,49,60,25,0.00669,0,0,0.005,0.025,4962,0,0,0.21221281741233375,True
20,10,50,60,25,0.00669,0,0,0.005,0.025,4891,0,0,0.21324882437129422,True
20,10,51,60,25,0.00669,0,0,0.005,0.025,4805,0,0,0.2149843912591051,True
20,10,52,60,25,0.00669,0,0,0.005,0.025,4737,0,0,0.21785940468651044,True
20,11,1,60,25,0.00669,0,0,0.005,0.025,4681,0,0,0.21918393505661182,True
20,11,2,60,25,0.00669,0,0,0.005,0.025,4613,0,0,0.22133102102753088,True
20,11,3,60,25,0.00669,0,0,0.005,0.025,4562,0,0,0.2251205611573871,True
20,11,4,60,25,0.00669,0,0,0.005,0.025,4482,0,0,0.22958500669344042,True
20,11,5,60,25,0.00669,0,0,0.005,0.025,4423,0,0,0.23106488808501016,True
20,11,6,60,25,0.00669,0,0,0.005,0.025,4369,0,0,0.23254749370565347,True
20,11,7,60,25,0.00669,0,0,0.005,0.025,4309,0,0,0.23369691343699234,True
20,11,8,60,25,0.00669,0,0,0.005,0.025,4260,0,0,0.23732394366197182,True
20,11,9,60,25,0.00669,0,0,0.005,0.025,4216,0,0,0.2407495256166983,True
20,11,10,60,25,0.00669,0,0,0.005,0.025,4184,0,0,0.24354684512428298,True
20,11,11,60,25,0.00669,0,0,0.005,0.025,4115,0,0,0.2456865127582017,True
20,11,12,60,25,0.00669,0,0,0.005,0.025,4055,0,0,0.2471023427866831,True
20,11,13,60,25,0.00669,0,0,0.005,0.025,4012,0,0,0.24900299102691925,True
20,11,14,60,25,0.00669,0,0,0.005,0.025,3968,0,0,0.25151209677419356,True
20,11,15,60,25,0.00669,0,0,0.005,0.025,3930,0,0,0.2513994910941476,True
20,11,16,60,25,0.00669,0,0,0.005,0.025,3883,0,0,0.2539273757404069,True
20,11,17,60,25,0.00669,0,0,0.005,0.025,3840,0,0,0.2565104166666667,True
20,11,18,60,25,0.00669,0,0,0.005,0.025,8476,0,0,0.10854176498348278,True
20,11,19,60,25,0.00669,0,0,0.005,0.025,8338,0,0,0.11165747181578316,True
20,11,20,60,25,0.00669,0,0,0.005,0.025,8145,0,0,0.11479435236341314,True
20,11,21,60,25,0.00669,0,0,0.005,0.025,7993,0,0,0.11810334042287002,True
20,11,22,60,25,0.00669,0,0,0.005,0.025,7823,0,0,0.12079764796114023,True
20,11,23,60,25,0.00669,0,0,0.005,0.025,7677,0,0,0.12452781034258174,True
20,11,24,60,25,0.00669,0,0,0.005,0.025,7486,0,0,0.12890729361474754,True
20,11,25,60,25,0.00669,0,0,0.005,0.025,7327,0,0,0.13115872799235703,True
20,11,26,60,25,0.00669,0,0,0.005,0.025,7148,0,0,0.13374370453273643,True
20,11,27,60,25,0.00669,0,0,0.005,0.025,7026,0,0,0.136777682892115,True
20,11,28,60,25,0.00669,0,0,0.005,0.025,6860,0,0,0.14110787172011663,True
20,11,29,60,25,0.00669,0,0,0.005,0.025,6702,0,0,0.14458370635631154,True
20,11,30,60,25,0.00669,0,0,0.005,0.025,6548,0,0,0.14660965180207697,True
20,11,31,60,25,0.00669,0,0,0.005,0.025,6368,0,0,0.14934045226130654,True
20,11,32,60,25,0.00669,0,0,0.005,0.025,6273,0,0,0.15303682448589193,True
20,11,33,60,25,0.00669,0,0,0.005,0.025,6112,0,0,0.1537958115183246,True
20,11,34,60,25,0.00669,0,0,0.005,0.025,5996,0,0,0.15593729152768512,True
20,11,35,60,25,0.00669,0,0,0.005,0.025,5885,0,0,0.16040781648258284,True
20,11,36,60,25,0.00669,0,0,0.005,0.025,5755,0,0,0.16420503909643788,True
20,11,37,60,25,0.00669,0,0,0.005,0.025,5662,0,0,0.17043447545037088,True
20,11,38,60,25,0.00669,0,0,0.005,0.025,5585,0,0,0.17332139659803045,True
20,11,39,60,25,0.00669,0,0,0.005,0.025,5497,0,0,0.17736947425868654,True
20,11,40,60,25,0.00669,0,0,0.005,0.025,5440,0,0,0.18033088235294117,True
20,11,41,60,25,0.00669,0,0,0.005,0.025,6387,0,0,0.2525442304681384,True
20,11,42,60,25,0.00669,0,0,0.005,0.025,6393,0,0,0.2565305803222274,True
20,11,43,60,25,0.00669,0,0,0.005,0.025,6363,0,0,0.26324060977526326,True
20,11,44,60,25,0.00669,0,0,0.005,0.025,6314,0,0,0.2646499841621793,True
20,11,45,60,25,0.00669,0,0,0.005,0.025,6245,0,0,0.26132906325060046,True
20,11,46,60,25,0.00669,0,0,0.005,0.025,5598,0,0,0.22293676312968919,True
20,11,47,60,25,0.00669,0,0,0.005,0.025,5396,0,0,0.21942179392142327,True
20,11,48,60,25,0.00669,0,0,0.005,0.025,5273,0,0,0.215247487198938,True
20,11,49,60,25,0.00669,0,0,0.005,0.025,5180,0,0,0.21698841698841698,True
20,11,50,60,25,0.00669,0,0,0.005,0.025,5075,0,0,0.21753694581280789,True
20,11,51,60,25,0.00669,0,0,0.005,0.025,5010,0,0,0.21996007984031937,True
20,11,52,60,25,0.00669,0,0,0.005,0.025,4949,0,0,0.2218630026267933,True
20,1,1,60,25,0.0126,0,0,0.005,0.025,5321,0,0,0.003194888178913738,True
20,1,2,60,25,0.0126,0,0,0.005,0.025,5216,0,0,0.004984662576687116,True
20,1,3,60,25,0.0126,0,0,0.005,0.025,5112,0,0,0.007629107981220657,True
20,1,4,60,25,0.0126,0,0,0.005,0.025,5022,0,0,0.009557945041816009,True
20,1,5,60,25,0.0126,0,0,0.005,0.025,4954,0,0,0.011707710940654016,True
20,1,6,60,25,0.0126,0,0,0.005,0.025,4878,0,0,0.012915129151291513,True
20,1,7,60,25,0.0126,0,0,0.005,0.025,4821,0,0,0.01472723501348268,True
20,1,8,60,25,0.0126,0,0,0.005,0.025,4736,0,0,0.01731418918918919,True
20,1,9,60,25,0.0126,0,0,0.005,0.025,4685,0,0,0.020704375667022414,True
20,1,10,60,25,0.0126,0,0,0.005,0.025,4643,0,0,0.022399310790437218,True
20,1,11,60,25,0.0126,0,0,0.005,0.025,4577,0,0,0.02490714441774088,True
20,1,12,60,25,0.0126,0,0,0.005,0.025,4512,0,0,0.025930851063829786,True
20,1,13,60,25,0.0126,0,0,0.005,0.025,4471,0,0,0.026615969581749048,True
20,1,14,60,25,0.0126,0,0,0.005,0.025,4413,0,0,0.029231815091774305,True
20,1,15,60,25,0.0126,0,0,0.005,0.025,4373,0,0,0.03132860736336611,True
20,1,16,60,25,0.0126,0,0,0.005,0.025,4334,0,0,0.03299492385786802,True
20,1,17,60,25,0.0126,0,0,0.005,0.025,4298,0,0,0.036063285248953005,True
20,1,18,60,25,0.0126,0,0,0.005,0.025,12377,0,0,0.014704694190837845,True
20,1,19,60,25,0.0126,0,0,0.005,0.025,12055,0,0,0.01683948569058482,True
20,1,20,60,25,0.0126,0,0,0.005,0.025,11742,0,0,0.019161982626469086,True
20,1,21,60,25,0.0126,0,0,0.005,0.025,11408,0,0,0.02191444600280505,True
20,1,22,60,25,0.0126,0,0,0.005,0.025,11126,0,0,0.024087722451914435,True
20,1,23,60,25,0.0126,0,0,0.005,0.025,10824,0,0,0.025776053215077605,True
20,1,24,60,25,0.0126,0,0,0.005,0.025,10523,0,0,0.02774874085336881,True
20,1,25,60,25,0.0126,0,0,0.005,0.025,10234,0,0,0.030291186241938637,True
20,1,26,60,25,0.0126,0,0,0.005,0.025,9987,0,0,0.03204165415039551,True
20,1,27,60,25,0.0126,0,0,0.005,0.025,9701,0,0,0.03463560457684775,True
20,1,28,60,25,0.0126,0,0,0.005,0.025,9450,0,0,0.03756613756613757,True
20,1,29,60,25,0.0126,0,0,0.005,0.025,9229,0,0,0.040307725647415756,True
20,1,30,60,25,0.0126,0,0,0.005,0.025,9033,0,0,0.04195726779585963,True
20,1,31,60,25,0.0126,0,0,0.005,0.025,8819,0,0,0.04490305023245266,True
20,1,32,60,25,0.0126,0,0,0.005,0.025,8631,0,0,0.04657629475147723,True
20,1,33,60,25,0.0126,0,0,0.005,0.025,8452,0,0,0.048627543776620916,True
20,1,34,60,25,0.0126,0,0,0.005,0.025,8236,0,0,0.05014570179698883,True
20,1,35,60,25,0.0126,0,0,0.005,0.025,8038,0,0,0.05324707638716099,True
20,1,36,60,25,0.0126,0,0,0.005,0.025,7866,0,0,0.05568268497330282,True
20,1,37,60,25,0.0126,0,0,0.005,0.025,7676,0,0,0.05706096925482022,True
20,1,38,60,25,0.0126,0,0,0.005,0.025,7550,0,0,0.05947019867549669,True
20,1,39,60,25,0.0126,0,0,0.005,0.025,7411,0,0,0.061260288759951424,True
20,1,40,60,25,0.0126,0,0,0.005,0.025,7300,0,0,0.06342465753424657,True
20,1,41,60,25,0.0126,0,0,0.005,0.025,7530,0,0,0.08565737051792828,True
20,1,42,60,25,0.0126,0,0,0.005,0.025,7406,0,0,0.09033216311099108,True
20,1,43,60,25,0.0126,0,0,0.005,0.025,7311,0,0,0.09492545479414581,True
20,1,44,60,25,0.0126,0,0,0.005,0.025,7206,0,0,0.09492089925062448,True
20,1,45,60,25,0.0126,0,0,0.005,0.025,7104,0,0,0.10233671171171171,True
20,1,46,60,25,0.0126,0,0,0.005,0.025,6773,0,0,0.09242580835671046,True
20,1,47,60,25,0.0126,0,0,0.005,0.025,6664,0,0,0.09303721488595439,True
20,1,48,60,25,0.0126,0,0,0.005,0.025,6569,0,0,0.0949916273405389,True
20,1,49,60,25,0.0126,0,0,0.005,0.025,6474,0,0,0.09777571825764597,True
20,1,50,60,25,0.0126,0,0,0.005,0.025,6388,0,0,0.10003130870381967,True
20,1,51,60,25,0.0126,0,0,0.005,0.025,6284,0,0,0.10168682367918523,True
20,1,52,60,25,0.0126,0,0,0.005,0.025,6187,0,0,0.10166478099240343,True
20,2,1,60,25,0.0126,0,0,0.005,0.025,6099,0,0,0.10509919658960486,True
20,2,2,60,25,0.0126,0,0,0.005,0.025,5980,0,0,0.10618729096989966,True
20,2,3,60,25,0.0126,0,0,0.005,0.025,5897,0,0,0.10954722740376463,True
20,2,4,60,25,0.0126,0,0,0.005,0.025,5801,0,0,0.11101534218238235,True
20,2,5,60,25,0.0126,0,0,0.005,0.025,5715,0,0,0.11338582677165354,True
20,2,6,60,25,0.0126,0,0,0.005,0.025,5629,0,0,0.11547344110854503,True
20,2,7,60,25,0.0126,0,0,0.005,0.025,5535,0,0,0.11743450767841011,True
20,2,8,60,25,0.0126,0,0,0.005,0.025,5470,0,0,0.11974405850091407,True
20,2,9,60,25,0.0126,0,0,0.005,0.025,5394,0,0,0.12124582869855395,True
20,2,10,60,25,0.0126,0,0,0.005,0.025,5316,0,0,0.12302483069977427,True
20,2,11,60,25,0.0126,0,0,0.005,0.025,5233,0,0,0.12631377794763998,True
20,2,12,60,25,0.0126,0,0,0.005,0.025,5158,0,0,0.12795657231485072,True
20,2,13,60,25,0.0126,0,0,0.005,0.025,5068,0,0,0.12884767166535122,True
20,2,14,60,25,0.0126,0,0,0.005,0.025,4995,0,0,0.12952952952952954,True
20,2,15,60,25,0.0126,0,0,0.005,0.025,4942,0,0,0.13172804532577903,True
20,2,16,60,25,0.0126,0,0,0.005,0.025,4868,0,0,0.13331963845521774,True
20,2,17,60,25,0.0126,0,0,0.005,0.025,4792,0,0,0.13668614357262104,True
20,2,18,60,25,0.0126,0,0,0.005,0.025,9913,0,0,0.06698274992434178,True
20,2,19,60,25,0.0126,0,0,0.005,0.025,9709,0,0,0.06859614790400659,True
20,2,20,60,25,0.0126,0,0,0.005,0.025,9462,0,0,0.07049249630099345,True
20,2,21,60,25,0.0126,0,0,0.005,0.025,9231,0,0,0.07366482504604052,True
20,2,22,60,25,0.0126,0,0,0.005,0.025,9033,0,0,0.07638658253072068,True
20,2,23,60,25,0.0126,0,0,0.005,0.025,8810,0,0,0.07922814982973893,True
20,2,24,60,25,0.0126,0,0,0.005,0.025,8626,0,0,0.08149779735682819,True
20,2,25,60,25,0.0126,0,0,0.005,0.025,8432,0,0,0.08479601518026565,True
20,2,26,60,25,0.0126,0,0,0.005,0.025,8280,0,0,0.08768115942028985,True
20,2,27,60,25,0.0126,0,0,0.005,0.025,8059,0,0,0.09033378831120487,True
20,2,28,60,25,0.0126,0,0,0.005,0.025,7905,0,0,0.09297912713472485,True
20,2,29,60,25,0.0126,0,0,0.005,0.025,7708,0,0,0.09548521017125065,True
20,2,30,60,25,0.0126,0,0,0.005,0.025,7544,0,0,0.0982237539766702,True
20,2,31,60,25,0.0126,0,0,0.005,0.025,7386,0,0,0.10032493907392363,True
20,2,32,60,25,0.0126,0,0,0.005,0.025,7209,0,0,0.10320432792342905,True
20,2,33,60,25,0.0126,0,0,0.005,0.025,7072,0,0,0.10633484162895927,True
20,2,34,60,25,0.0126,0,0,0.005,0.025,6905,0,0,0.10919623461259957,True
20,2,35,60,25,0.0126,0,0,0.005,0.025,6767,0,0,0.11230973843653022,True
20,2,36,60,25,0.0126,0,0,0.005,0.025,6635,0,0,0.11635267520723436,True
20,2,37,60,25,0.0126,0,0,0.005,0.025,6497,0,0,0.11820840387871326,True
20,2,38,60,25,0.0126,0,0,0.005,0.025,6410,0,0,0.12106084243369734,True
20,2,39,60,25,0.0126,0,0,0.005,0.025,6298,0,0,0.12337249920609718,True
20,2,40,60,25,0.0126,0,0,0.005,0.025,6216,0,0,0.12483912483912483,True
20,2,41,60,25,0.0126,0,0,0.005,0.025,6570,0,0,0.16331811263318113,True
20,2,42,60,25,0.0126,0,0,0.005,0.025,6479,0,0,0.16653804599475228,True
20,2,43,60,25,0.0126,0,0,0.005,0.025,6442,0,0,0.17572182552002483,True
20,2,44,60,25,0.0126,0,0,0.005,0.025,6407,0,0,0.17949118152021226,True
20,2,45,60,25,0.0126,0,0,0.005,0.025,6318,0,0,0.18043684710351376,True
20,2,46,60,25,0.0126,0,0,0.005,0.025,5971,0,0,0.1669737062468598,True
20,2,47,60,25,0.0126,0,0,0.005,0.025,5895,0,0,0.16963528413910092,True
20,2,48,60,25,0.0126,0,0,0.005,0.025,5826,0,0,0.17147270854788876,True
20,2,49,60,25,0.0126,0,0,0.005,0.025,5764,0,0,0.17262317834836918,True
20,2,50,60,25,0.0126,0,0,0.005,0.025,5721,0,0,0.17531900017479463,True
20,2,51,60,25,0.0126,0,0,0.005,0.025,5657,0,0,0.1773024571327559,True
20,2,52,60,25,0.0126,0,0,0.005,0.025,5610,0,0,0.17932263814616756,True
20,3,1,60,25,0.0126,0,0,0.005,0.025,5560,0,0,0.18201438848920864,True
20,3,2,60,25,0.0126,0,0,0.005,0.025,5498,0,0,0.1842488177519098,True
20,3,3,60,25,0.0126,0,0,0.005,0.025,5442,0,0,0.18669606762219773,True
20,3,4,60,25,0.0126,0,0,0.005,0.025,5368,0,0,0.18833830104321908,True
20,3,5,60,25,0.0126,0,0,0.005,0.025,5303,0,0,0.1925325287573072,True
20,3,6,60,25,0.0126,0,0,0.005,0.025,5272,0,0,0.19366464339908954,True
20,3,7,60,25,0.0126,0,0,0.005,0.025,5210,0,0,0.19539347408829175,True
20,3,8,60,25,0.0126,0,0,0.005,0.025,5137,0,0,0.1964181428849523,True
20,3,9,60,25,0.0126,0,0,0.005,0.025,5075,0,0,0.19960591133004926,True
20,3,10,60,25,0.0126,0,0,0.005,0.025,5004,0,0,0.20083932853717026,True
20,3,11,60,25,0.0126,0,0,0.005,0.025,4944,0,0,0.20408576051779936,True
20,3,12,60,25,0.0126,0,0,0.005,0.025,4865,0,0,0.205344295991778,True
20,3,13,60,25,0.0126,0,0,0.005,0.025,4805,0,0,0.2077003121748179,True
20,3,14,60,25,0.0126,0,0,0.005,0.025,4760,0,0,0.2088235294117647,True
20,3,15,60,25,0.0126,0,0,0.005,0.025,4715,0,0,0.21230116648992578,True
20,3,16,60,25,0.0126,0,0,0.005,0.025,4653,0,0,0.21405544809800128,True
20,3,17,60,25,0.0126,0,0,0.005,0.025,4600,0,0,0.21608695652173912,True
20,3,18,60,25,0.0126,0,0,0.005,0.025,10432,0,0,0.0964340490797546,True
20,3,19,60,25,0.0126,0,0,0.005,0.025,10242,0,0,0.09998047256395236,True
20,3,20,60,25,0.0126,0,0,0.005,0.025,9987,0,0,0.10343446480424552,True
20,3,21,60,25,0.0126,0,0,0.005,0.025,9742,0,0,0.10624101827140217,True
20,3,22,60,25,0.0126,0,0,0.005,0.025,9513,0,0,0.10890360559234731,True
20,3,23,60,25,0.0126,0,0,0.005,0.025,9299,0,0,0.11205505968383697,True
20,3,24,60,25,0.0126,0,0,0.005,0.025,9092,0,0,0.11537615486141663,True
20,3,25,60,25,0.0126,0,0,0.005,0.025,8867,0,0,0.1194316003157776,True
20,3,26,60,25,0.0126,0,0,0.005,0.025,8651,0,0,0.12287596809617385,True
20,3,27,60,25,0.0126,0,0,0.005,0.025,8450,0,0,0.12650887573964498,True
20,3,28,60,25,0.0126,0,0,0.005,0.025,8273,0,0,0.12994077118336758,True
20,3,29,60,25,0.0126,0,0,0.005,0.025,8094,0,0,0.13207314059797381,True
20,3,30,60,25,0.0126,0,0,0.005,0.025,7887,0,0,0.13376442246735135,True
20,3,31,60,25,0.0126,0,0,0.005,0.025,7718,0,0,0.13734128012438457,True
20,3,32,60,25,0.0126,0,0,0.005,0.025,7520,0,0,0.14002659574468085,True
20,3,33,60,25,0.0126,0,0,0.005,0.025,7386,0,0,0.14256701868399674,True
20,3,34,60,25,0.0126,0,0,0.005,0.025,7219,0,0,0.14531098490095581,True
20,3,35,60,25,0.0126,0,0,0.005,0.025,7065,0,0,0.14904458598726114,True
20,3,36,60,25,0.0126,0,0,0.005,0.025,6905,0,0,0.15220854453294713,True
20,3,37,60,25,0.0126,0,0,0.005,0.025,6755,0,0,0.15573649148778682,True
20,3,38,60,25,0.0126,0,0,0.005,0.025,6649,0,0,0.15746728831403217,True
20,3,39,60,25,0.0126,0,0,0.005,0.025,6550,0,0,0.16122137404580153,True
20,3,40,60,25,0.0126,0,0,0.005,0.025,6448,0,0,0.16206575682382135,True
20,3,41,60,25,0.0126,0,0,0.005,0.025,6777,0,0,0.19669470267079828,True
20,3,42,60,25,0.0126,0,0,0.005,0.025,6712,0,0,0.20143027413587605,True
20,3,43,60,25,0.0126,0,0,0.005,0.025,6624,0,0,0.20471014492753623,True
20,3,44,60,25,0.0126,0,0,0.005,0.025,6468,0,0,0.20500927643784786,True
20,3,45,60,25,0.0126,0,0,0.005,0.025,6471,0,0,0.21217740689228867,True
20,3,46,60,25,0.0126,0,0,0.005,0.025,6071,0,0,0.19551968374238182,True
20,3,47,60,25,0.0126,0,0,0.005,0.025,5954,0,0,0.198018139066174,True
20,3,48,60,25,0.0126,0,0,0.005,0.025,5865,0,0,0.19727195225916452,True
20,3,49,60,25,0.0126,0,0,0.005,0.025,5808,0,0,0.20110192837465565,True
20,3,50,60,25,0.0126,0,0,0.005,0.025,5725,0,0,0.20279475982532752,True
20,3,51,60,25,0.0126,0,0,0.005,0.025,5611,0,0,0.20655854571377652,True
20,3,52,60,25,0.0126,0,0,0.005,0.025,5555,0,0,0.20666066606660666,True
20,4,1,60,25,0.0126,0,0,0.005,0.025,5497,0,0,0.21247953429143168,True
20,4,2,60,25,0.0126,0,0,0.005,0.025,5438,0,0,0.21423317396101507,True
20,4,3,60,25,0.0126,0,0,0.005,0.025,5384,0,0,0.21675334323922735,True
20,4,4,60,25,0.0126,0,0,0.005,0.025,5296,0,0,0.22073262839879154,True
20,4,5,60,25,0.0126,0,0,0.005,0.025,5260,0,0,0.2224334600760456,True
20,4,6,60,25,0.0126,0,0,0.005,0.025,5212,0,0,0.2264006139677667,True
20,4,7,60,25,0.0126,0,0,0.005,0.025,5135,0,0,0.23037974683544304,True
20,4,8,60,25,0.0126,0,0,0.005,0.025,5088,0,0,0.233687106918239,True
20,4,9,60,25,0.0126,0,0,0.005,0.025,5013,0,0,0.23638539796529023,True
20,4,10,60,25,0.0126,0,0,0.005,0.025,4951,0,0,0.23732579276913754,True
20,4,11,60,25,0.0126,0,0,0.005,0.025,4897,0,0,0.24014702879313865,True
20,4,12,60,25,0.0126,0,0,0.005,0.025,4839,0,0,0.24219880140524902,True
20,4,13,60,25,0.0126,0,0,0.005,0.025,4784,0,0,0.2435200668896321,True
20,4,14,60,25,0.0126,0,0,0.005,0.025,4715,0,0,0.24369034994697772,True
20,4,15,60,25,0.0126,0,0,0.005,0.025,4649,0,0,0.24585932458593246,True
20,4,16,60,25,0.0126,0,0,0.005,0.025,4596,0,0,0.2478241949521323,True
20,4,17,60,25,0.0126,0,0,0.005,0.025,4543,0,0,0.25049526744441997,True
20,4,18,60,25,0.0126,0,0,0.005,0.025,10153,0,0,0.11336550773170491,True
20,4,19,60,25,0.0126,0,0,0.005,0.025,9918,0,0,0.11554748941318814,True
20,4,20,60,25,0.0126,0,0,0.005,0.025,9729,0,0,0.11902559358618563,True
20,4,21,60,25,0.0126,0,0,0.005,0.025,9533,0,0,0.12336095667680688,True
20,4,22,60,25,0.0126,0,0,0.005,0.025,9360,0,0,0.1266025641025641,True
20,4,23,60,25,0.0126,0,0,0.005,0.025,9133,0,0,0.13204861491295303,True
20,4,24,60,25,0.0126,0,0,0.005,0.025,8892,0,0,0.1357399910031489,True
20,4,25,60,25,0.0126,0,0,0.005,0.025,8631,0,0,0.13903371567605144,True
20,4,26,60,25,0.0126,0,0,0.005,0.025,8388,0,0,0.14151168335717693,True
20,4,27,60,25,0.0126,0,0,0.005,0.025,8240,0,0,0.1436893203883495,True
20,4,28,60,25,0.0126,0,0,0.005,0.025,8054,0,0,0.14750434566674944,True
20,4,29,60,25,0.0126,0,0,0.005,0.025,7852,0,0,0.1509169638308711,True
20,4,30,60,25,0.0126,0,0,0.005,0.025,7657,0,0,0.15410735274911846,True
20,4,31,60,25,0.0126,0,0,0.005,0.025,7496,0,0,0.15741728922091783,True
20,4,32,60,25,0.0126,0,0,0.005,0.025,7300,0,0,0.16205479452054794,True
20,4,33,60,25,0.0126,0,0,0.005,0.025,7173,0,0,0.16464519726753102,True
20,4,34,60,25,0.0126,0,0,0.005,0.025,7036,0,0,0.16827743035815804,True
20,4,35,60,25,0.0126,0,0,0.005,0.025,6879,0,0,0.17095508068033144,True
20,4,36,60,25,0.0126,0,0,0.005,0.025,6706,0,0,0.17551446465851475,True
20,4,37,60,25,0.0126,0,0,0.005,0.025,6582,0,0,0.1794287450622911,True
20,4,38,60,25,0.0126,0,0,0.005,0.025,6474,0,0,0.18118628359592215,True
20,4,39,60,25,0.0126,0,0,0.005,0.025,6375,0,0,0.1844705882352941,True
20,4,40,60,25,0.0126,0,0,0.005,0.025,6280,0,0,0.18869426751592358,True
20,4,41,60,25,0.0126,0,0,0.005,0.025,6640,0,0,0.2216867469879518,True
20,4,42,60,25,0.0126,0,0,0.005,0.025,6593,0,0,0.22266039739117247,True
20,4,43,60,25,0.0126,0,0,0.005,0.025,6486,0,0,0.22972556275053962,True
20,4,44,60,25,0.0126,0,0,0.005,0.025,6443,0,0,0.2329660096228465,True
20,4,45,60,25,0.0126,0,0,0.005,0.025,6377,0,0,0.23804296691234123,True
20,4,46,60,25,0.0126,0,0,0.005,0.025,6048,0,0,0.2261904761904762,True
20,4,47,60,25,0.0126,0,0,0.005,0.025,5950,0,0,0.22739495798319329,True
20,4,48,60,25,0.0126,0,0,0.005,0.025,5896,0,0,0.22693351424694708,True
20,4,49,60,25,0.0126,0,0,0.005,0.025,5815,0,0,0.2283748925193465,True
20,4,50,60,25,0.0126,0,0,0.005,0.025,5740,0,0,0.23101045296167247,True
20,4,51,60,25,0.0126,0,0,0.005,0.025,5663,0,0,0.23415150980045912,True
20,4,52,60,25,0.0126,0,0,0.005,0.025,5616,0,0,0.23557692307692307,True
20,5,1,60,25,0.0126,0,0,0.005,0.025,5557,0,0,0.23879791254273888,True
20,5,2,60,25,0.0126,0,0,0.005,0.025,5489,0,0,0.24157405720531974,True
20,5,3,60,25,0.0126,0,0,0.005,0.025,5417,0,0,0.24386191618977293,True
20,5,4,60,25,0.0126,0,0,0.005,0.025,5336,0,0,0.24625187406296853,True
20,5,5,60,25,0.0126,0,0,0.005,0.025,5280,0,0,0.24943181818181817,True
20,5,6,60,25,0.0126,0,0,0.005,0.025,5239,0,0,0.25329261309410195,True
20,5,7,60,25,0.0126,0,0,0.005,0.025,5176,0,0,0.25579598145285937,True
20,5,8,60,25,0.0126,0,0,0.005,0.025,5112,0,0,0.257433489827856,True
20,5,9,60,25,0.0126,0,0,0.005,0.025,5057,0,0,0.26023333992485664,True
20,5,10,60,25,0.0126,0,0,0.005,0.025,5002,0,0,0.2632946821271491,True
20,5,11,60,25,0.0126,0,0,0.005,0.025,4937,0,0,0.2647356694348795,True
20,5,12,60,25,0.0126,0,0,0.005,0.025,4883,0,0,0.26930165881630147,True
20,5,13,60,25,0.0126,0,0,0.005,0.025,4838,0,0,0.2701529557668458,True
20,5,14,60,25,0.0126,0,0,0.005,0.025,4778,0,0,0.2729175387191293,True
20,5,15,60,25,0.0126,0,0,0.005,0.025,4730,0,0,0.272938689217759,True
20,5,16,60,25,0.0126,0,0,0.005,0.025,4682,0,0,0.27552328064929515,True
20,5,17,60,25,0.0126,0,0,0.005,0.025,4632,0,0,0.27828151986183075,True
20,5,18,60,25,0.0126,0,0,0.005,0.025,10470,0,0,0.1233046800382044,True
20,5,19,60,25,0.0126,0,0,0.005,0.025,10272,0,0,0.1254867601246106,True
20,5,20,60,25,0.0126,0,0,0.005,0.025,10028,0,0,0.129936178699641,True
20,5,21,60,25,0.0126,0,0,0.005,0.025,9790,0,0,0.13329928498467825,True
20,5,22,60,25,0.0126,0,0,0.005,0.025,9544,0,0,0.13715423302598492,True
20,5,23,60,25,0.0126,0,0,0.005,0.025,9290,0,0,0.14101184068891282,True
20,5,24,60,25,0.0126,0,0,0.005,0.025,9066,0,0,0.14383410544893008,True
20,5,25,60,25,0.0126,0,0,0.005,0.025,8814,0,0,0.1476060812343998,True
20,5,26,60,25,0.0126,0,0,0.005,0.025,8573,0,0,0.15198880205295695,True
20,5,27,60,25,0.0126,0,0,0.005,0.025,8367,0,0,0.15596988167802078,True
20,5,28,60,25,0.0126,0,0,0.005,0.025,8137,0,0,0.1598869362172791,True
20,5,29,60,25,0.0126,0,0,0.005,0.025,7952,0,0,0.16348088531187122,True
20,5,30,60,25,0.0126,0,0,0.005,0.025,7778,0,0,0.1670095140138853,True
20,5,31,60,25,0.0126,0,0,0.005,0.025,7592,0,0,0.17044257112750263,True
20,5,32,60,25,0.0126,0,0,0.005,0.025,7412,0,0,0.17485159201295197,True
20,5,33,60,25,0.0126,0,0,0.005,0.025,7227,0,0,0.17766708177667082,True
20,5,34,60,25,0.0126,0,0,0.005,0.025,7075,0,0,0.18106007067137808,True
20,5,35,60,25,0.0126,0,0,0.005,0.025,6912,0,0,0.1853298611111111,True
20,5,36,60,25,0.0126,0,0,0.005,0.025,6760,0,0,0.1908284023668639,True
20,5,37,60,25,0.0126,0,0,0.005,0.025,6602,0,0,0.1931232959709179,True
20,5,38,60,25,0.0126,0,0,0.005,0.025,6510,0,0,0.19615975422427034,True
20,5,39,60,25,0.0126,0,0,0.005,0.025,6427,0,0,0.1991597946164618,True
20,5,40,60,25,0.0126,0,0,0.005,0.025,6332,0,0,0.20198989260897032,True
20,5,41,60,25,0.0126,0,0,0.005,0.025,6698,0,0,0.23618990743505525,True
20,5,42,60,25,0.0126,0,0,0.005,0.025,6592,0,0,0.23847087378640777,True
20,5,43,60,25,0.0126,0,0,0.005,0.025,6523,0,0,0.24329296336041698,True
20,5,44,60,25,0.0126,0,0,0.005,0.025,6454,0,0,0.24480942051440968,True
20,5,45,60,25,0.0126,0,0,0.005,0.025,6422,0,0,0.25085643101837435,True
20,5,46,60,25,0.0126,0,0,0.005,0.025,6086,0,0,0.23447255997371017,True
20,5,47,60,25,0.0126,0,0,0.005,0.025,5988,0,0,0.23513694054776219,True
20,5,48,60,25,0.0126,0,0,0.005,0.025,5920,0,0,0.23800675675675675,True
20,5,49,60,25,0.0126,0,0,0.005,0.025,5810,0,0,0.23941480206540447,True
20,5,50,60,25,0.0126,0,0,0.005,0.025,5748,0,0,0.24234516353514265,True
20,5,51,60,25,0.0126,0,0,0.005,0.025,5665,0,0,0.24342453662842012,True
20,5,52,60,25,0.0126,0,0,0.005,0.025,5600,0,0,0.24696428571428572,True
20,6,1,60,25,0.0126,0,0,0.005,0.025,5528,0,0,0.24819102749638206,True
20,6,2,60,25,0.0126,0,0,0.005,0.025,5452,0,0,0.2512839325018342,True
20,6,3,60,25,0.0126,0,0,0.005,0.025,5423,0,0,0.2552092937488475,True
20,6,4,60,25,0.0126,0,0,0.005,0.025,5361,0,0,0.2609587763476963,True
20,6,5,60,25,0.0126,0,0,0.005,0.025,5292,0,0,0.2620937263794407,True
20,6,6,60,25,0.0126,0,0,0.005,0.025,5261,0,0,0.2666793385287968,True
20,6,7,60,25,0.0126,0,0,0.005,0.025,5194,0,0,0.26819407008086255,True
20,6,8,60,25,0.0126,0,0,0.005,0.025,5137,0,0,0.2664979560054507,True
20,6,9,60,25,0.0126,0,0,0.005,0.025,5076,0,0,0.2718676122931442,True
20,6,10,60,25,0.0126,0,0,0.005,0.025,5011,0,0,0.27399720614647777,True
20,6,11,60,25,0.0126,0,0,0.005,0.025,4964,0,0,0.27941176470588236,True
20,6,12,60,25,0.0126,0,0,0.005,0.025,4915,0,0,0.28280773143438453,True
20,6,13,60,25,0.0126,0,0,0.005,0.025,4865,0,0,0.28633093525179854,True
20,6,14,60,25,0.0126,0,0,0.005,0.025,4805,0,0,0.28844953173777316,True
20,6,15,60,25,0.0126,0,0,0.005,0.025,4757,0,0,0.29199075047298717,True
20,6,16,60,25,0.0126,0,0,0.005,0.025,4703,0,0,0.29491813735913247,True
20,6,17,60,25,0.0126,0,0,0.005,0.025,4673,0,0,0.2972394607318639,True
20,6,18,60,25,0.0126,0,0,0.005,0.025,10256,0,0,0.13650546021840873,True
20,6,19,60,25,0.0126,0,0,0.005,0.025,10078,0,0,0.13990871204604088,True
20,6,20,60,25,0.0126,0,0,0.005,0.025,9878,0,0,0.14345009111156104,True
20,6,21,60,25,0.0126,0,0,0.005,0.025,9626,0,0,0.1466860585913152,True
20,6,22,60,25,0.0126,0,0,0.005,0.025,9392,0,0,0.15044718909710392,True
20,6,23,60,25,0.0126,0,0,0.005,0.025,9218,0,0,0.15469733130830982,True
20,6,24,60,25,0.0126,0,0,0.005,0.025,9025,0,0,0.15844875346260387,True
20,6,25,60,25,0.0126,0,0,0.005,0.025,8840,0,0,0.16142533936651585,True
20,6,26,60,25,0.0126,0,0,0.005,0.025,8649,0,0,0.16533703318302695,True
20,6,27,60,25,0.0126,0,0,0.005,0.025,8471,0,0,0.16751269035532995,True
20,6,28,60,25,0.0126,0,0,0.005,0.025,8268,0,0,0.1710208030962748,True
20,6,29,60,25,0.0126,0,0,0.005,0.025,8042,0,0,0.17495647848793833,True
20,6,30,60,25,0.0126,0,0,0.005,0.025,7830,0,0,0.178544061302682,True
20,6,31,60,25,0.0126,0,0,0.005,0.025,7663,0,0,0.1819130888685893,True
20,6,32,60,25,0.0126,0,0,0.005,0.025,7496,0,0,0.18516542155816434,True
20,6,33,60,25,0.0126,0,0,0.005,0.025,7349,0,0,0.19009389032521432,True
20,6,34,60,25,0.0126,0,0,0.005,0.025,7208,0,0,0.19214761376248612,True
20,6,35,60,25,0.0126,0,0,0.005,0.025,7061,0,0,0.19473162441580513,True
20,6,36,60,25,0.0126,0,0,0.005,0.025,6924,0,0,0.1972848064702484,True
20,6,37,60,25,0.0126,0,0,0.005,0.025,6764,0,0,0.20091661738616204,True
20,6,38,60,25,0.0126,0,0,0.005,0.025,6657,0,0,0.20534775424365329,True
20,6,39,60,25,0.0126,0,0,0.005,0.025,6565,0,0,0.2073115003808073,True
20,6,40,60,25,0.0126,0,0,0.005,0.025,6472,0,0,0.21090852904820767,True
20,6,41,60,25,0.0126,0,0,0.005,0.025,6836,0,0,0.24590403744880046,True
20,6,42,60,25,0.0126,0,0,0.005,0.025,6701,0,0,0.24533651693777048,True
20,6,43,60,25,0.0126,0,0,0.005,0.025,6606,0,0,0.24992431123221315,True
20,6,44,60,25,0.0126,0,0,0.005,0.025,6551,0,0,0.2497328652114181,True
20,6,45,60,25,0.0126,0,0,0.005,0.025,6435,0,0,0.2533022533022533,True
20,6,46,60,25,0.0126,0,0,0.005,0.025,6119,0,0,0.24056218336329466,True
20,6,47,60,25,0.0126,0,0,0.005,0.025,6017,0,0,0.24314442413162707,True
20,6,48,60,25,0.0126,0,0,0.005,0.025,5949,0,0,0.24306606152294502,True
20,6,49,60,25,0.0126,0,0,0.005,0.025,5900,0,0,0.2457627118644068,True
20,6,50,60,25,0.0126,0,0,0.005,0.025,5830,0,0,0.24888507718696398,True
20,6,51,60,25,0.0126,0,0,0.005,0.025,5764,0,0,0.2505204718945177,True
20,6,52,60,25,0.0126,0,0,0.005,0.025,5695,0,0,0.25320456540825287,True
20,7,1,60,25,0.0126,0,0,0.005,0.025,5649,0,0,0.2577447335811648,True
20,7,2,60,25,0.0126,0,0,0.005,0.025,5600,0,0,0.2580357142857143,True
20,7,3,60,25,0.0126,0,0,0.005,0.025,5536,0,0,0.26083815028901736,True
20,7,4,60,25,0.0126,0,0,0.005,0.025,5460,0,0,0.2619047619047619,True
20,7,5,60,25,0.0126,0,0,0.005,0.025,5401,0,0,0.26476578411405294,True
20,7,6,60,25,0.0126,0,0,0.005,0.025,5349,0,0,0.2680874929893438,True
20,7,7,60,25,0.0126,0,0,0.005,0.025,5297,0,0,0.27053048895601284,True
20,7,8,60,25,0.0126,0,0,0.005,0.025,5249,0,0,0.27338540674414175,True
20,7,9,60,25,0.0126,0,0,0.005,0.025,5186,0,0,0.2763208638642499,True
20,7,10,60,25,0.0126,0,0,0.005,0.025,5132,0,0,0.2782540919719408,True
20,7,11,60,25,0.0126,0,0,0.005,0.025,5071,0,0,0.28081246302504437,True
20,7,12,60,25,0.0126,0,0,0.005,0.025,5018,0,0,0.2835791151853328,True
20,7,13,60,25,0.0126,0,0,0.005,0.025,4956,0,0,0.2845036319612591,True
20,7,14,60,25,0.0126,0,0,0.005,0.025,4904,0,0,0.28568515497553015,True
20,7,15,60,25,0.0126,0,0,0.005,0.025,4851,0,0,0.2873634302205731,True
20,7,16,60,25,0.0126,0,0,0.005,0.025,4792,0,0,0.29069282136894825,True
20,7,17,60,25,0.0126,0,0,0.005,0.025,4753,0,0,0.2924468756574795,True
20,7,18,60,25,0.0126,0,0,0.005,0.025,10703,0,0,0.13080444735120994,True
20,7,19,60,25,0.0126,0,0,0.005,0.025,10502,0,0,0.13445058084174444,True
20,7,20,60,25,0.0126,0,0,0.005,0.025,10269,0,0,0.1379881195832116,True
20,7,21,60,25,0.0126,0,0,0.005,0.025,10007,0,0,0.14170080943339664,True
20,7,22,60,25,0.0126,0,0,0.005,0.025,9752,0,0,0.14622641509433962,True
20,7,23,60,25,0.0126,0,0,0.005,0.025,9512,0,0,0.1507569386038688,True
20,7,24,60,25,0.0126,0,0,0.005,0.025,9285,0,0,0.1546580506192784,True
20,7,25,60,25,0.0126,0,0,0.005,0.025,9083,0,0,0.15776725751403722,True
20,7,26,60,25,0.0126,0,0,0.005,0.025,8914,0,0,0.16075835763966795,True
20,7,27,60,25,0.0126,0,0,0.005,0.025,8754,0,0,0.1634681288553804,True
20,7,28,60,25,0.0126,0,0,0.005,0.025,8563,0,0,0.16582973257036085,True
20,7,29,60,25,0.0126,0,0,0.005,0.025,8403,0,0,0.16898726645245746,True
20,7,30,60,25,0.0126,0,0,0.005,0.025,8215,0,0,0.17285453438831405,True
20,7,31,60,25,0.0126,0,0,0.005,0.025,8041,0,0,0.1760975003109066,True
20,7,32,60,25,0.0126,0,0,0.005,0.025,7854,0,0,0.1804176215940922,True
20,7,33,60,25,0.0126,0,0,0.005,0.025,7650,0,0,0.18444444444444444,True
20,7,34,60,25,0.0126,0,0,0.005,0.025,7527,0,0,0.18798990301580976,True
20,7,35,60,25,0.0126,0,0,0.005,0.025,7409,0,0,0.1900391415845593,True
20,7,36,60,25,0.0126,0,0,0.005,0.025,7255,0,0,0.19365954514128186,True
20,7,37,60,25,0.0126,0,0,0.005,0.025,7076,0,0,0.1989824759751272,True
20,7,38,60,25,0.0126,0,0,0.005,0.025,6987,0,0,0.20151710319164162,True
20,7,39,60,25,0.0126,0,0,0.005,0.025,6886,0,0,0.20519895440023236,True
20,7,40,60,25,0.0126,0,0,0.005,0.025,6794,0,0,0.20783043862231382,True
20,7,41,60,25,0.0126,0,0,0.005,0.025,7161,0,0,0.23711772098868872,True
20,7,42,60,25,0.0126,0,0,0.005,0.025,7114,0,0,0.24894574079280293,True
20,7,43,60,25,0.0126,0,0,0.005,0.025,6990,0,0,0.24663805436337624,True
20,7,44,60,25,0.0126,0,0,0.005,0.025,6919,0,0,0.252493134846076,True
20,7,45,60,25,0.0126,0,0,0.005,0.025,6850,0,0,0.25343065693430655,True
20,7,46,60,25,0.0126,0,0,0.005,0.025,6458,0,0,0.23892846082378447,True
20,7,47,60,25,0.0126,0,0,0.005,0.025,6375,0,0,0.23858823529411766,True
20,7,48,60,25,0.0126,0,0,0.005,0.025,6261,0,0,0.2421338444337965,True
20,7,49,60,25,0.0126,0,0,0.005,0.025,6203,0,0,0.24230211188134773,True
20,7,50,60,25,0.0126,0,0,0.005,0.025,6101,0,0,0.2460252417636453,True
20,7,51,60,25,0.0126,0,0,0.005,0.025,6043,0,0,0.2482210822439186,True
20,7,52,60,25,0.0126,0,0,0.005,0.025,5976,0,0,0.2518406961178046,True
20,8,1,60,25,0.0126,0,0,0.005,0.025,5913,0,0,0.2536783358701167,True
20,8,2,60,25,0.0126,0,0,0.005,0.025,5830,0,0,0.25797598627787305,True
20,8,3,60,25,0.0126,0,0,0.005,0.025,5753,0,0,0.25812619502868067,True
20,8,4,60,25,0.0126,0,0,0.005,0.025,5701,0,0,0.26469040519207154,True
20,8,5,60,25,0.0126,0,0,0.005,0.025,5650,0,0,0.26672566371681417,True
20,8,6,60,25,0.0126,0,0,0.005,0.025,5611,0,0,0.2692924612368562,True
20,8,7,60,25,0.0126,0,0,0.005,0.025,5571,0,0,0.2724824986537426,True
20,8,8,60,25,0.0126,0,0,0.005,0.025,5549,0,0,0.2739232294107046,True
20,8,9,60,25,0.0126,0,0,0.005,0.025,5505,0,0,0.27865576748410537,True
20,8,10,60,25,0.0126,0,0,0.005,0.025,5474,0,0,0.27986846912678115,True
20,8,11,60,25,0.0126,0,0,0.005,0.025,5387,0,0,0.28346018191943567,True
20,8,12,60,25,0.0126,0,0,0.005,0.025,5325,0,0,0.28544600938967135,True
20,8,13,60,25,0.0126,0,0,0.005,0.025,5255,0,0,0.28810656517602284,True
20,8,14,60,25,0.0126,0,0,0.005,0.025,5180,0,0,0.29208494208494207,True
20,8,15,60,25,0.0126,0,0,0.005,0.025,5124,0,0,0.2937158469945355,True
20,8,16,60,25,0.0126,0,0,0.005,0.025,5094,0,0,0.29642716921868867,True
20,8,17,60,25,0.0126,0,0,0.005,0.025,5044,0,0,0.2999603489294211,True
20,8,18,60,25,0.0126,0,0,0.005,0.025,11312,0,0,0.13445898161244696,True
20,8,19,60,25,0.0126,0,0,0.005,0.025,11067,0,0,0.13806813047799765,True
20,8,20,60,25,0.0126,0,0,0.005,0.025,10783,0,0,0.14383752202541036,True
20,8,21,60,25,0.0126,0,0,0.005,0.025,10571,0,0,0.14643836912307256,True
20,8,22,60,25,0.0126,0,0,0.005,0.025,10356,0,0,0.15044418694476633,True
20,8,23,60,25,0.0126,0,0,0.005,0.025,10109,0,0,0.15451577801958652,True
20,8,24,60,25,0.0126,0,0,0.005,0.025,9930,0,0,0.1569989929506546,True
20,8,25,60,25,0.0126,0,0,0.005,0.025,9707,0,0,0.16019367466776552,True
20,8,26,60,25,0.0126,0,0,0.005,0.025,9483,0,0,0.16587577770747652,True
20,8,27,60,25,0.0126,0,0,0.005,0.025,9303,0,0,0.16822530366548424,True
20,8,28,60,25,0.0126,0,0,0.005,0.025,9124,0,0,0.17273125822007893,True
20,8,29,60,25,0.0126,0,0,0.005,0.025,8899,0,0,0.17664906169232497,True
20,8,30,60,25,0.0126,0,0,0.005,0.025,8718,0,0,0.1810048176187199,True
20,8,31,60,25,0.0126,0,0,0.005,0.025,8531,0,0,0.18415191653967883,True
20,8,32,60,25,0.0126,0,0,0.005,0.025,8365,0,0,0.18840406455469216,True
20,8,33,60,25,0.0126,0,0,0.005,0.025,8193,0,0,0.19138288783107532,True
20,8,34,60,25,0.0126,0,0,0.005,0.025,8002,0,0,0.19557610597350664,True
20,8,35,60,25,0.0126,0,0,0.005,0.025,7843,0,0,0.19954099196735942,True
20,8,36,60,25,0.0126,0,0,0.005,0.025,7694,0,0,0.20366519365739538,True
20,8,37,60,25,0.0126,0,0,0.005,0.025,7568,0,0,0.20586680761099366,True
20,8,38,60,25,0.0126,0,0,0.005,0.025,7462,0,0,0.2093272581077459,True
20,8,39,60,25,0.0126,0,0,0.005,0.025,7362,0,0,0.21271393643031786,True
20,8,40,60,25,0.0126,0,0,0.005,0.025,7270,0,0,0.21650618982118294,True
20,8,41,60,25,0.0126,0,0,0.005,0.025,7721,0,0,0.24763631653930837,True
20,8,42,60,25,0.0126,0,0,0.005,0.025,7640,0,0,0.25523560209424084,True
20,8,43,60,25,0.0126,0,0,0.005,0.025,7534,0,0,0.25484470400849485,True
20,8,44,60,25,0.0126,0,0,0.005,0.025,7480,0,0,0.2596256684491979,True
20,8,45,60,25,0.0126,0,0,0.005,0.025,7378,0,0,0.2647058823529412,True
20,8,46,60,25,0.0126,0,0,0.005,0.025,6985,0,0,0.2478167501789549,True
20,8,47,60,25,0.0126,0,0,0.005,0.025,6899,0,0,0.24960139150601537,True
20,8,48,60,25,0.0126,0,0,0.005,0.025,6812,0,0,0.2504403992953611,True
20,8,49,60,25,0.0126,0,0,0.005,0.025,6753,0,0,0.2517399674218866,True
20,8,50,60,25,0.0126,0,0,0.005,0.025,6659,0,0,0.2540922060369425,True
20,8,51,60,25,0.0126,0,0,0.005,0.025,6581,0,0,0.25740768880109405,True
20,8,52,60,25,0.0126,0,0,0.005,0.025,6496,0,0,0.260314039408867,True
20,9,1,60,25,0.0126,0,0,0.005,0.025,6400,0,0,0.26171875,True
20,9,2,60,25,0.0126,0,0,0.005,0.025,6311,0,0,0.2638250673427349,True
20,9,3,60,25,0.0126,0,0,0.005,0.025,6252,0,0,0.2674344209852847,True
20,9,4,60,25,0.0126,0,0,0.005,0.025,6169,0,0,0.2684389690387421,True
20,9,5,60,25,0.0126,0,0,0.005,0.025,6097,0,0,0.27078891257995735,True
20,9,6,60,25,0.0126,0,0,0.005,0.025,6038,0,0,0.27277244120569727,True
20,9,7,60,25,0.0126,0,0,0.005,0.025,5975,0,0,0.27615062761506276,True
20,9,8,60,25,0.0126,0,0,0.005,0.025,5893,0,0,0.2782962837264551,True
20,9,9,60,25,0.0126,0,0,0.005,0.025,5823,0,0,0.2797527047913447,True
20,9,10,60,25,0.0126,0,0,0.005,0.025,5743,0,0,0.2820825352603169,True
20,9,11,60,25,0.0126,0,0,0.005,0.025,5665,0,0,0.2856134157105031,True
20,9,12,60,25,0.0126,0,0,0.005,0.025,5610,0,0,0.28663101604278074,True
20,9,13,60,25,0.0126,0,0,0.005,0.025,5556,0,0,0.289056875449964,True
20,9,14,60,25,0.0126,0,0,0.005,0.025,5491,0,0,0.29102167182662536,True
20,9,15,60,25,0.0126,0,0,0.005,0.025,5445,0,0,0.2923783287419651,True
20,9,16,60,25,0.0126,0,0,0.005,0.025,5373,0,0,0.29517960171226504,True
20,9,17,60,25,0.0126,0,0,0.005,0.025,5315,0,0,0.29727187206020694,True
20,9,18,60,25,0.0126,0,0,0.005,0.025,11394,0,0,0.12594347902404773,True
20,9,19,60,25,0.0126,0,0,0.005,0.025,11162,0,0,0.12891954846801648,True
20,9,20,60,25,0.0126,0,0,0.005,0.025,10933,0,0,0.13363212293057716,True
20,9,21,60,25,0.0126,0,0,0.005,0.025,10725,0,0,0.1365034965034965,True
20,9,22,60,25,0.0126,0,0,0.005,0.025,10486,0,0,0.14009155063894715,True
20,9,23,60,25,0.0126,0,0,0.005,0.025,10237,0,0,0.1434013871251343,True
20,9,24,60,25,0.0126,0,0,0.005,0.025,9988,0,0,0.14567480977172606,True
20,9,25,60,25,0.0126,0,0,0.005,0.025,9791,0,0,0.14952507404759474,True
20,9,26,60,25,0.0126,0,0,0.005,0.025,9580,0,0,0.1534446764091858,True
20,9,27,60,25,0.0126,0,0,0.005,0.025,9389,0,0,0.15677920971349452,True
20,9,28,60,25,0.0126,0,0,0.005,0.025,9225,0,0,0.15934959349593497,True
20,9,29,60,25,0.0126,0,0,0.005,0.025,9061,0,0,0.16300629069639114,True
20,9,30,60,25,0.0126,0,0,0.005,0.025,8931,0,0,0.16571492554025305,True
20,9,31,60,25,0.0126,0,0,0.005,0.025,8742,0,0,0.1695264241592313,True
20,9,32,60,25,0.0126,0,0,0.005,0.025,8578,0,0,0.17276754488225693,True
20,9,33,60,25,0.0126,0,0,0.005,0.025,8445,0,0,0.17548845470692717,True
20,9,34,60,25,0.0126,0,0,0.005,0.025,8311,0,0,0.1773553122367946,True
20,9,35,60,25,0.0126,0,0,0.005,0.025,8170,0,0,0.18004895960832312,True
20,9,36,60,25,0.0126,0,0,0.005,0.025,8014,0,0,0.1834289992513102,True
20,9,37,60,25,0.0126,0,0,0.005,0.025,7830,0,0,0.18812260536398467,True
20,9,38,60,25,0.0126,0,0,0.005,0.025,7709,0,0,0.19159424049811907,True
20,9,39,60,25,0.0126,0,0,0.005,0.025,7591,0,0,0.19378211039388749,True
20,9,40,60,25,0.0126,0,0,0.005,0.025,7477,0,0,0.19673665908786947,True
20,9,41,60,25,0.0126,0,0,0.005,0.025,7908,0,0,0.23242286292362166,True
20,9,42,60,25,0.0126,0,0,0.005,0.025,7839,0,0,0.23816813369052175,True
20,9,43,60,25,0.0126,0,0,0.005,0.025,7802,0,0,0.24583440143552934,True
20,9,44,60,25,0.0126,0,0,0.005,0.025,7688,0,0,0.24661810613943808,True
20,9,45,60,25,0.0126,0,0,0.005,0.025,7616,0,0,0.24671743697478993,True
20,9,46,60,25,0.0126,0,0,0.005,0.025,7225,0,0,0.23294117647058823,True
20,9,47,60,25,0.0126,0,0,0.005,0.025,7082,0,0,0.23510307822648968,True
20,9,48,60,25,0.0126,0,0,0.005,0.025,6957,0,0,0.23702745436251257,True
20,9,49,60,25,0.0126,0,0,0.005,0.025,6883,0,0,0.2379776260351591,True
20,9,50,60,25,0.0126,0,0,0.005,0.025,6767,0,0,0.24087483375203192,True
20,9,51,60,25,0.0126,0,0,0.005,0.025,6670,0,0,0.2427286356821589,True
20,9,52,60,25,0.0126,0,0,0.005,0.025,6575,0,0,0.24547528517110268,True
20,10,1,60,25,0.0126,0,0,0.005,0.025,6495,0,0,0.24865280985373364,True
20,10,2,60,25,0.0126,0,0,0.005,0.025,6403,0,0,0.2522255192878338,True
20,10,3,60,25,0.0126,0,0,0.005,0.025,6318,0,0,0.25387780943336496,True
20,10,4,60,25,0.0126,0,0,0.005,0.025,6232,0,0,0.25625802310654683,True
20,10,5,60,25,0.0126,0,0,0.005,0.025,6147,0,0,0.2580120383927119,True
20,10,6,60,25,0.0126,0,0,0.005,0.025,6071,0,0,0.2619008400592983,True
20,10,7,60,25,0.0126,0,0,0.005,0.025,5989,0,0,0.26498580731340793,True
20,10,8,60,25,0.0126,0,0,0.005,0.025,5911,0,0,0.2661140246997124,True
20,10,9,60,25,0.0126,0,0,0.005,0.025,5862,0,0,0.2686796315250768,True
20,10,10,60,25,0.0126,0,0,0.005,0.025,5791,0,0,0.2699015714039026,True
20,10,11,60,25,0.0126,0,0,0.005,0.025,5704,0,0,0.27419354838709675,True
20,10,12,60,25,0.0126,0,0,0.005,0.025,5636,0,0,0.27750177430801987,True
20,10,13,60,25,0.0126,0,0,0.005,0.025,5575,0,0,0.27838565022421524,True
20,10,14,60,25,0.0126,0,0,0.005,0.025,5521,0,0,0.28092736823039305,True
20,10,15,60,25,0.0126,0,0,0.005,0.025,5460,0,0,0.28205128205128205,True
20,10,16,60,25,0.0126,0,0,0.005,0.025,5395,0,0,0.2860055607043559,True
20,10,17,60,25,0.0126,0,0,0.005,0.025,5345,0,0,0.28793264733395696,True
20,10,18,60,25,0.0126,0,0,0.005,0.025,11605,0,0,0.12494614390348988,True
20,10,19,60,25,0.0126,0,0,0.005,0.025,11390,0,0,0.128270412642669,True
20,10,20,60,25,0.0126,0,0,0.005,0.025,11175,0,0,0.13154362416107382,True
20,10,21,60,25,0.0126,0,0,0.005,0.025,10894,0,0,0.13484486873508353,True
20,10,22,60,25,0.0126,0,0,0.005,0.025,10662,0,0,0.13965484899643593,True
20,10,23,60,25,0.0126,0,0,0.005,0.025,10516,0,0,0.14263978699125143,True
20,10,24,60,25,0.0126,0,0,0.005,0.025,10352,0,0,0.14354714064914992,True
20,10,25,60,25,0.0126,0,0,0.005,0.025,10090,0,0,0.14777006937561943,True
20,10,26,60,25,0.0126,0,0,0.005,0.025,9920,0,0,0.15141129032258063,True
20,10,27,60,25,0.0126,0,0,0.005,0.025,9678,0,0,0.15633395329613556,True
20,10,28,60,25,0.0126,0,0,0.005,0.025,9475,0,0,0.15926121372031662,True
20,10,29,60,25,0.0126,0,0,0.005,0.025,9269,0,0,0.1632322796418168,True
20,10,30,60,25,0.0126,0,0,0.005,0.025,9100,0,0,0.16604395604395605,True
20,10,31,60,25,0.0126,0,0,0.005,0.025,8980,0,0,0.17048997772828509,True
20,10,32,60,25,0.0126,0,0,0.005,0.025,8815,0,0,0.1728871242200794,True
20,10,33,60,25,0.0126,0,0,0.005,0.025,8661,0,0,0.17653850594619558,True
20,10,34,60,25,0.0126,0,0,0.005,0.025,8501,0,0,0.18162569109516527,True
20,10,35,60,25,0.0126,0,0,0.005,0.025,8336,0,0,0.18546065259117084,True
20,10,36,60,25,0.0126,0,0,0.005,0.025,8180,0,0,0.19058679706601467,True
20,10,37,60,25,0.0126,0,0,0.005,0.025,8049,0,0,0.19393713504783203,True
20,10,38,60,25,0.0126,0,0,0.005,0.025,7950,0,0,0.19723270440251572,True
20,10,39,60,25,0.0126,0,0,0.005,0.025,7838,0,0,0.19979586629242155,True
20,10,40,60,25,0.0126,0,0,0.005,0.025,7746,0,0,0.2029434546862897,True
20,10,41,60,25,0.0126,0,0,0.005,0.025,8163,0,0,0.237045203969129,True
20,10,42,60,25,0.0126,0,0,0.005,0.025,8145,0,0,0.24333947206875384,True
20,10,43,60,25,0.0126,0,0,0.005,0.025,8032,0,0,0.24676294820717132,True
20,10,44,60,25,0.0126,0,0,0.005,0.025,7960,0,0,0.24736180904522614,True
20,10,45,60,25,0.0126,0,0,0.005,0.025,7841,0,0,0.24741742124728988,True
20,10,46,60,25,0.0126,0,0,0.005,0.025,7425,0,0,0.23555555555555555,True
20,10,47,60,25,0.0126,0,0,0.005,0.025,7279,0,0,0.23519714246462425,True
20,10,48,60,25,0.0126,0,0,0.005,0.025,7196,0,0,0.2387437465258477,True
20,10,49,60,25,0.0126,0,0,0.005,0.025,7057,0,0,0.24047045486750743,True
20,10,50,60,25,0.0126,0,0,0.005,0.025,6971,0,0,0.23942045617558458,True
20,10,51,60,25,0.0126,0,0,0.005,0.025,6890,0,0,0.24281567489114658,True
20,10,52,60,25,0.0126,0,0,0.005,0.025,6789,0,0,0.24407129179555162,True
20,11,1,60,25,0.0126,0,0,0.005,0.025,6740,0,0,0.24643916913946587,True
20,11,2,60,25,0.0126,0,0,0.005,0.025,6651,0,0,0.24913546835062397,True
20,11,3,60,25,0.0126,0,0,0.005,0.025,6586,0,0,0.2514424536896447,True
20,11,4,60,25,0.0126,0,0,0.005,0.025,6499,0,0,0.25527004154485305,True
20,11,5,60,25,0.0126,0,0,0.005,0.025,6422,0,0,0.2559950171286204,True
20,11,6,60,25,0.0126,0,0,0.005,0.025,6330,0,0,0.2593996840442338,True
20,11,7,60,25,0.0126,0,0,0.005,0.025,6258,0,0,0.2623841482901886,True
20,11,8,60,25,0.0126,0,0,0.005,0.025,6203,0,0,0.2648718362082863,True
20,11,9,60,25,0.0126,0,0,0.005,0.025,6127,0,0,0.26799412436755343,True
20,11,10,60,25,0.0126,0,0,0.005,0.025,6074,0,0,0.27099110964767864,True
20,11,11,60,25,0.0126,0,0,0.005,0.025,6013,0,0,0.27374022950274407,True
20,11,12,60,25,0.0126,0,0,0.005,0.025,5970,0,0,0.27839195979899495,True
20,11,13,60,25,0.0126,0,0,0.005,0.025,5899,0,0,0.27750466180708594,True
20,11,14,60,25,0.0126,0,0,0.005,0.025,5832,0,0,0.28017832647462276,True
20,11,15,60,25,0.0126,0,0,0.005,0.025,5753,0,0,0.28385190335477145,True
20,11,16,60,25,0.0126,0,0,0.005,0.025,5709,0,0,0.28761604484147835,True
20,11,17,60,25,0.0126,0,0,0.005,0.025,5634,0,0,0.28913738019169327,True
20,11,18,60,25,0.0126,0,0,0.005,0.025,12445,0,0,0.12334270791482523,True
20,11,19,60,25,0.0126,0,0,0.005,0.025,12240,0,0,0.12573529411764706,True
20,11,20,60,25,0.0126,0,0,0.005,0.025,11997,0,0,0.1282820705176294,True
20,11,21,60,25,0.0126,0,0,0.005,0.025,11735,0,0,0.13182786536003407,True
20,11,22,60,25,0.0126,0,0,0.005,0.025,11474,0,0,0.1352623322293882,True
20,11,23,60,25,0.0126,0,0,0.005,0.025,11205,0,0,0.1391343150379295,True
20,11,24,60,25,0.0126,0,0,0.005,0.025,10961,0,0,0.1422315482164036,True
20,11,25,60,25,0.0126,0,0,0.005,0.025,10722,0,0,0.1459615743331468,True
20,11,26,60,25,0.0126,0,0,0.005,0.025,10479,0,0,0.14991888538982728,True
20,11,27,60,25,0.0126,0,0,0.005,0.025,10224,0,0,0.15316901408450703,True
20,11,28,60,25,0.0126,0,0,0.005,0.025,10000,0,0,0.157,True
20,11,29,60,25,0.0126,0,0,0.005,0.025,9753,0,0,0.1606685122526402,True
20,11,30,60,25,0.0126,0,0,0.005,0.025,9605,0,0,0.16397709526288393,True
20,11,31,60,25,0.0126,0,0,0.005,0.025,9417,0,0,0.16820643517043646,True
20,11,32,60,25,0.0126,0,0,0.005,0.025,9251,0,0,0.1707923467733218,True
20,11,33,60,25,0.0126,0,0,0.005,0.025,9078,0,0,0.17492839832562238,True
20,11,34,60,25,0.0126,0,0,0.005,0.025,8889,0,0,0.1781977725278434,True
20,11,35,60,25,0.0126,0,0,0.005,0.025,8761,0,0,0.18080127839287752,True
20,11,36,60,25,0.0126,0,0,0.005,0.025,8595,0,0,0.18673647469458987,True
20,11,37,60,25,0.0126,0,0,0.005,0.025,8438,0,0,0.18855178952358378,True
20,11,38,60,25,0.0126,0,0,0.005,0.025,8342,0,0,0.19156077679213618,True
20,11,39,60,25,0.0126,0,0,0.005,0.025,8223,0,0,0.19433296850297946,True
20,11,40,60,25,0.0126,0,0,0.005,0.025,8099,0,0,0.19669094949993826,True
20,11,41,60,25,0.0126,0,0,0.005,0.025,8526,0,0,0.23269997654234106,True
20,11,42,60,25,0.0126,0,0,0.005,0.025,8459,0,0,0.2378531741340584,True
20,11,43,60,25,0.0126,0,0,0.005,0.025,8334,0,0,0.23998080153587714,True
20,11,44,60,25,0.0126,0,0,0.005,0.025,8226,0,0,0.2434962314612205,True
20,11,45,60,25,0.0126,0,0,0.005,0.025,8113,0,0,0.2447923086404536,True
20,11,46,60,25,0.0126,0,0,0.005,0.025,7692,0,0,0.23166926677067082,True
20,11,47,60,25,0.0126,0,0,0.005,0.025,7563,0,0,0.23244744149147165,True
20,11,48,60,25,0.0126,0,0,0.005,0.025,7451,0,0,0.23540464367199035,True
20,11,49,60,25,0.0126,0,0,0.005,0.025,7360,0,0,0.23804347826086958,True
20,11,50,60,25,0.0126,0,0,0.005,0.025,7271,0,0,0.2408196946774859,True
20,11,51,60,25,0.0126,0,0,0.005,0.025,7175,0,0,0.24222996515679443,True
20,11,52,60,25,0.0126,0,0,0.005,0.025,7083,0,0,0.2429761400536496,True
20,1,1,60,25,0.0238,0,0,0.005,0.025,5439,0,0,0.0020224305938591654,True
20,1,2,60,25,0.0238,0,0,0.005,0.025,5352,0,0,0.0033632286995515697,True
20,1,3,60,25,0.0238,0,0,0.005,0.025,5244,0,0,0.005720823798627002,True
20,1,4,60,25,0.0238,0,0,0.005,0.025,5220,0,0,0.008045977011494253,True
20,1,5,60,25,0.0238,0,0,0.005,0.025,5156,0,0,0.008921644685802949,True
20,1,6,60,25,0.0238,0,0,0.005,0.025,5115,0,0,0.01133919843597263,True
20,1,7,60,25,0.0238,0,0,0.005,0.025,5045,0,0,0.013280475718533202,True
20,1,8,60,25,0.0238,0,0,0.005,0.025,4982,0,0,0.014853472501003613,True
20,1,9,60,25,0.0238,0,0,0.005,0.025,4952,0,0,0.017568659127625202,True
20,1,10,60,25,0.0238,0,0,0.005,0.025,4919,0,0,0.01910957511689368,True
20,1,11,60,25,0.0238,0,0,0.005,0.025,4870,0,0,0.02053388090349076,True
20,1,12,60,25,0.0238,0,0,0.005,0.025,4812,0,0,0.021820448877805487,True
20,1,13,60,25,0.0238,0,0,0.005,0.025,4757,0,0,0.02312381753205802,True
20,1,14,60,25,0.0238,0,0,0.005,0.025,4733,0,0,0.024508768223114305,True
20,1,15,60,25,0.0238,0,0,0.005,0.025,4709,0,0,0.027181991930346146,True
20,1,16,60,25,0.0238,0,0,0.005,0.025,4678,0,0,0.02864471996579735,True
20,1,17,60,25,0.0238,0,0,0.005,0.025,4633,0,0,0.03108137276063026,True
20,1,18,60,25,0.0238,0,0,0.005,0.025,13663,0,0,0.012222791480641147,True
20,1,19,60,25,0.0238,0,0,0.005,0.025,13341,0,0,0.014466681658046623,True
20,1,20,60,25,0.0238,0,0,0.005,0.025,12973,0,0,0.016418715794342096,True
20,1,21,60,25,0.0238,0,0,0.005,0.025,12680,0,0,0.018690851735015772,True
20,1,22,60,25,0.0238,0,0,0.005,0.025,12395,0,0,0.02065348931020573,True
20,1,23,60,25,0.0238,0,0,0.005,0.025,12087,0,0,0.022834450235790518,True
20,1,24,60,25,0.0238,0,0,0.005,0.025,11774,0,0,0.02480040767793443,True
20,1,25,60,25,0.0238,0,0,0.005,0.025,11486,0,0,0.026031690753961344,True
20,1,26,60,25,0.0238,0,0,0.005,0.025,11182,0,0,0.02843856197460204,True
20,1,27,60,25,0.0238,0,0,0.005,0.025,10939,0,0,0.03080720358350855,True
20,1,28,60,25,0.0238,0,0,0.005,0.025,10642,0,0,0.03279458748355572,True
20,1,29,60,25,0.0238,0,0,0.005,0.025,10370,0,0,0.03471552555448409,True
20,1,30,60,25,0.0238,0,0,0.005,0.025,10134,0,0,0.03720149990132228,True
20,1,31,60,25,0.0238,0,0,0.005,0.025,9869,0,0,0.03992299118451718,True
20,1,32,60,25,0.0238,0,0,0.005,0.025,9633,0,0,0.04142011834319527,True
20,1,33,60,25,0.0238,0,0,0.005,0.025,9395,0,0,0.04310803618946248,True
20,1,34,60,25,0.0238,0,0,0.005,0.025,9193,0,0,0.04459915152833678,True
20,1,35,60,25,0.0238,0,0,0.005,0.025,8988,0,0,0.04684023141967067,True
20,1,36,60,25,0.0238,0,0,0.005,0.025,8797,0,0,0.04967602591792657,True
20,1,37,60,25,0.0238,0,0,0.005,0.025,8583,0,0,0.051380636141209364,True
20,1,38,60,25,0.0238,0,0,0.005,0.025,8441,0,0,0.05354815780120839,True
20,1,39,60,25,0.0238,0,0,0.005,0.025,8291,0,0,0.0548787842238572,True
20,1,40,60,25,0.0238,0,0,0.005,0.025,8139,0,0,0.05651799975426957,True
20,1,41,60,25,0.0238,0,0,0.005,0.025,8186,0,0,0.06926459809430735,True
20,1,42,60,25,0.0238,0,0,0.005,0.025,8113,0,0,0.07469493405645261,True
20,1,43,60,25,0.0238,0,0,0.005,0.025,8037,0,0,0.07801418439716312,True
20,1,44,60,25,0.0238,0,0,0.005,0.025,8004,0,0,0.0828335832083958,True
20,1,45,60,25,0.0238,0,0,0.005,0.025,7955,0,0,0.0874921433060968,True
20,1,46,60,25,0.0238,0,0,0.005,0.025,7756,0,0,0.08187209902011346,True
20,1,47,60,25,0.0238,0,0,0.005,0.025,7698,0,0,0.08339828526890102,True
20,1,48,60,25,0.0238,0,0,0.005,0.025,7625,0,0,0.08616393442622951,True
20,1,49,60,25,0.0238,0,0,0.005,0.025,7551,0,0,0.08661104489471594,True
20,1,50,60,25,0.0238,0,0,0.005,0.025,7469,0,0,0.08836524300441827,True
20,1,51,60,25,0.0238,0,0,0.005,0.025,7357,0,0,0.08930270490689139,True
20,1,52,60,25,0.0238,0,0,0.005,0.025,7257,0,0,0.09108447016673557,True
20,2,1,60,25,0.0238,0,0,0.005,0.025,7167,0,0,0.0940421375749965,True
20,2,2,60,25,0.0238,0,0,0.005,0.025,7056,0,0,0.09594671201814059,True
20,2,3,60,25,0.0238,0,0,0.005,0.025,6954,0,0,0.09634742594190394,True
20,2,4,60,25,0.0238,0,0,0.005,0.025,6829,0,0,0.09855030019036462,True
20,2,5,60,25,0.0238,0,0,0.005,0.025,6725,0,0,0.10007434944237918,True
20,2,6,60,25,0.0238,0,0,0.005,0.025,6603,0,0,0.10162047554142056,True
20,2,7,60,25,0.0238,0,0,0.005,0.025,6503,0,0,0.10272182069813932,True
20,2,8,60,25,0.0238,0,0,0.005,0.025,6401,0,0,0.10451491954382128,True
20,2,9,60,25,0.0238,0,0,0.005,0.025,6283,0,0,0.10456788158522999,True
20,2,10,60,25,0.0238,0,0,0.005,0.025,6192,0,0,0.10545865633074936,True
20,2,11,60,25,0.0238,0,0,0.005,0.025,6077,0,0,0.10827711041632385,True
20,2,12,60,25,0.0238,0,0,0.005,0.025,5980,0,0,0.10903010033444815,True
20,2,13,60,25,0.0238,0,0,0.005,0.025,5891,0,0,0.11016805296214564,True
20,2,14,60,25,0.0238,0,0,0.005,0.025,5807,0,0,0.11158946099535044,True
20,2,15,60,25,0.0238,0,0,0.005,0.025,5728,0,0,0.1138268156424581,True
20,2,16,60,25,0.0238,0,0,0.005,0.025,5641,0,0,0.11540507002304556,True
20,2,17,60,25,0.0238,0,0,0.005,0.025,5566,0,0,0.117499101688825,True
20,2,18,60,25,0.0238,0,0,0.005,0.025,11036,0,0,0.05953243928959768,True
20,2,19,60,25,0.0238,0,0,0.005,0.025,10834,0,0,0.06082702602916744,True
20,2,20,60,25,0.0238,0,0,0.005,0.025,10606,0,0,0.06458608334904771,True
20,2,21,60,25,0.0238,0,0,0.005,0.025,10304,0,0,0.06725543478260869,True
20,2,22,60,25,0.0238,0,0,0.005,0.025,10123,0,0,0.06924824656722316,True
20,2,23,60,25,0.0238,0,0,0.005,0.025,9927,0,0,0.07152211141331721,True
20,2,24,60,25,0.0238,0,0,0.005,0.025,9726,0,0,0.07371992597162245,True
20,2,25,60,25,0.0238,0,0,0.005,0.025,9487,0,0,0.075577105512807,True
20,2,26,60,25,0.0238,0,0,0.005,0.025,9250,0,0,0.07881081081081082,True
20,2,27,60,25,0.0238,0,0,0.005,0.025,9108,0,0,0.08036890645586298,True
20,2,28,60,25,0.0238,0,0,0.005,0.025,8929,0,0,0.08310001119946242,True
20,2,29,60,25,0.0238,0,0,0.005,0.025,8703,0,0,0.08617718028266115,True
20,2,30,60,25,0.0238,0,0,0.005,0.025,8533,0,0,0.08906597913981015,True
20,2,31,60,25,0.0238,0,0,0.005,0.025,8324,0,0,0.091902931283037,True
20,2,32,60,25,0.0238,0,0,0.005,0.025,8186,0,0,0.09418519423405815,True
20,2,33,60,25,0.0238,0,0,0.005,0.025,8015,0,0,0.0959451029320025,True
20,2,34,60,25,0.0238,0,0,0.005,0.025,7839,0,0,0.0979716800612323,True
20,2,35,60,25,0.0238,0,0,0.005,0.025,7683,0,0,0.10009111024339451,True
20,2,36,60,25,0.0238,0,0,0.005,0.025,7508,0,0,0.10229088971763452,True
20,2,37,60,25,0.0238,0,0,0.005,0.025,7338,0,0,0.10466067048242028,True
20,2,38,60,25,0.0238,0,0,0.005,0.025,7245,0,0,0.10641821946169772,True
20,2,39,60,25,0.0238,0,0,0.005,0.025,7136,0,0,0.10818385650224215,True
20,2,40,60,25,0.0238,0,0,0.005,0.025,7038,0,0,0.1104006820119352,True
20,2,41,60,25,0.0238,0,0,0.005,0.025,7245,0,0,0.13512767425810904,True
20,2,42,60,25,0.0238,0,0,0.005,0.025,7214,0,0,0.1386193512614361,True
20,2,43,60,25,0.0238,0,0,0.005,0.025,7168,0,0,0.140625,True
20,2,44,60,25,0.0238,0,0,0.005,0.025,7199,0,0,0.14696485623003194,True
20,2,45,60,25,0.0238,0,0,0.005,0.025,7160,0,0,0.1526536312849162,True
20,2,46,60,25,0.0238,0,0,0.005,0.025,6974,0,0,0.1456839690278176,True
20,2,47,60,25,0.0238,0,0,0.005,0.025,6931,0,0,0.14961765978935218,True
20,2,48,60,25,0.0238,0,0,0.005,0.025,6867,0,0,0.15042959079656326,True
20,2,49,60,25,0.0238,0,0,0.005,0.025,6810,0,0,0.15433186490455214,True
20,2,50,60,25,0.0238,0,0,0.005,0.025,6749,0,0,0.1561712846347607,True
20,2,51,60,25,0.0238,0,0,0.005,0.025,6722,0,0,0.1588812853317465,True
20,2,52,60,25,0.0238,0,0,0.005,0.025,6658,0,0,0.16085911685190749,True
20,3,1,60,25,0.0238,0,0,0.005,0.025,6613,0,0,0.16512929079086647,True
20,3,2,60,25,0.0238,0,0,0.005,0.025,6544,0,0,0.16885696821515891,True
20,3,3,60,25,0.0238,0,0,0.005,0.025,6471,0,0,0.17122546747025189,True
20,3,4,60,25,0.0238,0,0,0.005,0.025,6411,0,0,0.1731399157697707,True
20,3,5,60,25,0.0238,0,0,0.005,0.025,6335,0,0,0.1771112865035517,True
20,3,6,60,25,0.0238,0,0,0.005,0.025,6249,0,0,0.17986877900464074,True
20,3,7,60,25,0.0238,0,0,0.005,0.025,6172,0,0,0.18292287751134154,True
20,3,8,60,25,0.0238,0,0,0.005,0.025,6089,0,0,0.18459517162095582,True
20,3,9,60,25,0.0238,0,0,0.005,0.025,6022,0,0,0.18598472268349386,True
20,3,10,60,25,0.0238,0,0,0.005,0.025,5978,0,0,0.1878554700568752,True
20,3,11,60,25,0.0238,0,0,0.005,0.025,5896,0,0,0.1897896879240163,True
20,3,12,60,25,0.0238,0,0,0.005,0.025,5811,0,0,0.1911891240750301,True
20,3,13,60,25,0.0238,0,0,0.005,0.025,5741,0,0,0.19386866399581953,True
20,3,14,60,25,0.0238,0,0,0.005,0.025,5661,0,0,0.19643172584349056,True
20,3,15,60,25,0.0238,0,0,0.005,0.025,5605,0,0,0.1982158786797502,True
20,3,16,60,25,0.0238,0,0,0.005,0.025,5530,0,0,0.20126582278481012,True
20,3,17,60,25,0.0238,0,0,0.005,0.025,5449,0,0,0.20260598274912828,True
20,3,18,60,25,0.0238,0,0,0.005,0.025,12632,0,0,0.08771374287523749,True
20,3,19,60,25,0.0238,0,0,0.005,0.025,12371,0,0,0.09053431412173632,True
20,3,20,60,25,0.0238,0,0,0.005,0.025,12044,0,0,0.09324144802391232,True
20,3,21,60,25,0.0238,0,0,0.005,0.025,11728,0,0,0.09507162346521146,True
20,3,22,60,25,0.0238,0,0,0.005,0.025,11447,0,0,0.09854110247226347,True
20,3,23,60,25,0.0238,0,0,0.005,0.025,11120,0,0,0.10242805755395683,True
20,3,24,60,25,0.0238,0,0,0.005,0.025,10848,0,0,0.10554941002949852,True
20,3,25,60,25,0.0238,0,0,0.005,0.025,10579,0,0,0.1087059268361849,True
20,3,26,60,25,0.0238,0,0,0.005,0.025,10345,0,0,0.11184146930884485,True
20,3,27,60,25,0.0238,0,0,0.005,0.025,10092,0,0,0.1159334126040428,True
20,3,28,60,25,0.0238,0,0,0.005,0.025,9834,0,0,0.11907667276794794,True
20,3,29,60,25,0.0238,0,0,0.005,0.025,9597,0,0,0.12201729707200167,True
20,3,30,60,25,0.0238,0,0,0.005,0.025,9364,0,0,0.12569414780008542,True
20,3,31,60,25,0.0238,0,0,0.005,0.025,9122,0,0,0.12859022144266608,True
20,3,32,60,25,0.0238,0,0,0.005,0.025,8918,0,0,0.13085893698138595,True
20,3,33,60,25,0.0238,0,0,0.005,0.025,8708,0,0,0.13378502526412495,True
20,3,34,60,25,0.0238,0,0,0.005,0.025,8530,0,0,0.13645955451348182,True
20,3,35,60,25,0.0238,0,0,0.005,0.025,8361,0,0,0.13885898815931108,True
20,3,36,60,25,0.0238,0,0,0.005,0.025,8145,0,0,0.14131368937998773,True
20,3,37,60,25,0.0238,0,0,0.005,0.025,7929,0,0,0.1444066086517846,True
20,3,38,60,25,0.0238,0,0,0.005,0.025,7816,0,0,0.14636642784032752,True
20,3,39,60,25,0.0238,0,0,0.005,0.025,7700,0,0,0.1494805194805195,True
20,3,40,60,25,0.0238,0,0,0.005,0.025,7588,0,0,0.15274117026884554,True
20,3,41,60,25,0.0238,0,0,0.005,0.025,7809,0,0,0.17671917018824435,True
20,3,42,60,25,0.0238,0,0,0.005,0.025,7774,0,0,0.17802932853100079,True
20,3,43,60,25,0.0238,0,0,0.005,0.025,7728,0,0,0.1792184265010352,True
20,3,44,60,25,0.0238,0,0,0.005,0.025,7678,0,0,0.1822089085699401,True
20,3,45,60,25,0.0238,0,0,0.005,0.025,7627,0,0,0.18473842926445522,True
20,3,46,60,25,0.0238,0,0,0.005,0.025,7381,0,0,0.1777536919116651,True
20,3,47,60,25,0.0238,0,0,0.005,0.025,7309,0,0,0.18018880831851142,True
20,3,48,60,25,0.0238,0,0,0.005,0.025,7232,0,0,0.18155420353982302,True
20,3,49,60,25,0.0238,0,0,0.005,0.025,7142,0,0,0.18314197703724447,True
20,3,50,60,25,0.0238,0,0,0.005,0.025,7068,0,0,0.1867572156196944,True
20,3,51,60,25,0.0238,0,0,0.005,0.025,6981,0,0,0.18865492049849591,True
20,3,52,60,25,0.0238,0,0,0.005,0.025,6906,0,0,0.1914277439907327,True
20,4,1,60,25,0.0238,0,0,0.005,0.025,6811,0,0,0.1929232124504478,True
20,4,2,60,25,0.0238,0,0,0.005,0.025,6710,0,0,0.19582712369597616,True
20,4,3,60,25,0.0238,0,0,0.005,0.025,6626,0,0,0.19770600664050708,True
20,4,4,60,25,0.0238,0,0,0.005,0.025,6543,0,0,0.20006113403637474,True
20,4,5,60,25,0.0238,0,0,0.005,0.025,6457,0,0,0.20288059470342265,True
20,4,6,60,25,0.0238,0,0,0.005,0.025,6366,0,0,0.20452403393025448,True
20,4,7,60,25,0.0238,0,0,0.005,0.025,6278,0,0,0.20611659764256132,True
20,4,8,60,25,0.0238,0,0,0.005,0.025,6200,0,0,0.20725806451612902,True
20,4,9,60,25,0.0238,0,0,0.005,0.025,6112,0,0,0.21040575916230367,True
20,4,10,60,25,0.0238,0,0,0.005,0.025,6021,0,0,0.2130875269888723,True
20,4,11,60,25,0.0238,0,0,0.005,0.025,5953,0,0,0.21501763816563077,True
20,4,12,60,25,0.0238,0,0,0.005,0.025,5884,0,0,0.21549966009517335,True
20,4,13,60,25,0.0238,0,0,0.005,0.025,5814,0,0,0.21671826625386997,True
20,4,14,60,25,0.0238,0,0,0.005,0.025,5734,0,0,0.21991628880362749,True
20,4,15,60,25,0.0238,0,0,0.005,0.025,5693,0,0,0.22150008782715616,True
20,4,16,60,25,0.0238,0,0,0.005,0.025,5606,0,0,0.2233321441312879,True
20,4,17,60,25,0.0238,0,0,0.005,0.025,5529,0,0,0.2268041237113402,True
20,4,18,60,25,0.0238,0,0,0.005,0.025,12104,0,0,0.1043456708526107,True
20,4,19,60,25,0.0238,0,0,0.005,0.025,11828,0,0,0.10745688197497463,True
20,4,20,60,25,0.0238,0,0,0.005,0.025,11565,0,0,0.11041936878512754,True
20,4,21,60,25,0.0238,0,0,0.005,0.025,11274,0,0,0.11318076991307432,True
20,4,22,60,25,0.0238,0,0,0.005,0.025,10995,0,0,0.11705320600272852,True
20,4,23,60,25,0.0238,0,0,0.005,0.025,10746,0,0,0.12023078354736647,True
20,4,24,60,25,0.0238,0,0,0.005,0.025,10523,0,0,0.12410909436472489,True
20,4,25,60,25,0.0238,0,0,0.005,0.025,10264,0,0,0.12753312548713952,True
20,4,26,60,25,0.0238,0,0,0.005,0.025,10001,0,0,0.13018698130186981,True
20,4,27,60,25,0.0238,0,0,0.005,0.025,9770,0,0,0.13367451381780962,True
20,4,28,60,25,0.0238,0,0,0.005,0.025,9522,0,0,0.13663095988237764,True
20,4,29,60,25,0.0238,0,0,0.005,0.025,9278,0,0,0.13968527699935332,True
20,4,30,60,25,0.0238,0,0,0.005,0.025,9048,0,0,0.14323607427055704,True
20,4,31,60,25,0.0238,0,0,0.005,0.025,8860,0,0,0.14762979683972913,True
20,4,32,60,25,0.0238,0,0,0.005,0.025,8669,0,0,0.14938285846118352,True
20,4,33,60,25,0.0238,0,0,0.005,0.025,8502,0,0,0.1509056692542931,True
20,4,34,60,25,0.0238,0,0,0.005,0.025,8352,0,0,0.1533764367816092,True
20,4,35,60,25,0.0238,0,0,0.005,0.025,8178,0,0,0.15627292736610418,True
20,4,36,60,25,0.0238,0,0,0.005,0.025,8033,0,0,0.15946719780903773,True
20,4,37,60,25,0.0238,0,0,0.005,0.025,7881,0,0,0.16381169902296663,True
20,4,38,60,25,0.0238,0,0,0.005,0.025,7769,0,0,0.16694555283820312,True
20,4,39,60,25,0.0238,0,0,0.005,0.025,7663,0,0,0.1688633694375571,True
20,4,40,60,25,0.0238,0,0,0.005,0.025,7560,0,0,0.1712962962962963,True
20,4,41,60,25,0.0238,0,0,0.005,0.025,7831,0,0,0.1967820201762227,True
20,4,42,60,25,0.0238,0,0,0.005,0.025,7762,0,0,0.199046637464571,True
20,4,43,60,25,0.0238,0,0,0.005,0.025,7730,0,0,0.2040103492884864,True
20,4,44,60,25,0.0238,0,0,0.005,0.025,7654,0,0,0.20433760125424616,True
20,4,45,60,25,0.0238,0,0,0.005,0.025,7607,0,0,0.20612593663730774,True
20,4,46,60,25,0.0238,0,0,0.005,0.025,7402,0,0,0.19778438259929748,True
20,4,47,60,25,0.0238,0,0,0.005,0.025,7330,0,0,0.19931787175989085,True
20,4,48,60,25,0.0238,0,0,0.005,0.025,7237,0,0,0.19897747685505043,True
20,4,49,60,25,0.0238,0,0,0.005,0.025,7158,0,0,0.19921765856384466,True
20,4,50,60,25,0.0238,0,0,0.005,0.025,7071,0,0,0.2018102107198416,True
20,4,51,60,25,0.0238,0,0,0.005,0.025,6982,0,0,0.2036665711830421,True
20,4,52,60,25,0.0238,0,0,0.005,0.025,6889,0,0,0.2075772971403687,True
20,5,1,60,25,0.0238,0,0,0.005,0.025,6789,0,0,0.2101929591987038,True
20,5,2,60,25,0.0238,0,0,0.005,0.025,6700,0,0,0.21298507462686567,True
20,5,3,60,25,0.0238,0,0,0.005,0.025,6612,0,0,0.2150635208711434,True
20,5,4,60,25,0.0238,0,0,0.005,0.025,6536,0,0,0.21756425948592412,True
20,5,5,60,25,0.0238,0,0,0.005,0.025,6448,0,0,0.2178970223325062,True
20,5,6,60,25,0.0238,0,0,0.005,0.025,6370,0,0,0.22025117739403455,True
20,5,7,60,25,0.0238,0,0,0.005,0.025,6303,0,0,0.22275107091861018,True
20,5,8,60,25,0.0238,0,0,0.005,0.025,6232,0,0,0.22593068035943517,True
20,5,9,60,25,0.0238,0,0,0.005,0.025,6147,0,0,0.22791605661298195,True
20,5,10,60,25,0.0238,0,0,0.005,0.025,6073,0,0,0.2305285690762391,True
20,5,11,60,25,0.0238,0,0,0.005,0.025,5990,0,0,0.2313856427378965,True
20,5,12,60,25,0.0238,0,0,0.005,0.025,5902,0,0,0.232802439850898,True
20,5,13,60,25,0.0238,0,0,0.005,0.025,5831,0,0,0.23512262047676213,True
20,5,14,60,25,0.0238,0,0,0.005,0.025,5746,0,0,0.23720849286460147,True
20,5,15,60,25,0.0238,0,0,0.005,0.025,5678,0,0,0.24022543148996126,True
20,5,16,60,25,0.0238,0,0,0.005,0.025,5604,0,0,0.243576017130621,True
20,5,17,60,25,0.0238,0,0,0.005,0.025,5538,0,0,0.24575659082701337,True
20,5,18,60,25,0.0238,0,0,0.005,0.025,12282,0,0,0.11235955056179775,True
20,5,19,60,25,0.0238,0,0,0.005,0.025,12001,0,0,0.11407382718106825,True
20,5,20,60,25,0.0238,0,0,0.005,0.025,11692,0,0,0.11751625042764283,True
20,5,21,60,25,0.0238,0,0,0.005,0.025,11376,0,0,0.12069268635724333,True
20,5,22,60,25,0.0238,0,0,0.005,0.025,11072,0,0,0.1241871387283237,True
20,5,23,60,25,0.0238,0,0,0.005,0.025,10767,0,0,0.12816940651992198,True
20,5,24,60,25,0.0238,0,0,0.005,0.025,10514,0,0,0.13220467947498574,True
20,5,25,60,25,0.0238,0,0,0.005,0.025,10277,0,0,0.13544808796341345,True
20,5,26,60,25,0.0238,0,0,0.005,0.025,10001,0,0,0.13888611138886112,True
20,5,27,60,25,0.0238,0,0,0.005,0.025,9755,0,0,0.14372116863147105,True
20,5,28,60,25,0.0238,0,0,0.005,0.025,9555,0,0,0.14735740450026164,True
20,5,29,60,25,0.0238,0,0,0.005,0.025,9340,0,0,0.15,True
20,5,30,60,25,0.0238,0,0,0.005,0.025,9143,0,0,0.15323198075030078,True
20,5,31,60,25,0.0238,0,0,0.005,0.025,8944,0,0,0.15597048300536673,True
20,5,32,60,25,0.0238,0,0,0.005,0.025,8761,0,0,0.1593425408058441,True
20,5,33,60,25,0.0238,0,0,0.005,0.025,8530,0,0,0.1626025791324736,True
20,5,34,60,25,0.0238,0,0,0.005,0.025,8342,0,0,0.1647087029489331,True
20,5,35,60,25,0.0238,0,0,0.005,0.025,8162,0,0,0.16711590296495957,True
20,5,36,60,25,0.0238,0,0,0.005,0.025,7991,0,0,0.1705668877487173,True
20,5,37,60,25,0.0238,0,0,0.005,0.025,7821,0,0,0.17440225035161744,True
20,5,38,60,25,0.0238,0,0,0.005,0.025,7695,0,0,0.17738791423001948,True
20,5,39,60,25,0.0238,0,0,0.005,0.025,7575,0,0,0.18033003300330033,True
20,5,40,60,25,0.0238,0,0,0.005,0.025,7461,0,0,0.18348746816780592,True
20,5,41,60,25,0.0238,0,0,0.005,0.025,7694,0,0,0.20600467897062646,True
20,5,42,60,25,0.0238,0,0,0.005,0.025,7647,0,0,0.21106316202432326,True
20,5,43,60,25,0.0238,0,0,0.005,0.025,7621,0,0,0.21191444692297598,True
20,5,44,60,25,0.0238,0,0,0.005,0.025,7563,0,0,0.21525849530609548,True
20,5,45,60,25,0.0238,0,0,0.005,0.025,7509,0,0,0.21946996937008922,True
20,5,46,60,25,0.0238,0,0,0.005,0.025,7281,0,0,0.21013597033374537,True
20,5,47,60,25,0.0238,0,0,0.005,0.025,7190,0,0,0.2122392211404729,True
20,5,48,60,25,0.0238,0,0,0.005,0.025,7099,0,0,0.2142555289477391,True
20,5,49,60,25,0.0238,0,0,0.005,0.025,7032,0,0,0.2164391353811149,True
20,5,50,60,25,0.0238,0,0,0.005,0.025,6950,0,0,0.219568345323741,True
20,5,51,60,25,0.0238,0,0,0.005,0.025,6883,0,0,0.22315850646520413,True
20,5,52,60,25,0.0238,0,0,0.005,0.025,6802,0,0,0.22596295207291972,True
20,6,1,60,25,0.0238,0,0,0.005,0.025,6729,0,0,0.22900876801902215,True
20,6,2,60,25,0.0238,0,0,0.005,0.025,6658,0,0,0.2320516671673175,True
20,6,3,60,25,0.0238,0,0,0.005,0.025,6572,0,0,0.23371880706025563,True
20,6,4,60,25,0.0238,0,0,0.005,0.025,6478,0,0,0.23618400740969436,True
20,6,5,60,25,0.0238,0,0,0.005,0.025,6408,0,0,0.23876404494382023,True
20,6,6,60,25,0.0238,0,0,0.005,0.025,6296,0,0,0.24158195679796696,True
20,6,7,60,25,0.0238,0,0,0.005,0.025,6220,0,0,0.24308681672025723,True
20,6,8,60,25,0.0238,0,0,0.005,0.025,6139,0,0,0.24580550578270077,True
20,6,9,60,25,0.0238,0,0,0.005,0.025,6054,0,0,0.24909150974562272,True
20,6,10,60,25,0.0238,0,0,0.005,0.025,5988,0,0,0.2511690046760187,True
20,6,11,60,25,0.0238,0,0,0.005,0.025,5916,0,0,0.2542258282623394,True
20,6,12,60,25,0.0238,0,0,0.005,0.025,5854,0,0,0.25555175948069697,True
20,6,13,60,25,0.0238,0,0,0.005,0.025,5769,0,0,0.2572369561449125,True
20,6,14,60,25,0.0238,0,0,0.005,0.025,5699,0,0,0.2588173363748026,True
20,6,15,60,25,0.0238,0,0,0.005,0.025,5619,0,0,0.2610784837159637,True
20,6,16,60,25,0.0238,0,0,0.005,0.025,5561,0,0,0.2632620032368279,True
20,6,17,60,25,0.0238,0,0,0.005,0.025,5485,0,0,0.2656335460346399,True
20,6,18,60,25,0.0238,0,0,0.005,0.025,12488,0,0,0.11763292761050609,True
20,6,19,60,25,0.0238,0,0,0.005,0.025,12268,0,0,0.12047603521356375,True
20,6,20,60,25,0.0238,0,0,0.005,0.025,12013,0,0,0.12286689419795221,True
20,6,21,60,25,0.0238,0,0,0.005,0.025,11738,0,0,0.12608621570966094,True
20,6,22,60,25,0.0238,0,0,0.005,0.025,11453,0,0,0.12904915742600193,True
20,6,23,60,25,0.0238,0,0,0.005,0.025,11181,0,0,0.1326357213129416,True
20,6,24,60,25,0.0238,0,0,0.005,0.025,10868,0,0,0.13709974236290026,True
20,6,25,60,25,0.0238,0,0,0.005,0.025,10547,0,0,0.14022944913245472,True
20,6,26,60,25,0.0238,0,0,0.005,0.025,10263,0,0,0.14323297281496639,True
20,6,27,60,25,0.0238,0,0,0.005,0.025,9972,0,0,0.146911351784998,True
20,6,28,60,25,0.0238,0,0,0.005,0.025,9711,0,0,0.15013901760889714,True
20,6,29,60,25,0.0238,0,0,0.005,0.025,9491,0,0,0.1548835739121273,True
20,6,30,60,25,0.0238,0,0,0.005,0.025,9282,0,0,0.1581555699202758,True
20,6,31,60,25,0.0238,0,0,0.005,0.025,9061,0,0,0.1619026597505794,True
20,6,32,60,25,0.0238,0,0,0.005,0.025,8879,0,0,0.16544655929721816,True
20,6,33,60,25,0.0238,0,0,0.005,0.025,8665,0,0,0.16849394114252741,True
20,6,34,60,25,0.0238,0,0,0.005,0.025,8468,0,0,0.17229570146433631,True
20,6,35,60,25,0.0238,0,0,0.005,0.025,8260,0,0,0.17699757869249394,True
20,6,36,60,25,0.0238,0,0,0.005,0.025,8086,0,0,0.1811773435567648,True
20,6,37,60,25,0.0238,0,0,0.005,0.025,7896,0,0,0.18528368794326242,True
20,6,38,60,25,0.0238,0,0,0.005,0.025,7793,0,0,0.18824586167073015,True
20,6,39,60,25,0.0238,0,0,0.005,0.025,7676,0,0,0.1905940594059406,True
20,6,40,60,25,0.0238,0,0,0.005,0.025,7575,0,0,0.19247524752475248,True
20,6,41,60,25,0.0238,0,0,0.005,0.025,7796,0,0,0.2129297075423294,True
20,6,42,60,25,0.0238,0,0,0.005,0.025,7756,0,0,0.2181536874677669,True
20,6,43,60,25,0.0238,0,0,0.005,0.025,7677,0,0,0.22026833398462942,True
20,6,44,60,25,0.0238,0,0,0.005,0.025,7639,0,0,0.22437491818300825,True
20,6,45,60,25,0.0238,0,0,0.005,0.025,7586,0,0,0.22752438702873715,True
20,6,46,60,25,0.0238,0,0,0.005,0.025,7380,0,0,0.22181571815718157,True
20,6,47,60,25,0.0238,0,0,0.005,0.025,7293,0,0,0.2219936925819279,True
20,6,48,60,25,0.0238,0,0,0.005,0.025,7218,0,0,0.22360764754779716,True
20,6,49,60,25,0.0238,0,0,0.005,0.025,7153,0,0,0.22535998881588146,True
20,6,50,60,25,0.0238,0,0,0.005,0.025,7048,0,0,0.22800794551645856,True
20,6,51,60,25,0.0238,0,0,0.005,0.025,6973,0,0,0.2304603470529184,True
20,6,52,60,25,0.0238,0,0,0.005,0.025,6879,0,0,0.2324465765372874,True
20,7,1,60,25,0.0238,0,0,0.005,0.025,6796,0,0,0.2341082989994114,True
20,7,2,60,25,0.0238,0,0,0.005,0.025,6713,0,0,0.23744972441531356,True
20,7,3,60,25,0.0238,0,0,0.005,0.025,6645,0,0,0.23912716328066216,True
20,7,4,60,25,0.0238,0,0,0.005,0.025,6555,0,0,0.24241037376048818,True
20,7,5,60,25,0.0238,0,0,0.005,0.025,6482,0,0,0.24560320888614626,True
20,7,6,60,25,0.0238,0,0,0.005,0.025,6398,0,0,0.24788996561425444,True
20,7,7,60,25,0.0238,0,0,0.005,0.025,6327,0,0,0.25130393551446184,True
20,7,8,60,25,0.0238,0,0,0.005,0.025,6242,0,0,0.2534444088433194,True
20,7,9,60,25,0.0238,0,0,0.005,0.025,6164,0,0,0.2561648280337443,True
20,7,10,60,25,0.0238,0,0,0.005,0.025,6078,0,0,0.2581441263573544,True
20,7,11,60,25,0.0238,0,0,0.005,0.025,6003,0,0,0.2617024820922872,True
20,7,12,60,25,0.0238,0,0,0.005,0.025,5926,0,0,0.2642591967600405,True
20,7,13,60,25,0.0238,0,0,0.005,0.025,5864,0,0,0.2684174624829468,True
20,7,14,60,25,0.0238,0,0,0.005,0.025,5786,0,0,0.2690978223297615,True
20,7,15,60,25,0.0238,0,0,0.005,0.025,5727,0,0,0.2723939235201676,True
20,7,16,60,25,0.0238,0,0,0.005,0.025,5659,0,0,0.275490369323202,True
20,7,17,60,25,0.0238,0,0,0.005,0.025,5576,0,0,0.2776183644189383,True
20,7,18,60,25,0.0238,0,0,0.005,0.025,12220,0,0,0.12659574468085105,True
20,7,19,60,25,0.0238,0,0,0.005,0.025,12007,0,0,0.12984092612642625,True
20,7,20,60,25,0.0238,0,0,0.005,0.025,11719,0,0,0.13328782319310523,True
20,7,21,60,25,0.0238,0,0,0.005,0.025,11449,0,0,0.13643112935627566,True
20,7,22,60,25,0.0238,0,0,0.005,0.025,11211,0,0,0.1395950405851396,True
20,7,23,60,25,0.0238,0,0,0.005,0.025,10940,0,0,0.14323583180987204,True
20,7,24,60,25,0.0238,0,0,0.005,0.025,10713,0,0,0.14673760851302156,True
20,7,25,60,25,0.0238,0,0,0.005,0.025,10492,0,0,0.14916126572626764,True
20,7,26,60,25,0.0238,0,0,0.005,0.025,10262,0,0,0.15338140713311246,True
20,7,27,60,25,0.0238,0,0,0.005,0.025,10058,0,0,0.15679061443626963,True
20,7,28,60,25,0.0238,0,0,0.005,0.025,9829,0,0,0.16064706480822058,True
20,7,29,60,25,0.0238,0,0,0.005,0.025,9604,0,0,0.16347355268638067,True
20,7,30,60,25,0.0238,0,0,0.005,0.025,9367,0,0,0.16664887370556208,True
20,7,31,60,25,0.0238,0,0,0.005,0.025,9156,0,0,0.16994320664045434,True
20,7,32,60,25,0.0238,0,0,0.005,0.025,8913,0,0,0.1723325479636486,True
20,7,33,60,25,0.0238,0,0,0.005,0.025,8743,0,0,0.17522589500171565,True
20,7,34,60,25,0.0238,0,0,0.005,0.025,8589,0,0,0.17755268366515312,True
20,7,35,60,25,0.0238,0,0,0.005,0.025,8428,0,0,0.18106312292358803,True
20,7,36,60,25,0.0238,0,0,0.005,0.025,8268,0,0,0.18541364296081278,True
20,7,37,60,25,0.0238,0,0,0.005,0.025,8100,0,0,0.18814814814814815,True
20,7,38,60,25,0.0238,0,0,0.005,0.025,7991,0,0,0.191840820923539,True
20,7,39,60,25,0.0238,0,0,0.005,0.025,7891,0,0,0.1964263084526676,True
20,7,40,60,25,0.0238,0,0,0.005,0.025,7776,0,0,0.19958847736625515,True
20,7,41,60,25,0.0238,0,0,0.005,0.025,7975,0,0,0.22219435736677115,True
20,7,42,60,25,0.0238,0,0,0.005,0.025,7936,0,0,0.22341229838709678,True
20,7,43,60,25,0.0238,0,0,0.005,0.025,7836,0,0,0.22677386421643697,True
20,7,44,60,25,0.0238,0,0,0.005,0.025,7822,0,0,0.2320378419841473,True
20,7,45,60,25,0.0238,0,0,0.005,0.025,7746,0,0,0.23547637490317583,True
20,7,46,60,25,0.0238,0,0,0.005,0.025,7574,0,0,0.2309215738051228,True
20,7,47,60,25,0.0238,0,0,0.005,0.025,7505,0,0,0.23277814790139906,True
20,7,48,60,25,0.0238,0,0,0.005,0.025,7453,0,0,0.2356098215483698,True
20,7,49,60,25,0.0238,0,0,0.005,0.025,7401,0,0,0.23753546817997567,True
20,7,50,60,25,0.0238,0,0,0.005,0.025,7314,0,0,0.24077112387202626,True
20,7,51,60,25,0.0238,0,0,0.005,0.025,7241,0,0,0.24499378538875846,True
20,7,52,60,25,0.0238,0,0,0.005,0.025,7143,0,0,0.24709505809883803,True
20,8,1,60,25,0.0238,0,0,0.005,0.025,7089,0,0,0.25151643391169415,True
20,8,2,60,25,0.0238,0,0,0.005,0.025,7024,0,0,0.2539863325740319,True
20,8,3,60,25,0.0238,0,0,0.005,0.025,6970,0,0,0.25724533715925396,True
20,8,4,60,25,0.0238,0,0,0.005,0.025,6899,0,0,0.26250181185679083,True
20,8,5,60,25,0.0238,0,0,0.005,0.025,6843,0,0,0.26654975887768523,True
20,8,6,60,25,0.0238,0,0,0.005,0.025,6763,0,0,0.26807629750110895,True
20,8,7,60,25,0.0238,0,0,0.005,0.025,6674,0,0,0.2704525022475277,True
20,8,8,60,25,0.0238,0,0,0.005,0.025,6611,0,0,0.274391166238088,True
20,8,9,60,25,0.0238,0,0,0.005,0.025,6539,0,0,0.2775653769689555,True
20,8,10,60,25,0.0238,0,0,0.005,0.025,6490,0,0,0.28135593220338984,True
20,8,11,60,25,0.0238,0,0,0.005,0.025,6415,0,0,0.284489477786438,True
20,8,12,60,25,0.0238,0,0,0.005,0.025,6322,0,0,0.28677633660234103,True
20,8,13,60,25,0.0238,0,0,0.005,0.025,6241,0,0,0.2898573946482935,True
20,8,14,60,25,0.0238,0,0,0.005,0.025,6144,0,0,0.2921549479166667,True
20,8,15,60,25,0.0238,0,0,0.005,0.025,6077,0,0,0.29603422741484287,True
20,8,16,60,25,0.0238,0,0,0.005,0.025,6009,0,0,0.29871858878349145,True
20,8,17,60,25,0.0238,0,0,0.005,0.025,5937,0,0,0.30469934310257707,True
20,8,18,60,25,0.0238,0,0,0.005,0.025,13558,0,0,0.13409057383094852,True
20,8,19,60,25,0.0238,0,0,0.005,0.025,13311,0,0,0.13710465028923446,True
20,8,20,60,25,0.0238,0,0,0.005,0.025,13076,0,0,0.14079229122055675,True
20,8,21,60,25,0.0238,0,0,0.005,0.025,12803,0,0,0.14402874326329768,True
20,8,22,60,25,0.0238,0,0,0.005,0.025,12474,0,0,0.14766714766714767,True
20,8,23,60,25,0.0238,0,0,0.005,0.025,12230,0,0,0.151676206050695,True
20,8,24,60,25,0.0238,0,0,0.005,0.025,12004,0,0,0.15478173942019327,True
20,8,25,60,25,0.0238,0,0,0.005,0.025,11733,0,0,0.1594647575215205,True
20,8,26,60,25,0.0238,0,0,0.005,0.025,11486,0,0,0.1639387079923385,True
20,8,27,60,25,0.0238,0,0,0.005,0.025,11270,0,0,0.16770186335403728,True
20,8,28,60,25,0.0238,0,0,0.005,0.025,11052,0,0,0.17100977198697068,True
20,8,29,60,25,0.0238,0,0,0.005,0.025,10807,0,0,0.17405385398352918,True
20,8,30,60,25,0.0238,0,0,0.005,0.025,10614,0,0,0.17712455247785944,True
20,8,31,60,25,0.0238,0,0,0.005,0.025,10417,0,0,0.1804742248248056,True
20,8,32,60,25,0.0238,0,0,0.005,0.025,10175,0,0,0.18447174447174447,True
20,8,33,60,25,0.0238,0,0,0.005,0.025,9947,0,0,0.1893033075299085,True
20,8,34,60,25,0.0238,0,0,0.005,0.025,9778,0,0,0.19196154632849252,True
20,8,35,60,25,0.0238,0,0,0.005,0.025,9592,0,0,0.19610091743119265,True
20,8,36,60,25,0.0238,0,0,0.005,0.025,9449,0,0,0.20107947930997988,True
20,8,37,60,25,0.0238,0,0,0.005,0.025,9270,0,0,0.20388349514563106,True
20,8,38,60,25,0.0238,0,0,0.005,0.025,9118,0,0,0.20640491335819258,True
20,8,39,60,25,0.0238,0,0,0.005,0.025,8976,0,0,0.21111853832442068,True
20,8,40,60,25,0.0238,0,0,0.005,0.025,8843,0,0,0.21451995928983378,True
20,8,41,60,25,0.0238,0,0,0.005,0.025,8902,0,0,0.22871264884295664,True
20,8,42,60,25,0.0238,0,0,0.005,0.025,8793,0,0,0.2326850904128284,True
20,8,43,60,25,0.0238,0,0,0.005,0.025,8736,0,0,0.2361492673992674,True
20,8,44,60,25,0.0238,0,0,0.005,0.025,8668,0,0,0.23569450853714813,True
20,8,45,60,25,0.0238,0,0,0.005,0.025,8607,0,0,0.23817822702451494,True
20,8,46,60,25,0.0238,0,0,0.005,0.025,8452,0,0,0.23497397065783246,True
20,8,47,60,25,0.0238,0,0,0.005,0.025,8381,0,0,0.23660661018971482,True
20,8,48,60,25,0.0238,0,0,0.005,0.025,8311,0,0,0.24040428347972567,True
20,8,49,60,25,0.0238,0,0,0.005,0.025,8248,0,0,0.24442289039767218,True
20,8,50,60,25,0.0238,0,0,0.005,0.025,8157,0,0,0.24800784602182174,True
20,8,51,60,25,0.0238,0,0,0.005,0.025,8098,0,0,0.2508026673252655,True
20,8,52,60,25,0.0238,0,0,0.005,0.025,7997,0,0,0.25572089533575093,True
20,9,1,60,25,0.0238,0,0,0.005,0.025,7899,0,0,0.2580073427016078,True
20,9,2,60,25,0.0238,0,0,0.005,0.025,7830,0,0,0.2632183908045977,True
20,9,3,60,25,0.0238,0,0,0.005,0.025,7740,0,0,0.2648578811369509,True
20,9,4,60,25,0.0238,0,0,0.005,0.025,7654,0,0,0.2703161745492553,True
20,9,5,60,25,0.0238,0,0,0.005,0.025,7551,0,0,0.27320884651039595,True
20,9,6,60,25,0.0238,0,0,0.005,0.025,7496,0,0,0.27748132337246534,True
20,9,7,60,25,0.0238,0,0,0.005,0.025,7420,0,0,0.28086253369272235,True
20,9,8,60,25,0.0238,0,0,0.005,0.025,7337,0,0,0.2843123892599155,True
20,9,9,60,25,0.0238,0,0,0.005,0.025,7264,0,0,0.287307268722467,True
20,9,10,60,25,0.0238,0,0,0.005,0.025,7186,0,0,0.2897300306150849,True
20,9,11,60,25,0.0238,0,0,0.005,0.025,7088,0,0,0.2909142212189616,True
20,9,12,60,25,0.0238,0,0,0.005,0.025,7027,0,0,0.29386651487121107,True
20,9,13,60,25,0.0238,0,0,0.005,0.025,6936,0,0,0.29700115340253747,True
20,9,14,60,25,0.0238,0,0,0.005,0.025,6863,0,0,0.2995774442663558,True
20,9,15,60,25,0.0238,0,0,0.005,0.025,6798,0,0,0.30126507796410706,True
20,9,16,60,25,0.0238,0,0,0.005,0.025,6732,0,0,0.30436720142602497,True
20,9,17,60,25,0.0238,0,0,0.005,0.025,6648,0,0,0.30610709987966306,True
20,9,18,60,25,0.0238,0,0,0.005,0.025,14187,0,0,0.13054204553464438,True
20,9,19,60,25,0.0238,0,0,0.005,0.025,13953,0,0,0.1336630115387372,True
20,9,20,60,25,0.0238,0,0,0.005,0.025,13657,0,0,0.13663322838105002,True
20,9,21,60,25,0.0238,0,0,0.005,0.025,13338,0,0,0.14125056230319388,True
20,9,22,60,25,0.0238,0,0,0.005,0.025,13001,0,0,0.14575801861395277,True
20,9,23,60,25,0.0238,0,0,0.005,0.025,12662,0,0,0.15116095403569738,True
20,9,24,60,25,0.0238,0,0,0.005,0.025,12409,0,0,0.15448464823918123,True
20,9,25,60,25,0.0238,0,0,0.005,0.025,12119,0,0,0.15702615727370245,True
20,9,26,60,25,0.0238,0,0,0.005,0.025,11885,0,0,0.16028607488430796,True
20,9,27,60,25,0.0238,0,0,0.005,0.025,11621,0,0,0.16349711728766889,True
20,9,28,60,25,0.0238,0,0,0.005,0.025,11358,0,0,0.16684275400598697,True
20,9,29,60,25,0.0238,0,0,0.005,0.025,11111,0,0,0.17082170821708217,True
20,9,30,60,25,0.0238,0,0,0.005,0.025,10883,0,0,0.1750436460534779,True
20,9,31,60,25,0.0238,0,0,0.005,0.025,10697,0,0,0.17780686173693558,True
20,9,32,60,25,0.0238,0,0,0.005,0.025,10488,0,0,0.18182684973302823,True
20,9,33,60,25,0.0238,0,0,0.005,0.025,10283,0,0,0.18535446854030924,True
20,9,34,60,25,0.0238,0,0,0.005,0.025,10065,0,0,0.18877297565822157,True
20,9,35,60,25,0.0238,0,0,0.005,0.025,9888,0,0,0.19245550161812297,True
20,9,36,60,25,0.0238,0,0,0.005,0.025,9694,0,0,0.19744171652568598,True
20,9,37,60,25,0.0238,0,0,0.005,0.025,9491,0,0,0.20092719418396376,True
20,9,38,60,25,0.0238,0,0,0.005,0.025,9336,0,0,0.2036203941730934,True
20,9,39,60,25,0.0238,0,0,0.005,0.025,9210,0,0,0.20640608034744842,True
20,9,40,60,25,0.0238,0,0,0.005,0.025,9083,0,0,0.21039304194649344,True
20,9,41,60,25,0.0238,0,0,0.005,0.025,9089,0,0,0.22224667180107824,True
20,9,42,60,25,0.0238,0,0,0.005,0.025,9001,0,0,0.22541939784468393,True
20,9,43,60,25,0.0238,0,0,0.005,0.025,8922,0,0,0.22831203765971755,True
20,9,44,60,25,0.0238,0,0,0.005,0.025,8815,0,0,0.22960862166761203,True
20,9,45,60,25,0.0238,0,0,0.005,0.025,8765,0,0,0.23171705647461494,True
20,9,46,60,25,0.0238,0,0,0.005,0.025,8612,0,0,0.22805387830933582,True
20,9,47,60,25,0.0238,0,0,0.005,0.025,8540,0,0,0.22962529274004684,True
20,9,48,60,25,0.0238,0,0,0.005,0.025,8480,0,0,0.2338443396226415,True
20,9,49,60,25,0.0238,0,0,0.005,0.025,8396,0,0,0.2374940447832301,True
20,9,50,60,25,0.0238,0,0,0.005,0.025,8321,0,0,0.24071626006489605,True
20,9,51,60,25,0.0238,0,0,0.005,0.025,8221,0,0,0.24315776669504927,True
20,9,52,60,25,0.0238,0,0,0.005,0.025,8137,0,0,0.24566793658596534,True
20,10,1,60,25,0.0238,0,0,0.005,0.025,8063,0,0,0.2485427260324941,True
20,10,2,60,25,0.0238,0,0,0.005,0.025,7979,0,0,0.25053264820152904,True
20,10,3,60,25,0.0238,0,0,0.005,0.025,7903,0,0,0.2538276603821334,True
20,10,4,60,25,0.0238,0,0,0.005,0.025,7801,0,0,0.25791565183950776,True
20,10,5,60,25,0.0238,0,0,0.005,0.025,7705,0,0,0.25944192083062945,True
20,10,6,60,25,0.0238,0,0,0.005,0.025,7630,0,0,0.26277850589777196,True
20,10,7,60,25,0.0238,0,0,0.005,0.025,7541,0,0,0.2637581222649516,True
20,10,8,60,25,0.0238,0,0,0.005,0.025,7443,0,0,0.26696224640601907,True
20,10,9,60,25,0.0238,0,0,0.005,0.025,7346,0,0,0.26953444051184317,True
20,10,10,60,25,0.0238,0,0,0.005,0.025,7267,0,0,0.27218934911242604,True
20,10,11,60,25,0.0238,0,0,0.005,0.025,7169,0,0,0.27535221090807643,True
20,10,12,60,25,0.0238,0,0,0.005,0.025,7084,0,0,0.27752682100508186,True
20,10,13,60,25,0.0238,0,0,0.005,0.025,7014,0,0,0.2797262617621899,True
20,10,14,60,25,0.0238,0,0,0.005,0.025,6935,0,0,0.28262436914203315,True
20,10,15,60,25,0.0238,0,0,0.005,0.025,6855,0,0,0.2856309263311452,True
20,10,16,60,25,0.0238,0,0,0.005,0.025,6771,0,0,0.2882882882882883,True
20,10,17,60,25,0.0238,0,0,0.005,0.025,6700,0,0,0.2902985074626866,True
20,10,18,60,25,0.0238,0,0,0.005,0.025,14607,0,0,0.12418703361402067,True
20,10,19,60,25,0.0238,0,0,0.005,0.025,14368,0,0,0.12792316258351893,True
20,10,20,60,25,0.0238,0,0,0.005,0.025,14062,0,0,0.13184468781112219,True
20,10,21,60,25,0.0238,0,0,0.005,0.025,13714,0,0,0.13540907102231298,True
20,10,22,60,25,0.0238,0,0,0.005,0.025,13400,0,0,0.1391044776119403,True
20,10,23,60,25,0.0238,0,0,0.005,0.025,13116,0,0,0.14196401341872522,True
20,10,24,60,25,0.0238,0,0,0.005,0.025,12761,0,0,0.1463051484993339,True
20,10,25,60,25,0.0238,0,0,0.005,0.025,12503,0,0,0.1496440854194993,True
20,10,26,60,25,0.0238,0,0,0.005,0.025,12260,0,0,0.15228384991843394,True
20,10,27,60,25,0.0238,0,0,0.005,0.025,11994,0,0,0.15607803901950976,True
20,10,28,60,25,0.0238,0,0,0.005,0.025,11729,0,0,0.15977491687270867,True
20,10,29,60,25,0.0238,0,0,0.005,0.025,11489,0,0,0.16259030376882236,True
20,10,30,60,25,0.0238,0,0,0.005,0.025,11277,0,0,0.16662232863350182,True
20,10,31,60,25,0.0238,0,0,0.005,0.025,11065,0,0,0.1701762313601446,True
20,10,32,60,25,0.0238,0,0,0.005,0.025,10823,0,0,0.17388894021990206,True
20,10,33,60,25,0.0238,0,0,0.005,0.025,10588,0,0,0.1775595013222516,True
20,10,34,60,25,0.0238,0,0,0.005,0.025,10367,0,0,0.18124819137648307,True
20,10,35,60,25,0.0238,0,0,0.005,0.025,10194,0,0,0.1847164999019031,True
20,10,36,60,25,0.0238,0,0,0.005,0.025,10023,0,0,0.18836675646014167,True
20,10,37,60,25,0.0238,0,0,0.005,0.025,9834,0,0,0.1924954240390482,True
20,10,38,60,25,0.0238,0,0,0.005,0.025,9695,0,0,0.19484270242392987,True
20,10,39,60,25,0.0238,0,0,0.005,0.025,9563,0,0,0.19784586426853498,True
20,10,40,60,25,0.0238,0,0,0.005,0.025,9443,0,0,0.20014825796886582,True
20,10,41,60,25,0.0238,0,0,0.005,0.025,9436,0,0,0.21301398897838067,True
20,10,42,60,25,0.0238,0,0,0.005,0.025,9360,0,0,0.215491452991453,True
20,10,43,60,25,0.0238,0,0,0.005,0.025,9242,0,0,0.21726898939623457,True
20,10,44,60,25,0.0238,0,0,0.005,0.025,9134,0,0,0.21841471425443398,True
20,10,45,60,25,0.0238,0,0,0.005,0.025,9077,0,0,0.22143880136609012,True
20,10,46,60,25,0.0238,0,0,0.005,0.025,8924,0,0,0.2170551322277006,True
20,10,47,60,25,0.0238,0,0,0.005,0.025,8878,0,0,0.21953142599684614,True
20,10,48,60,25,0.0238,0,0,0.005,0.025,8799,0,0,0.2216160927378111,True
20,10,49,60,25,0.0238,0,0,0.005,0.025,8721,0,0,0.22497420020639836,True
20,10,50,60,25,0.0238,0,0,0.005,0.025,8619,0,0,0.22612832115094558,True
20,10,51,60,25,0.0238,0,0,0.005,0.025,8531,0,0,0.22986754190598993,True
20,10,52,60,25,0.0238,0,0,0.005,0.025,8421,0,0,0.2313264457902862,True
20,11,1,60,25,0.0238,0,0,0.005,0.025,8332,0,0,0.23379740758521364,True
20,11,2,60,25,0.0238,0,0,0.005,0.025,8225,0,0,0.2374468085106383,True
20,11,3,60,25,0.0238,0,0,0.005,0.025,8139,0,0,0.2389728467870746,True
20,11,4,60,25,0.0238,0,0,0.005,0.025,8023,0,0,0.24118160289168641,True
20,11,5,60,25,0.0238,0,0,0.005,0.025,7926,0,0,0.2440070653545294,True
20,11,6,60,25,0.0238,0,0,0.005,0.025,7817,0,0,0.2463860816169886,True
20,11,7,60,25,0.0238,0,0,0.005,0.025,7739,0,0,0.24861093164491535,True
20,11,8,60,25,0.0238,0,0,0.005,0.025,7629,0,0,0.2525888058723293,True
20,11,9,60,25,0.0238,0,0,0.005,0.025,7531,0,0,0.2545478688089231,True
20,11,10,60,25,0.0238,0,0,0.005,0.025,7436,0,0,0.25672404518558367,True
20,11,11,60,25,0.0238,0,0,0.005,0.025,7334,0,0,0.25947641123534226,True
20,11,12,60,25,0.0238,0,0,0.005,0.025,7244,0,0,0.26325234676974046,True
20,11,13,60,25,0.0238,0,0,0.005,0.025,7171,0,0,0.26495607307209595,True
20,11,14,60,25,0.0238,0,0,0.005,0.025,7096,0,0,0.2680383314543405,True
20,11,15,60,25,0.0238,0,0,0.005,0.025,6991,0,0,0.27134887712773564,True
20,11,16,60,25,0.0238,0,0,0.005,0.025,6898,0,0,0.27399246158306756,True
20,11,17,60,25,0.0238,0,0,0.005,0.025,6820,0,0,0.2756598240469208,True
20,11,18,60,25,0.0238,0,0,0.005,0.025,14760,0,0,0.11808943089430894,True
20,11,19,60,25,0.0238,0,0,0.005,0.025,14484,0,0,0.12089201877934272,True
20,11,20,60,25,0.0238,0,0,0.005,0.025,14162,0,0,0.1250529586216636,True
20,11,21,60,25,0.0238,0,0,0.005,0.025,13874,0,0,0.1285858440247946,True
20,11,22,60,25,0.0238,0,0,0.005,0.025,13532,0,0,0.13190954773869346,True
20,11,23,60,25,0.0238,0,0,0.005,0.025,13199,0,0,0.13508599136298205,True
20,11,24,60,25,0.0238,0,0,0.005,0.025,12871,0,0,0.13790692253904124,True
20,11,25,60,25,0.0238,0,0,0.005,0.025,12600,0,0,0.14142857142857143,True
20,11,26,60,25,0.0238,0,0,0.005,0.025,12313,0,0,0.14440022740193292,True
20,11,27,60,25,0.0238,0,0,0.005,0.025,12084,0,0,0.1476332340284674,True
20,11,28,60,25,0.0238,0,0,0.005,0.025,11843,0,0,0.15131301190576713,True
20,11,29,60,25,0.0238,0,0,0.005,0.025,11605,0,0,0.15519172770357603,True
20,11,30,60,25,0.0238,0,0,0.005,0.025,11364,0,0,0.15804294262583599,True
20,11,31,60,25,0.0238,0,0,0.005,0.025,11148,0,0,0.16065662002152853,True
20,11,32,60,25,0.0238,0,0,0.005,0.025,10890,0,0,0.16437098255280075,True
20,11,33,60,25,0.0238,0,0,0.005,0.025,10676,0,0,0.16701011614837016,True
20,11,34,60,25,0.0238,0,0,0.005,0.025,10465,0,0,0.1701863354037267,True
20,11,35,60,25,0.0238,0,0,0.005,0.025,10227,0,0,0.17404908575339786,True
20,11,36,60,25,0.0238,0,0,0.005,0.025,10021,0,0,0.17722782157469313,True
20,11,37,60,25,0.0238,0,0,0.005,0.025,9844,0,0,0.18010971149939048,True
20,11,38,60,25,0.0238,0,0,0.005,0.025,9702,0,0,0.18377654091939807,True
20,11,39,60,25,0.0238,0,0,0.005,0.025,9554,0,0,0.1858907263973205,True
20,11,40,60,25,0.0238,0,0,0.005,0.025,9423,0,0,0.18879337790512576,True
20,11,41,60,25,0.0238,0,0,0.005,0.025,9508,0,0,0.19972654606647033,True
20,11,42,60,25,0.0238,0,0,0.005,0.025,9399,0,0,0.20480902223640812,True
20,11,43,60,25,0.0238,0,0,0.005,0.025,9304,0,0,0.20851246775580395,True
20,11,44,60,25,0.0238,0,0,0.005,0.025,9206,0,0,0.2085596350206387,True
20,11,45,60,25,0.0238,0,0,0.005,0.025,9127,0,0,0.2123370220225704,True
20,11,46,60,25,0.0238,0,0,0.005,0.025,8956,0,0,0.2087985707905315,True
20,11,47,60,25,0.0238,0,0,0.005,0.025,8897,0,0,0.21007081038552322,True
20,11,48,60,25,0.0238,0,0,0.005,0.025,8787,0,0,0.2122453624672812,True
20,11,49,60,25,0.0238,0,0,0.005,0.025,8695,0,0,0.21380103507763082,True
20,11,50,60,25,0.0238,0,0,0.005,0.025,8585,0,0,0.2160745486313337,True
20,11,51,60,25,0.0238,0,0,0.005,0.025,8478,0,0,0.21986317527718802,True
20,11,52,60,25,0.0238,0,0,0.005,0.025,8348,0,0,0.22208912314326784,True
20,1,1,60,25,0.0448,0,0,0.005,0.025,5491,0,0,0.0023675104716809323,True
20,1,2,60,25,0.0448,0,0,0.005,0.025,5391,0,0,0.004266369875718791,True
20,1,3,60,25,0.0448,0,0,0.005,0.025,5265,0,0,0.006077872744539411,True
20,1,4,60,25,0.0448,0,0,0.005,0.025,5178,0,0,0.00772499034376207,True
20,1,5,60,25,0.0448,0,0,0.005,0.025,5123,0,0,0.010150302557095451,True
20,1,6,60,25,0.0448,0,0,0.005,0.025,5078,0,0,0.011618747538400946,True
20,1,7,60,25,0.0448,0,0,0.005,0.025,5038,0,0,0.014291385470424772,True
20,1,8,60,25,0.0448,0,0,0.005,0.025,4995,0,0,0.016616616616616616,True
20,1,9,60,25,0.0448,0,0,0.005,0.025,4955,0,0,0.018163471241170535,True
20,1,10,60,25,0.0448,0,0,0.005,0.025,4916,0,0,0.01952807160292921,True
20,1,11,60,25,0.0448,0,0,0.005,0.025,4889,0,0,0.02086316220085907,True
20,1,12,60,25,0.0448,0,0,0.005,0.025,4841,0,0,0.022309440198306135,True
20,1,13,60,25,0.0448,0,0,0.005,0.025,4802,0,0,0.02436484798000833,True
20,1,14,60,25,0.0448,0,0,0.005,0.025,4777,0,0,0.02553904123927151,True
20,1,15,60,25,0.0448,0,0,0.005,0.025,4744,0,0,0.02930016863406408,True
20,1,16,60,25,0.0448,0,0,0.005,0.025,4719,0,0,0.03136257681712227,True
20,1,17,60,25,0.0448,0,0,0.005,0.025,4681,0,0,0.032898953215124975,True
20,1,18,60,25,0.0448,0,0,0.005,0.025,13860,0,0,0.012987012987012988,True
20,1,19,60,25,0.0448,0,0,0.005,0.025,13577,0,0,0.014878102673639242,True
20,1,20,60,25,0.0448,0,0,0.005,0.025,13269,0,0,0.01620318034516542,True
20,1,21,60,25,0.0448,0,0,0.005,0.025,12989,0,0,0.018169220109323272,True
20,1,22,60,25,0.0448,0,0,0.005,0.025,12724,0,0,0.020433825840930526,True
20,1,23,60,25,0.0448,0,0,0.005,0.025,12431,0,0,0.021719893813852465,True
20,1,24,60,25,0.0448,0,0,0.005,0.025,12087,0,0,0.02366178538926119,True
20,1,25,60,25,0.0448,0,0,0.005,0.025,11797,0,0,0.025091124862253116,True
20,1,26,60,25,0.0448,0,0,0.005,0.025,11518,0,0,0.026740753603056087,True
20,1,27,60,25,0.0448,0,0,0.005,0.025,11237,0,0,0.02927827712022782,True
20,1,28,60,25,0.0448,0,0,0.005,0.025,10967,0,0,0.031093279839518557,True
20,1,29,60,25,0.0448,0,0,0.005,0.025,10739,0,0,0.03389514852407114,True
20,1,30,60,25,0.0448,0,0,0.005,0.025,10501,0,0,0.03485382344538615,True
20,1,31,60,25,0.0448,0,0,0.005,0.025,10254,0,0,0.03705870879656719,True
20,1,32,60,25,0.0448,0,0,0.005,0.025,10030,0,0,0.039082751744765706,True
20,1,33,60,25,0.0448,0,0,0.005,0.025,9839,0,0,0.041162719788596404,True
20,1,34,60,25,0.0448,0,0,0.005,0.025,9632,0,0,0.042877906976744186,True
20,1,35,60,25,0.0448,0,0,0.005,0.025,9443,0,0,0.0452186805040771,True
20,1,36,60,25,0.0448,0,0,0.005,0.025,9215,0,0,0.04850786760716223,True
20,1,37,60,25,0.0448,0,0,0.005,0.025,9004,0,0,0.05086628165259884,True
20,1,38,60,25,0.0448,0,0,0.005,0.025,8843,0,0,0.05190546194730295,True
20,1,39,60,25,0.0448,0,0,0.005,0.025,8662,0,0,0.054029092588316785,True
20,1,40,60,25,0.0448,0,0,0.005,0.025,8510,0,0,0.05675675675675676,True
20,1,41,60,25,0.0448,0,0,0.005,0.025,8531,0,0,0.07267612237721252,True
20,1,42,60,25,0.0448,0,0,0.005,0.025,8407,0,0,0.0756512430117759,True
20,1,43,60,25,0.0448,0,0,0.005,0.025,8309,0,0,0.07967264412083283,True
20,1,44,60,25,0.0448,0,0,0.005,0.025,8182,0,0,0.08372036176973845,True
20,1,45,60,25,0.0448,0,0,0.005,0.025,8076,0,0,0.08506686478454681,True
20,1,46,60,25,0.0448,0,0,0.005,0.025,7847,0,0,0.08206958073148975,True
20,1,47,60,25,0.0448,0,0,0.005,0.025,7737,0,0,0.08478738529145664,True
20,1,48,60,25,0.0448,0,0,0.005,0.025,7629,0,0,0.08572552103814393,True
20,1,49,60,25,0.0448,0,0,0.005,0.025,7498,0,0,0.08722325953587623,True
20,1,50,60,25,0.0448,0,0,0.005,0.025,7386,0,0,0.08800433252098565,True
20,1,51,60,25,0.0448,0,0,0.005,0.025,7266,0,0,0.09179741260666116,True
20,1,52,60,25,0.0448,0,0,0.005,0.025,7159,0,0,0.09498533314708758,True
20,2,1,60,25,0.0448,0,0,0.005,0.025,7053,0,0,0.09712179214518644,True
20,2,2,60,25,0.0448,0,0,0.005,0.025,6974,0,0,0.0983653570404359,True
20,2,3,60,25,0.0448,0,0,0.005,0.025,6880,0,0,0.10159883720930232,True
20,2,4,60,25,0.0448,0,0,0.005,0.025,6777,0,0,0.10329054153755349,True
20,2,5,60,25,0.0448,0,0,0.005,0.025,6684,0,0,0.10562537402752843,True
20,2,6,60,25,0.0448,0,0,0.005,0.025,6588,0,0,0.10686095931997572,True
20,2,7,60,25,0.0448,0,0,0.005,0.025,6499,0,0,0.10847822741960302,True
20,2,8,60,25,0.0448,0,0,0.005,0.025,6387,0,0,0.11116330045404728,True
20,2,9,60,25,0.0448,0,0,0.005,0.025,6303,0,0,0.1126447723306362,True
20,2,10,60,25,0.0448,0,0,0.005,0.025,6181,0,0,0.11648600550072803,True
20,2,11,60,25,0.0448,0,0,0.005,0.025,6072,0,0,0.11841238471673254,True
20,2,12,60,25,0.0448,0,0,0.005,0.025,5961,0,0,0.12044958899513504,True
20,2,13,60,25,0.0448,0,0,0.005,0.025,5875,0,0,0.12374468085106383,True
20,2,14,60,25,0.0448,0,0,0.005,0.025,5777,0,0,0.12653626449714384,True
20,2,15,60,25,0.0448,0,0,0.005,0.025,5682,0,0,0.12988384371700107,True
20,2,16,60,25,0.0448,0,0,0.005,0.025,5590,0,0,0.13273703041144902,True
20,2,17,60,25,0.0448,0,0,0.005,0.025,5503,0,0,0.13429038706160276,True
20,2,18,60,25,0.0448,0,0,0.005,0.025,11004,0,0,0.06788440567066521,True
20,2,19,60,25,0.0448,0,0,0.005,0.025,10788,0,0,0.07026325546903968,True
20,2,20,60,25,0.0448,0,0,0.005,0.025,10566,0,0,0.07287526026878667,True
20,2,21,60,25,0.0448,0,0,0.005,0.025,10366,0,0,0.07543893497974147,True
20,2,22,60,25,0.0448,0,0,0.005,0.025,10168,0,0,0.07808811959087333,True
20,2,23,60,25,0.0448,0,0,0.005,0.025,9947,0,0,0.08153212023725746,True
20,2,24,60,25,0.0448,0,0,0.005,0.025,9705,0,0,0.08418341061308604,True
20,2,25,60,25,0.0448,0,0,0.005,0.025,9457,0,0,0.08723696732579042,True
20,2,26,60,25,0.0448,0,0,0.005,0.025,9219,0,0,0.09024840004338866,True
20,2,27,60,25,0.0448,0,0,0.005,0.025,9023,0,0,0.09220879973401308,True
20,2,28,60,25,0.0448,0,0,0.005,0.025,8840,0,0,0.09536199095022624,True
20,2,29,60,25,0.0448,0,0,0.005,0.025,8642,0,0,0.09743115019671372,True
20,2,30,60,25,0.0448,0,0,0.005,0.025,8434,0,0,0.1001897083234527,True
20,2,31,60,25,0.0448,0,0,0.005,0.025,8243,0,0,0.1033604270289943,True
20,2,32,60,25,0.0448,0,0,0.005,0.025,8088,0,0,0.10558852621167161,True
20,2,33,60,25,0.0448,0,0,0.005,0.025,7899,0,0,0.10887454108114951,True
20,2,34,60,25,0.0448,0,0,0.005,0.025,7762,0,0,0.11182684875032209,True
20,2,35,60,25,0.0448,0,0,0.005,0.025,7640,0,0,0.11413612565445026,True
20,2,36,60,25,0.0448,0,0,0.005,0.025,7506,0,0,0.11723954169997336,True
20,2,37,60,25,0.0448,0,0,0.005,0.025,7351,0,0,0.12093592708475037,True
20,2,38,60,25,0.0448,0,0,0.005,0.025,7249,0,0,0.12236170506276728,True
20,2,39,60,25,0.0448,0,0,0.005,0.025,7140,0,0,0.12507002801120448,True
20,2,40,60,25,0.0448,0,0,0.005,0.025,7032,0,0,0.1282707622298066,True
20,2,41,60,25,0.0448,0,0,0.005,0.025,7243,0,0,0.1531133508214828,True
20,2,42,60,25,0.0448,0,0,0.005,0.025,7180,0,0,0.1562674094707521,True
20,2,43,60,25,0.0448,0,0,0.005,0.025,7078,0,0,0.16162757841198078,True
20,2,44,60,25,0.0448,0,0,0.005,0.025,7010,0,0,0.1680456490727532,True
20,2,45,60,25,0.0448,0,0,0.005,0.025,6917,0,0,0.1698713315020963,True
20,2,46,60,25,0.0448,0,0,0.005,0.025,6679,0,0,0.15885611618505766,True
20,2,47,60,25,0.0448,0,0,0.005,0.025,6601,0,0,0.15906680805938495,True
20,2,48,60,25,0.0448,0,0,0.005,0.025,6526,0,0,0.15997548268464604,True
20,2,49,60,25,0.0448,0,0,0.005,0.025,6447,0,0,0.1610051186598418,True
20,2,50,60,25,0.0448,0,0,0.005,0.025,6374,0,0,0.1633197364292438,True
20,2,51,60,25,0.0448,0,0,0.005,0.025,6303,0,0,0.16547675709979376,True
20,2,52,60,25,0.0448,0,0,0.005,0.025,6241,0,0,0.16872296106393206,True
20,3,1,60,25,0.0448,0,0,0.005,0.025,6159,0,0,0.17015749309952916,True
20,3,2,60,25,0.0448,0,0,0.005,0.025,6081,0,0,0.17201118237132051,True
20,3,3,60,25,0.0448,0,0,0.005,0.025,6013,0,0,0.17345750873108265,True
20,3,4,60,25,0.0448,0,0,0.005,0.025,5935,0,0,0.17438921651221567,True
20,3,5,60,25,0.0448,0,0,0.005,0.025,5869,0,0,0.1777134094394275,True
20,3,6,60,25,0.0448,0,0,0.005,0.025,5811,0,0,0.1789709172259508,True
20,3,7,60,25,0.0448,0,0,0.005,0.025,5727,0,0,0.18107211454513708,True
20,3,8,60,25,0.0448,0,0,0.005,0.025,5654,0,0,0.1837637071100106,True
20,3,9,60,25,0.0448,0,0,0.005,0.025,5597,0,0,0.1867071645524388,True
20,3,10,60,25,0.0448,0,0,0.005,0.025,5522,0,0,0.1877942774357117,True
20,3,11,60,25,0.0448,0,0,0.005,0.025,5469,0,0,0.1923569208264765,True
20,3,12,60,25,0.0448,0,0,0.005,0.025,5401,0,0,0.19366783928902054,True
20,3,13,60,25,0.0448,0,0,0.005,0.025,5350,0,0,0.19757009345794393,True
20,3,14,60,25,0.0448,0,0,0.005,0.025,5252,0,0,0.19897182025894897,True
20,3,15,60,25,0.0448,0,0,0.005,0.025,5202,0,0,0.20165321030372935,True
20,3,16,60,25,0.0448,0,0,0.005,0.025,5146,0,0,0.20326467158958414,True
20,3,17,60,25,0.0448,0,0,0.005,0.025,5075,0,0,0.20334975369458128,True
20,3,18,60,25,0.0448,0,0,0.005,0.025,11931,0,0,0.08758695834381024,True
20,3,19,60,25,0.0448,0,0,0.005,0.025,11697,0,0,0.09062152688723604,True
20,3,20,60,25,0.0448,0,0,0.005,0.025,11410,0,0,0.0943908851884312,True
20,3,21,60,25,0.0448,0,0,0.005,0.025,11130,0,0,0.09721473495058401,True
20,3,22,60,25,0.0448,0,0,0.005,0.025,10778,0,0,0.10131749860827612,True
20,3,23,60,25,0.0448,0,0,0.005,0.025,10496,0,0,0.10489710365853659,True
20,3,24,60,25,0.0448,0,0,0.005,0.025,10209,0,0,0.10882554608678617,True
20,3,25,60,25,0.0448,0,0,0.005,0.025,10036,0,0,0.11159824631327223,True
20,3,26,60,25,0.0448,0,0,0.005,0.025,9808,0,0,0.11500815660685156,True
20,3,27,60,25,0.0448,0,0,0.005,0.025,9589,0,0,0.1171133590572531,True
20,3,28,60,25,0.0448,0,0,0.005,0.025,9358,0,0,0.11989741397734559,True
20,3,29,60,25,0.0448,0,0,0.005,0.025,9147,0,0,0.1215699136328851,True
20,3,30,60,25,0.0448,0,0,0.005,0.025,8893,0,0,0.1248172720116946,True
20,3,31,60,25,0.0448,0,0,0.005,0.025,8679,0,0,0.12789491876944348,True
20,3,32,60,25,0.0448,0,0,0.005,0.025,8513,0,0,0.1312110889228239,True
20,3,33,60,25,0.0448,0,0,0.005,0.025,8323,0,0,0.1340862669710441,True
20,3,34,60,25,0.0448,0,0,0.005,0.025,8128,0,0,0.13730314960629922,True
20,3,35,60,25,0.0448,0,0,0.005,0.025,7954,0,0,0.13917525773195877,True
20,3,36,60,25,0.0448,0,0,0.005,0.025,7769,0,0,0.1432616810400309,True
20,3,37,60,25,0.0448,0,0,0.005,0.025,7578,0,0,0.14621272103457378,True
20,3,38,60,25,0.0448,0,0,0.005,0.025,7465,0,0,0.1492297387809779,True
20,3,39,60,25,0.0448,0,0,0.005,0.025,7365,0,0,0.15247793618465716,True
20,3,40,60,25,0.0448,0,0,0.005,0.025,7260,0,0,0.15426997245179064,True
20,3,41,60,25,0.0448,0,0,0.005,0.025,7627,0,0,0.18604956077094534,True
20,3,42,60,25,0.0448,0,0,0.005,0.025,7574,0,0,0.1913123844731978,True
20,3,43,60,25,0.0448,0,0,0.005,0.025,7491,0,0,0.19423307969563477,True
20,3,44,60,25,0.0448,0,0,0.005,0.025,7393,0,0,0.19613147572027595,True
20,3,45,60,25,0.0448,0,0,0.005,0.025,7304,0,0,0.19879518072289157,True
20,3,46,60,25,0.0448,0,0,0.005,0.025,6973,0,0,0.18786748888570198,True
20,3,47,60,25,0.0448,0,0,0.005,0.025,6867,0,0,0.1906218144750255,True
20,3,48,60,25,0.0448,0,0,0.005,0.025,6762,0,0,0.19165927240461403,True
20,3,49,60,25,0.0448,0,0,0.005,0.025,6674,0,0,0.1941863949655379,True
20,3,50,60,25,0.0448,0,0,0.005,0.025,6589,0,0,0.19699499165275458,True
20,3,51,60,25,0.0448,0,0,0.005,0.025,6482,0,0,0.2010182042579451,True
20,3,52,60,25,0.0448,0,0,0.005,0.025,6394,0,0,0.20284641851736002,True
20,4,1,60,25,0.0448,0,0,0.005,0.025,6282,0,0,0.205507800063674,True
20,4,2,60,25,0.0448,0,0,0.005,0.025,6197,0,0,0.20655155720509924,True
20,4,3,60,25,0.0448,0,0,0.005,0.025,6119,0,0,0.20902108187612356,True
20,4,4,60,25,0.0448,0,0,0.005,0.025,6039,0,0,0.2102997184964398,True
20,4,5,60,25,0.0448,0,0,0.005,0.025,5950,0,0,0.21243697478991597,True
20,4,6,60,25,0.0448,0,0,0.005,0.025,5864,0,0,0.21538199181446113,True
20,4,7,60,25,0.0448,0,0,0.005,0.025,5778,0,0,0.21876081689165802,True
20,4,8,60,25,0.0448,0,0,0.005,0.025,5701,0,0,0.22118926504122083,True
20,4,9,60,25,0.0448,0,0,0.005,0.025,5630,0,0,0.22433392539964475,True
20,4,10,60,25,0.0448,0,0,0.005,0.025,5559,0,0,0.22809857888109372,True
20,4,11,60,25,0.0448,0,0,0.005,0.025,5469,0,0,0.22965807277381606,True
20,4,12,60,25,0.0448,0,0,0.005,0.025,5390,0,0,0.23191094619666047,True
20,4,13,60,25,0.0448,0,0,0.005,0.025,5343,0,0,0.23413812464907355,True
20,4,14,60,25,0.0448,0,0,0.005,0.025,5271,0,0,0.23638778220451528,True
20,4,15,60,25,0.0448,0,0,0.005,0.025,5223,0,0,0.2372199885123492,True
20,4,16,60,25,0.0448,0,0,0.005,0.025,5164,0,0,0.24031758326878389,True
20,4,17,60,25,0.0448,0,0,0.005,0.025,5101,0,0,0.242893550284258,True
20,4,18,60,25,0.0448,0,0,0.005,0.025,11216,0,0,0.11100213980028531,True
20,4,19,60,25,0.0448,0,0,0.005,0.025,10983,0,0,0.11399435491213694,True
20,4,20,60,25,0.0448,0,0,0.005,0.025,10715,0,0,0.11796546896873542,True
20,4,21,60,25,0.0448,0,0,0.005,0.025,10449,0,0,0.12077710785721121,True
20,4,22,60,25,0.0448,0,0,0.005,0.025,10208,0,0,0.1238244514106583,True
20,4,23,60,25,0.0448,0,0,0.005,0.025,9952,0,0,0.1265072347266881,True
20,4,24,60,25,0.0448,0,0,0.005,0.025,9720,0,0,0.12983539094650207,True
20,4,25,60,25,0.0448,0,0,0.005,0.025,9508,0,0,0.13336137989061841,True
20,4,26,60,25,0.0448,0,0,0.005,0.025,9288,0,0,0.13608957795004306,True
20,4,27,60,25,0.0448,0,0,0.005,0.025,9074,0,0,0.14018073616927484,True
20,4,28,60,25,0.0448,0,0,0.005,0.025,8865,0,0,0.14393683023124648,True
20,4,29,60,25,0.0448,0,0,0.005,0.025,8682,0,0,0.14674038240036857,True
20,4,30,60,25,0.0448,0,0,0.005,0.025,8496,0,0,0.14948210922787195,True
20,4,31,60,25,0.0448,0,0,0.005,0.025,8325,0,0,0.15291291291291292,True
20,4,32,60,25,0.0448,0,0,0.005,0.025,8173,0,0,0.15636853052734614,True
20,4,33,60,25,0.0448,0,0,0.005,0.025,7962,0,0,0.15963325797538308,True
20,4,34,60,25,0.0448,0,0,0.005,0.025,7811,0,0,0.16271924209448213,True
20,4,35,60,25,0.0448,0,0,0.005,0.025,7613,0,0,0.16655720478129515,True
20,4,36,60,25,0.0448,0,0,0.005,0.025,7470,0,0,0.16907630522088354,True
20,4,37,60,25,0.0448,0,0,0.005,0.025,7304,0,0,0.17278203723986857,True
20,4,38,60,25,0.0448,0,0,0.005,0.025,7227,0,0,0.17559153175591533,True
20,4,39,60,25,0.0448,0,0,0.005,0.025,7124,0,0,0.17714766984839977,True
20,4,40,60,25,0.0448,0,0,0.005,0.025,7037,0,0,0.17876936194401022,True
20,4,41,60,25,0.0448,0,0,0.005,0.025,7385,0,0,0.209478672985782,True
20,4,42,60,25,0.0448,0,0,0.005,0.025,7349,0,0,0.21499523744727173,True
20,4,43,60,25,0.0448,0,0,0.005,0.025,7305,0,0,0.21711156741957563,True
20,4,44,60,25,0.0448,0,0,0.005,0.025,7178,0,0,0.21928113680691,True
20,4,45,60,25,0.0448,0,0,0.005,0.025,7119,0,0,0.22376738305941846,True
20,4,46,60,25,0.0448,0,0,0.005,0.025,6809,0,0,0.21207225730650608,True
20,4,47,60,25,0.0448,0,0,0.005,0.025,6695,0,0,0.2129947722180732,True
20,4,48,60,25,0.0448,0,0,0.005,0.025,6611,0,0,0.21479352594161247,True
20,4,49,60,25,0.0448,0,0,0.005,0.025,6505,0,0,0.2164488854727133,True
20,4,50,60,25,0.0448,0,0,0.005,0.025,6427,0,0,0.21954255484674032,True
20,4,51,60,25,0.0448,0,0,0.005,0.025,6325,0,0,0.2210276679841897,True
20,4,52,60,25,0.0448,0,0,0.005,0.025,6268,0,0,0.2244735162731334,True
20,5,1,60,25,0.0448,0,0,0.005,0.025,6188,0,0,0.2275371687136393,True
20,5,2,60,25,0.0448,0,0,0.005,0.025,6114,0,0,0.2281648675171737,True
20,5,3,60,25,0.0448,0,0,0.005,0.025,6045,0,0,0.23060380479735318,True
20,5,4,60,25,0.0448,0,0,0.005,0.025,5970,0,0,0.23182579564489111,True
20,5,5,60,25,0.0448,0,0,0.005,0.025,5896,0,0,0.23422659430122117,True
20,5,6,60,25,0.0448,0,0,0.005,0.025,5817,0,0,0.2363761389032147,True
20,5,7,60,25,0.0448,0,0,0.005,0.025,5732,0,0,0.23935799023028612,True
20,5,8,60,25,0.0448,0,0,0.005,0.025,5680,0,0,0.2433098591549296,True
20,5,9,60,25,0.0448,0,0,0.005,0.025,5607,0,0,0.24505082932049224,True
20,5,10,60,25,0.0448,0,0,0.005,0.025,5544,0,0,0.24711399711399712,True
20,5,11,60,25,0.0448,0,0,0.005,0.025,5470,0,0,0.24862888482632542,True
20,5,12,60,25,0.0448,0,0,0.005,0.025,5396,0,0,0.24962935507783543,True
20,5,13,60,25,0.0448,0,0,0.005,0.025,5337,0,0,0.2522016113921679,True
20,5,14,60,25,0.0448,0,0,0.005,0.025,5259,0,0,0.254040692146796,True
20,5,15,60,25,0.0448,0,0,0.005,0.025,5182,0,0,0.2556927827093786,True
20,5,16,60,25,0.0448,0,0,0.005,0.025,5122,0,0,0.25907848496680985,True
20,5,17,60,25,0.0448,0,0,0.005,0.025,5048,0,0,0.26089540412044376,True
20,5,18,60,25,0.0448,0,0,0.005,0.025,11313,0,0,0.11650313798285158,True
20,5,19,60,25,0.0448,0,0,0.005,0.025,11085,0,0,0.11898962562020748,True
20,5,20,60,25,0.0448,0,0,0.005,0.025,10873,0,0,0.12213740458015267,True
20,5,21,60,25,0.0448,0,0,0.005,0.025,10597,0,0,0.12560158535434557,True
20,5,22,60,25,0.0448,0,0,0.005,0.025,10345,0,0,0.12875785403576606,True
20,5,23,60,25,0.0448,0,0,0.005,0.025,10105,0,0,0.13240969816922316,True
20,5,24,60,25,0.0448,0,0,0.005,0.025,9885,0,0,0.13636823469903894,True
20,5,25,60,25,0.0448,0,0,0.005,0.025,9662,0,0,0.13910163527220037,True
20,5,26,60,25,0.0448,0,0,0.005,0.025,9390,0,0,0.1443024494142705,True
20,5,27,60,25,0.0448,0,0,0.005,0.025,9164,0,0,0.1482976865997381,True
20,5,28,60,25,0.0448,0,0,0.005,0.025,8983,0,0,0.15306690415228766,True
20,5,29,60,25,0.0448,0,0,0.005,0.025,8822,0,0,0.15631376105191566,True
20,5,30,60,25,0.0448,0,0,0.005,0.025,8642,0,0,0.1595695440870169,True
20,5,31,60,25,0.0448,0,0,0.005,0.025,8452,0,0,0.16185518220539516,True
20,5,32,60,25,0.0448,0,0,0.005,0.025,8245,0,0,0.16494845360824742,True
20,5,33,60,25,0.0448,0,0,0.005,0.025,8037,0,0,0.16697772800796318,True
20,5,34,60,25,0.0448,0,0,0.005,0.025,7866,0,0,0.17060767861683193,True
20,5,35,60,25,0.0448,0,0,0.005,0.025,7711,0,0,0.1736480352742835,True
20,5,36,60,25,0.0448,0,0,0.005,0.025,7524,0,0,0.17769803296119085,True
20,5,37,60,25,0.0448,0,0,0.005,0.025,7360,0,0,0.18369565217391304,True
20,5,38,60,25,0.0448,0,0,0.005,0.025,7254,0,0,0.18569065343258892,True
20,5,39,60,25,0.0448,0,0,0.005,0.025,7148,0,0,0.18802462227196418,True
20,5,40,60,25,0.0448,0,0,0.005,0.025,7035,0,0,0.19076048329779674,True
20,5,41,60,25,0.0448,0,0,0.005,0.025,7444,0,0,0.2246104245029554,True
20,5,42,60,25,0.0448,0,0,0.005,0.025,7416,0,0,0.22842502696871628,True
20,5,43,60,25,0.0448,0,0,0.005,0.025,7362,0,0,0.2313230100516164,True
20,5,44,60,25,0.0448,0,0,0.005,0.025,7289,0,0,0.236520784744135,True
20,5,45,60,25,0.0448,0,0,0.005,0.025,7202,0,0,0.23618439322410442,True
20,5,46,60,25,0.0448,0,0,0.005,0.025,6887,0,0,0.22535211267605634,True
20,5,47,60,25,0.0448,0,0,0.005,0.025,6759,0,0,0.2213345169403758,True
20,5,48,60,25,0.0448,0,0,0.005,0.025,6660,0,0,0.22297297297297297,True
20,5,49,60,25,0.0448,0,0,0.005,0.025,6550,0,0,0.2245801526717557,True
20,5,50,60,25,0.0448,0,0,0.005,0.025,6458,0,0,0.22685041808609477,True
20,5,51,60,25,0.0448,0,0,0.005,0.025,6360,0,0,0.22861635220125787,True
20,5,52,60,25,0.0448,0,0,0.005,0.025,6282,0,0,0.2297039159503343,True
20,6,1,60,25,0.0448,0,0,0.005,0.025,6215,0,0,0.2320193081255028,True
20,6,2,60,25,0.0448,0,0,0.005,0.025,6142,0,0,0.2339628785411918,True
20,6,3,60,25,0.0448,0,0,0.005,0.025,6073,0,0,0.23645644656677095,True
20,6,4,60,25,0.0448,0,0,0.005,0.025,5984,0,0,0.2393048128342246,True
20,6,5,60,25,0.0448,0,0,0.005,0.025,5917,0,0,0.2420145343924286,True
20,6,6,60,25,0.0448,0,0,0.005,0.025,5845,0,0,0.24379811804961504,True
20,6,7,60,25,0.0448,0,0,0.005,0.025,5777,0,0,0.24666782066816687,True
20,6,8,60,25,0.0448,0,0,0.005,0.025,5692,0,0,0.24964862965565707,True
20,6,9,60,25,0.0448,0,0,0.005,0.025,5629,0,0,0.2524427074080654,True
20,6,10,60,25,0.0448,0,0,0.005,0.025,5552,0,0,0.2545028818443804,True
20,6,11,60,25,0.0448,0,0,0.005,0.025,5490,0,0,0.25591985428051,True
20,6,12,60,25,0.0448,0,0,0.005,0.025,5427,0,0,0.25907499539340334,True
20,6,13,60,25,0.0448,0,0,0.005,0.025,5346,0,0,0.26262626262626265,True
20,6,14,60,25,0.0448,0,0,0.005,0.025,5278,0,0,0.26525198938992045,True
20,6,15,60,25,0.0448,0,0,0.005,0.025,5219,0,0,0.267484192374018,True
20,6,16,60,25,0.0448,0,0,0.005,0.025,5160,0,0,0.2689922480620155,True
20,6,17,60,25,0.0448,0,0,0.005,0.025,5096,0,0,0.2694270015698587,True
20,6,18,60,25,0.0448,0,0,0.005,0.025,11519,0,0,0.1196284399687473,True
20,6,19,60,25,0.0448,0,0,0.005,0.025,11285,0,0,0.12290651307044749,True
20,6,20,60,25,0.0448,0,0,0.005,0.025,10999,0,0,0.12692062914810437,True
20,6,21,60,25,0.0448,0,0,0.005,0.025,10725,0,0,0.13081585081585081,True
20,6,22,60,25,0.0448,0,0,0.005,0.025,10440,0,0,0.13496168582375478,True
20,6,23,60,25,0.0448,0,0,0.005,0.025,10191,0,0,0.1382592483563929,True
20,6,24,60,25,0.0448,0,0,0.005,0.025,9970,0,0,0.14202607823470412,True
20,6,25,60,25,0.0448,0,0,0.005,0.025,9718,0,0,0.14663511010495986,True
20,6,26,60,25,0.0448,0,0,0.005,0.025,9462,0,0,0.15155358275206088,True
20,6,27,60,25,0.0448,0,0,0.005,0.025,9276,0,0,0.15416127641224667,True
20,6,28,60,25,0.0448,0,0,0.005,0.025,9065,0,0,0.15907335907335907,True
20,6,29,60,25,0.0448,0,0,0.005,0.025,8858,0,0,0.16053285165951683,True
20,6,30,60,25,0.0448,0,0,0.005,0.025,8701,0,0,0.16308470290771176,True
20,6,31,60,25,0.0448,0,0,0.005,0.025,8547,0,0,0.1667251667251667,True
20,6,32,60,25,0.0448,0,0,0.005,0.025,8350,0,0,0.16994011976047904,True
20,6,33,60,25,0.0448,0,0,0.005,0.025,8201,0,0,0.17314961590049993,True
20,6,34,60,25,0.0448,0,0,0.005,0.025,7988,0,0,0.1773910866299449,True
20,6,35,60,25,0.0448,0,0,0.005,0.025,7819,0,0,0.18032996546873,True
20,6,36,60,25,0.0448,0,0,0.005,0.025,7673,0,0,0.1844128763195621,True
20,6,37,60,25,0.0448,0,0,0.005,0.025,7511,0,0,0.1889229130608441,True
20,6,38,60,25,0.0448,0,0,0.005,0.025,7411,0,0,0.19106733234381326,True
20,6,39,60,25,0.0448,0,0,0.005,0.025,7313,0,0,0.19349104334746342,True
20,6,40,60,25,0.0448,0,0,0.005,0.025,7219,0,0,0.1960105277739299,True
20,6,41,60,25,0.0448,0,0,0.005,0.025,7619,0,0,0.22745767161044755,True
20,6,42,60,25,0.0448,0,0,0.005,0.025,7594,0,0,0.23215696602580985,True
20,6,43,60,25,0.0448,0,0,0.005,0.025,7526,0,0,0.23518469306404466,True
20,6,44,60,25,0.0448,0,0,0.005,0.025,7480,0,0,0.23903743315508022,True
20,6,45,60,25,0.0448,0,0,0.005,0.025,7430,0,0,0.24427994616419918,True
20,6,46,60,25,0.0448,0,0,0.005,0.025,7049,0,0,0.23052915307135763,True
20,6,47,60,25,0.0448,0,0,0.005,0.025,6897,0,0,0.23053501522401043,True
20,6,48,60,25,0.0448,0,0,0.005,0.025,6781,0,0,0.2325615690901047,True
20,6,49,60,25,0.0448,0,0,0.005,0.025,6685,0,0,0.23261032161555723,True
20,6,50,60,25,0.0448,0,0,0.005,0.025,6583,0,0,0.23454352119094637,True
20,6,51,60,25,0.0448,0,0,0.005,0.025,6495,0,0,0.23725943033102387,True
20,6,52,60,25,0.0448,0,0,0.005,0.025,6427,0,0,0.23868056636066595,True
20,7,1,60,25,0.0448,0,0,0.005,0.025,6347,0,0,0.2399558846699228,True
20,7,2,60,25,0.0448,0,0,0.005,0.025,6278,0,0,0.2427524689391526,True
20,7,3,60,25,0.0448,0,0,0.005,0.025,6187,0,0,0.24454501373848392,True
20,7,4,60,25,0.0448,0,0,0.005,0.025,6120,0,0,0.24722222222222223,True
20,7,5,60,25,0.0448,0,0,0.005,0.025,6042,0,0,0.24942072161535916,True
20,7,6,60,25,0.0448,0,0,0.005,0.025,5953,0,0,0.2514698471358979,True
20,7,7,60,25,0.0448,0,0,0.005,0.025,5904,0,0,0.25389566395663954,True
20,7,8,60,25,0.0448,0,0,0.005,0.025,5817,0,0,0.2552862300154719,True
20,7,9,60,25,0.0448,0,0,0.005,0.025,5730,0,0,0.2579406631762653,True
20,7,10,60,25,0.0448,0,0,0.005,0.025,5665,0,0,0.26072374227714035,True
20,7,11,60,25,0.0448,0,0,0.005,0.025,5604,0,0,0.26320485367594576,True
20,7,12,60,25,0.0448,0,0,0.005,0.025,5536,0,0,0.2633670520231214,True
20,7,13,60,25,0.0448,0,0,0.005,0.025,5468,0,0,0.2679224579370885,True
20,7,14,60,25,0.0448,0,0,0.005,0.025,5397,0,0,0.26866777839540484,True
20,7,15,60,25,0.0448,0,0,0.005,0.025,5332,0,0,0.2721305326331583,True
20,7,16,60,25,0.0448,0,0,0.005,0.025,5263,0,0,0.27531825954778644,True
20,7,17,60,25,0.0448,0,0,0.005,0.025,5202,0,0,0.27720107650903497,True
20,7,18,60,25,0.0448,0,0,0.005,0.025,11496,0,0,0.1268267223382046,True
20,7,19,60,25,0.0448,0,0,0.005,0.025,11284,0,0,0.12991846862814604,True
20,7,20,60,25,0.0448,0,0,0.005,0.025,11042,0,0,0.13330918311900017,True
20,7,21,60,25,0.0448,0,0,0.005,0.025,10745,0,0,0.1375523499302001,True
20,7,22,60,25,0.0448,0,0,0.005,0.025,10493,0,0,0.14066520537501193,True
20,7,23,60,25,0.0448,0,0,0.005,0.025,10238,0,0,0.14504786091033406,True
20,7,24,60,25,0.0448,0,0,0.005,0.025,10019,0,0,0.1481185747080547,True
20,7,25,60,25,0.0448,0,0,0.005,0.025,9805,0,0,0.15226925038245792,True
20,7,26,60,25,0.0448,0,0,0.005,0.025,9616,0,0,0.15557404326123128,True
20,7,27,60,25,0.0448,0,0,0.005,0.025,9464,0,0,0.15934065934065933,True
20,7,28,60,25,0.0448,0,0,0.005,0.025,9257,0,0,0.16290374851463757,True
20,7,29,60,25,0.0448,0,0,0.005,0.025,9082,0,0,0.16670336930191587,True
20,7,30,60,25,0.0448,0,0,0.005,0.025,8908,0,0,0.16850022451728783,True
20,7,31,60,25,0.0448,0,0,0.005,0.025,8707,0,0,0.17147123004479153,True
20,7,32,60,25,0.0448,0,0,0.005,0.025,8487,0,0,0.17485566160009428,True
20,7,33,60,25,0.0448,0,0,0.005,0.025,8270,0,0,0.17835550181378476,True
20,7,34,60,25,0.0448,0,0,0.005,0.025,8105,0,0,0.1812461443553362,True
20,7,35,60,25,0.0448,0,0,0.005,0.025,7928,0,0,0.18377901109989908,True
20,7,36,60,25,0.0448,0,0,0.005,0.025,7766,0,0,0.18761267061550346,True
20,7,37,60,25,0.0448,0,0,0.005,0.025,7609,0,0,0.1906952293336838,True
20,7,38,60,25,0.0448,0,0,0.005,0.025,7492,0,0,0.19300587293112653,True
20,7,39,60,25,0.0448,0,0,0.005,0.025,7386,0,0,0.1959111833197942,True
20,7,40,60,25,0.0448,0,0,0.005,0.025,7277,0,0,0.19925793596262195,True
20,7,41,60,25,0.0448,0,0,0.005,0.025,7714,0,0,0.23049001814882034,True
20,7,42,60,25,0.0448,0,0,0.005,0.025,7694,0,0,0.23602807382375876,True
20,7,43,60,25,0.0448,0,0,0.005,0.025,7570,0,0,0.23712021136063408,True
20,7,44,60,25,0.0448,0,0,0.005,0.025,7522,0,0,0.2424886998138793,True
20,7,45,60,25,0.0448,0,0,0.005,0.025,7485,0,0,0.247561790247161,True
20,7,46,60,25,0.0448,0,0,0.005,0.025,7167,0,0,0.2358029859076322,True
20,7,47,60,25,0.0448,0,0,0.005,0.025,7028,0,0,0.23648264086511098,True
20,7,48,60,25,0.0448,0,0,0.005,0.025,6937,0,0,0.2382874441401182,True
20,7,49,60,25,0.0448,0,0,0.005,0.025,6856,0,0,0.2412485414235706,True
20,7,50,60,25,0.0448,0,0,0.005,0.025,6757,0,0,0.2437472250998964,True
20,7,51,60,25,0.0448,0,0,0.005,0.025,6678,0,0,0.24573225516621744,True
20,7,52,60,25,0.0448,0,0,0.005,0.025,6612,0,0,0.24803387779794314,True
20,8,1,60,25,0.0448,0,0,0.005,0.025,6540,0,0,0.2521406727828746,True
20,8,2,60,25,0.0448,0,0,0.005,0.025,6477,0,0,0.2558283155781998,True
20,8,3,60,25,0.0448,0,0,0.005,0.025,6440,0,0,0.2596273291925466,True
20,8,4,60,25,0.0448,0,0,0.005,0.025,6381,0,0,0.2632816173013634,True
20,8,5,60,25,0.0448,0,0,0.005,0.025,6309,0,0,0.2670787763512443,True
20,8,6,60,25,0.0448,0,0,0.005,0.025,6245,0,0,0.2707766212970376,True
20,8,7,60,25,0.0448,0,0,0.005,0.025,6155,0,0,0.2735987002437043,True
20,8,8,60,25,0.0448,0,0,0.005,0.025,6098,0,0,0.2741882584453919,True
20,8,9,60,25,0.0448,0,0,0.005,0.025,6049,0,0,0.2777318565052075,True
20,8,10,60,25,0.0448,0,0,0.005,0.025,5972,0,0,0.2809778968519759,True
20,8,11,60,25,0.0448,0,0,0.005,0.025,5900,0,0,0.28491525423728814,True
20,8,12,60,25,0.0448,0,0,0.005,0.025,5827,0,0,0.28711172129740864,True
20,8,13,60,25,0.0448,0,0,0.005,0.025,5756,0,0,0.28891591382904797,True
20,8,14,60,25,0.0448,0,0,0.005,0.025,5677,0,0,0.29170336445305617,True
20,8,15,60,25,0.0448,0,0,0.005,0.025,5609,0,0,0.29417008379390264,True
20,8,16,60,25,0.0448,0,0,0.005,0.025,5550,0,0,0.29405405405405405,True
20,8,17,60,25,0.0448,0,0,0.005,0.025,5491,0,0,0.297395738481151,True
20,8,18,60,25,0.0448,0,0,0.005,0.025,12464,0,0,0.1308568677792041,True
20,8,19,60,25,0.0448,0,0,0.005,0.025,12224,0,0,0.134244109947644,True
20,8,20,60,25,0.0448,0,0,0.005,0.025,11952,0,0,0.13721552878179386,True
20,8,21,60,25,0.0448,0,0,0.005,0.025,11651,0,0,0.14136125654450263,True
20,8,22,60,25,0.0448,0,0,0.005,0.025,11408,0,0,0.14472300140252453,True
20,8,23,60,25,0.0448,0,0,0.005,0.025,11188,0,0,0.1482838755809796,True
20,8,24,60,25,0.0448,0,0,0.005,0.025,10935,0,0,0.15235482395976224,True
20,8,25,60,25,0.0448,0,0,0.005,0.025,10682,0,0,0.1566186107470511,True
20,8,26,60,25,0.0448,0,0,0.005,0.025,10472,0,0,0.16052330022918257,True
20,8,27,60,25,0.0448,0,0,0.005,0.025,10206,0,0,0.1633352929649226,True
20,8,28,60,25,0.0448,0,0,0.005,0.025,9952,0,0,0.1683078778135048,True
20,8,29,60,25,0.0448,0,0,0.005,0.025,9695,0,0,0.17297576070139248,True
20,8,30,60,25,0.0448,0,0,0.005,0.025,9472,0,0,0.17673141891891891,True
20,8,31,60,25,0.0448,0,0,0.005,0.025,9273,0,0,0.18030842230130487,True
20,8,32,60,25,0.0448,0,0,0.005,0.025,9116,0,0,0.18297498903027642,True
20,8,33,60,25,0.0448,0,0,0.005,0.025,8927,0,0,0.18572868824913186,True
20,8,34,60,25,0.0448,0,0,0.005,0.025,8768,0,0,0.1894388686131387,True
20,8,35,60,25,0.0448,0,0,0.005,0.025,8557,0,0,0.1936426317634685,True
20,8,36,60,25,0.0448,0,0,0.005,0.025,8349,0,0,0.19726913402802732,True
20,8,37,60,25,0.0448,0,0,0.005,0.025,8168,0,0,0.20004897159647406,True
20,8,38,60,25,0.0448,0,0,0.005,0.025,8053,0,0,0.20265739475971686,True
20,8,39,60,25,0.0448,0,0,0.005,0.025,7937,0,0,0.20687917349124355,True
20,8,40,60,25,0.0448,0,0,0.005,0.025,7839,0,0,0.20984819492282178,True
20,8,41,60,25,0.0448,0,0,0.005,0.025,8162,0,0,0.23572653761333007,True
20,8,42,60,25,0.0448,0,0,0.005,0.025,8125,0,0,0.24024615384615386,True
20,8,43,60,25,0.0448,0,0,0.005,0.025,8016,0,0,0.24164171656686625,True
20,8,44,60,25,0.0448,0,0,0.005,0.025,7930,0,0,0.2438839848675914,True
20,8,45,60,25,0.0448,0,0,0.005,0.025,7872,0,0,0.25,True
20,8,46,60,25,0.0448,0,0,0.005,0.025,7556,0,0,0.2407358390682901,True
20,8,47,60,25,0.0448,0,0,0.005,0.025,7425,0,0,0.24175084175084174,True
20,8,48,60,25,0.0448,0,0,0.005,0.025,7305,0,0,0.24216290212183436,True
20,8,49,60,25,0.0448,0,0,0.005,0.025,7196,0,0,0.24499722067815452,True
20,8,50,60,25,0.0448,0,0,0.005,0.025,7103,0,0,0.24736027030832042,True
20,8,51,60,25,0.0448,0,0,0.005,0.025,7032,0,0,0.25127986348122866,True
20,8,52,60,25,0.0448,0,0,0.005,0.025,6946,0,0,0.2535272099049813,True
20,9,1,60,25,0.0448,0,0,0.005,0.025,6874,0,0,0.25647366889729417,True
20,9,2,60,25,0.0448,0,0,0.005,0.025,6779,0,0,0.2597728278507154,True
20,9,3,60,25,0.0448,0,0,0.005,0.025,6679,0,0,0.2629136098218296,True
20,9,4,60,25,0.0448,0,0,0.005,0.025,6586,0,0,0.2657151533556028,True
20,9,5,60,25,0.0448,0,0,0.005,0.025,6516,0,0,0.26918354818907303,True
20,9,6,60,25,0.0448,0,0,0.005,0.025,6433,0,0,0.2737447536141769,True
20,9,7,60,25,0.0448,0,0,0.005,0.025,6360,0,0,0.27452830188679245,True
20,9,8,60,25,0.0448,0,0,0.005,0.025,6283,0,0,0.27677860894477163,True
20,9,9,60,25,0.0448,0,0,0.005,0.025,6206,0,0,0.27892362230099904,True
20,9,10,60,25,0.0448,0,0,0.005,0.025,6132,0,0,0.2819634703196347,True
20,9,11,60,25,0.0448,0,0,0.005,0.025,6061,0,0,0.28477148985315953,True
20,9,12,60,25,0.0448,0,0,0.005,0.025,5979,0,0,0.286001003512293,True
20,9,13,60,25,0.0448,0,0,0.005,0.025,5912,0,0,0.2885656292286874,True
20,9,14,60,25,0.0448,0,0,0.005,0.025,5831,0,0,0.2896587206311096,True
20,9,15,60,25,0.0448,0,0,0.005,0.025,5766,0,0,0.29327089836975373,True
20,9,16,60,25,0.0448,0,0,0.005,0.025,5691,0,0,0.29748726058689157,True
20,9,17,60,25,0.0448,0,0,0.005,0.025,5624,0,0,0.30014224751066854,True
20,9,18,60,25,0.0448,0,0,0.005,0.025,12156,0,0,0.1259460348798947,True
20,9,19,60,25,0.0448,0,0,0.005,0.025,11939,0,0,0.13007789597118688,True
20,9,20,60,25,0.0448,0,0,0.005,0.025,11704,0,0,0.13439849624060152,True
20,9,21,60,25,0.0448,0,0,0.005,0.025,11415,0,0,0.1375383267630311,True
20,9,22,60,25,0.0448,0,0,0.005,0.025,11135,0,0,0.14162550516389763,True
20,9,23,60,25,0.0448,0,0,0.005,0.025,10891,0,0,0.1461757414378845,True
20,9,24,60,25,0.0448,0,0,0.005,0.025,10697,0,0,0.14845283724408712,True
20,9,25,60,25,0.0448,0,0,0.005,0.025,10488,0,0,0.1522692601067887,True
20,9,26,60,25,0.0448,0,0,0.005,0.025,10293,0,0,0.15690274944136792,True
20,9,27,60,25,0.0448,0,0,0.005,0.025,10071,0,0,0.16026213881441764,True
20,9,28,60,25,0.0448,0,0,0.005,0.025,9858,0,0,0.1639277743964293,True
20,9,29,60,25,0.0448,0,0,0.005,0.025,9675,0,0,0.1677519379844961,True
20,9,30,60,25,0.0448,0,0,0.005,0.025,9482,0,0,0.1716937354988399,True
20,9,31,60,25,0.0448,0,0,0.005,0.025,9299,0,0,0.17507258845037102,True
20,9,32,60,25,0.0448,0,0,0.005,0.025,9126,0,0,0.17839140916063992,True
20,9,33,60,25,0.0448,0,0,0.005,0.025,8952,0,0,0.18118856121537086,True
20,9,34,60,25,0.0448,0,0,0.005,0.025,8781,0,0,0.1852864138480811,True
20,9,35,60,25,0.0448,0,0,0.005,0.025,8596,0,0,0.18973941368078176,True
20,9,36,60,25,0.0448,0,0,0.005,0.025,8450,0,0,0.19218934911242602,True
20,9,37,60,25,0.0448,0,0,0.005,0.025,8288,0,0,0.19570463320463322,True
20,9,38,60,25,0.0448,0,0,0.005,0.025,8167,0,0,0.1997061344434921,True
20,9,39,60,25,0.0448,0,0,0.005,0.025,8055,0,0,0.20235878336436997,True
20,9,40,60,25,0.0448,0,0,0.005,0.025,7945,0,0,0.20578980490874765,True
20,9,41,60,25,0.0448,0,0,0.005,0.025,8311,0,0,0.23378654794850198,True
20,9,42,60,25,0.0448,0,0,0.005,0.025,8246,0,0,0.2372059180208586,True
20,9,43,60,25,0.0448,0,0,0.005,0.025,8169,0,0,0.24017627616599338,True
20,9,44,60,25,0.0448,0,0,0.005,0.025,8129,0,0,0.24578668962972075,True
20,9,45,60,25,0.0448,0,0,0.005,0.025,8088,0,0,0.24653808110781406,True
20,9,46,60,25,0.0448,0,0,0.005,0.025,7742,0,0,0.23611469904417462,True
20,9,47,60,25,0.0448,0,0,0.005,0.025,7619,0,0,0.2354639716498228,True
20,9,48,60,25,0.0448,0,0,0.005,0.025,7503,0,0,0.23657203785152606,True
20,9,49,60,25,0.0448,0,0,0.005,0.025,7402,0,0,0.2385841664415023,True
20,9,50,60,25,0.0448,0,0,0.005,0.025,7318,0,0,0.24173271385624487,True
20,9,51,60,25,0.0448,0,0,0.005,0.025,7233,0,0,0.2433291856767593,True
20,9,52,60,25,0.0448,0,0,0.005,0.025,7135,0,0,0.24484933426769445,True
20,10,1,60,25,0.0448,0,0,0.005,0.025,7048,0,0,0.24971623155505107,True
20,10,2,60,25,0.0448,0,0,0.005,0.025,6973,0,0,0.25254553276925285,True
20,10,3,60,25,0.0448,0,0,0.005,0.025,6893,0,0,0.2547511968663862,True
20,10,4,60,25,0.0448,0,0,0.005,0.025,6808,0,0,0.2591069330199765,True
20,10,5,60,25,0.0448,0,0,0.005,0.025,6730,0,0,0.26151560178306094,True
20,10,6,60,25,0.0448,0,0,0.005,0.025,6634,0,0,0.26439553813687067,True
20,10,7,60,25,0.0448,0,0,0.005,0.025,6566,0,0,0.266981419433445,True
20,10,8,60,25,0.0448,0,0,0.005,0.025,6488,0,0,0.26957459926017263,True
20,10,9,60,25,0.0448,0,0,0.005,0.025,6407,0,0,0.2736069923521149,True
20,10,10,60,25,0.0448,0,0,0.005,0.025,6355,0,0,0.2772619984264359,True
20,10,11,60,25,0.0448,0,0,0.005,0.025,6268,0,0,0.2791959157626037,True
20,10,12,60,25,0.0448,0,0,0.005,0.025,6211,0,0,0.2836902270165835,True
20,10,13,60,25,0.0448,0,0,0.005,0.025,6155,0,0,0.2882209585702681,True
20,10,14,60,25,0.0448,0,0,0.005,0.025,6091,0,0,0.2896076177967493,True
20,10,15,60,25,0.0448,0,0,0.005,0.025,6026,0,0,0.2947228675738467,True
20,10,16,60,25,0.0448,0,0,0.005,0.025,5938,0,0,0.29723812731559446,True
20,10,17,60,25,0.0448,0,0,0.005,0.025,5885,0,0,0.2983857264231096,True
20,10,18,60,25,0.0448,0,0,0.005,0.025,12620,0,0,0.13264659270998416,True
20,10,19,60,25,0.0448,0,0,0.005,0.025,12381,0,0,0.13512640335998707,True
20,10,20,60,25,0.0448,0,0,0.005,0.025,12135,0,0,0.13934899052327976,True
20,10,21,60,25,0.0448,0,0,0.005,0.025,11891,0,0,0.14380624001345554,True
20,10,22,60,25,0.0448,0,0,0.005,0.025,11606,0,0,0.14863001895571257,True
20,10,23,60,25,0.0448,0,0,0.005,0.025,11351,0,0,0.15249757730596422,True
20,10,24,60,25,0.0448,0,0,0.005,0.025,11176,0,0,0.15560128847530422,True
20,10,25,60,25,0.0448,0,0,0.005,0.025,10928,0,0,0.1605051244509517,True
20,10,26,60,25,0.0448,0,0,0.005,0.025,10716,0,0,0.16340052258305338,True
20,10,27,60,25,0.0448,0,0,0.005,0.025,10499,0,0,0.16820649585674827,True
20,10,28,60,25,0.0448,0,0,0.005,0.025,10238,0,0,0.17151787458487985,True
20,10,29,60,25,0.0448,0,0,0.005,0.025,10032,0,0,0.17553827751196172,True
20,10,30,60,25,0.0448,0,0,0.005,0.025,9829,0,0,0.17916369925729983,True
20,10,31,60,25,0.0448,0,0,0.005,0.025,9626,0,0,0.18221483482235612,True
20,10,32,60,25,0.0448,0,0,0.005,0.025,9445,0,0,0.18475383800952885,True
20,10,33,60,25,0.0448,0,0,0.005,0.025,9273,0,0,0.18818073978216326,True
20,10,34,60,25,0.0448,0,0,0.005,0.025,9137,0,0,0.19295173470504542,True
20,10,35,60,25,0.0448,0,0,0.005,0.025,8953,0,0,0.19635876242600245,True
20,10,36,60,25,0.0448,0,0,0.005,0.025,8850,0,0,0.1990960451977401,True
20,10,37,60,25,0.0448,0,0,0.005,0.025,8680,0,0,0.20276497695852536,True
20,10,38,60,25,0.0448,0,0,0.005,0.025,8575,0,0,0.20629737609329446,True
20,10,39,60,25,0.0448,0,0,0.005,0.025,8452,0,0,0.20882631329862755,True
20,10,40,60,25,0.0448,0,0,0.005,0.025,8331,0,0,0.21197935421918138,True
20,10,41,60,25,0.0448,0,0,0.005,0.025,8705,0,0,0.2414704192992533,True
20,10,42,60,25,0.0448,0,0,0.005,0.025,8635,0,0,0.24400694846554719,True
20,10,43,60,25,0.0448,0,0,0.005,0.025,8547,0,0,0.24488124488124488,True
20,10,44,60,25,0.0448,0,0,0.005,0.025,8432,0,0,0.2494070208728653,True
20,10,45,60,25,0.0448,0,0,0.005,0.025,8316,0,0,0.25204425204425207,True
20,10,46,60,25,0.0448,0,0,0.005,0.025,8029,0,0,0.24237140366172624,True
20,10,47,60,25,0.0448,0,0,0.005,0.025,7924,0,0,0.24242806663301364,True
20,10,48,60,25,0.0448,0,0,0.005,0.025,7840,0,0,0.24451530612244898,True
20,10,49,60,25,0.0448,0,0,0.005,0.025,7741,0,0,0.24738405890711795,True
20,10,50,60,25,0.0448,0,0,0.005,0.025,7655,0,0,0.24977139124755063,True
20,10,51,60,25,0.0448,0,0,0.005,0.025,7579,0,0,0.2541232352553107,True
20,10,52,60,25,0.0448,0,0,0.005,0.025,7496,0,0,0.25733724653148343,True
20,11,1,60,25,0.0448,0,0,0.005,0.025,7409,0,0,0.2598191388851397,True
20,11,2,60,25,0.0448,0,0,0.005,0.025,7316,0,0,0.26339529797703665,True
20,11,3,60,25,0.0448,0,0,0.005,0.025,7232,0,0,0.26521017699115046,True
20,11,4,60,25,0.0448,0,0,0.005,0.025,7146,0,0,0.269381472152253,True
20,11,5,60,25,0.0448,0,0,0.005,0.025,7064,0,0,0.27137599093997733,True
20,11,6,60,25,0.0448,0,0,0.005,0.025,7002,0,0,0.27420736932305056,True
20,11,7,60,25,0.0448,0,0,0.005,0.025,6923,0,0,0.2738697096634407,True
20,11,8,60,25,0.0448,0,0,0.005,0.025,6839,0,0,0.2778183945021202,True
20,11,9,60,25,0.0448,0,0,0.005,0.025,6737,0,0,0.27905595962594626,True
20,11,10,60,25,0.0448,0,0,0.005,0.025,6637,0,0,0.2817538044297122,True
20,11,11,60,25,0.0448,0,0,0.005,0.025,6540,0,0,0.2837920489296636,True
20,11,12,60,25,0.0448,0,0,0.005,0.025,6492,0,0,0.2874306839186691,True
20,11,13,60,25,0.0448,0,0,0.005,0.025,6415,0,0,0.2872954014029618,True
20,11,14,60,25,0.0448,0,0,0.005,0.025,6338,0,0,0.290785736825497,True
20,11,15,60,25,0.0448,0,0,0.005,0.025,6271,0,0,0.29261680752671027,True
20,11,16,60,25,0.0448,0,0,0.005,0.025,6204,0,0,0.29545454545454547,True
20,11,17,60,25,0.0448,0,0,0.005,0.025,6131,0,0,0.29766759093133255,True
20,11,18,60,25,0.0448,0,0,0.005,0.025,13232,0,0,0.1296856106408706,True
20,11,19,60,25,0.0448,0,0,0.005,0.025,12984,0,0,0.13393407270486754,True
20,11,20,60,25,0.0448,0,0,0.005,0.025,12755,0,0,0.1359466875735006,True
20,11,21,60,25,0.0448,0,0,0.005,0.025,12490,0,0,0.14019215372297839,True
20,11,22,60,25,0.0448,0,0,0.005,0.025,12269,0,0,0.14426603635178092,True
20,11,23,60,25,0.0448,0,0,0.005,0.025,11981,0,0,0.14740005007929222,True
20,11,24,60,25,0.0448,0,0,0.005,0.025,11727,0,0,0.15033682953867145,True
20,11,25,60,25,0.0448,0,0,0.005,0.025,11462,0,0,0.15608096318269063,True
20,11,26,60,25,0.0448,0,0,0.005,0.025,11241,0,0,0.15950538208344453,True
20,11,27,60,25,0.0448,0,0,0.005,0.025,11016,0,0,0.16339869281045752,True
20,11,28,60,25,0.0448,0,0,0.005,0.025,10766,0,0,0.16700724503065206,True
20,11,29,60,25,0.0448,0,0,0.005,0.025,10533,0,0,0.17098642362100067,True
20,11,30,60,25,0.0448,0,0,0.005,0.025,10345,0,0,0.17448042532624455,True
20,11,31,60,25,0.0448,0,0,0.005,0.025,10101,0,0,0.1783981783981784,True
20,11,32,60,25,0.0448,0,0,0.005,0.025,9890,0,0,0.18220424671385238,True
20,11,33,60,25,0.0448,0,0,0.005,0.025,9704,0,0,0.18507831821929102,True
20,11,34,60,25,0.0448,0,0,0.005,0.025,9521,0,0,0.18853061653187692,True
20,11,35,60,25,0.0448,0,0,0.005,0.025,9356,0,0,0.19217614365113297,True
20,11,36,60,25,0.0448,0,0,0.005,0.025,9190,0,0,0.1957562568008705,True
20,11,37,60,25,0.0448,0,0,0.005,0.025,8987,0,0,0.19884277289418048,True
20,11,38,60,25,0.0448,0,0,0.005,0.025,8878,0,0,0.20162198693399414,True
20,11,39,60,25,0.0448,0,0,0.005,0.025,8768,0,0,0.20380930656934307,True
20,11,40,60,25,0.0448,0,0,0.005,0.025,8645,0,0,0.20728744939271254,True
20,11,41,60,25,0.0448,0,0,0.005,0.025,8979,0,0,0.23410179307272524,True
20,11,42,60,25,0.0448,0,0,0.005,0.025,8870,0,0,0.2350620067643743,True
20,11,43,60,25,0.0448,0,0,0.005,0.025,8811,0,0,0.23811145159459765,True
20,11,44,60,25,0.0448,0,0,0.005,0.025,8720,0,0,0.24392201834862384,True
20,11,45,60,25,0.0448,0,0,0.005,0.025,8612,0,0,0.2465164886205295,True
20,11,46,60,25,0.0448,0,0,0.005,0.025,8310,0,0,0.23874849578820698,True
20,11,47,60,25,0.0448,0,0,0.005,0.025,8223,0,0,0.23981515262069805,True
20,11,48,60,25,0.0448,0,0,0.005,0.025,8117,0,0,0.23999014414192435,True
20,11,49,60,25,0.0448,0,0,0.005,0.025,8035,0,0,0.2403235843186061,True
20,11,50,60,25,0.0448,0,0,0.005,0.025,7952,0,0,0.2438380281690141,True
20,11,51,60,25,0.0448,0,0,0.005,0.025,7856,0,0,0.24758146639511203,True
20,11,52,60,25,0.0448,0,0,0.005,0.025,7757,0,0,0.24880752868376949,True
20,1,1,60,25,0.0845,0,0,0.005,0.025,5619,0,0,0.0024915465385299874,True
20,1,2,60,25,0.0845,0,0,0.005,0.025,5517,0,0,0.004350190320826536,True
20,1,3,60,25,0.0845,0,0,0.005,0.025,5355,0,0,0.004855275443510738,True
20,1,4,60,25,0.0845,0,0,0.005,0.025,5267,0,0,0.007024871843554205,True
20,1,5,60,25,0.0845,0,0,0.005,0.025,5181,0,0,0.009264620729588882,True
20,1,6,60,25,0.0845,0,0,0.005,0.025,5117,0,0,0.010553058432675396,True
20,1,7,60,25,0.0845,0,0,0.005,0.025,5052,0,0,0.011678543151227237,True
20,1,8,60,25,0.0845,0,0,0.005,0.025,4991,0,0,0.015227409336806252,True
20,1,9,60,25,0.0845,0,0,0.005,0.025,4884,0,0,0.016584766584766583,True
20,1,10,60,25,0.0845,0,0,0.005,0.025,4846,0,0,0.01981015270326042,True
20,1,11,60,25,0.0845,0,0,0.005,0.025,4789,0,0,0.019628314888285654,True
20,1,12,60,25,0.0845,0,0,0.005,0.025,4723,0,0,0.020537793775142917,True
20,1,13,60,25,0.0845,0,0,0.005,0.025,4668,0,0,0.022279348757497857,True
20,1,14,60,25,0.0845,0,0,0.005,0.025,4629,0,0,0.024843378699503132,True
20,1,15,60,25,0.0845,0,0,0.005,0.025,4584,0,0,0.026832460732984294,True
20,1,16,60,25,0.0845,0,0,0.005,0.025,4525,0,0,0.02850828729281768,True
20,1,17,60,25,0.0845,0,0,0.005,0.025,4483,0,0,0.030559892928842293,True
20,1,18,60,25,0.0845,0,0,0.005,0.025,12927,0,0,0.012299837549315386,True
20,1,19,60,25,0.0845,0,0,0.005,0.025,12613,0,0,0.01450884008562594,True
20,1,20,60,25,0.0845,0,0,0.005,0.025,12291,0,0,0.015783906923765356,True
20,1,21,60,25,0.0845,0,0,0.005,0.025,11999,0,0,0.018168180681723475,True
20,1,22,60,25,0.0845,0,0,0.005,0.025,11731,0,0,0.02037336970420254,True
20,1,23,60,25,0.0845,0,0,0.005,0.025,11482,0,0,0.023166695697613655,True
20,1,24,60,25,0.0845,0,0,0.005,0.025,11232,0,0,0.026442307692307692,True
20,1,25,60,25,0.0845,0,0,0.005,0.025,10819,0,0,0.028191145207505316,True
20,1,26,60,25,0.0845,0,0,0.005,0.025,10587,0,0,0.030131293095305562,True
20,1,27,60,25,0.0845,0,0,0.005,0.025,10335,0,0,0.03173681664247702,True
20,1,28,60,25,0.0845,0,0,0.005,0.025,10064,0,0,0.03348569157392687,True
20,1,29,60,25,0.0845,0,0,0.005,0.025,9852,0,0,0.035221274868047096,True
20,1,30,60,25,0.0845,0,0,0.005,0.025,9649,0,0,0.03720592807544823,True
20,1,31,60,25,0.0845,0,0,0.005,0.025,9410,0,0,0.04017003188097768,True
20,1,32,60,25,0.0845,0,0,0.005,0.025,9205,0,0,0.04269418794133623,True
20,1,33,60,25,0.0845,0,0,0.005,0.025,8977,0,0,0.0452266904311017,True
20,1,34,60,25,0.0845,0,0,0.005,0.025,8766,0,0,0.04620123203285421,True
20,1,35,60,25,0.0845,0,0,0.005,0.025,8544,0,0,0.048572097378277154,True
20,1,36,60,25,0.0845,0,0,0.005,0.025,8358,0,0,0.05049054797798516,True
20,1,37,60,25,0.0845,0,0,0.005,0.025,8174,0,0,0.05346219721066797,True
20,1,38,60,25,0.0845,0,0,0.005,0.025,8027,0,0,0.05481499937710228,True
20,1,39,60,25,0.0845,0,0,0.005,0.025,7905,0,0,0.056925996204933584,True
20,1,40,60,25,0.0845,0,0,0.005,0.025,7753,0,0,0.05958983619244163,True
20,1,41,60,25,0.0845,0,0,0.005,0.025,7982,0,0,0.0816837885241794,True
20,1,42,60,25,0.0845,0,0,0.005,0.025,7898,0,0,0.08875664725246898,True
20,1,43,60,25,0.0845,0,0,0.005,0.025,7776,0,0,0.09555041152263374,True
20,1,44,60,25,0.0845,0,0,0.005,0.025,7655,0,0,0.09732201175702156,True
20,1,45,60,25,0.0845,0,0,0.005,0.025,7569,0,0,0.10278768661646188,True
20,1,46,60,25,0.0845,0,0,0.005,0.025,7263,0,0,0.09569048602505852,True
20,1,47,60,25,0.0845,0,0,0.005,0.025,7109,0,0,0.09776339850893234,True
20,1,48,60,25,0.0845,0,0,0.005,0.025,7028,0,0,0.09974388161639158,True
20,1,49,60,25,0.0845,0,0,0.005,0.025,6938,0,0,0.10247910060536178,True
20,1,50,60,25,0.0845,0,0,0.005,0.025,6817,0,0,0.10356461786709696,True
20,1,51,60,25,0.0845,0,0,0.005,0.025,6726,0,0,0.10645257210823669,True
20,1,52,60,25,0.0845,0,0,0.005,0.025,6635,0,0,0.11168048229088169,True
20,2,1,60,25,0.0845,0,0,0.005,0.025,6544,0,0,0.11384474327628362,True
20,2,2,60,25,0.0845,0,0,0.005,0.025,6484,0,0,0.11582356570018507,True
20,2,3,60,25,0.0845,0,0,0.005,0.025,6393,0,0,0.11966213045518535,True
20,2,4,60,25,0.0845,0,0,0.005,0.025,6310,0,0,0.12282091917591126,True
20,2,5,60,25,0.0845,0,0,0.005,0.025,6234,0,0,0.12415784408084697,True
20,2,6,60,25,0.0845,0,0,0.005,0.025,6182,0,0,0.12779035910708508,True
20,2,7,60,25,0.0845,0,0,0.005,0.025,6134,0,0,0.1305836322138898,True
20,2,8,60,25,0.0845,0,0,0.005,0.025,6072,0,0,0.13504611330698288,True
20,2,9,60,25,0.0845,0,0,0.005,0.025,5984,0,0,0.13786764705882354,True
20,2,10,60,25,0.0845,0,0,0.005,0.025,5907,0,0,0.1393262231251058,True
20,2,11,60,25,0.0845,0,0,0.005,0.025,5826,0,0,0.141091658084449,True
20,2,12,60,25,0.0845,0,0,0.005,0.025,5759,0,0,0.14412224344504254,True
20,2,13,60,25,0.0845,0,0,0.005,0.025,5676,0,0,0.14658210007047218,True
20,2,14,60,25,0.0845,0,0,0.005,0.025,5593,0,0,0.14929376005721437,True
20,2,15,60,25,0.0845,0,0,0.005,0.025,5525,0,0,0.1502262443438914,True
20,2,16,60,25,0.0845,0,0,0.005,0.025,5449,0,0,0.15342264635712974,True
20,2,17,60,25,0.0845,0,0,0.005,0.025,5369,0,0,0.15608120692866456,True
20,2,18,60,25,0.0845,0,0,0.005,0.025,10899,0,0,0.07863106707037343,True
20,2,19,60,25,0.0845,0,0,0.005,0.025,10745,0,0,0.08087482550023267,True
20,2,20,60,25,0.0845,0,0,0.005,0.025,10467,0,0,0.08426483233018056,True
20,2,21,60,25,0.0845,0,0,0.005,0.025,10270,0,0,0.0875365141187926,True
20,2,22,60,25,0.0845,0,0,0.005,0.025,10051,0,0,0.09073724007561437,True
20,2,23,60,25,0.0845,0,0,0.005,0.025,9834,0,0,0.09355297945901973,True
20,2,24,60,25,0.0845,0,0,0.005,0.025,9609,0,0,0.0969924029555625,True
20,2,25,60,25,0.0845,0,0,0.005,0.025,9402,0,0,0.099234205488194,True
20,2,26,60,25,0.0845,0,0,0.005,0.025,9180,0,0,0.10337690631808279,True
20,2,27,60,25,0.0845,0,0,0.005,0.025,8966,0,0,0.10550970332366719,True
20,2,28,60,25,0.0845,0,0,0.005,0.025,8783,0,0,0.10793578503928043,True
20,2,29,60,25,0.0845,0,0,0.005,0.025,8616,0,0,0.10944753946146704,True
20,2,30,60,25,0.0845,0,0,0.005,0.025,8448,0,0,0.11209753787878787,True
20,2,31,60,25,0.0845,0,0,0.005,0.025,8265,0,0,0.11385359951603145,True
20,2,32,60,25,0.0845,0,0,0.005,0.025,8088,0,0,0.11733432245301681,True
20,2,33,60,25,0.0845,0,0,0.005,0.025,7923,0,0,0.12028272119146788,True
20,2,34,60,25,0.0845,0,0,0.005,0.025,7765,0,0,0.12337411461687058,True
20,2,35,60,25,0.0845,0,0,0.005,0.025,7615,0,0,0.1263296126066973,True
20,2,36,60,25,0.0845,0,0,0.005,0.025,7468,0,0,0.12841456882699517,True
20,2,37,60,25,0.0845,0,0,0.005,0.025,7344,0,0,0.1315359477124183,True
20,2,38,60,25,0.0845,0,0,0.005,0.025,7210,0,0,0.13453536754507628,True
20,2,39,60,25,0.0845,0,0,0.005,0.025,7109,0,0,0.1371500914333943,True
20,2,40,60,25,0.0845,0,0,0.005,0.025,6999,0,0,0.13887698242606086,True
20,2,41,60,25,0.0845,0,0,0.005,0.025,7282,0,0,0.17083218895907717,True
20,2,42,60,25,0.0845,0,0,0.005,0.025,7166,0,0,0.17234161317331845,True
20,2,43,60,25,0.0845,0,0,0.005,0.025,7089,0,0,0.1759063337565242,True
20,2,44,60,25,0.0845,0,0,0.005,0.025,7008,0,0,0.177939497716895,True
20,2,45,60,25,0.0845,0,0,0.005,0.025,6890,0,0,0.17808417997097242,True
20,2,46,60,25,0.0845,0,0,0.005,0.025,6579,0,0,0.16552667578659372,True
20,2,47,60,25,0.0845,0,0,0.005,0.025,6487,0,0,0.16386619392631416,True
20,2,48,60,25,0.0845,0,0,0.005,0.025,6444,0,0,0.16930477963997517,True
20,2,49,60,25,0.0845,0,0,0.005,0.025,6401,0,0,0.17200437431651305,True
20,2,50,60,25,0.0845,0,0,0.005,0.025,6321,0,0,0.1740230976111375,True
20,2,51,60,25,0.0845,0,0,0.005,0.025,6238,0,0,0.17505610772683552,True
20,2,52,60,25,0.0845,0,0,0.005,0.025,6184,0,0,0.17787839586028462,True
20,3,1,60,25,0.0845,0,0,0.005,0.025,6112,0,0,0.18095549738219896,True
20,3,2,60,25,0.0845,0,0,0.005,0.025,6050,0,0,0.18231404958677686,True
20,3,3,60,25,0.0845,0,0,0.005,0.025,5973,0,0,0.18248786204587308,True
20,3,4,60,25,0.0845,0,0,0.005,0.025,5889,0,0,0.18560027169298693,True
20,3,5,60,25,0.0845,0,0,0.005,0.025,5812,0,0,0.1868547832071576,True
20,3,6,60,25,0.0845,0,0,0.005,0.025,5768,0,0,0.18862690707350901,True
20,3,7,60,25,0.0845,0,0,0.005,0.025,5690,0,0,0.192091388400703,True
20,3,8,60,25,0.0845,0,0,0.005,0.025,5630,0,0,0.19449378330373002,True
20,3,9,60,25,0.0845,0,0,0.005,0.025,5559,0,0,0.19481921208850514,True
20,3,10,60,25,0.0845,0,0,0.005,0.025,5509,0,0,0.19949174078780177,True
20,3,11,60,25,0.0845,0,0,0.005,0.025,5436,0,0,0.20125091979396614,True
20,3,12,60,25,0.0845,0,0,0.005,0.025,5384,0,0,0.20356612184249628,True
20,3,13,60,25,0.0845,0,0,0.005,0.025,5307,0,0,0.20746184284906727,True
20,3,14,60,25,0.0845,0,0,0.005,0.025,5236,0,0,0.2091291061879297,True
20,3,15,60,25,0.0845,0,0,0.005,0.025,5179,0,0,0.21258930295423828,True
20,3,16,60,25,0.0845,0,0,0.005,0.025,5124,0,0,0.2148711943793911,True
20,3,17,60,25,0.0845,0,0,0.005,0.025,5069,0,0,0.2170053264943776,True
20,3,18,60,25,0.0845,0,0,0.005,0.025,11695,0,0,0.09457032920051305,True
20,3,19,60,25,0.0845,0,0,0.005,0.025,11440,0,0,0.09842657342657343,True
20,3,20,60,25,0.0845,0,0,0.005,0.025,11160,0,0,0.10089605734767025,True
20,3,21,60,25,0.0845,0,0,0.005,0.025,10874,0,0,0.10354975170130587,True
20,3,22,60,25,0.0845,0,0,0.005,0.025,10597,0,0,0.10720015098612815,True
20,3,23,60,25,0.0845,0,0,0.005,0.025,10350,0,0,0.11082125603864734,True
20,3,24,60,25,0.0845,0,0,0.005,0.025,10122,0,0,0.11479944674965421,True
20,3,25,60,25,0.0845,0,0,0.005,0.025,9883,0,0,0.11808155418395225,True
20,3,26,60,25,0.0845,0,0,0.005,0.025,9677,0,0,0.1213185904722538,True
20,3,27,60,25,0.0845,0,0,0.005,0.025,9459,0,0,0.12464319695528069,True
20,3,28,60,25,0.0845,0,0,0.005,0.025,9236,0,0,0.12635339974014725,True
20,3,29,60,25,0.0845,0,0,0.005,0.025,9017,0,0,0.12886769435510703,True
20,3,30,60,25,0.0845,0,0,0.005,0.025,8807,0,0,0.1317134097876689,True
20,3,31,60,25,0.0845,0,0,0.005,0.025,8616,0,0,0.13521355617455896,True
20,3,32,60,25,0.0845,0,0,0.005,0.025,8394,0,0,0.13831308077197998,True
20,3,33,60,25,0.0845,0,0,0.005,0.025,8204,0,0,0.14139444173573867,True
20,3,34,60,25,0.0845,0,0,0.005,0.025,8010,0,0,0.14544319600499375,True
20,3,35,60,25,0.0845,0,0,0.005,0.025,7822,0,0,0.1481718230631552,True
20,3,36,60,25,0.0845,0,0,0.005,0.025,7638,0,0,0.15030112594920136,True
20,3,37,60,25,0.0845,0,0,0.005,0.025,7504,0,0,0.1535181236673774,True
20,3,38,60,25,0.0845,0,0,0.005,0.025,7379,0,0,0.15666079414554818,True
20,3,39,60,25,0.0845,0,0,0.005,0.025,7274,0,0,0.15960956832554302,True
20,3,40,60,25,0.0845,0,0,0.005,0.025,7150,0,0,0.16125874125874126,True
20,3,41,60,25,0.0845,0,0,0.005,0.025,7395,0,0,0.18837052062204193,True
20,3,42,60,25,0.0845,0,0,0.005,0.025,7321,0,0,0.19300641988799344,True
20,3,43,60,25,0.0845,0,0,0.005,0.025,7172,0,0,0.19436698271054098,True
20,3,44,60,25,0.0845,0,0,0.005,0.025,7065,0,0,0.19985845718329795,True
20,3,45,60,25,0.0845,0,0,0.005,0.025,6980,0,0,0.20415472779369628,True
20,3,46,60,25,0.0845,0,0,0.005,0.025,6639,0,0,0.19084199427624643,True
20,3,47,60,25,0.0845,0,0,0.005,0.025,6519,0,0,0.19236079153244362,True
20,3,48,60,25,0.0845,0,0,0.005,0.025,6422,0,0,0.19277483649953286,True
20,3,49,60,25,0.0845,0,0,0.005,0.025,6377,0,0,0.196644190058021,True
20,3,50,60,25,0.0845,0,0,0.005,0.025,6295,0,0,0.20047656870532168,True
20,3,51,60,25,0.0845,0,0,0.005,0.025,6244,0,0,0.20211402946828955,True
20,3,52,60,25,0.0845,0,0,0.005,0.025,6170,0,0,0.20502431118314424,True
20,4,1,60,25,0.0845,0,0,0.005,0.025,6090,0,0,0.20755336617405584,True
20,4,2,60,25,0.0845,0,0,0.005,0.025,6033,0,0,0.2101773578650754,True
20,4,3,60,25,0.0845,0,0,0.005,0.025,5989,0,0,0.21172148939722826,True
20,4,4,60,25,0.0845,0,0,0.005,0.025,5925,0,0,0.2140084388185654,True
20,4,5,60,25,0.0845,0,0,0.005,0.025,5851,0,0,0.2170569133481456,True
20,4,6,60,25,0.0845,0,0,0.005,0.025,5786,0,0,0.21742136190805392,True
20,4,7,60,25,0.0845,0,0,0.005,0.025,5709,0,0,0.21982834121562445,True
20,4,8,60,25,0.0845,0,0,0.005,0.025,5639,0,0,0.22415321865579002,True
20,4,9,60,25,0.0845,0,0,0.005,0.025,5586,0,0,0.22520587182241317,True
20,4,10,60,25,0.0845,0,0,0.005,0.025,5519,0,0,0.22739626743975358,True
20,4,11,60,25,0.0845,0,0,0.005,0.025,5455,0,0,0.2311640696608616,True
20,4,12,60,25,0.0845,0,0,0.005,0.025,5386,0,0,0.23264017823988117,True
20,4,13,60,25,0.0845,0,0,0.005,0.025,5319,0,0,0.23594660650498214,True
20,4,14,60,25,0.0845,0,0,0.005,0.025,5248,0,0,0.23761432926829268,True
20,4,15,60,25,0.0845,0,0,0.005,0.025,5184,0,0,0.23823302469135801,True
20,4,16,60,25,0.0845,0,0,0.005,0.025,5117,0,0,0.24135235489544654,True
20,4,17,60,25,0.0845,0,0,0.005,0.025,5058,0,0,0.24396994859628313,True
20,4,18,60,25,0.0845,0,0,0.005,0.025,10956,0,0,0.11345381526104417,True
20,4,19,60,25,0.0845,0,0,0.005,0.025,10772,0,0,0.11641292239138508,True
20,4,20,60,25,0.0845,0,0,0.005,0.025,10541,0,0,0.11905891281662082,True
20,4,21,60,25,0.0845,0,0,0.005,0.025,10301,0,0,0.12251237743908358,True
20,4,22,60,25,0.0845,0,0,0.005,0.025,10097,0,0,0.12538377735961176,True
20,4,23,60,25,0.0845,0,0,0.005,0.025,9832,0,0,0.12866151342554924,True
20,4,24,60,25,0.0845,0,0,0.005,0.025,9612,0,0,0.13181439866833125,True
20,4,25,60,25,0.0845,0,0,0.005,0.025,9315,0,0,0.13633923778851315,True
20,4,26,60,25,0.0845,0,0,0.005,0.025,9092,0,0,0.13836339639243292,True
20,4,27,60,25,0.0845,0,0,0.005,0.025,8860,0,0,0.14187358916478554,True
20,4,28,60,25,0.0845,0,0,0.005,0.025,8642,0,0,0.1451052996991437,True
20,4,29,60,25,0.0845,0,0,0.005,0.025,8496,0,0,0.14806967984934086,True
20,4,30,60,25,0.0845,0,0,0.005,0.025,8288,0,0,0.15021718146718147,True
20,4,31,60,25,0.0845,0,0,0.005,0.025,8092,0,0,0.15533860603064756,True
20,4,32,60,25,0.0845,0,0,0.005,0.025,7899,0,0,0.15799468287124951,True
20,4,33,60,25,0.0845,0,0,0.005,0.025,7739,0,0,0.16177800749450832,True
20,4,34,60,25,0.0845,0,0,0.005,0.025,7552,0,0,0.16485699152542374,True
20,4,35,60,25,0.0845,0,0,0.005,0.025,7408,0,0,0.16846652267818574,True
20,4,36,60,25,0.0845,0,0,0.005,0.025,7252,0,0,0.17250413678985108,True
20,4,37,60,25,0.0845,0,0,0.005,0.025,7097,0,0,0.1755671410455122,True
20,4,38,60,25,0.0845,0,0,0.005,0.025,6994,0,0,0.1761509865599085,True
20,4,39,60,25,0.0845,0,0,0.005,0.025,6896,0,0,0.17879930394431554,True
20,4,40,60,25,0.0845,0,0,0.005,0.025,6816,0,0,0.18192488262910797,True
20,4,41,60,25,0.0845,0,0,0.005,0.025,7056,0,0,0.21060090702947845,True
20,4,42,60,25,0.0845,0,0,0.005,0.025,7036,0,0,0.2178794769755543,True
20,4,43,60,25,0.0845,0,0,0.005,0.025,6981,0,0,0.22160148975791433,True
20,4,44,60,25,0.0845,0,0,0.005,0.025,6896,0,0,0.2224477958236659,True
20,4,45,60,25,0.0845,0,0,0.005,0.025,6805,0,0,0.2260102865540044,True
20,4,46,60,25,0.0845,0,0,0.005,0.025,6504,0,0,0.2134071340713407,True
20,4,47,60,25,0.0845,0,0,0.005,0.025,6402,0,0,0.21462043111527648,True
20,4,48,60,25,0.0845,0,0,0.005,0.025,6294,0,0,0.2138544645694312,True
20,4,49,60,25,0.0845,0,0,0.005,0.025,6232,0,0,0.21630295250320924,True
20,4,50,60,25,0.0845,0,0,0.005,0.025,6141,0,0,0.21787982413287738,True
20,4,51,60,25,0.0845,0,0,0.005,0.025,6047,0,0,0.21895154622126675,True
20,4,52,60,25,0.0845,0,0,0.005,0.025,5963,0,0,0.22170048633238304,True
20,5,1,60,25,0.0845,0,0,0.005,0.025,5867,0,0,0.22243054371910687,True
20,5,2,60,25,0.0845,0,0,0.005,0.025,5783,0,0,0.22479681826041847,True
20,5,3,60,25,0.0845,0,0,0.005,0.025,5728,0,0,0.2259078212290503,True
20,5,4,60,25,0.0845,0,0,0.005,0.025,5666,0,0,0.23032121426050123,True
20,5,5,60,25,0.0845,0,0,0.005,0.025,5589,0,0,0.23277867239219896,True
20,5,6,60,25,0.0845,0,0,0.005,0.025,5538,0,0,0.23564463705308775,True
20,5,7,60,25,0.0845,0,0,0.005,0.025,5475,0,0,0.2376255707762557,True
20,5,8,60,25,0.0845,0,0,0.005,0.025,5433,0,0,0.24111908706055588,True
20,5,9,60,25,0.0845,0,0,0.005,0.025,5357,0,0,0.24267313795034534,True
20,5,10,60,25,0.0845,0,0,0.005,0.025,5290,0,0,0.24763705103969755,True
20,5,11,60,25,0.0845,0,0,0.005,0.025,5222,0,0,0.2499042512447338,True
20,5,12,60,25,0.0845,0,0,0.005,0.025,5164,0,0,0.2527110766847405,True
20,5,13,60,25,0.0845,0,0,0.005,0.025,5110,0,0,0.25459882583170257,True
20,5,14,60,25,0.0845,0,0,0.005,0.025,5058,0,0,0.2554369315935152,True
20,5,15,60,25,0.0845,0,0,0.005,0.025,5005,0,0,0.25814185814185814,True
20,5,16,60,25,0.0845,0,0,0.005,0.025,4947,0,0,0.25934910046492826,True
20,5,17,60,25,0.0845,0,0,0.005,0.025,4873,0,0,0.26205622819618307,True
20,5,18,60,25,0.0845,0,0,0.005,0.025,10986,0,0,0.1174221736755871,True
20,5,19,60,25,0.0845,0,0,0.005,0.025,10710,0,0,0.11998132586367881,True
20,5,20,60,25,0.0845,0,0,0.005,0.025,10433,0,0,0.12364612287932522,True
20,5,21,60,25,0.0845,0,0,0.005,0.025,10161,0,0,0.12734967030804054,True
20,5,22,60,25,0.0845,0,0,0.005,0.025,9863,0,0,0.13038629220318362,True
20,5,23,60,25,0.0845,0,0,0.005,0.025,9606,0,0,0.13418696647928377,True
20,5,24,60,25,0.0845,0,0,0.005,0.025,9392,0,0,0.13735093696763204,True
20,5,25,60,25,0.0845,0,0,0.005,0.025,9186,0,0,0.14032222947964293,True
20,5,26,60,25,0.0845,0,0,0.005,0.025,8985,0,0,0.14357262103505844,True
20,5,27,60,25,0.0845,0,0,0.005,0.025,8794,0,0,0.1468046395269502,True
20,5,28,60,25,0.0845,0,0,0.005,0.025,8594,0,0,0.14963928322085177,True
20,5,29,60,25,0.0845,0,0,0.005,0.025,8379,0,0,0.15324024346580736,True
20,5,30,60,25,0.0845,0,0,0.005,0.025,8222,0,0,0.1559231330576502,True
20,5,31,60,25,0.0845,0,0,0.005,0.025,8049,0,0,0.15902596595850416,True
20,5,32,60,25,0.0845,0,0,0.005,0.025,7864,0,0,0.1617497456765005,True
20,5,33,60,25,0.0845,0,0,0.005,0.025,7717,0,0,0.1662563172217183,True
20,5,34,60,25,0.0845,0,0,0.005,0.025,7543,0,0,0.1690308895664855,True
20,5,35,60,25,0.0845,0,0,0.005,0.025,7392,0,0,0.1719426406926407,True
20,5,36,60,25,0.0845,0,0,0.005,0.025,7252,0,0,0.17457253171538886,True
20,5,37,60,25,0.0845,0,0,0.005,0.025,7133,0,0,0.17692415533436143,True
20,5,38,60,25,0.0845,0,0,0.005,0.025,7014,0,0,0.1800684345594525,True
20,5,39,60,25,0.0845,0,0,0.005,0.025,6912,0,0,0.18127893518518517,True
20,5,40,60,25,0.0845,0,0,0.005,0.025,6821,0,0,0.1850168596979915,True
20,5,41,60,25,0.0845,0,0,0.005,0.025,7114,0,0,0.21506887826820353,True
20,5,42,60,25,0.0845,0,0,0.005,0.025,7064,0,0,0.21928086070215175,True
20,5,43,60,25,0.0845,0,0,0.005,0.025,6923,0,0,0.22100245558283982,True
20,5,44,60,25,0.0845,0,0,0.005,0.025,6846,0,0,0.22158924919661116,True
20,5,45,60,25,0.0845,0,0,0.005,0.025,6700,0,0,0.22686567164179106,True
20,5,46,60,25,0.0845,0,0,0.005,0.025,6410,0,0,0.21497659906396255,True
20,5,47,60,25,0.0845,0,0,0.005,0.025,6256,0,0,0.2129156010230179,True
20,5,48,60,25,0.0845,0,0,0.005,0.025,6177,0,0,0.21547676865792456,True
20,5,49,60,25,0.0845,0,0,0.005,0.025,6117,0,0,0.21628249141736144,True
20,5,50,60,25,0.0845,0,0,0.005,0.025,6070,0,0,0.21894563426688632,True
20,5,51,60,25,0.0845,0,0,0.005,0.025,6006,0,0,0.22261072261072262,True
20,5,52,60,25,0.0845,0,0,0.005,0.025,5950,0,0,0.22840336134453781,True
20,6,1,60,25,0.0845,0,0,0.005,0.025,5914,0,0,0.23199188366587759,True
20,6,2,60,25,0.0845,0,0,0.005,0.025,5835,0,0,0.23581833761782348,True
20,6,3,60,25,0.0845,0,0,0.005,0.025,5755,0,0,0.23509991311902692,True
20,6,4,60,25,0.0845,0,0,0.005,0.025,5699,0,0,0.24127039831549393,True
20,6,5,60,25,0.0845,0,0,0.005,0.025,5649,0,0,0.24252080014161798,True
20,6,6,60,25,0.0845,0,0,0.005,0.025,5589,0,0,0.24351404544641259,True
20,6,7,60,25,0.0845,0,0,0.005,0.025,5496,0,0,0.24745269286754004,True
20,6,8,60,25,0.0845,0,0,0.005,0.025,5444,0,0,0.24926524614254225,True
20,6,9,60,25,0.0845,0,0,0.005,0.025,5392,0,0,0.25148367952522255,True
20,6,10,60,25,0.0845,0,0,0.005,0.025,5350,0,0,0.2568224299065421,True
20,6,11,60,25,0.0845,0,0,0.005,0.025,5285,0,0,0.25846736045411545,True
20,6,12,60,25,0.0845,0,0,0.005,0.025,5220,0,0,0.2574712643678161,True
20,6,13,60,25,0.0845,0,0,0.005,0.025,5171,0,0,0.25952426996712435,True
20,6,14,60,25,0.0845,0,0,0.005,0.025,5104,0,0,0.26332288401253917,True
20,6,15,60,25,0.0845,0,0,0.005,0.025,5041,0,0,0.26363816703035114,True
20,6,16,60,25,0.0845,0,0,0.005,0.025,4997,0,0,0.2661596958174905,True
20,6,17,60,25,0.0845,0,0,0.005,0.025,4958,0,0,0.26966518757563535,True
20,6,18,60,25,0.0845,0,0,0.005,0.025,11180,0,0,0.120304114490161,True
20,6,19,60,25,0.0845,0,0,0.005,0.025,10983,0,0,0.12391878357461532,True
20,6,20,60,25,0.0845,0,0,0.005,0.025,10739,0,0,0.12785175528447715,True
20,6,21,60,25,0.0845,0,0,0.005,0.025,10522,0,0,0.13153392891085344,True
20,6,22,60,25,0.0845,0,0,0.005,0.025,10263,0,0,0.13485335671830848,True
20,6,23,60,25,0.0845,0,0,0.005,0.025,10032,0,0,0.13875598086124402,True
20,6,24,60,25,0.0845,0,0,0.005,0.025,9812,0,0,0.14105177333876887,True
20,6,25,60,25,0.0845,0,0,0.005,0.025,9550,0,0,0.14397905759162305,True
20,6,26,60,25,0.0845,0,0,0.005,0.025,9295,0,0,0.1474986551909629,True
20,6,27,60,25,0.0845,0,0,0.005,0.025,9070,0,0,0.15016538037486218,True
20,6,28,60,25,0.0845,0,0,0.005,0.025,8863,0,0,0.15423671443077966,True
20,6,29,60,25,0.0845,0,0,0.005,0.025,8625,0,0,0.1582608695652174,True
20,6,30,60,25,0.0845,0,0,0.005,0.025,8454,0,0,0.16276318902294773,True
20,6,31,60,25,0.0845,0,0,0.005,0.025,8238,0,0,0.1659383345472202,True
20,6,32,60,25,0.0845,0,0,0.005,0.025,8046,0,0,0.16964951528709918,True
20,6,33,60,25,0.0845,0,0,0.005,0.025,7877,0,0,0.1727815158055097,True
20,6,34,60,25,0.0845,0,0,0.005,0.025,7698,0,0,0.17653936087295402,True
20,6,35,60,25,0.0845,0,0,0.005,0.025,7522,0,0,0.17960648763626694,True
20,6,36,60,25,0.0845,0,0,0.005,0.025,7362,0,0,0.18310241782124423,True
20,6,37,60,25,0.0845,0,0,0.005,0.025,7195,0,0,0.18568450312717164,True
20,6,38,60,25,0.0845,0,0,0.005,0.025,7080,0,0,0.18898305084745762,True
20,6,39,60,25,0.0845,0,0,0.005,0.025,6980,0,0,0.19297994269340973,True
20,6,40,60,25,0.0845,0,0,0.005,0.025,6892,0,0,0.19529889727219965,True
20,6,41,60,25,0.0845,0,0,0.005,0.025,7080,0,0,0.22161016949152543,True
20,6,42,60,25,0.0845,0,0,0.005,0.025,7024,0,0,0.22821753986332574,True
20,6,43,60,25,0.0845,0,0,0.005,0.025,6912,0,0,0.23177083333333334,True
20,6,44,60,25,0.0845,0,0,0.005,0.025,6825,0,0,0.23267399267399266,True
20,6,45,60,25,0.0845,0,0,0.005,0.025,6704,0,0,0.23269689737470167,True
20,6,46,60,25,0.0845,0,0,0.005,0.025,6389,0,0,0.22241352324307403,True
20,6,47,60,25,0.0845,0,0,0.005,0.025,6269,0,0,0.22459722443770935,True
20,6,48,60,25,0.0845,0,0,0.005,0.025,6201,0,0,0.22609256571520722,True
20,6,49,60,25,0.0845,0,0,0.005,0.025,6125,0,0,0.23069387755102042,True
20,6,50,60,25,0.0845,0,0,0.005,0.025,6087,0,0,0.2313126334811894,True
20,6,51,60,25,0.0845,0,0,0.005,0.025,6018,0,0,0.2337986041874377,True
20,6,52,60,25,0.0845,0,0,0.005,0.025,5997,0,0,0.23878605969651492,True
20,7,1,60,25,0.0845,0,0,0.005,0.025,5910,0,0,0.23722504230118444,True
20,7,2,60,25,0.0845,0,0,0.005,0.025,5836,0,0,0.24057573680603153,True
20,7,3,60,25,0.0845,0,0,0.005,0.025,5773,0,0,0.24701195219123506,True
20,7,4,60,25,0.0845,0,0,0.005,0.025,5720,0,0,0.25104895104895103,True
20,7,5,60,25,0.0845,0,0,0.005,0.025,5647,0,0,0.2519922082521693,True
20,7,6,60,25,0.0845,0,0,0.005,0.025,5572,0,0,0.25448671931083994,True
20,7,7,60,25,0.0845,0,0,0.005,0.025,5506,0,0,0.2584453323646931,True
20,7,8,60,25,0.0845,0,0,0.005,0.025,5463,0,0,0.2601134907559949,True
20,7,9,60,25,0.0845,0,0,0.005,0.025,5385,0,0,0.26146703806870936,True
20,7,10,60,25,0.0845,0,0,0.005,0.025,5328,0,0,0.26257507507507505,True
20,7,11,60,25,0.0845,0,0,0.005,0.025,5254,0,0,0.2657023220403502,True
20,7,12,60,25,0.0845,0,0,0.005,0.025,5195,0,0,0.2681424446583253,True
20,7,13,60,25,0.0845,0,0,0.005,0.025,5137,0,0,0.2711699435468172,True
20,7,14,60,25,0.0845,0,0,0.005,0.025,5082,0,0,0.2729240456513184,True
20,7,15,60,25,0.0845,0,0,0.005,0.025,5012,0,0,0.27474062250598563,True
20,7,16,60,25,0.0845,0,0,0.005,0.025,4959,0,0,0.27787860455737046,True
20,7,17,60,25,0.0845,0,0,0.005,0.025,4895,0,0,0.2804902962206333,True
20,7,18,60,25,0.0845,0,0,0.005,0.025,11072,0,0,0.124367774566474,True
20,7,19,60,25,0.0845,0,0,0.005,0.025,10884,0,0,0.12780227857405366,True
20,7,20,60,25,0.0845,0,0,0.005,0.025,10656,0,0,0.1318506006006006,True
20,7,21,60,25,0.0845,0,0,0.005,0.025,10438,0,0,0.13460433033148111,True
20,7,22,60,25,0.0845,0,0,0.005,0.025,10184,0,0,0.13786331500392773,True
20,7,23,60,25,0.0845,0,0,0.005,0.025,9961,0,0,0.14125087842586087,True
20,7,24,60,25,0.0845,0,0,0.005,0.025,9711,0,0,0.14509319328596437,True
20,7,25,60,25,0.0845,0,0,0.005,0.025,9461,0,0,0.14808159813973154,True
20,7,26,60,25,0.0845,0,0,0.005,0.025,9278,0,0,0.15229575339512827,True
20,7,27,60,25,0.0845,0,0,0.005,0.025,9111,0,0,0.15574580177807046,True
20,7,28,60,25,0.0845,0,0,0.005,0.025,8899,0,0,0.1593437464883695,True
20,7,29,60,25,0.0845,0,0,0.005,0.025,8743,0,0,0.16138625185862976,True
20,7,30,60,25,0.0845,0,0,0.005,0.025,8547,0,0,0.1653211653211653,True
20,7,31,60,25,0.0845,0,0,0.005,0.025,8346,0,0,0.16858375269590223,True
20,7,32,60,25,0.0845,0,0,0.005,0.025,8179,0,0,0.1737376207360313,True
20,7,33,60,25,0.0845,0,0,0.005,0.025,8005,0,0,0.17651467832604623,True
20,7,34,60,25,0.0845,0,0,0.005,0.025,7859,0,0,0.17966662425244942,True
20,7,35,60,25,0.0845,0,0,0.005,0.025,7663,0,0,0.1829570664230719,True
20,7,36,60,25,0.0845,0,0,0.005,0.025,7492,0,0,0.19140416444207153,True
20,7,37,60,25,0.0845,0,0,0.005,0.025,7356,0,0,0.19412724306688417,True
20,7,38,60,25,0.0845,0,0,0.005,0.025,7244,0,0,0.19671452236333517,True
20,7,39,60,25,0.0845,0,0,0.005,0.025,7132,0,0,0.19938306225462704,True
20,7,40,60,25,0.0845,0,0,0.005,0.025,7040,0,0,0.20397727272727273,True
20,7,41,60,25,0.0845,0,0,0.005,0.025,7230,0,0,0.22780082987551867,True
20,7,42,60,25,0.0845,0,0,0.005,0.025,7165,0,0,0.2325191905094208,True
20,7,43,60,25,0.0845,0,0,0.005,0.025,7051,0,0,0.23542759892213871,True
20,7,44,60,25,0.0845,0,0,0.005,0.025,6977,0,0,0.2397878744446037,True
20,7,45,60,25,0.0845,0,0,0.005,0.025,6839,0,0,0.23921625968708876,True
20,7,46,60,25,0.0845,0,0,0.005,0.025,6554,0,0,0.2311565456209948,True
20,7,47,60,25,0.0845,0,0,0.005,0.025,6428,0,0,0.2307093963907903,True
20,7,48,60,25,0.0845,0,0,0.005,0.025,6366,0,0,0.23342758404021363,True
20,7,49,60,25,0.0845,0,0,0.005,0.025,6300,0,0,0.2384126984126984,True
20,7,50,60,25,0.0845,0,0,0.005,0.025,6237,0,0,0.24210357543690877,True
20,7,51,60,25,0.0845,0,0,0.005,0.025,6171,0,0,0.24372062874736672,True
20,7,52,60,25,0.0845,0,0,0.005,0.025,6082,0,0,0.24514962183492273,True
20,8,1,60,25,0.0845,0,0,0.005,0.025,6008,0,0,0.24800266311584554,True
20,8,2,60,25,0.0845,0,0,0.005,0.025,5946,0,0,0.24873864783047428,True
20,8,3,60,25,0.0845,0,0,0.005,0.025,5873,0,0,0.25455474203984335,True
20,8,4,60,25,0.0845,0,0,0.005,0.025,5780,0,0,0.257439446366782,True
20,8,5,60,25,0.0845,0,0,0.005,0.025,5727,0,0,0.2577265584075432,True
20,8,6,60,25,0.0845,0,0,0.005,0.025,5671,0,0,0.2599188855581026,True
20,8,7,60,25,0.0845,0,0,0.005,0.025,5583,0,0,0.26240372559555797,True
20,8,8,60,25,0.0845,0,0,0.005,0.025,5515,0,0,0.2654578422484134,True
20,8,9,60,25,0.0845,0,0,0.005,0.025,5437,0,0,0.2683465146220342,True
20,8,10,60,25,0.0845,0,0,0.005,0.025,5397,0,0,0.270520659625718,True
20,8,11,60,25,0.0845,0,0,0.005,0.025,5344,0,0,0.27395209580838326,True
20,8,12,60,25,0.0845,0,0,0.005,0.025,5278,0,0,0.27415687760515345,True
20,8,13,60,25,0.0845,0,0,0.005,0.025,5212,0,0,0.27897160399079046,True
20,8,14,60,25,0.0845,0,0,0.005,0.025,5171,0,0,0.28021659253529296,True
20,8,15,60,25,0.0845,0,0,0.005,0.025,5111,0,0,0.28487575816865585,True
20,8,16,60,25,0.0845,0,0,0.005,0.025,5055,0,0,0.2878338278931751,True
20,8,17,60,25,0.0845,0,0,0.005,0.025,4993,0,0,0.2892048868415782,True
20,8,18,60,25,0.0845,0,0,0.005,0.025,11423,0,0,0.12825002188566925,True
20,8,19,60,25,0.0845,0,0,0.005,0.025,11202,0,0,0.12961971076593465,True
20,8,20,60,25,0.0845,0,0,0.005,0.025,11007,0,0,0.13327882256745707,True
20,8,21,60,25,0.0845,0,0,0.005,0.025,10707,0,0,0.13635939105258243,True
20,8,22,60,25,0.0845,0,0,0.005,0.025,10470,0,0,0.14106972301814708,True
20,8,23,60,25,0.0845,0,0,0.005,0.025,10240,0,0,0.14443359375,True
20,8,24,60,25,0.0845,0,0,0.005,0.025,9987,0,0,0.14829278061479925,True
20,8,25,60,25,0.0845,0,0,0.005,0.025,9704,0,0,0.1524113767518549,True
20,8,26,60,25,0.0845,0,0,0.005,0.025,9524,0,0,0.15529189416211675,True
20,8,27,60,25,0.0845,0,0,0.005,0.025,9287,0,0,0.1587164854097125,True
20,8,28,60,25,0.0845,0,0,0.005,0.025,9074,0,0,0.16211152744104035,True
20,8,29,60,25,0.0845,0,0,0.005,0.025,8890,0,0,0.16512935883014623,True
20,8,30,60,25,0.0845,0,0,0.005,0.025,8684,0,0,0.1690465223399355,True
20,8,31,60,25,0.0845,0,0,0.005,0.025,8480,0,0,0.1733490566037736,True
20,8,32,60,25,0.0845,0,0,0.005,0.025,8278,0,0,0.17673351050978497,True
20,8,33,60,25,0.0845,0,0,0.005,0.025,8135,0,0,0.17947141979102643,True
20,8,34,60,25,0.0845,0,0,0.005,0.025,7933,0,0,0.18479768057481408,True
20,8,35,60,25,0.0845,0,0,0.005,0.025,7782,0,0,0.18799794397327166,True
20,8,36,60,25,0.0845,0,0,0.005,0.025,7688,0,0,0.1944588969823101,True
20,8,37,60,25,0.0845,0,0,0.005,0.025,7546,0,0,0.19838324940365756,True
20,8,38,60,25,0.0845,0,0,0.005,0.025,7418,0,0,0.19951469398759775,True
20,8,39,60,25,0.0845,0,0,0.005,0.025,7320,0,0,0.2040983606557377,True
20,8,40,60,25,0.0845,0,0,0.005,0.025,7196,0,0,0.20831017231795443,True
20,8,41,60,25,0.0845,0,0,0.005,0.025,7598,0,0,0.2351934719663069,True
20,8,42,60,25,0.0845,0,0,0.005,0.025,7529,0,0,0.24027095231770487,True
20,8,43,60,25,0.0845,0,0,0.005,0.025,7465,0,0,0.2436704621567314,True
20,8,44,60,25,0.0845,0,0,0.005,0.025,7409,0,0,0.2513159670670806,True
20,8,45,60,25,0.0845,0,0,0.005,0.025,7280,0,0,0.2528846153846154,True
20,8,46,60,25,0.0845,0,0,0.005,0.025,6951,0,0,0.24111638613149186,True
20,8,47,60,25,0.0845,0,0,0.005,0.025,6765,0,0,0.2409460458240946,True
20,8,48,60,25,0.0845,0,0,0.005,0.025,6671,0,0,0.24404137310748014,True
20,8,49,60,25,0.0845,0,0,0.005,0.025,6561,0,0,0.24477975918305137,True
20,8,50,60,25,0.0845,0,0,0.005,0.025,6458,0,0,0.24744502942087335,True
20,8,51,60,25,0.0845,0,0,0.005,0.025,6373,0,0,0.253099011454574,True
20,8,52,60,25,0.0845,0,0,0.005,0.025,6300,0,0,0.25476190476190474,True
20,9,1,60,25,0.0845,0,0,0.005,0.025,6200,0,0,0.25709677419354837,True
20,9,2,60,25,0.0845,0,0,0.005,0.025,6131,0,0,0.2590115804925787,True
20,9,3,60,25,0.0845,0,0,0.005,0.025,6055,0,0,0.2634186622625929,True
20,9,4,60,25,0.0845,0,0,0.005,0.025,5980,0,0,0.26438127090301006,True
20,9,5,60,25,0.0845,0,0,0.005,0.025,5909,0,0,0.26688102893890675,True
20,9,6,60,25,0.0845,0,0,0.005,0.025,5840,0,0,0.27037671232876714,True
20,9,7,60,25,0.0845,0,0,0.005,0.025,5763,0,0,0.27520388686448033,True
20,9,8,60,25,0.0845,0,0,0.005,0.025,5686,0,0,0.27664438972915933,True
20,9,9,60,25,0.0845,0,0,0.005,0.025,5615,0,0,0.2790739091718611,True
20,9,10,60,25,0.0845,0,0,0.005,0.025,5540,0,0,0.2824909747292419,True
20,9,11,60,25,0.0845,0,0,0.005,0.025,5447,0,0,0.2840095465393795,True
20,9,12,60,25,0.0845,0,0,0.005,0.025,5363,0,0,0.2841693082230095,True
20,9,13,60,25,0.0845,0,0,0.005,0.025,5277,0,0,0.2863369338639378,True
20,9,14,60,25,0.0845,0,0,0.005,0.025,5184,0,0,0.2881944444444444,True
20,9,15,60,25,0.0845,0,0,0.005,0.025,5103,0,0,0.2912012541642171,True
20,9,16,60,25,0.0845,0,0,0.005,0.025,5030,0,0,0.29284294234592445,True
20,9,17,60,25,0.0845,0,0,0.005,0.025,4990,0,0,0.2943887775551102,True
20,9,18,60,25,0.0845,0,0,0.005,0.025,10728,0,0,0.12369500372856078,True
20,9,19,60,25,0.0845,0,0,0.005,0.025,10565,0,0,0.12617132039753903,True
20,9,20,60,25,0.0845,0,0,0.005,0.025,10377,0,0,0.1299026693649417,True
20,9,21,60,25,0.0845,0,0,0.005,0.025,10142,0,0,0.13350423979491224,True
20,9,22,60,25,0.0845,0,0,0.005,0.025,9922,0,0,0.13817778673654504,True
20,9,23,60,25,0.0845,0,0,0.005,0.025,9714,0,0,0.14051883878937615,True
20,9,24,60,25,0.0845,0,0,0.005,0.025,9470,0,0,0.14445617740232314,True
20,9,25,60,25,0.0845,0,0,0.005,0.025,9266,0,0,0.14731275631340385,True
20,9,26,60,25,0.0845,0,0,0.005,0.025,9057,0,0,0.15115380368775533,True
20,9,27,60,25,0.0845,0,0,0.005,0.025,8885,0,0,0.15531795160382666,True
20,9,28,60,25,0.0845,0,0,0.005,0.025,8703,0,0,0.1568424681144433,True
20,9,29,60,25,0.0845,0,0,0.005,0.025,8520,0,0,0.1596244131455399,True
20,9,30,60,25,0.0845,0,0,0.005,0.025,8338,0,0,0.1637083233389302,True
20,9,31,60,25,0.0845,0,0,0.005,0.025,8204,0,0,0.166747927840078,True
20,9,32,60,25,0.0845,0,0,0.005,0.025,8068,0,0,0.16980664352999505,True
20,9,33,60,25,0.0845,0,0,0.005,0.025,7946,0,0,0.17392398691165367,True
20,9,34,60,25,0.0845,0,0,0.005,0.025,7789,0,0,0.1770445500064193,True
20,9,35,60,25,0.0845,0,0,0.005,0.025,7639,0,0,0.1797355674826548,True
20,9,36,60,25,0.0845,0,0,0.005,0.025,7492,0,0,0.18219434063000534,True
20,9,37,60,25,0.0845,0,0,0.005,0.025,7362,0,0,0.18541157294213528,True
20,9,38,60,25,0.0845,0,0,0.005,0.025,7247,0,0,0.18821581344004415,True
20,9,39,60,25,0.0845,0,0,0.005,0.025,7155,0,0,0.19091544374563243,True
20,9,40,60,25,0.0845,0,0,0.005,0.025,7055,0,0,0.19319631467044648,True
20,9,41,60,25,0.0845,0,0,0.005,0.025,7480,0,0,0.22994652406417113,True
20,9,42,60,25,0.0845,0,0,0.005,0.025,7449,0,0,0.2351993556182038,True
20,9,43,60,25,0.0845,0,0,0.005,0.025,7338,0,0,0.2343962932679204,True
20,9,44,60,25,0.0845,0,0,0.005,0.025,7282,0,0,0.24279044218621257,True
20,9,45,60,25,0.0845,0,0,0.005,0.025,7198,0,0,0.24465129202556266,True
20,9,46,60,25,0.0845,0,0,0.005,0.025,6835,0,0,0.23087051938551573,True
20,9,47,60,25,0.0845,0,0,0.005,0.025,6713,0,0,0.2295545955608521,True
20,9,48,60,25,0.0845,0,0,0.005,0.025,6628,0,0,0.23098974049487025,True
20,9,49,60,25,0.0845,0,0,0.005,0.025,6556,0,0,0.23627211714460036,True
20,9,50,60,25,0.0845,0,0,0.005,0.025,6478,0,0,0.23772769373263353,True
20,9,51,60,25,0.0845,0,0,0.005,0.025,6427,0,0,0.24085887661428348,True
20,9,52,60,25,0.0845,0,0,0.005,0.025,6374,0,0,0.24254785064323817,True
20,10,1,60,25,0.0845,0,0,0.005,0.025,6320,0,0,0.24699367088607596,True
20,10,2,60,25,0.0845,0,0,0.005,0.025,6283,0,0,0.24733407607830654,True
20,10,3,60,25,0.0845,0,0,0.005,0.025,6209,0,0,0.2509260750523434,True
20,10,4,60,25,0.0845,0,0,0.005,0.025,6157,0,0,0.2553191489361702,True
20,10,5,60,25,0.0845,0,0,0.005,0.025,6064,0,0,0.2579155672823219,True
20,10,6,60,25,0.0845,0,0,0.005,0.025,5967,0,0,0.25892408245349424,True
20,10,7,60,25,0.0845,0,0,0.005,0.025,5907,0,0,0.260876925681395,True
20,10,8,60,25,0.0845,0,0,0.005,0.025,5854,0,0,0.26665527844209086,True
20,10,9,60,25,0.0845,0,0,0.005,0.025,5789,0,0,0.2687856279150112,True
20,10,10,60,25,0.0845,0,0,0.005,0.025,5730,0,0,0.27347294938917976,True
20,10,11,60,25,0.0845,0,0,0.005,0.025,5666,0,0,0.2747970349452877,True
20,10,12,60,25,0.0845,0,0,0.005,0.025,5592,0,0,0.27682403433476394,True
20,10,13,60,25,0.0845,0,0,0.005,0.025,5528,0,0,0.27532561505065123,True
20,10,14,60,25,0.0845,0,0,0.005,0.025,5478,0,0,0.28167214311792627,True
20,10,15,60,25,0.0845,0,0,0.005,0.025,5437,0,0,0.2858193856906382,True
20,10,16,60,25,0.0845,0,0,0.005,0.025,5379,0,0,0.29094627254136457,True
20,10,17,60,25,0.0845,0,0,0.005,0.025,5315,0,0,0.2944496707431797,True
20,10,18,60,25,0.0845,0,0,0.005,0.025,11667,0,0,0.12771063683894746,True
20,10,19,60,25,0.0845,0,0,0.005,0.025,11453,0,0,0.13184318519165283,True
20,10,20,60,25,0.0845,0,0,0.005,0.025,11291,0,0,0.13506332477194224,True
20,10,21,60,25,0.0845,0,0,0.005,0.025,11082,0,0,0.14022739577693558,True
20,10,22,60,25,0.0845,0,0,0.005,0.025,10881,0,0,0.14566675856998437,True
20,10,23,60,25,0.0845,0,0,0.005,0.025,10626,0,0,0.14925654056088838,True
20,10,24,60,25,0.0845,0,0,0.005,0.025,10450,0,0,0.15406698564593302,True
20,10,25,60,25,0.0845,0,0,0.005,0.025,10335,0,0,0.15849056603773584,True
20,10,26,60,25,0.0845,0,0,0.005,0.025,10233,0,0,0.16437017492426464,True
20,10,27,60,25,0.0845,0,0,0.005,0.025,10102,0,0,0.17006533359730747,True
20,10,28,60,25,0.0845,0,0,0.005,0.025,9956,0,0,0.17507030936118922,True
20,10,29,60,25,0.0845,0,0,0.005,0.025,9810,0,0,0.1780835881753313,True
20,10,30,60,25,0.0845,0,0,0.005,0.025,9609,0,0,0.18368196482464355,True
20,10,31,60,25,0.0845,0,0,0.005,0.025,9451,0,0,0.18876309385250237,True
20,10,32,60,25,0.0845,0,0,0.005,0.025,9275,0,0,0.1904043126684636,True
20,10,33,60,25,0.0845,0,0,0.005,0.025,9115,0,0,0.19440482720789906,True
20,10,34,60,25,0.0845,0,0,0.005,0.025,8939,0,0,0.19655442443226312,True
20,10,35,60,25,0.0845,0,0,0.005,0.025,8790,0,0,0.2001137656427759,True
20,10,36,60,25,0.0845,0,0,0.005,0.025,8615,0,0,0.20568775391758562,True
20,10,37,60,25,0.0845,0,0,0.005,0.025,8467,0,0,0.20928309909058698,True
20,10,38,60,25,0.0845,0,0,0.005,0.025,8354,0,0,0.2121139573856835,True
20,10,39,60,25,0.0845,0,0,0.005,0.025,8264,0,0,0.21381897386253632,True
20,10,40,60,25,0.0845,0,0,0.005,0.025,8153,0,0,0.21636207530970195,True
20,10,41,60,25,0.0845,0,0,0.005,0.025,8250,0,0,0.2349090909090909,True
20,10,42,60,25,0.0845,0,0,0.005,0.025,8035,0,0,0.23808338518979466,True
20,10,43,60,25,0.0845,0,0,0.005,0.025,7972,0,0,0.2408429503261415,True
20,10,44,60,25,0.0845,0,0,0.005,0.025,7877,0,0,0.24260505268503238,True
20,10,45,60,25,0.0845,0,0,0.005,0.025,7762,0,0,0.2438804431847462,True
20,10,46,60,25,0.0845,0,0,0.005,0.025,7471,0,0,0.2333021014589747,True
20,10,47,60,25,0.0845,0,0,0.005,0.025,7380,0,0,0.23550135501355013,True
20,10,48,60,25,0.0845,0,0,0.005,0.025,7339,0,0,0.23954217195803243,True
20,10,49,60,25,0.0845,0,0,0.005,0.025,7319,0,0,0.24374914605820466,True
20,10,50,60,25,0.0845,0,0,0.005,0.025,7269,0,0,0.24762690879075527,True
20,10,51,60,25,0.0845,0,0,0.005,0.025,7213,0,0,0.2507971717731873,True
20,10,52,60,25,0.0845,0,0,0.005,0.025,7148,0,0,0.2540570789031897,True
20,11,1,60,25,0.0845,0,0,0.005,0.025,7072,0,0,0.2576357466063348,True
20,11,2,60,25,0.0845,0,0,0.005,0.025,6998,0,0,0.25964561303229494,True
20,11,3,60,25,0.0845,0,0,0.005,0.025,6906,0,0,0.2625253402838112,True
20,11,4,60,25,0.0845,0,0,0.005,0.025,6827,0,0,0.26527025047605096,True
20,11,5,60,25,0.0845,0,0,0.005,0.025,6745,0,0,0.26893995552260935,True
20,11,6,60,25,0.0845,0,0,0.005,0.025,6676,0,0,0.27142001198322346,True
20,11,7,60,25,0.0845,0,0,0.005,0.025,6583,0,0,0.2749506304116664,True
20,11,8,60,25,0.0845,0,0,0.005,0.025,6512,0,0,0.2777948402948403,True
20,11,9,60,25,0.0845,0,0,0.005,0.025,6441,0,0,0.28116752057133987,True
20,11,10,60,25,0.0845,0,0,0.005,0.025,6349,0,0,0.2841392345251221,True
20,11,11,60,25,0.0845,0,0,0.005,0.025,6269,0,0,0.28648907321741907,True
20,11,12,60,25,0.0845,0,0,0.005,0.025,6189,0,0,0.28970754564550005,True
20,11,13,60,25,0.0845,0,0,0.005,0.025,6103,0,0,0.2932983778469605,True
20,11,14,60,25,0.0845,0,0,0.005,0.025,6025,0,0,0.2987551867219917,True
20,11,15,60,25,0.0845,0,0,0.005,0.025,5964,0,0,0.300972501676727,True
20,11,16,60,25,0.0845,0,0,0.005,0.025,5889,0,0,0.30361691288843606,True
20,11,17,60,25,0.0845,0,0,0.005,0.025,5837,0,0,0.3058077779681343,True
20,11,18,60,25,0.0845,0,0,0.005,0.025,12650,0,0,0.1335177865612648,True
20,11,19,60,25,0.0845,0,0,0.005,0.025,12430,0,0,0.13628318584070798,True
20,11,20,60,25,0.0845,0,0,0.005,0.025,12161,0,0,0.13946221527834882,True
20,11,21,60,25,0.0845,0,0,0.005,0.025,11915,0,0,0.14259336970205624,True
20,11,22,60,25,0.0845,0,0,0.005,0.025,11692,0,0,0.1466814916182005,True
20,11,23,60,25,0.0845,0,0,0.005,0.025,11443,0,0,0.15153368871799353,True
20,11,24,60,25,0.0845,0,0,0.005,0.025,11233,0,0,0.15570194961274816,True
20,11,25,60,25,0.0845,0,0,0.005,0.025,10997,0,0,0.1583159043375466,True
20,11,26,60,25,0.0845,0,0,0.005,0.025,10764,0,0,0.16211445559271645,True
20,11,27,60,25,0.0845,0,0,0.005,0.025,10519,0,0,0.16512976518680483,True
20,11,28,60,25,0.0845,0,0,0.005,0.025,10303,0,0,0.1686887314374454,True
20,11,29,60,25,0.0845,0,0,0.005,0.025,10094,0,0,0.17158708143451556,True
20,11,30,60,25,0.0845,0,0,0.005,0.025,9921,0,0,0.1733696199979841,True
20,11,31,60,25,0.0845,0,0,0.005,0.025,9758,0,0,0.17606066816970692,True
20,11,32,60,25,0.0845,0,0,0.005,0.025,9572,0,0,0.1790639364814041,True
20,11,33,60,25,0.0845,0,0,0.005,0.025,9354,0,0,0.18302330553773788,True
20,11,34,60,25,0.0845,0,0,0.005,0.025,9187,0,0,0.1867856754109067,True
20,11,35,60,25,0.0845,0,0,0.005,0.025,9026,0,0,0.18900952803013515,True
20,11,36,60,25,0.0845,0,0,0.005,0.025,8826,0,0,0.19272603670972127,True
20,11,37,60,25,0.0845,0,0,0.005,0.025,8673,0,0,0.19647180906260808,True
20,11,38,60,25,0.0845,0,0,0.005,0.025,8546,0,0,0.19927451439269833,True
20,11,39,60,25,0.0845,0,0,0.005,0.025,8423,0,0,0.2030155526534489,True
20,11,40,60,25,0.0845,0,0,0.005,0.025,8306,0,0,0.20623645557428366,True
20,11,41,60,25,0.0845,0,0,0.005,0.025,8538,0,0,0.2345982665729679,True
20,11,42,60,25,0.0845,0,0,0.005,0.025,8460,0,0,0.23747044917257684,True
20,11,43,60,25,0.0845,0,0,0.005,0.025,8336,0,0,0.2380038387715931,True
20,11,44,60,25,0.0845,0,0,0.005,0.025,8161,0,0,0.24114691826981988,True
20,11,45,60,25,0.0845,0,0,0.005,0.025,8082,0,0,0.24201930215293244,True
20,11,46,60,25,0.0845,0,0,0.005,0.025,7801,0,0,0.23432893218818102,True
20,11,47,60,25,0.0845,0,0,0.005,0.025,7690,0,0,0.2343302990897269,True
20,11,48,60,25,0.0845,0,0,0.005,0.025,7624,0,0,0.23806400839454356,True
20,11,49,60,25,0.0845,0,0,0.005,0.025,7545,0,0,0.24029158383035124,True
20,11,50,60,25,0.0845,0,0,0.005,0.025,7461,0,0,0.2419246749765447,True
20,11,51,60,25,0.0845,0,0,0.005,0.025,7370,0,0,0.2457259158751696,True
20,11,52,60,25,0.0845,0,0,0.005,0.025,7284,0,0,0.24931356397583745,True
20,1,1,60,25,0.159,0,0,0.005,0.025,5436,0,0,0.0016556291390728477,True
20,1,2,60,25,0.159,0,0,0.005,0.025,5297,0,0,0.0028317915801397016,True
20,1,3,60,25,0.159,0,0,0.005,0.025,5141,0,0,0.0050573818323283405,True
20,1,4,60,25,0.159,0,0,0.005,0.025,4964,0,0,0.007252215954875101,True
20,1,5,60,25,0.159,0,0,0.005,0.025,4832,0,0,0.008485099337748344,True
20,1,6,60,25,0.159,0,0,0.005,0.025,4690,0,0,0.010874200426439232,True
20,1,7,60,25,0.159,0,0,0.005,0.025,4531,0,0,0.013683513573162658,True
20,1,8,60,25,0.159,0,0,0.005,0.025,4405,0,0,0.015891032917139614,True
20,1,9,60,25,0.159,0,0,0.005,0.025,4268,0,0,0.016869728209934397,True
20,1,10,60,25,0.159,0,0,0.005,0.025,4134,0,0,0.019351717464925013,True
20,1,11,60,25,0.159,0,0,0.005,0.025,4051,0,0,0.02221673660824488,True
20,1,12,60,25,0.159,0,0,0.005,0.025,3971,0,0,0.024427096449257113,True
20,1,13,60,25,0.159,0,0,0.005,0.025,3905,0,0,0.026376440460947503,True
20,1,14,60,25,0.159,0,0,0.005,0.025,3830,0,0,0.029242819843342035,True
20,1,15,60,25,0.159,0,0,0.005,0.025,3776,0,0,0.03125,True
20,1,16,60,25,0.159,0,0,0.005,0.025,3742,0,0,0.032870122928915016,True
20,1,17,60,25,0.159,0,0,0.005,0.025,3717,0,0,0.03605057842345978,True
20,1,18,60,25,0.159,0,0,0.005,0.025,10609,0,0,0.013573381091526063,True
20,1,19,60,25,0.159,0,0,0.005,0.025,10368,0,0,0.015528549382716049,True
20,1,20,60,25,0.159,0,0,0.005,0.025,10103,0,0,0.017519548648916163,True
20,1,21,60,25,0.159,0,0,0.005,0.025,9778,0,0,0.01922683575373287,True
20,1,22,60,25,0.159,0,0,0.005,0.025,9575,0,0,0.021201044386422976,True
20,1,23,60,25,0.159,0,0,0.005,0.025,9339,0,0,0.02237926972909305,True
20,1,24,60,25,0.159,0,0,0.005,0.025,9088,0,0,0.02442781690140845,True
20,1,25,60,25,0.159,0,0,0.005,0.025,8847,0,0,0.02633661128066011,True
20,1,26,60,25,0.159,0,0,0.005,0.025,8638,0,0,0.028363047001620744,True
20,1,27,60,25,0.159,0,0,0.005,0.025,8455,0,0,0.0306327616794796,True
20,1,28,60,25,0.159,0,0,0.005,0.025,8241,0,0,0.03312704768838733,True
20,1,29,60,25,0.159,0,0,0.005,0.025,8018,0,0,0.03529558493389873,True
20,1,30,60,25,0.159,0,0,0.005,0.025,7825,0,0,0.037955271565495205,True
20,1,31,60,25,0.159,0,0,0.005,0.025,7677,0,0,0.041292171421128045,True
20,1,32,60,25,0.159,0,0,0.005,0.025,7518,0,0,0.04322958233572759,True
20,1,33,60,25,0.159,0,0,0.005,0.025,7357,0,0,0.04635041457115672,True
20,1,34,60,25,0.159,0,0,0.005,0.025,7219,0,0,0.04876021609641225,True
20,1,35,60,25,0.159,0,0,0.005,0.025,7068,0,0,0.05178268251273345,True
20,1,36,60,25,0.159,0,0,0.005,0.025,6916,0,0,0.05349913244650087,True
20,1,37,60,25,0.159,0,0,0.005,0.025,6769,0,0,0.056138277441276405,True
20,1,38,60,25,0.159,0,0,0.005,0.025,6639,0,0,0.057840036150022596,True
20,1,39,60,25,0.159,0,0,0.005,0.025,6509,0,0,0.05991703794745737,True
20,1,40,60,25,0.159,0,0,0.005,0.025,6424,0,0,0.06102117061021171,True
20,1,41,60,25,0.159,0,0,0.005,0.025,6872,0,0,0.09327706635622818,True
20,1,42,60,25,0.159,0,0,0.005,0.025,6862,0,0,0.10055377440979306,True
20,1,43,60,25,0.159,0,0,0.005,0.025,6779,0,0,0.1044401829178345,True
20,1,44,60,25,0.159,0,0,0.005,0.025,6709,0,0,0.1070204203308988,True
20,1,45,60,25,0.159,0,0,0.005,0.025,6682,0,0,0.10939838371744987,True
20,1,46,60,25,0.159,0,0,0.005,0.025,6330,0,0,0.0962085308056872,True
20,1,47,60,25,0.159,0,0,0.005,0.025,6211,0,0,0.09595878280470134,True
20,1,48,60,25,0.159,0,0,0.005,0.025,6116,0,0,0.09793982995421845,True
20,1,49,60,25,0.159,0,0,0.005,0.025,6055,0,0,0.10008257638315442,True
20,1,50,60,25,0.159,0,0,0.005,0.025,5994,0,0,0.10393727060393727,True
20,1,51,60,25,0.159,0,0,0.005,0.025,5919,0,0,0.10424058117925325,True
20,1,52,60,25,0.159,0,0,0.005,0.025,5835,0,0,0.10916880891173951,True
20,2,1,60,25,0.159,0,0,0.005,0.025,5766,0,0,0.10926118626430802,True
20,2,2,60,25,0.159,0,0,0.005,0.025,5688,0,0,0.1111111111111111,True
20,2,3,60,25,0.159,0,0,0.005,0.025,5623,0,0,0.11435176951805086,True
20,2,4,60,25,0.159,0,0,0.005,0.025,5556,0,0,0.1169906407487401,True
20,2,5,60,25,0.159,0,0,0.005,0.025,5463,0,0,0.1166025993044115,True
20,2,6,60,25,0.159,0,0,0.005,0.025,5396,0,0,0.12008895478131949,True
20,2,7,60,25,0.159,0,0,0.005,0.025,5333,0,0,0.1216951059441215,True
20,2,8,60,25,0.159,0,0,0.005,0.025,5242,0,0,0.12304463945059138,True
20,2,9,60,25,0.159,0,0,0.005,0.025,5176,0,0,0.12364760432766615,True
20,2,10,60,25,0.159,0,0,0.005,0.025,5087,0,0,0.12600747002162374,True
20,2,11,60,25,0.159,0,0,0.005,0.025,5015,0,0,0.12861415752741776,True
20,2,12,60,25,0.159,0,0,0.005,0.025,4923,0,0,0.1314239284988828,True
20,2,13,60,25,0.159,0,0,0.005,0.025,4850,0,0,0.1336082474226804,True
20,2,14,60,25,0.159,0,0,0.005,0.025,4773,0,0,0.13387806411062225,True
20,2,15,60,25,0.159,0,0,0.005,0.025,4717,0,0,0.13695145219419122,True
20,2,16,60,25,0.159,0,0,0.005,0.025,4636,0,0,0.13740293356341673,True
20,2,17,60,25,0.159,0,0,0.005,0.025,4580,0,0,0.14017467248908297,True
20,2,18,60,25,0.159,0,0,0.005,0.025,9197,0,0,0.07056648907252365,True
20,2,19,60,25,0.159,0,0,0.005,0.025,9051,0,0,0.07170478400176776,True
20,2,20,60,25,0.159,0,0,0.005,0.025,8810,0,0,0.07446083995459706,True
20,2,21,60,25,0.159,0,0,0.005,0.025,8573,0,0,0.07605272366732765,True
20,2,22,60,25,0.159,0,0,0.005,0.025,8390,0,0,0.07914183551847437,True
20,2,23,60,25,0.159,0,0,0.005,0.025,8200,0,0,0.08207317073170732,True
20,2,24,60,25,0.159,0,0,0.005,0.025,7989,0,0,0.084866691701089,True
20,2,25,60,25,0.159,0,0,0.005,0.025,7834,0,0,0.0869287720194026,True
20,2,26,60,25,0.159,0,0,0.005,0.025,7655,0,0,0.09013716525146963,True
20,2,27,60,25,0.159,0,0,0.005,0.025,7525,0,0,0.09275747508305648,True
20,2,28,60,25,0.159,0,0,0.005,0.025,7331,0,0,0.09507570590642477,True
20,2,29,60,25,0.159,0,0,0.005,0.025,7204,0,0,0.0981399222654081,True
20,2,30,60,25,0.159,0,0,0.005,0.025,7086,0,0,0.10076206604572396,True
20,2,31,60,25,0.159,0,0,0.005,0.025,6927,0,0,0.10293056157066552,True
20,2,32,60,25,0.159,0,0,0.005,0.025,6781,0,0,0.1058840878926412,True
20,2,33,60,25,0.159,0,0,0.005,0.025,6632,0,0,0.10796139927623644,True
20,2,34,60,25,0.159,0,0,0.005,0.025,6475,0,0,0.11104247104247104,True
20,2,35,60,25,0.159,0,0,0.005,0.025,6351,0,0,0.11368288458510471,True
20,2,36,60,25,0.159,0,0,0.005,0.025,6235,0,0,0.1161186848436247,True
20,2,37,60,25,0.159,0,0,0.005,0.025,6121,0,0,0.11909818657082176,True
20,2,38,60,25,0.159,0,0,0.005,0.025,6030,0,0,0.12139303482587065,True
20,2,39,60,25,0.159,0,0,0.005,0.025,5936,0,0,0.12264150943396226,True
20,2,40,60,25,0.159,0,0,0.005,0.025,5852,0,0,0.12286397812713602,True
20,2,41,60,25,0.159,0,0,0.005,0.025,6295,0,0,0.1647339158061954,True
20,2,42,60,25,0.159,0,0,0.005,0.025,6289,0,0,0.16584512641119414,True
20,2,43,60,25,0.159,0,0,0.005,0.025,6271,0,0,0.1762079413171743,True
20,2,44,60,25,0.159,0,0,0.005,0.025,6249,0,0,0.17986877900464074,True
20,2,45,60,25,0.159,0,0,0.005,0.025,6253,0,0,0.18551095474172397,True
20,2,46,60,25,0.159,0,0,0.005,0.025,5861,0,0,0.159699709947108,True
20,2,47,60,25,0.159,0,0,0.005,0.025,5740,0,0,0.15853658536585366,True
20,2,48,60,25,0.159,0,0,0.005,0.025,5665,0,0,0.1588702559576346,True
20,2,49,60,25,0.159,0,0,0.005,0.025,5612,0,0,0.16037063435495366,True
20,2,50,60,25,0.159,0,0,0.005,0.025,5577,0,0,0.16317016317016317,True
20,2,51,60,25,0.159,0,0,0.005,0.025,5536,0,0,0.16672687861271676,True
20,2,52,60,25,0.159,0,0,0.005,0.025,5470,0,0,0.16727605118829983,True
20,3,1,60,25,0.159,0,0,0.005,0.025,5422,0,0,0.17041682036149022,True
20,3,2,60,25,0.159,0,0,0.005,0.025,5361,0,0,0.17291550083939564,True
20,3,3,60,25,0.159,0,0,0.005,0.025,5299,0,0,0.17607095678429893,True
20,3,4,60,25,0.159,0,0,0.005,0.025,5231,0,0,0.17816861020837316,True
20,3,5,60,25,0.159,0,0,0.005,0.025,5171,0,0,0.17752852446335332,True
20,3,6,60,25,0.159,0,0,0.005,0.025,5097,0,0,0.17951736315479694,True
20,3,7,60,25,0.159,0,0,0.005,0.025,5039,0,0,0.18118674340146854,True
20,3,8,60,25,0.159,0,0,0.005,0.025,4957,0,0,0.1839822473270123,True
20,3,9,60,25,0.159,0,0,0.005,0.025,4876,0,0,0.1872436423297785,True
20,3,10,60,25,0.159,0,0,0.005,0.025,4814,0,0,0.18882426256751142,True
20,3,11,60,25,0.159,0,0,0.005,0.025,4757,0,0,0.1904561698549506,True
20,3,12,60,25,0.159,0,0,0.005,0.025,4701,0,0,0.1929376728355669,True
20,3,13,60,25,0.159,0,0,0.005,0.025,4636,0,0,0.19628990509059535,True
20,3,14,60,25,0.159,0,0,0.005,0.025,4577,0,0,0.19685383438933798,True
20,3,15,60,25,0.159,0,0,0.005,0.025,4520,0,0,0.1995575221238938,True
20,3,16,60,25,0.159,0,0,0.005,0.025,4465,0,0,0.20111982082866742,True
20,3,17,60,25,0.159,0,0,0.005,0.025,4416,0,0,0.2033514492753623,True
20,3,18,60,25,0.159,0,0,0.005,0.025,10123,0,0,0.08890645065691989,True
20,3,19,60,25,0.159,0,0,0.005,0.025,9903,0,0,0.09158840755326669,True
20,3,20,60,25,0.159,0,0,0.005,0.025,9654,0,0,0.09426144603273255,True
20,3,21,60,25,0.159,0,0,0.005,0.025,9434,0,0,0.09709561161755353,True
20,3,22,60,25,0.159,0,0,0.005,0.025,9235,0,0,0.09983757444504603,True
20,3,23,60,25,0.159,0,0,0.005,0.025,9017,0,0,0.10336031939669513,True
20,3,24,60,25,0.159,0,0,0.005,0.025,8791,0,0,0.1060175179160505,True
20,3,25,60,25,0.159,0,0,0.005,0.025,8591,0,0,0.10895122802933302,True
20,3,26,60,25,0.159,0,0,0.005,0.025,8364,0,0,0.11119081779053085,True
20,3,27,60,25,0.159,0,0,0.005,0.025,8141,0,0,0.11362240510993736,True
20,3,28,60,25,0.159,0,0,0.005,0.025,7937,0,0,0.11692075091344337,True
20,3,29,60,25,0.159,0,0,0.005,0.025,7760,0,0,0.11971649484536083,True
20,3,30,60,25,0.159,0,0,0.005,0.025,7615,0,0,0.12344057780695995,True
20,3,31,60,25,0.159,0,0,0.005,0.025,7485,0,0,0.12665330661322646,True
20,3,32,60,25,0.159,0,0,0.005,0.025,7337,0,0,0.12825405479078641,True
20,3,33,60,25,0.159,0,0,0.005,0.025,7168,0,0,0.13016183035714285,True
20,3,34,60,25,0.159,0,0,0.005,0.025,6980,0,0,0.13452722063037248,True
20,3,35,60,25,0.159,0,0,0.005,0.025,6764,0,0,0.13837965700768776,True
20,3,36,60,25,0.159,0,0,0.005,0.025,6607,0,0,0.14166792795519903,True
20,3,37,60,25,0.159,0,0,0.005,0.025,6436,0,0,0.14512119328775638,True
20,3,38,60,25,0.159,0,0,0.005,0.025,6332,0,0,0.147820593809223,True
20,3,39,60,25,0.159,0,0,0.005,0.025,6227,0,0,0.1515978801991328,True
20,3,40,60,25,0.159,0,0,0.005,0.025,6139,0,0,0.15507411630558723,True
20,3,41,60,25,0.159,0,0,0.005,0.025,6621,0,0,0.20012082766953632,True
20,3,42,60,25,0.159,0,0,0.005,0.025,6639,0,0,0.20394637746648592,True
20,3,43,60,25,0.159,0,0,0.005,0.025,6599,0,0,0.2079102894377936,True
20,3,44,60,25,0.159,0,0,0.005,0.025,6529,0,0,0.2075356103538061,True
20,3,45,60,25,0.159,0,0,0.005,0.025,6516,0,0,0.21132596685082872,True
20,3,46,60,25,0.159,0,0,0.005,0.025,6090,0,0,0.1852216748768473,True
20,3,47,60,25,0.159,0,0,0.005,0.025,5948,0,0,0.18190988567585742,True
20,3,48,60,25,0.159,0,0,0.005,0.025,5881,0,0,0.18313212038768917,True
20,3,49,60,25,0.159,0,0,0.005,0.025,5787,0,0,0.1855883877656817,True
20,3,50,60,25,0.159,0,0,0.005,0.025,5690,0,0,0.18646748681898068,True
20,3,51,60,25,0.159,0,0,0.005,0.025,5620,0,0,0.18772241992882563,True
20,3,52,60,25,0.159,0,0,0.005,0.025,5530,0,0,0.189873417721519,True
20,4,1,60,25,0.159,0,0,0.005,0.025,5479,0,0,0.19255338565431648,True
20,4,2,60,25,0.159,0,0,0.005,0.025,5396,0,0,0.1949592290585619,True
20,4,3,60,25,0.159,0,0,0.005,0.025,5317,0,0,0.19729170584916306,True
20,4,4,60,25,0.159,0,0,0.005,0.025,5231,0,0,0.1986235901357293,True
20,4,5,60,25,0.159,0,0,0.005,0.025,5161,0,0,0.20112381321449332,True
20,4,6,60,25,0.159,0,0,0.005,0.025,5097,0,0,0.20266823621738278,True
20,4,7,60,25,0.159,0,0,0.005,0.025,5031,0,0,0.20612204333134565,True
20,4,8,60,25,0.159,0,0,0.005,0.025,4958,0,0,0.20835014118596207,True
20,4,9,60,25,0.159,0,0,0.005,0.025,4910,0,0,0.21323828920570265,True
20,4,10,60,25,0.159,0,0,0.005,0.025,4816,0,0,0.21511627906976744,True
20,4,11,60,25,0.159,0,0,0.005,0.025,4740,0,0,0.21940928270042195,True
20,4,12,60,25,0.159,0,0,0.005,0.025,4672,0,0,0.21982020547945205,True
20,4,13,60,25,0.159,0,0,0.005,0.025,4612,0,0,0.22159583694709453,True
20,4,14,60,25,0.159,0,0,0.005,0.025,4566,0,0,0.2240473061760841,True
20,4,15,60,25,0.159,0,0,0.005,0.025,4518,0,0,0.22642762284196546,True
20,4,16,60,25,0.159,0,0,0.005,0.025,4455,0,0,0.22805836139169472,True
20,4,17,60,25,0.159,0,0,0.005,0.025,4380,0,0,0.22968036529680366,True
20,4,18,60,25,0.159,0,0,0.005,0.025,9616,0,0,0.10534525790349418,True
20,4,19,60,25,0.159,0,0,0.005,0.025,9409,0,0,0.10776915718992454,True
20,4,20,60,25,0.159,0,0,0.005,0.025,9187,0,0,0.11059105257428976,True
20,4,21,60,25,0.159,0,0,0.005,0.025,8918,0,0,0.11347835837631756,True
20,4,22,60,25,0.159,0,0,0.005,0.025,8744,0,0,0.11688014638609331,True
20,4,23,60,25,0.159,0,0,0.005,0.025,8529,0,0,0.12029546253957088,True
20,4,24,60,25,0.159,0,0,0.005,0.025,8346,0,0,0.12353223100886652,True
20,4,25,60,25,0.159,0,0,0.005,0.025,8136,0,0,0.12561455260570306,True
20,4,26,60,25,0.159,0,0,0.005,0.025,7919,0,0,0.1285515847960601,True
20,4,27,60,25,0.159,0,0,0.005,0.025,7742,0,0,0.13123223973133558,True
20,4,28,60,25,0.159,0,0,0.005,0.025,7572,0,0,0.13417855256207079,True
20,4,29,60,25,0.159,0,0,0.005,0.025,7408,0,0,0.13714902807775378,True
20,4,30,60,25,0.159,0,0,0.005,0.025,7241,0,0,0.14017400911476316,True
20,4,31,60,25,0.159,0,0,0.005,0.025,7083,0,0,0.14273612875900044,True
20,4,32,60,25,0.159,0,0,0.005,0.025,6892,0,0,0.145821242019733,True
20,4,33,60,25,0.159,0,0,0.005,0.025,6714,0,0,0.14924039320822163,True
20,4,34,60,25,0.159,0,0,0.005,0.025,6566,0,0,0.15275662503807494,True
20,4,35,60,25,0.159,0,0,0.005,0.025,6409,0,0,0.15618661257606492,True
20,4,36,60,25,0.159,0,0,0.005,0.025,6274,0,0,0.15875039846987568,True
20,4,37,60,25,0.159,0,0,0.005,0.025,6109,0,0,0.16205598297593715,True
20,4,38,60,25,0.159,0,0,0.005,0.025,6034,0,0,0.16572754391779915,True
20,4,39,60,25,0.159,0,0,0.005,0.025,5945,0,0,0.16753574432296048,True
20,4,40,60,25,0.159,0,0,0.005,0.025,5872,0,0,0.17081062670299726,True
20,4,41,60,25,0.159,0,0,0.005,0.025,6363,0,0,0.212006914977212,True
20,4,42,60,25,0.159,0,0,0.005,0.025,6374,0,0,0.22262315657358017,True
20,4,43,60,25,0.159,0,0,0.005,0.025,6335,0,0,0.22004735595895816,True
20,4,44,60,25,0.159,0,0,0.005,0.025,6341,0,0,0.22441255322504336,True
20,4,45,60,25,0.159,0,0,0.005,0.025,6219,0,0,0.22366940022511658,True
20,4,46,60,25,0.159,0,0,0.005,0.025,5844,0,0,0.2002053388090349,True
20,4,47,60,25,0.159,0,0,0.005,0.025,5741,0,0,0.19926842013586482,True
20,4,48,60,25,0.159,0,0,0.005,0.025,5683,0,0,0.20095020235790956,True
20,4,49,60,25,0.159,0,0,0.005,0.025,5593,0,0,0.19971392812444128,True
20,4,50,60,25,0.159,0,0,0.005,0.025,5527,0,0,0.20155599782884023,True
20,4,51,60,25,0.159,0,0,0.005,0.025,5454,0,0,0.20443711037770443,True
20,4,52,60,25,0.159,0,0,0.005,0.025,5394,0,0,0.20596959584723767,True
20,5,1,60,25,0.159,0,0,0.005,0.025,5322,0,0,0.21007140172867342,True
20,5,2,60,25,0.159,0,0,0.005,0.025,5258,0,0,0.2105363255990871,True
20,5,3,60,25,0.159,0,0,0.005,0.025,5170,0,0,0.211605415860735,True
20,5,4,60,25,0.159,0,0,0.005,0.025,5097,0,0,0.214832254267216,True
20,5,5,60,25,0.159,0,0,0.005,0.025,5028,0,0,0.21857597454256167,True
20,5,6,60,25,0.159,0,0,0.005,0.025,4952,0,0,0.21950726978998383,True
20,5,7,60,25,0.159,0,0,0.005,0.025,4885,0,0,0.2216990788126919,True
20,5,8,60,25,0.159,0,0,0.005,0.025,4821,0,0,0.22484961626218627,True
20,5,9,60,25,0.159,0,0,0.005,0.025,4773,0,0,0.22711083176199456,True
20,5,10,60,25,0.159,0,0,0.005,0.025,4704,0,0,0.22810374149659865,True
20,5,11,60,25,0.159,0,0,0.005,0.025,4629,0,0,0.2287751134154245,True
20,5,12,60,25,0.159,0,0,0.005,0.025,4566,0,0,0.23039859833552342,True
20,5,13,60,25,0.159,0,0,0.005,0.025,4518,0,0,0.23284639220894202,True
20,5,14,60,25,0.159,0,0,0.005,0.025,4458,0,0,0.23598026020637056,True
20,5,15,60,25,0.159,0,0,0.005,0.025,4401,0,0,0.2392638036809816,True
20,5,16,60,25,0.159,0,0,0.005,0.025,4345,0,0,0.23981588032220943,True
20,5,17,60,25,0.159,0,0,0.005,0.025,4294,0,0,0.24336283185840707,True
20,5,18,60,25,0.159,0,0,0.005,0.025,9641,0,0,0.1087024167617467,True
20,5,19,60,25,0.159,0,0,0.005,0.025,9496,0,0,0.11067818028643639,True
20,5,20,60,25,0.159,0,0,0.005,0.025,9283,0,0,0.11397177636539911,True
20,5,21,60,25,0.159,0,0,0.005,0.025,9053,0,0,0.1167568761736441,True
20,5,22,60,25,0.159,0,0,0.005,0.025,8865,0,0,0.12058657642413988,True
20,5,23,60,25,0.159,0,0,0.005,0.025,8639,0,0,0.1238569278851719,True
20,5,24,60,25,0.159,0,0,0.005,0.025,8456,0,0,0.12748344370860928,True
20,5,25,60,25,0.159,0,0,0.005,0.025,8237,0,0,0.13026587349763263,True
20,5,26,60,25,0.159,0,0,0.005,0.025,8016,0,0,0.1339820359281437,True
20,5,27,60,25,0.159,0,0,0.005,0.025,7834,0,0,0.13658412050038293,True
20,5,28,60,25,0.159,0,0,0.005,0.025,7619,0,0,0.13991337445859037,True
20,5,29,60,25,0.159,0,0,0.005,0.025,7448,0,0,0.14299140708915145,True
20,5,30,60,25,0.159,0,0,0.005,0.025,7298,0,0,0.14606741573033707,True
20,5,31,60,25,0.159,0,0,0.005,0.025,7129,0,0,0.14967036049936877,True
20,5,32,60,25,0.159,0,0,0.005,0.025,6958,0,0,0.1529175050301811,True
20,5,33,60,25,0.159,0,0,0.005,0.025,6856,0,0,0.15665110851808633,True
20,5,34,60,25,0.159,0,0,0.005,0.025,6740,0,0,0.15875370919881307,True
20,5,35,60,25,0.159,0,0,0.005,0.025,6610,0,0,0.16202723146747353,True
20,5,36,60,25,0.159,0,0,0.005,0.025,6455,0,0,0.16483346243222308,True
20,5,37,60,25,0.159,0,0,0.005,0.025,6292,0,0,0.16640178003814368,True
20,5,38,60,25,0.159,0,0,0.005,0.025,6172,0,0,0.1694750486066105,True
20,5,39,60,25,0.159,0,0,0.005,0.025,6089,0,0,0.17227787814090983,True
20,5,40,60,25,0.159,0,0,0.005,0.025,5973,0,0,0.17428427925665493,True
20,5,41,60,25,0.159,0,0,0.005,0.025,6443,0,0,0.21806611826788763,True
20,5,42,60,25,0.159,0,0,0.005,0.025,6475,0,0,0.22486486486486487,True
20,5,43,60,25,0.159,0,0,0.005,0.025,6436,0,0,0.22684897451833436,True
20,5,44,60,25,0.159,0,0,0.005,0.025,6382,0,0,0.2259479786900658,True
20,5,45,60,25,0.159,0,0,0.005,0.025,6306,0,0,0.22787821122740248,True
20,5,46,60,25,0.159,0,0,0.005,0.025,5937,0,0,0.20734377631800574,True
20,5,47,60,25,0.159,0,0,0.005,0.025,5816,0,0,0.20374828060522696,True
20,5,48,60,25,0.159,0,0,0.005,0.025,5707,0,0,0.20518661293148766,True
20,5,49,60,25,0.159,0,0,0.005,0.025,5620,0,0,0.20498220640569395,True
20,5,50,60,25,0.159,0,0,0.005,0.025,5533,0,0,0.20694017711910356,True
20,5,51,60,25,0.159,0,0,0.005,0.025,5464,0,0,0.20918740849194728,True
20,5,52,60,25,0.159,0,0,0.005,0.025,5369,0,0,0.20990873533246415,True
20,6,1,60,25,0.159,0,0,0.005,0.025,5321,0,0,0.21330576959218192,True
20,6,2,60,25,0.159,0,0,0.005,0.025,5232,0,0,0.21502293577981652,True
20,6,3,60,25,0.159,0,0,0.005,0.025,5171,0,0,0.21736608006188357,True
20,6,4,60,25,0.159,0,0,0.005,0.025,5104,0,0,0.22061128526645768,True
20,6,5,60,25,0.159,0,0,0.005,0.025,5042,0,0,0.2227290757635859,True
20,6,6,60,25,0.159,0,0,0.005,0.025,4961,0,0,0.22576093529530336,True
20,6,7,60,25,0.159,0,0,0.005,0.025,4897,0,0,0.22830304267919135,True
20,6,8,60,25,0.159,0,0,0.005,0.025,4834,0,0,0.23065784029788994,True
20,6,9,60,25,0.159,0,0,0.005,0.025,4763,0,0,0.23409615788368676,True
20,6,10,60,25,0.159,0,0,0.005,0.025,4698,0,0,0.23690932311621968,True
20,6,11,60,25,0.159,0,0,0.005,0.025,4644,0,0,0.23815676141257536,True
20,6,12,60,25,0.159,0,0,0.005,0.025,4589,0,0,0.23948572673785137,True
20,6,13,60,25,0.159,0,0,0.005,0.025,4524,0,0,0.24204244031830238,True
20,6,14,60,25,0.159,0,0,0.005,0.025,4488,0,0,0.24554367201426025,True
20,6,15,60,25,0.159,0,0,0.005,0.025,4404,0,0,0.2463669391462307,True
20,6,16,60,25,0.159,0,0,0.005,0.025,4355,0,0,0.24822043628013776,True
20,6,17,60,25,0.159,0,0,0.005,0.025,4296,0,0,0.2502327746741155,True
20,6,18,60,25,0.159,0,0,0.005,0.025,9538,0,0,0.11354581673306773,True
20,6,19,60,25,0.159,0,0,0.005,0.025,9390,0,0,0.11608093716719915,True
20,6,20,60,25,0.159,0,0,0.005,0.025,9207,0,0,0.11990876507005539,True
20,6,21,60,25,0.159,0,0,0.005,0.025,8986,0,0,0.12352548408635655,True
20,6,22,60,25,0.159,0,0,0.005,0.025,8802,0,0,0.12713019768234493,True
20,6,23,60,25,0.159,0,0,0.005,0.025,8631,0,0,0.1299965241571081,True
20,6,24,60,25,0.159,0,0,0.005,0.025,8412,0,0,0.13254873989538754,True
20,6,25,60,25,0.159,0,0,0.005,0.025,8195,0,0,0.1350823672971324,True
20,6,26,60,25,0.159,0,0,0.005,0.025,7988,0,0,0.13945918878317476,True
20,6,27,60,25,0.159,0,0,0.005,0.025,7802,0,0,0.14252755703665726,True
20,6,28,60,25,0.159,0,0,0.005,0.025,7671,0,0,0.14483118237517925,True
20,6,29,60,25,0.159,0,0,0.005,0.025,7489,0,0,0.14848444385098145,True
20,6,30,60,25,0.159,0,0,0.005,0.025,7305,0,0,0.15249828884325803,True
20,6,31,60,25,0.159,0,0,0.005,0.025,7155,0,0,0.1559748427672956,True
20,6,32,60,25,0.159,0,0,0.005,0.025,7020,0,0,0.1594017094017094,True
20,6,33,60,25,0.159,0,0,0.005,0.025,6862,0,0,0.1616146895948703,True
20,6,34,60,25,0.159,0,0,0.005,0.025,6708,0,0,0.1650268336314848,True
20,6,35,60,25,0.159,0,0,0.005,0.025,6563,0,0,0.16791101630351973,True
20,6,36,60,25,0.159,0,0,0.005,0.025,6416,0,0,0.17206982543640897,True
20,6,37,60,25,0.159,0,0,0.005,0.025,6282,0,0,0.17510347023241005,True
20,6,38,60,25,0.159,0,0,0.005,0.025,6184,0,0,0.17787839586028462,True
20,6,39,60,25,0.159,0,0,0.005,0.025,6089,0,0,0.18147479060601085,True
20,6,40,60,25,0.159,0,0,0.005,0.025,5985,0,0,0.1849624060150376,True
20,6,41,60,25,0.159,0,0,0.005,0.025,6498,0,0,0.23268698060941828,True
20,6,42,60,25,0.159,0,0,0.005,0.025,6520,0,0,0.23680981595092024,True
20,6,43,60,25,0.159,0,0,0.005,0.025,6460,0,0,0.23978328173374613,True
20,6,44,60,25,0.159,0,0,0.005,0.025,6405,0,0,0.24121779859484777,True
20,6,45,60,25,0.159,0,0,0.005,0.025,6330,0,0,0.23933649289099526,True
20,6,46,60,25,0.159,0,0,0.005,0.025,5941,0,0,0.21865005891264097,True
20,6,47,60,25,0.159,0,0,0.005,0.025,5809,0,0,0.21466689619555862,True
20,6,48,60,25,0.159,0,0,0.005,0.025,5721,0,0,0.21639573501136164,True
20,6,49,60,25,0.159,0,0,0.005,0.025,5613,0,0,0.2164617851416355,True
20,6,50,60,25,0.159,0,0,0.005,0.025,5531,0,0,0.21750135599349124,True
20,6,51,60,25,0.159,0,0,0.005,0.025,5457,0,0,0.2202675462708448,True
20,6,52,60,25,0.159,0,0,0.005,0.025,5382,0,0,0.22203641768859161,True
20,7,1,60,25,0.159,0,0,0.005,0.025,5318,0,0,0.2247085370440015,True
20,7,2,60,25,0.159,0,0,0.005,0.025,5239,0,0,0.2265699560984921,True
20,7,3,60,25,0.159,0,0,0.005,0.025,5168,0,0,0.228328173374613,True
20,7,4,60,25,0.159,0,0,0.005,0.025,5102,0,0,0.22990983927871422,True
20,7,5,60,25,0.159,0,0,0.005,0.025,5038,0,0,0.2318380309646685,True
20,7,6,60,25,0.159,0,0,0.005,0.025,4954,0,0,0.23334679047234558,True
20,7,7,60,25,0.159,0,0,0.005,0.025,4889,0,0,0.23501738596850072,True
20,7,8,60,25,0.159,0,0,0.005,0.025,4823,0,0,0.23844080447854032,True
20,7,9,60,25,0.159,0,0,0.005,0.025,4757,0,0,0.24111835190245953,True
20,7,10,60,25,0.159,0,0,0.005,0.025,4701,0,0,0.24228887470750904,True
20,7,11,60,25,0.159,0,0,0.005,0.025,4642,0,0,0.24386040499784575,True
20,7,12,60,25,0.159,0,0,0.005,0.025,4593,0,0,0.24559111691704769,True
20,7,13,60,25,0.159,0,0,0.005,0.025,4522,0,0,0.24723573639982308,True
20,7,14,60,25,0.159,0,0,0.005,0.025,4480,0,0,0.24776785714285715,True
20,7,15,60,25,0.159,0,0,0.005,0.025,4438,0,0,0.250788643533123,True
20,7,16,60,25,0.159,0,0,0.005,0.025,4392,0,0,0.25318761384335153,True
20,7,17,60,25,0.159,0,0,0.005,0.025,4333,0,0,0.2540964689591507,True
20,7,18,60,25,0.159,0,0,0.005,0.025,9866,0,0,0.11220352726535576,True
20,7,19,60,25,0.159,0,0,0.005,0.025,9665,0,0,0.11443352302121056,True
20,7,20,60,25,0.159,0,0,0.005,0.025,9424,0,0,0.11640492359932088,True
20,7,21,60,25,0.159,0,0,0.005,0.025,9175,0,0,0.11901907356948228,True
20,7,22,60,25,0.159,0,0,0.005,0.025,8951,0,0,0.12277957770081555,True
20,7,23,60,25,0.159,0,0,0.005,0.025,8661,0,0,0.1261978986260247,True
20,7,24,60,25,0.159,0,0,0.005,0.025,8415,0,0,0.1292929292929293,True
20,7,25,60,25,0.159,0,0,0.005,0.025,8203,0,0,0.13324393514567842,True
20,7,26,60,25,0.159,0,0,0.005,0.025,8036,0,0,0.13638626182180189,True
20,7,27,60,25,0.159,0,0,0.005,0.025,7841,0,0,0.14003315903583727,True
20,7,28,60,25,0.159,0,0,0.005,0.025,7640,0,0,0.143717277486911,True
20,7,29,60,25,0.159,0,0,0.005,0.025,7508,0,0,0.14651038891848694,True
20,7,30,60,25,0.159,0,0,0.005,0.025,7351,0,0,0.1500476125697184,True
20,7,31,60,25,0.159,0,0,0.005,0.025,7179,0,0,0.15336397826995404,True
20,7,32,60,25,0.159,0,0,0.005,0.025,7031,0,0,0.1580145071824776,True
20,7,33,60,25,0.159,0,0,0.005,0.025,6884,0,0,0.16080766995932597,True
20,7,34,60,25,0.159,0,0,0.005,0.025,6733,0,0,0.1629288578642507,True
20,7,35,60,25,0.159,0,0,0.005,0.025,6574,0,0,0.16626102829327655,True
20,7,36,60,25,0.159,0,0,0.005,0.025,6424,0,0,0.16967621419676215,True
20,7,37,60,25,0.159,0,0,0.005,0.025,6299,0,0,0.17240831878075885,True
20,7,38,60,25,0.159,0,0,0.005,0.025,6189,0,0,0.1753110357085151,True
20,7,39,60,25,0.159,0,0,0.005,0.025,6099,0,0,0.17888178389899984,True
20,7,40,60,25,0.159,0,0,0.005,0.025,6004,0,0,0.1798800799467022,True
20,7,41,60,25,0.159,0,0,0.005,0.025,6515,0,0,0.21933998465080584,True
20,7,42,60,25,0.159,0,0,0.005,0.025,6519,0,0,0.22534131001687374,True
20,7,43,60,25,0.159,0,0,0.005,0.025,6468,0,0,0.22789115646258504,True
20,7,44,60,25,0.159,0,0,0.005,0.025,6401,0,0,0.2260584283705671,True
20,7,45,60,25,0.159,0,0,0.005,0.025,6365,0,0,0.23252160251374707,True
20,7,46,60,25,0.159,0,0,0.005,0.025,5995,0,0,0.20950792326939116,True
20,7,47,60,25,0.159,0,0,0.005,0.025,5874,0,0,0.2087163772557031,True
20,7,48,60,25,0.159,0,0,0.005,0.025,5798,0,0,0.20886512590548464,True
20,7,49,60,25,0.159,0,0,0.005,0.025,5719,0,0,0.20930232558139536,True
20,7,50,60,25,0.159,0,0,0.005,0.025,5622,0,0,0.21095695482034862,True
20,7,51,60,25,0.159,0,0,0.005,0.025,5551,0,0,0.21221401549270402,True
20,7,52,60,25,0.159,0,0,0.005,0.025,5484,0,0,0.21444201312910285,True
20,8,1,60,25,0.159,0,0,0.005,0.025,5410,0,0,0.2177449168207024,True
20,8,2,60,25,0.159,0,0,0.005,0.025,5322,0,0,0.22134535888763623,True
20,8,3,60,25,0.159,0,0,0.005,0.025,5231,0,0,0.22385777098069204,True
20,8,4,60,25,0.159,0,0,0.005,0.025,5169,0,0,0.22789707873863416,True
20,8,5,60,25,0.159,0,0,0.005,0.025,5106,0,0,0.22855464159811986,True
20,8,6,60,25,0.159,0,0,0.005,0.025,5050,0,0,0.2308910891089109,True
20,8,7,60,25,0.159,0,0,0.005,0.025,4987,0,0,0.23280529376378584,True
20,8,8,60,25,0.159,0,0,0.005,0.025,4916,0,0,0.23474369406021156,True
20,8,9,60,25,0.159,0,0,0.005,0.025,4842,0,0,0.23771168938455184,True
20,8,10,60,25,0.159,0,0,0.005,0.025,4789,0,0,0.2399248277302151,True
20,8,11,60,25,0.159,0,0,0.005,0.025,4738,0,0,0.24166314900802027,True
20,8,12,60,25,0.159,0,0,0.005,0.025,4683,0,0,0.2447149263292761,True
20,8,13,60,25,0.159,0,0,0.005,0.025,4615,0,0,0.24832069339111593,True
20,8,14,60,25,0.159,0,0,0.005,0.025,4570,0,0,0.249890590809628,True
20,8,15,60,25,0.159,0,0,0.005,0.025,4520,0,0,0.2506637168141593,True
20,8,16,60,25,0.159,0,0,0.005,0.025,4476,0,0,0.2535746201966041,True
20,8,17,60,25,0.159,0,0,0.005,0.025,4424,0,0,0.25587703435804704,True
20,8,18,60,25,0.159,0,0,0.005,0.025,9848,0,0,0.11535337124289195,True
20,8,19,60,25,0.159,0,0,0.005,0.025,9654,0,0,0.11881085560389476,True
20,8,20,60,25,0.159,0,0,0.005,0.025,9409,0,0,0.12211712190455946,True
20,8,21,60,25,0.159,0,0,0.005,0.025,9182,0,0,0.12524504465258113,True
20,8,22,60,25,0.159,0,0,0.005,0.025,8965,0,0,0.1287228109313999,True
20,8,23,60,25,0.159,0,0,0.005,0.025,8781,0,0,0.13210340507914817,True
20,8,24,60,25,0.159,0,0,0.005,0.025,8574,0,0,0.13634243060415208,True
20,8,25,60,25,0.159,0,0,0.005,0.025,8362,0,0,0.13932073666586942,True
20,8,26,60,25,0.159,0,0,0.005,0.025,8153,0,0,0.14301484116276217,True
20,8,27,60,25,0.159,0,0,0.005,0.025,7958,0,0,0.1461422467956773,True
20,8,28,60,25,0.159,0,0,0.005,0.025,7777,0,0,0.14864343577214864,True
20,8,29,60,25,0.159,0,0,0.005,0.025,7582,0,0,0.15259825903455554,True
20,8,30,60,25,0.159,0,0,0.005,0.025,7414,0,0,0.15551659023469114,True
20,8,31,60,25,0.159,0,0,0.005,0.025,7287,0,0,0.15932482503087692,True
20,8,32,60,25,0.159,0,0,0.005,0.025,7158,0,0,0.16331377479742945,True
20,8,33,60,25,0.159,0,0,0.005,0.025,7015,0,0,0.1660727013542409,True
20,8,34,60,25,0.159,0,0,0.005,0.025,6859,0,0,0.16926665694707682,True
20,8,35,60,25,0.159,0,0,0.005,0.025,6751,0,0,0.17271515331062065,True
20,8,36,60,25,0.159,0,0,0.005,0.025,6594,0,0,0.17667576584774036,True
20,8,37,60,25,0.159,0,0,0.005,0.025,6480,0,0,0.18070987654320989,True
20,8,38,60,25,0.159,0,0,0.005,0.025,6399,0,0,0.18174714799187372,True
20,8,39,60,25,0.159,0,0,0.005,0.025,6309,0,0,0.18418132826121414,True
20,8,40,60,25,0.159,0,0,0.005,0.025,6223,0,0,0.18736943596336172,True
20,8,41,60,25,0.159,0,0,0.005,0.025,6720,0,0,0.228125,True
20,8,42,60,25,0.159,0,0,0.005,0.025,6709,0,0,0.23043672678491578,True
20,8,43,60,25,0.159,0,0,0.005,0.025,6696,0,0,0.23596176821983272,True
20,8,44,60,25,0.159,0,0,0.005,0.025,6635,0,0,0.2351168048229088,True
20,8,45,60,25,0.159,0,0,0.005,0.025,6579,0,0,0.23909408724730202,True
20,8,46,60,25,0.159,0,0,0.005,0.025,6201,0,0,0.21883567166586035,True
20,8,47,60,25,0.159,0,0,0.005,0.025,6070,0,0,0.21812191103789128,True
20,8,48,60,25,0.159,0,0,0.005,0.025,5983,0,0,0.22029082400133712,True
20,8,49,60,25,0.159,0,0,0.005,0.025,5905,0,0,0.2220152413209145,True
20,8,50,60,25,0.159,0,0,0.005,0.025,5830,0,0,0.22315608919382504,True
20,8,51,60,25,0.159,0,0,0.005,0.025,5757,0,0,0.22546465172833072,True
20,8,52,60,25,0.159,0,0,0.005,0.025,5696,0,0,0.2266502808988764,True
20,9,1,60,25,0.159,0,0,0.005,0.025,5612,0,0,0.2289736279401283,True
20,9,2,60,25,0.159,0,0,0.005,0.025,5549,0,0,0.23247431969724275,True
20,9,3,60,25,0.159,0,0,0.005,0.025,5481,0,0,0.23499361430395913,True
20,9,4,60,25,0.159,0,0,0.005,0.025,5398,0,0,0.23768062245276028,True
20,9,5,60,25,0.159,0,0,0.005,0.025,5322,0,0,0.23900789177001128,True
20,9,6,60,25,0.159,0,0,0.005,0.025,5261,0,0,0.24158905151111956,True
20,9,7,60,25,0.159,0,0,0.005,0.025,5197,0,0,0.24360207812199347,True
20,9,8,60,25,0.159,0,0,0.005,0.025,5116,0,0,0.245113369820172,True
20,9,9,60,25,0.159,0,0,0.005,0.025,5058,0,0,0.24851720047449585,True
20,9,10,60,25,0.159,0,0,0.005,0.025,4998,0,0,0.2501000400160064,True
20,9,11,60,25,0.159,0,0,0.005,0.025,4941,0,0,0.251163732038049,True
20,9,12,60,25,0.159,0,0,0.005,0.025,4878,0,0,0.2525625256252563,True
20,9,13,60,25,0.159,0,0,0.005,0.025,4833,0,0,0.2532588454376164,True
20,9,14,60,25,0.159,0,0,0.005,0.025,4780,0,0,0.2560669456066946,True
20,9,15,60,25,0.159,0,0,0.005,0.025,4717,0,0,0.2577909688361247,True
20,9,16,60,25,0.159,0,0,0.005,0.025,4669,0,0,0.2595844934675519,True
20,9,17,60,25,0.159,0,0,0.005,0.025,4610,0,0,0.26203904555314533,True
20,9,18,60,25,0.159,0,0,0.005,0.025,9667,0,0,0.11275473259542775,True
20,9,19,60,25,0.159,0,0,0.005,0.025,9481,0,0,0.11422845691382766,True
20,9,20,60,25,0.159,0,0,0.005,0.025,9280,0,0,0.11767241379310345,True
20,9,21,60,25,0.159,0,0,0.005,0.025,9085,0,0,0.12052834342322509,True
20,9,22,60,25,0.159,0,0,0.005,0.025,8858,0,0,0.12395574621810793,True
20,9,23,60,25,0.159,0,0,0.005,0.025,8676,0,0,0.12655601659751037,True
20,9,24,60,25,0.159,0,0,0.005,0.025,8492,0,0,0.13000471031559113,True
20,9,25,60,25,0.159,0,0,0.005,0.025,8325,0,0,0.1336936936936937,True
20,9,26,60,25,0.159,0,0,0.005,0.025,8141,0,0,0.13671539122957868,True
20,9,27,60,25,0.159,0,0,0.005,0.025,7954,0,0,0.140055318078954,True
20,9,28,60,25,0.159,0,0,0.005,0.025,7788,0,0,0.14381099126861838,True
20,9,29,60,25,0.159,0,0,0.005,0.025,7649,0,0,0.14681657733036999,True
20,9,30,60,25,0.159,0,0,0.005,0.025,7476,0,0,0.14941144997324773,True
20,9,31,60,25,0.159,0,0,0.005,0.025,7349,0,0,0.152945979044768,True
20,9,32,60,25,0.159,0,0,0.005,0.025,7218,0,0,0.15641451925741204,True
20,9,33,60,25,0.159,0,0,0.005,0.025,7080,0,0,0.15932203389830507,True
20,9,34,60,25,0.159,0,0,0.005,0.025,6949,0,0,0.1633328536480069,True
20,9,35,60,25,0.159,0,0,0.005,0.025,6776,0,0,0.16691263282172372,True
20,9,36,60,25,0.159,0,0,0.005,0.025,6650,0,0,0.1705263157894737,True
20,9,37,60,25,0.159,0,0,0.005,0.025,6530,0,0,0.17381316998468607,True
20,9,38,60,25,0.159,0,0,0.005,0.025,6432,0,0,0.17661691542288557,True
20,9,39,60,25,0.159,0,0,0.005,0.025,6321,0,0,0.17829457364341086,True
20,9,40,60,25,0.159,0,0,0.005,0.025,6239,0,0,0.18095848693700914,True
20,9,41,60,25,0.159,0,0,0.005,0.025,6781,0,0,0.22164872437693556,True
20,9,42,60,25,0.159,0,0,0.005,0.025,6810,0,0,0.23318649045521292,True
20,9,43,60,25,0.159,0,0,0.005,0.025,6708,0,0,0.2304710793082886,True
20,9,44,60,25,0.159,0,0,0.005,0.025,6681,0,0,0.23170184104176023,True
20,9,45,60,25,0.159,0,0,0.005,0.025,6636,0,0,0.23628691983122363,True
20,9,46,60,25,0.159,0,0,0.005,0.025,6225,0,0,0.21413654618473896,True
20,9,47,60,25,0.159,0,0,0.005,0.025,6076,0,0,0.2119815668202765,True
20,9,48,60,25,0.159,0,0,0.005,0.025,5983,0,0,0.21210095269931473,True
20,9,49,60,25,0.159,0,0,0.005,0.025,5900,0,0,0.2128813559322034,True
20,9,50,60,25,0.159,0,0,0.005,0.025,5826,0,0,0.21404050806728459,True
20,9,51,60,25,0.159,0,0,0.005,0.025,5750,0,0,0.21530434782608696,True
20,9,52,60,25,0.159,0,0,0.005,0.025,5682,0,0,0.2182330165434706,True
20,10,1,60,25,0.159,0,0,0.005,0.025,5606,0,0,0.22101320014270426,True
20,10,2,60,25,0.159,0,0,0.005,0.025,5537,0,0,0.22268376377099514,True
20,10,3,60,25,0.159,0,0,0.005,0.025,5463,0,0,0.2260662639575325,True
20,10,4,60,25,0.159,0,0,0.005,0.025,5386,0,0,0.227255848496101,True
20,10,5,60,25,0.159,0,0,0.005,0.025,5320,0,0,0.22988721804511278,True
20,10,6,60,25,0.159,0,0,0.005,0.025,5236,0,0,0.23185637891520244,True
20,10,7,60,25,0.159,0,0,0.005,0.025,5167,0,0,0.23456551190245792,True
20,10,8,60,25,0.159,0,0,0.005,0.025,5097,0,0,0.23680596429272122,True
20,10,9,60,25,0.159,0,0,0.005,0.025,5041,0,0,0.23923824637968658,True
20,10,10,60,25,0.159,0,0,0.005,0.025,4977,0,0,0.24110910186859555,True
20,10,11,60,25,0.159,0,0,0.005,0.025,4929,0,0,0.24345709068776628,True
20,10,12,60,25,0.159,0,0,0.005,0.025,4870,0,0,0.24537987679671458,True
20,10,13,60,25,0.159,0,0,0.005,0.025,4825,0,0,0.24932642487046633,True
20,10,14,60,25,0.159,0,0,0.005,0.025,4766,0,0,0.25241292488459927,True
20,10,15,60,25,0.159,0,0,0.005,0.025,4721,0,0,0.2569370895996611,True
20,10,16,60,25,0.159,0,0,0.005,0.025,4662,0,0,0.25825825825825827,True
20,10,17,60,25,0.159,0,0,0.005,0.025,4622,0,0,0.2604932929467763,True
20,10,18,60,25,0.159,0,0,0.005,0.025,10109,0,0,0.11069344148778316,True
20,10,19,60,25,0.159,0,0,0.005,0.025,9948,0,0,0.11308805790108564,True
20,10,20,60,25,0.159,0,0,0.005,0.025,9734,0,0,0.11588247380316416,True
20,10,21,60,25,0.159,0,0,0.005,0.025,9497,0,0,0.11951142466041909,True
20,10,22,60,25,0.159,0,0,0.005,0.025,9271,0,0,0.12307194477402654,True
20,10,23,60,25,0.159,0,0,0.005,0.025,9090,0,0,0.1264026402640264,True
20,10,24,60,25,0.159,0,0,0.005,0.025,8909,0,0,0.1291951958693456,True
20,10,25,60,25,0.159,0,0,0.005,0.025,8718,0,0,0.13363156687313604,True
20,10,26,60,25,0.159,0,0,0.005,0.025,8550,0,0,0.13742690058479531,True
20,10,27,60,25,0.159,0,0,0.005,0.025,8377,0,0,0.13978751342962875,True
20,10,28,60,25,0.159,0,0,0.005,0.025,8242,0,0,0.14304780393108468,True
20,10,29,60,25,0.159,0,0,0.005,0.025,8058,0,0,0.14482501861504096,True
20,10,30,60,25,0.159,0,0,0.005,0.025,7873,0,0,0.1479740886574368,True
20,10,31,60,25,0.159,0,0,0.005,0.025,7704,0,0,0.1512201453790239,True
20,10,32,60,25,0.159,0,0,0.005,0.025,7564,0,0,0.15454785827604442,True
20,10,33,60,25,0.159,0,0,0.005,0.025,7407,0,0,0.15863372485486701,True
20,10,34,60,25,0.159,0,0,0.005,0.025,7273,0,0,0.16279389522892893,True
20,10,35,60,25,0.159,0,0,0.005,0.025,7129,0,0,0.16608219946696592,True
20,10,36,60,25,0.159,0,0,0.005,0.025,6996,0,0,0.16952544311034878,True
20,10,37,60,25,0.159,0,0,0.005,0.025,6862,0,0,0.17079568638880793,True
20,10,38,60,25,0.159,0,0,0.005,0.025,6781,0,0,0.17313080666568353,True
20,10,39,60,25,0.159,0,0,0.005,0.025,6679,0,0,0.17487647851474772,True
20,10,40,60,25,0.159,0,0,0.005,0.025,6596,0,0,0.17662219526986053,True
20,10,41,60,25,0.159,0,0,0.005,0.025,7140,0,0,0.2222689075630252,True
20,10,42,60,25,0.159,0,0,0.005,0.025,7149,0,0,0.22898307455588193,True
20,10,43,60,25,0.159,0,0,0.005,0.025,7132,0,0,0.23121144139091418,True
20,10,44,60,25,0.159,0,0,0.005,0.025,7018,0,0,0.22542034767740096,True
20,10,45,60,25,0.159,0,0,0.005,0.025,6984,0,0,0.23124284077892326,True
20,10,46,60,25,0.159,0,0,0.005,0.025,6553,0,0,0.20891194872577445,True
20,10,47,60,25,0.159,0,0,0.005,0.025,6387,0,0,0.20745263817128543,True
20,10,48,60,25,0.159,0,0,0.005,0.025,6285,0,0,0.2079554494828958,True
20,10,49,60,25,0.159,0,0,0.005,0.025,6182,0,0,0.208993853121967,True
20,10,50,60,25,0.159,0,0,0.005,0.025,6096,0,0,0.21095800524934383,True
20,10,51,60,25,0.159,0,0,0.005,0.025,6023,0,0,0.2146770712269633,True
20,10,52,60,25,0.159,0,0,0.005,0.025,5955,0,0,0.21645675902602854,True
20,11,1,60,25,0.159,0,0,0.005,0.025,5873,0,0,0.21777626426017369,True
20,11,2,60,25,0.159,0,0,0.005,0.025,5798,0,0,0.22024836150396687,True
20,11,3,60,25,0.159,0,0,0.005,0.025,5723,0,0,0.22278525248995282,True
20,11,4,60,25,0.159,0,0,0.005,0.025,5642,0,0,0.2247429989365473,True
20,11,5,60,25,0.159,0,0,0.005,0.025,5574,0,0,0.22622891998564765,True
20,11,6,60,25,0.159,0,0,0.005,0.025,5495,0,0,0.22766151046405825,True
20,11,7,60,25,0.159,0,0,0.005,0.025,5419,0,0,0.23122347296549178,True
20,11,8,60,25,0.159,0,0,0.005,0.025,5336,0,0,0.23425787106446777,True
20,11,9,60,25,0.159,0,0,0.005,0.025,5270,0,0,0.23586337760910817,True
20,11,10,60,25,0.159,0,0,0.005,0.025,5196,0,0,0.2390300230946882,True
20,11,11,60,25,0.159,0,0,0.005,0.025,5154,0,0,0.24194800155219248,True
20,11,12,60,25,0.159,0,0,0.005,0.025,5090,0,0,0.24459724950884087,True
20,11,13,60,25,0.159,0,0,0.005,0.025,5037,0,0,0.24439150287869763,True
20,11,14,60,25,0.159,0,0,0.005,0.025,4971,0,0,0.24582578957956144,True
20,11,15,60,25,0.159,0,0,0.005,0.025,4907,0,0,0.2480130425922152,True
20,11,16,60,25,0.159,0,0,0.005,0.025,4851,0,0,0.25005153576582145,True
20,11,17,60,25,0.159,0,0,0.005,0.025,4813,0,0,0.2526490754207355,True
20,11,18,60,25,0.159,0,0,0.005,0.025,10215,0,0,0.11140479686735193,True
20,11,19,60,25,0.159,0,0,0.005,0.025,10028,0,0,0.11477861986437973,True
20,11,20,60,25,0.159,0,0,0.005,0.025,9832,0,0,0.11838893409275834,True
20,11,21,60,25,0.159,0,0,0.005,0.025,9651,0,0,0.12133457672780022,True
20,11,22,60,25,0.159,0,0,0.005,0.025,9445,0,0,0.1254632080465855,True
20,11,23,60,25,0.159,0,0,0.005,0.025,9223,0,0,0.12837471538544942,True
20,11,24,60,25,0.159,0,0,0.005,0.025,9021,0,0,0.13136015962753575,True
20,11,25,60,25,0.159,0,0,0.005,0.025,8814,0,0,0.13467211254821873,True
20,11,26,60,25,0.159,0,0,0.005,0.025,8634,0,0,0.13805883715543202,True
20,11,27,60,25,0.159,0,0,0.005,0.025,8437,0,0,0.14021571648690292,True
20,11,28,60,25,0.159,0,0,0.005,0.025,8228,0,0,0.1441419543023821,True
20,11,29,60,25,0.159,0,0,0.005,0.025,8043,0,0,0.14671142608479423,True
20,11,30,60,25,0.159,0,0,0.005,0.025,7878,0,0,0.14914953033764916,True
20,11,31,60,25,0.159,0,0,0.005,0.025,7712,0,0,0.15300829875518673,True
20,11,32,60,25,0.159,0,0,0.005,0.025,7597,0,0,0.15650914834803212,True
20,11,33,60,25,0.159,0,0,0.005,0.025,7466,0,0,0.16046075542459148,True
20,11,34,60,25,0.159,0,0,0.005,0.025,7300,0,0,0.16383561643835617,True
20,11,35,60,25,0.159,0,0,0.005,0.025,7172,0,0,0.1666201896263246,True
20,11,36,60,25,0.159,0,0,0.005,0.025,7048,0,0,0.16997729852440407,True
20,11,37,60,25,0.159,0,0,0.005,0.025,6949,0,0,0.1725428119153835,True
20,11,38,60,25,0.159,0,0,0.005,0.025,6861,0,0,0.17665063401836467,True
20,11,39,60,25,0.159,0,0,0.005,0.025,6768,0,0,0.17937352245862884,True
20,11,40,60,25,0.159,0,0,0.005,0.025,6691,0,0,0.18248393364220594,True
20,11,41,60,25,0.159,0,0,0.005,0.025,7206,0,0,0.22286983069664168,True
20,11,42,60,25,0.159,0,0,0.005,0.025,7253,0,0,0.23190403970770715,True
20,11,43,60,25,0.159,0,0,0.005,0.025,7181,0,0,0.23297590864782064,True
20,11,44,60,25,0.159,0,0,0.005,0.025,7121,0,0,0.23114731077095912,True
20,11,45,60,25,0.159,0,0,0.005,0.025,7029,0,0,0.2300469483568075,True
20,11,46,60,25,0.159,0,0,0.005,0.025,6624,0,0,0.21165458937198067,True
20,11,47,60,25,0.159,0,0,0.005,0.025,6467,0,0,0.2099891758156796,True
20,11,48,60,25,0.159,0,0,0.005,0.025,6355,0,0,0.21022816679779702,True
20,11,49,60,25,0.159,0,0,0.005,0.025,6249,0,0,0.21251400224035846,True
20,11,50,60,25,0.159,0,0,0.005,0.025,6157,0,0,0.2150397921065454,True
20,11,51,60,25,0.159,0,0,0.005,0.025,6050,0,0,0.2171900826446281,True
20,11,52,60,25,0.159,0,0,0.005,0.025,5969,0,0,0.22063997319484,True
