rep,year,week,land_size,maxK,lambda1,lambda2,starting_cases,a_mort,j_mort,total_pop,n_infected,n_symptomatic,actual_sero,elim
1,1,1,40,30,0.015,0.006,10,0.0075,0.015,1705,0,0,0.011143695014662757,True
1,1,2,40,30,0.015,0.006,10,0.0075,0.015,1686,0,0,0.012455516014234875,True
1,1,3,40,30,0.015,0.006,10,0.0075,0.015,1663,0,0,0.013830426939266387,True
1,1,4,40,30,0.015,0.006,10,0.0075,0.015,1652,0,0,0.01694915254237288,True
1,1,5,40,30,0.015,0.006,10,0.0075,0.015,1641,0,0,0.016453382084095063,True
1,1,6,40,30,0.015,0.006,10,0.0075,0.015,1630,0,0,0.0196319018404908,True
1,1,7,40,30,0.015,0.006,10,0.0075,0.015,1621,0,0,0.023442319555829736,True
1,1,8,40,30,0.015,0.006,10,0.0075,0.015,1609,0,0,0.024860161591050343,True
1,1,9,40,30,0.015,0.006,10,0.0075,0.015,1598,0,0,0.028785982478097622,True
1,1,10,40,30,0.015,0.006,10,0.0075,0.015,1585,0,0,0.03028391167192429,True
1,1,11,40,30,0.015,0.006,10,0.0075,0.015,1576,0,0,0.03236040609137056,True
1,1,12,40,30,0.015,0.006,10,0.0075,0.015,1564,0,0,0.03132992327365729,True
1,1,13,40,30,0.015,0.006,10,0.0075,0.015,1560,0,0,0.03333333333333333,True
1,1,14,40,30,0.015,0.006,10,0.0075,0.015,1548,0,0,0.03488372093023256,True
1,1,15,40,30,0.015,0.006,10,0.0075,0.015,1531,0,0,0.038536903984323974,True
1,1,16,40,30,0.015,0.006,10,0.0075,0.015,1532,0,0,0.04242819843342036,True
1,1,17,40,30,0.015,0.006,10,0.0075,0.015,1510,0,0,0.046357615894039736,True
1,1,18,40,30,0.015,0.006,10,0.0075,0.015,4261,0,0,0.01830556207463037,True
1,1,19,40,30,0.015,0.006,10,0.0075,0.015,4197,0,0,0.020014295925661188,True
1,1,20,40,30,0.015,0.006,10,0.0075,0.015,4124,0,0,0.02133850630455868,True
1,1,21,40,30,0.015,0.006,10,0.0075,0.015,4046,0,0,0.024468610973801284,True
1,1,22,40,30,0.015,0.006,10,0.0075,0.015,3958,0,0,0.026023244062657908,True
1,1,23,40,30,0.015,0.006,10,0.0075,0.015,3880,0,0,0.028350515463917526,True
1,1,24,40,30,0.015,0.006,10,0.0075,0.015,3816,0,0,0.030922431865828093,True
1,1,25,40,30,0.015,0.006,10,0.0075,0.015,3709,0,0,0.03424103531949312,True
1,1,26,40,30,0.015,0.006,10,0.0075,0.015,3642,0,0,0.03542009884678748,True
1,1,27,40,30,0.015,0.006,10,0.0075,0.015,3572,0,0,0.03891377379619261,True
1,1,28,40,30,0.015,0.006,10,0.0075,0.015,3489,0,0,0.04241903124104328,True
1,1,29,40,30,0.015,0.006,10,0.0075,0.015,3439,0,0,0.04536202384414074,True
1,1,30,40,30,0.015,0.006,10,0.0075,0.015,3398,0,0,0.047086521483225424,True
1,1,31,40,30,0.015,0.006,10,0.0075,0.015,3324,0,0,0.04783393501805054,True
1,1,32,40,30,0.015,0.006,10,0.0075,0.015,3265,0,0,0.05053598774885146,True
1,1,33,40,30,0.015,0.006,10,0.0075,0.015,3203,0,0,0.052138620043709026,True
1,1,34,40,30,0.015,0.006,10,0.0075,0.015,3117,0,0,0.05453962143086301,True
1,1,35,40,30,0.015,0.006,10,0.0075,0.015,3054,0,0,0.10379829731499672,True
1,1,36,40,30,0.015,0.006,10,0.0075,0.015,2999,0,0,0.10770256752250751,True
1,1,37,40,30,0.015,0.006,10,0.0075,0.015,2949,0,0,0.11156324177687352,True
1,1,38,40,30,0.015,0.006,10,0.0075,0.015,2914,0,0,0.11290322580645161,True
1,1,39,40,30,0.015,0.006,10,0.0075,0.015,2877,0,0,0.11644073687869308,True
1,1,40,40,30,0.015,0.006,10,0.0075,0.015,2840,0,0,0.11971830985915492,True
1,1,41,40,30,0.015,0.006,10,0.0075,0.015,2880,0,0,0.13020833333333334,True
1,1,42,40,30,0.015,0.006,10,0.0075,0.015,2834,0,0,0.13020465772759351,True
1,1,43,40,30,0.015,0.006,10,0.0075,0.015,2835,0,0,0.13333333333333333,True
1,1,44,40,30,0.015,0.006,10,0.0075,0.015,2800,0,0,0.13035714285714287,True
1,1,45,40,30,0.015,0.006,10,0.0075,0.015,2786,0,0,0.135678391959799,True
1,1,46,40,30,0.015,0.006,10,0.0075,0.015,2726,0,0,0.13279530447542187,True
1,1,47,40,30,0.015,0.006,10,0.0075,0.015,2716,0,0,0.13549337260677466,True
1,1,48,40,30,0.015,0.006,10,0.0075,0.015,2689,0,0,0.13611007809594644,True
1,1,49,40,30,0.015,0.006,10,0.0075,0.015,2674,0,0,0.13724756918474196,True
1,1,50,40,30,0.015,0.006,10,0.0075,0.015,2651,0,0,0.13881554130516785,True
1,1,51,40,30,0.015,0.006,10,0.0075,0.015,2624,0,0,0.13757621951219512,True
1,1,52,40,30,0.015,0.006,10,0.0075,0.015,2601,0,0,0.14302191464821223,True
1,2,1,40,30,0.015,0.006,10,0.0075,0.015,2578,8,0,0.14468580294802172,False
1,2,2,40,30,0.015,0.006,10,0.0075,0.015,2559,8,0,0.1477139507620164,False
1,2,3,40,30,0.015,0.006,10,0.0075,0.015,2524,8,2,0.14976228209191758,False
1,2,4,40,30,0.015,0.006,10,0.0075,0.015,2495,10,3,0.15390781563126252,False
1,2,5,40,30,0.015,0.006,10,0.0075,0.015,2463,10,4,0.15753146569224524,False
1,2,6,40,30,0.015,0.006,10,0.0075,0.015,2433,18,8,0.15782983970406905,False
1,2,7,40,30,0.015,0.006,10,0.0075,0.015,2405,26,8,0.158004158004158,False
1,2,8,40,30,0.015,0.006,10,0.0075,0.015,2369,22,7,0.15956099620092867,False
1,2,9,40,30,0.015,0.006,10,0.0075,0.015,2337,22,8,0.16260162601626016,False
1,2,10,40,30,0.015,0.006,10,0.0075,0.015,2316,29,8,0.16278065630397237,False
1,2,11,40,30,0.015,0.006,10,0.0075,0.015,2290,30,9,0.16593886462882096,False
1,2,12,40,30,0.015,0.006,10,0.0075,0.015,2271,35,9,0.16732716864817263,False
1,2,13,40,30,0.015,0.006,10,0.0075,0.015,2236,38,12,0.17307692307692307,False
1,2,14,40,30,0.015,0.006,10,0.0075,0.015,2208,36,14,0.17481884057971014,False
1,2,15,40,30,0.015,0.006,10,0.0075,0.015,2181,34,12,0.17652453003209537,False
1,2,16,40,30,0.015,0.006,10,0.0075,0.015,2155,34,12,0.17819025522041762,False
1,2,17,40,30,0.015,0.006,10,0.0075,0.015,2115,35,13,0.18203309692671396,False
1,2,18,40,30,0.015,0.006,10,0.0075,0.015,3710,41,14,0.10377358490566038,False
1,2,19,40,30,0.015,0.006,10,0.0075,0.015,3634,48,14,0.10649422124380847,False
1,2,20,40,30,0.015,0.006,10,0.0075,0.015,3527,53,15,0.10915792458179756,False
1,2,21,40,30,0.015,0.006,10,0.0075,0.015,3441,62,14,0.11188607962801511,False
1,2,22,40,30,0.015,0.006,10,0.0075,0.015,3330,67,12,0.11321321321321322,False
1,2,23,40,30,0.015,0.006,10,0.0075,0.015,3227,71,24,0.11713665943600868,False
1,2,24,40,30,0.015,0.006,10,0.0075,0.015,3161,79,33,0.11989876621322366,False
1,2,25,40,30,0.015,0.006,10,0.0075,0.015,3109,77,37,0.12061756191701511,False
1,2,26,40,30,0.015,0.006,10,0.0075,0.015,3042,71,32,0.12491781722550953,False
1,2,27,40,30,0.015,0.006,10,0.0075,0.015,2948,61,26,0.12991858887381275,False
1,2,28,40,30,0.015,0.006,10,0.0075,0.015,2848,56,21,0.13307584269662923,False
1,2,29,40,30,0.015,0.006,10,0.0075,0.015,2780,56,20,0.13776978417266186,False
1,2,30,40,30,0.015,0.006,10,0.0075,0.015,2713,64,31,0.13859196461481754,False
1,2,31,40,30,0.015,0.006,10,0.0075,0.015,2668,61,27,0.1424287856071964,False
1,2,32,40,30,0.015,0.006,10,0.0075,0.015,2613,55,20,0.14389590508993494,False
1,2,33,40,30,0.015,0.006,10,0.0075,0.015,2528,52,19,0.14715189873417722,False
1,2,34,40,30,0.015,0.006,10,0.0075,0.015,2486,50,21,0.1504424778761062,False
1,2,35,40,30,0.015,0.006,10,0.0075,0.015,2434,48,22,0.2074774034511093,False
1,2,36,40,30,0.015,0.006,10,0.0075,0.015,2365,44,20,0.21268498942917546,False
1,2,37,40,30,0.015,0.006,10,0.0075,0.015,2313,43,16,0.2140077821011673,False
1,2,38,40,30,0.015,0.006,10,0.0075,0.015,2290,38,12,0.2170305676855895,False
1,2,39,40,30,0.015,0.006,10,0.0075,0.015,2252,37,11,0.21758436944937834,False
1,2,40,40,30,0.015,0.006,10,0.0075,0.015,2229,32,10,0.21982951996410946,False
1,2,41,40,30,0.015,0.006,10,0.0075,0.015,2321,33,13,0.24084446359327877,False
1,2,42,40,30,0.015,0.006,10,0.0075,0.015,2282,34,22,0.2392638036809816,False
1,2,43,40,30,0.015,0.006,10,0.0075,0.015,2250,34,15,0.24133333333333334,False
1,2,44,40,30,0.015,0.006,10,0.0075,0.015,2230,22,2,0.24932735426008967,False
1,2,45,40,30,0.015,0.006,10,0.0075,0.015,2242,22,5,0.2537912578055308,False
1,2,46,40,30,0.015,0.006,10,0.0075,0.015,2171,25,10,0.24873330262551818,False
1,2,47,40,30,0.015,0.006,10,0.0075,0.015,2160,25,11,0.24722222222222223,False
1,2,48,40,30,0.015,0.006,10,0.0075,0.015,2145,22,10,0.25081585081585084,False
1,2,49,40,30,0.015,0.006,10,0.0075,0.015,2127,24,9,0.2566995768688293,False
1,2,50,40,30,0.015,0.006,10,0.0075,0.015,2104,22,13,0.2599809885931559,False
1,2,51,40,30,0.015,0.006,10,0.0075,0.015,2097,21,11,0.2684787792083929,False
1,2,52,40,30,0.015,0.006,10,0.0075,0.015,2096,14,4,0.2705152671755725,False
1,3,1,40,30,0.015,0.006,10,0.0075,0.015,2086,16,5,0.27708533077660596,False
1,3,2,40,30,0.015,0.006,10,0.0075,0.015,2083,19,7,0.2798847815650504,False
1,3,3,40,30,0.015,0.006,10,0.0075,0.015,2077,19,6,0.2835820895522388,False
1,3,4,40,30,0.015,0.006,10,0.0075,0.015,2054,21,8,0.28529698149951316,False
1,3,5,40,30,0.015,0.006,10,0.0075,0.015,2038,26,10,0.2929342492639843,False
1,3,6,40,30,0.015,0.006,10,0.0075,0.015,2013,22,6,0.3005464480874317,False
1,3,7,40,30,0.015,0.006,10,0.0075,0.015,2004,25,5,0.2994011976047904,False
1,3,8,40,30,0.015,0.006,10,0.0075,0.015,1981,25,8,0.29883897021706207,False
1,3,9,40,30,0.015,0.006,10,0.0075,0.015,1959,26,10,0.3042368555385401,False
1,3,10,40,30,0.015,0.006,10,0.0075,0.015,1939,25,6,0.30634347601856626,False
1,3,11,40,30,0.015,0.006,10,0.0075,0.015,1922,23,8,0.3085327783558793,False
1,3,12,40,30,0.015,0.006,10,0.0075,0.015,1910,23,12,0.31204188481675393,False
1,3,13,40,30,0.015,0.006,10,0.0075,0.015,1888,18,10,0.3146186440677966,False
1,3,14,40,30,0.015,0.006,10,0.0075,0.015,1871,17,8,0.3174772848743987,False
1,3,15,40,30,0.015,0.006,10,0.0075,0.015,1839,14,10,0.322457857531267,False
1,3,16,40,30,0.015,0.006,10,0.0075,0.015,1813,11,7,0.3221180364037507,False
1,3,17,40,30,0.015,0.006,10,0.0075,0.015,1790,6,1,0.32737430167597764,False
1,3,18,40,30,0.015,0.006,10,0.0075,0.015,3926,4,2,0.1510443199184921,False
1,3,19,40,30,0.015,0.006,10,0.0075,0.015,3868,9,3,0.1517580144777663,False
1,3,20,40,30,0.015,0.006,10,0.0075,0.015,3759,10,1,0.1556264964086193,False
1,3,21,40,30,0.015,0.006,10,0.0075,0.015,3669,8,4,0.15971654401744345,False
1,3,22,40,30,0.015,0.006,10,0.0075,0.015,3567,12,6,0.16428371180263526,False
1,3,23,40,30,0.015,0.006,10,0.0075,0.015,3492,14,2,0.16838487972508592,False
1,3,24,40,30,0.015,0.006,10,0.0075,0.015,3391,12,2,0.17192568563845473,False
1,3,25,40,30,0.015,0.006,10,0.0075,0.015,3330,16,4,0.17537537537537537,False
1,3,26,40,30,0.015,0.006,10,0.0075,0.015,3265,17,7,0.17917304747320062,False
1,3,27,40,30,0.015,0.006,10,0.0075,0.015,3213,17,6,0.18176159352629942,False
1,3,28,40,30,0.015,0.006,10,0.0075,0.015,3158,14,4,0.1823939202026599,False
1,3,29,40,30,0.015,0.006,10,0.0075,0.015,3109,20,5,0.18494692827275652,False
1,3,30,40,30,0.015,0.006,10,0.0075,0.015,3033,20,6,0.18991097922848665,False
1,3,31,40,30,0.015,0.006,10,0.0075,0.015,2967,22,6,0.19413549039433772,False
1,3,32,40,30,0.015,0.006,10,0.0075,0.015,2882,23,11,0.19812630117973629,False
1,3,33,40,30,0.015,0.006,10,0.0075,0.015,2822,22,12,0.2012756909992913,False
1,3,34,40,30,0.015,0.006,10,0.0075,0.015,2746,19,9,0.2035688273852877,False
1,3,35,40,30,0.015,0.006,10,0.0075,0.015,2679,19,9,0.253826054497947,False
1,3,36,40,30,0.015,0.006,10,0.0075,0.015,2632,21,8,0.25645896656534956,False
1,3,37,40,30,0.015,0.006,10,0.0075,0.015,2580,22,6,0.25852713178294573,False
1,3,38,40,30,0.015,0.006,10,0.0075,0.015,2542,18,4,0.26081825334382375,False
1,3,39,40,30,0.015,0.006,10,0.0075,0.015,2511,18,9,0.2608522500995619,False
1,3,40,40,30,0.015,0.006,10,0.0075,0.015,2490,18,11,0.2642570281124498,False
1,3,41,40,30,0.015,0.006,10,0.0075,0.015,2525,13,7,0.2811881188118812,False
1,3,42,40,30,0.015,0.006,10,0.0075,0.015,2486,11,4,0.27876106194690264,False
1,3,43,40,30,0.015,0.006,10,0.0075,0.015,2434,16,5,0.2818405916187346,False
1,3,44,40,30,0.015,0.006,10,0.0075,0.015,2438,18,7,0.28753076292042656,False
1,3,45,40,30,0.015,0.006,10,0.0075,0.015,2425,17,6,0.2894845360824742,False
1,3,46,40,30,0.015,0.006,10,0.0075,0.015,2352,18,9,0.28401360544217685,False
1,3,47,40,30,0.015,0.006,10,0.0075,0.015,2318,23,10,0.28645383951682485,False
1,3,48,40,30,0.015,0.006,10,0.0075,0.015,2300,17,7,0.2921739130434783,False
1,3,49,40,30,0.015,0.006,10,0.0075,0.015,2301,17,7,0.29465449804432853,False
1,3,50,40,30,0.015,0.006,10,0.0075,0.015,2282,16,6,0.2988606485539001,False
1,3,51,40,30,0.015,0.006,10,0.0075,0.015,2259,15,6,0.301460823373174,False
1,3,52,40,30,0.015,0.006,10,0.0075,0.015,2249,19,8,0.30502445531347266,False
1,4,1,40,30,0.015,0.006,10,0.0075,0.015,2218,22,8,0.30522993688007216,False
1,4,2,40,30,0.015,0.006,10,0.0075,0.015,2198,28,7,0.30709736123748865,False
1,4,3,40,30,0.015,0.006,10,0.0075,0.015,2178,26,9,0.30808080808080807,False
1,4,4,40,30,0.015,0.006,10,0.0075,0.015,2144,24,15,0.31296641791044777,False
1,4,5,40,30,0.015,0.006,10,0.0075,0.015,2116,24,11,0.31710775047258977,False
1,4,6,40,30,0.015,0.006,10,0.0075,0.015,2078,15,5,0.32001924927815206,False
1,4,7,40,30,0.015,0.006,10,0.0075,0.015,2052,17,8,0.32115009746588696,False
1,4,8,40,30,0.015,0.006,10,0.0075,0.015,2018,15,8,0.323587710604559,False
1,4,9,40,30,0.015,0.006,10,0.0075,0.015,1991,19,5,0.32395781014565544,False
1,4,10,40,30,0.015,0.006,10,0.0075,0.015,1966,16,5,0.32451678535096645,False
1,4,11,40,30,0.015,0.006,10,0.0075,0.015,1947,16,6,0.3292244478685157,False
1,4,12,40,30,0.015,0.006,10,0.0075,0.015,1923,18,7,0.3296931877275091,False
1,4,13,40,30,0.015,0.006,10,0.0075,0.015,1901,16,7,0.33140452393477116,False
1,4,14,40,30,0.015,0.006,10,0.0075,0.015,1889,16,7,0.33615669666490205,False
1,4,15,40,30,0.015,0.006,10,0.0075,0.015,1860,14,6,0.3370967741935484,False
1,4,16,40,30,0.015,0.006,10,0.0075,0.015,1831,13,5,0.3380666302566903,False
1,4,17,40,30,0.015,0.006,10,0.0075,0.015,1817,13,6,0.33902036323610346,False
1,4,18,40,30,0.015,0.006,10,0.0075,0.015,3675,11,6,0.16816326530612244,False
1,4,19,40,30,0.015,0.006,10,0.0075,0.015,3599,15,3,0.17171436510141705,False
1,4,20,40,30,0.015,0.006,10,0.0075,0.015,3503,12,2,0.17613474165001428,False
1,4,21,40,30,0.015,0.006,10,0.0075,0.015,3423,15,5,0.1784983932223196,False
1,4,22,40,30,0.015,0.006,10,0.0075,0.015,3344,22,7,0.1821172248803828,False
1,4,23,40,30,0.015,0.006,10,0.0075,0.015,3254,27,9,0.18715427166564227,False
1,4,24,40,30,0.015,0.006,10,0.0075,0.015,3203,26,7,0.189509834530128,False
1,4,25,40,30,0.015,0.006,10,0.0075,0.015,3141,25,9,0.19197707736389685,False
1,4,26,40,30,0.015,0.006,10,0.0075,0.015,3066,24,10,0.19406392694063926,False
1,4,27,40,30,0.015,0.006,10,0.0075,0.015,2994,22,13,0.1987307949231797,False
1,4,28,40,30,0.015,0.006,10,0.0075,0.015,2944,21,11,0.20074728260869565,False
1,4,29,40,30,0.015,0.006,10,0.0075,0.015,2895,13,3,0.20172711571675303,False
1,4,30,40,30,0.015,0.006,10,0.0075,0.015,2798,13,8,0.20371694067190851,False
1,4,31,40,30,0.015,0.006,10,0.0075,0.015,2737,16,10,0.20679576178297407,False
1,4,32,40,30,0.015,0.006,10,0.0075,0.015,2663,10,6,0.21028914757791964,False
1,4,33,40,30,0.015,0.006,10,0.0075,0.015,2612,10,4,0.21477794793261867,False
1,4,34,40,30,0.015,0.006,10,0.0075,0.015,2545,7,3,0.21611001964636542,False
1,4,35,40,30,0.015,0.006,10,0.0075,0.015,2487,9,3,0.25934861278648974,False
1,4,36,40,30,0.015,0.006,10,0.0075,0.015,2419,8,2,0.2625051674245556,False
1,4,37,40,30,0.015,0.006,10,0.0075,0.015,2333,13,3,0.269609944277754,False
1,4,38,40,30,0.015,0.006,10,0.0075,0.015,2310,14,6,0.2714285714285714,False
1,4,39,40,30,0.015,0.006,10,0.0075,0.015,2281,16,5,0.2744410346339325,False
1,4,40,40,30,0.015,0.006,10,0.0075,0.015,2254,14,4,0.2741792369121562,False
1,4,41,40,30,0.015,0.006,10,0.0075,0.015,2305,15,8,0.29197396963123645,False
1,4,42,40,30,0.015,0.006,10,0.0075,0.015,2292,16,7,0.29537521815008727,False
1,4,43,40,30,0.015,0.006,10,0.0075,0.015,2281,11,3,0.30030688294607627,False
1,4,44,40,30,0.015,0.006,10,0.0075,0.015,2276,11,5,0.30755711775043937,False
1,4,45,40,30,0.015,0.006,10,0.0075,0.015,2260,13,5,0.30619469026548674,False
1,4,46,40,30,0.015,0.006,10,0.0075,0.015,2214,12,4,0.3035230352303523,False
1,4,47,40,30,0.015,0.006,10,0.0075,0.015,2203,10,3,0.30367680435769406,False
1,4,48,40,30,0.015,0.006,10,0.0075,0.015,2186,7,3,0.3037511436413541,False
1,4,49,40,30,0.015,0.006,10,0.0075,0.015,2201,11,4,0.3057701044979555,False
1,4,50,40,30,0.015,0.006,10,0.0075,0.015,2175,9,2,0.3085057471264368,False
1,4,51,40,30,0.015,0.006,10,0.0075,0.015,2172,10,2,0.31261510128913444,False
1,4,52,40,30,0.015,0.006,10,0.0075,0.015,2157,10,3,0.31617987946221604,False
1,5,1,40,30,0.015,0.006,10,0.0075,0.015,2158,10,4,0.31835032437442073,False
1,5,2,40,30,0.015,0.006,10,0.0075,0.015,2138,10,3,0.323666978484565,False
1,5,3,40,30,0.015,0.006,10,0.0075,0.015,2105,9,3,0.32399049881235154,False
1,5,4,40,30,0.015,0.006,10,0.0075,0.015,2075,11,4,0.32385542168674697,False
1,5,5,40,30,0.015,0.006,10,0.0075,0.015,2057,10,8,0.3257170636849781,False
1,5,6,40,30,0.015,0.006,10,0.0075,0.015,2035,11,6,0.3262899262899263,False
1,5,7,40,30,0.015,0.006,10,0.0075,0.015,2015,5,2,0.33052109181141437,False
1,5,8,40,30,0.015,0.006,10,0.0075,0.015,2005,9,4,0.3346633416458853,False
1,5,9,40,30,0.015,0.006,10,0.0075,0.015,1981,9,3,0.33619384149419484,False
1,5,10,40,30,0.015,0.006,10,0.0075,0.015,1952,7,2,0.33350409836065575,False
1,5,11,40,30,0.015,0.006,10,0.0075,0.015,1935,8,3,0.33798449612403103,False
1,5,12,40,30,0.015,0.006,10,0.0075,0.015,1908,8,5,0.33490566037735847,False
1,5,13,40,30,0.015,0.006,10,0.0075,0.015,1880,8,4,0.34095744680851064,False
1,5,14,40,30,0.015,0.006,10,0.0075,0.015,1860,5,3,0.34408602150537637,False
1,5,15,40,30,0.015,0.006,10,0.0075,0.015,1846,5,2,0.34615384615384615,False
1,5,16,40,30,0.015,0.006,10,0.0075,0.015,1824,3,1,0.34594298245614036,False
1,5,17,40,30,0.015,0.006,10,0.0075,0.015,1798,5,3,0.34872080088987767,False
1,5,18,40,30,0.015,0.006,10,0.0075,0.015,3625,4,2,0.17406896551724138,False
1,5,19,40,30,0.015,0.006,10,0.0075,0.015,3567,2,0,0.17605831230726102,False
1,5,20,40,30,0.015,0.006,10,0.0075,0.015,3511,2,0,0.17972087724295072,False
1,5,21,40,30,0.015,0.006,10,0.0075,0.015,3461,2,0,0.180294712510835,False
1,5,22,40,30,0.015,0.006,10,0.0075,0.015,3410,2,1,0.18475073313782991,False
1,5,23,40,30,0.015,0.006,10,0.0075,0.015,3357,4,2,0.18528448019064642,False
1,5,24,40,30,0.015,0.006,10,0.0075,0.015,3250,4,2,0.19046153846153846,False
1,5,25,40,30,0.015,0.006,10,0.0075,0.015,3228,8,2,0.1939281288723668,False
1,5,26,40,30,0.015,0.006,10,0.0075,0.015,3148,11,3,0.19695044472681067,False
1,5,27,40,30,0.015,0.006,10,0.0075,0.015,3082,9,2,0.199870214146658,False
1,5,28,40,30,0.015,0.006,10,0.0075,0.015,3043,6,2,0.2040749260598094,False
1,5,29,40,30,0.015,0.006,10,0.0075,0.015,3024,7,2,0.20932539682539683,False
1,5,30,40,30,0.015,0.006,10,0.0075,0.015,3016,5,1,0.21551724137931033,False
1,5,31,40,30,0.015,0.006,10,0.0075,0.015,2970,5,3,0.2175084175084175,False
1,5,32,40,30,0.015,0.006,10,0.0075,0.015,2891,5,2,0.22276029055690072,False
1,5,33,40,30,0.015,0.006,10,0.0075,0.015,2772,3,2,0.2269119769119769,False
1,5,34,40,30,0.015,0.006,10,0.0075,0.015,2707,5,3,0.23125230882896194,False
1,5,35,40,30,0.015,0.006,10,0.0075,0.015,2624,3,1,0.2736280487804878,False
1,5,36,40,30,0.015,0.006,10,0.0075,0.015,2571,2,0,0.2781019058732011,False
1,5,37,40,30,0.015,0.006,10,0.0075,0.015,2518,2,1,0.2823669579030977,False
1,5,38,40,30,0.015,0.006,10,0.0075,0.015,2503,2,1,0.28965241709948064,False
1,5,39,40,30,0.015,0.006,10,0.0075,0.015,2470,1,1,0.28866396761133606,False
1,5,40,40,30,0.015,0.006,10,0.0075,0.015,2456,4,1,0.28664495114006516,False
1,5,41,40,30,0.015,0.006,10,0.0075,0.015,2477,3,0,0.3052079127977392,False
1,5,42,40,30,0.015,0.006,10,0.0075,0.015,2407,3,1,0.29995845450768593,False
1,5,43,40,30,0.015,0.006,10,0.0075,0.015,2375,4,2,0.30147368421052634,False
1,5,44,40,30,0.015,0.006,10,0.0075,0.015,2332,3,1,0.3048885077186964,False
1,5,45,40,30,0.015,0.006,10,0.0075,0.015,2320,2,1,0.30474137931034484,False
1,5,46,40,30,0.015,0.006,10,0.0075,0.015,2251,2,1,0.2998667258996002,False
1,5,47,40,30,0.015,0.006,10,0.0075,0.015,2238,1,0,0.3025022341376229,False
1,5,48,40,30,0.015,0.006,10,0.0075,0.015,2254,1,0,0.30656610470275064,False
1,5,49,40,30,0.015,0.006,10,0.0075,0.015,2257,1,1,0.306601683650864,False
1,5,50,40,30,0.015,0.006,10,0.0075,0.015,2255,1,1,0.31263858093126384,False
1,5,51,40,30,0.015,0.006,10,0.0075,0.015,2245,0,0,0.31224944320712694,True
1,5,52,40,30,0.015,0.006,10,0.0075,0.015,2238,0,0,0.3154602323503128,True
1,6,1,40,30,0.015,0.006,10,0.0075,0.015,2230,0,0,0.31748878923766816,True
1,6,2,40,30,0.015,0.006,10,0.0075,0.015,2218,0,0,0.3219116321009919,True
1,6,3,40,30,0.015,0.006,10,0.0075,0.015,2220,0,0,0.32522522522522523,True
1,6,4,40,30,0.015,0.006,10,0.0075,0.015,2194,0,0,0.3281677301731996,True
1,6,5,40,30,0.015,0.006,10,0.0075,0.015,2191,0,0,0.32633500684618894,True
1,6,6,40,30,0.015,0.006,10,0.0075,0.015,2174,0,0,0.32290708371665133,True
1,6,7,40,30,0.015,0.006,10,0.0075,0.015,2160,0,0,0.3287037037037037,True
1,6,8,40,30,0.015,0.006,10,0.0075,0.015,2147,0,0,0.33069399161620866,True
1,6,9,40,30,0.015,0.006,10,0.0075,0.015,2129,0,0,0.33536871770784404,True
1,6,10,40,30,0.015,0.006,10,0.0075,0.015,2108,0,0,0.33301707779886147,True
1,6,11,40,30,0.015,0.006,10,0.0075,0.015,2096,0,0,0.33396946564885494,True
1,6,12,40,30,0.015,0.006,10,0.0075,0.015,2098,0,0,0.3369876072449952,True
1,6,13,40,30,0.015,0.006,10,0.0075,0.015,2075,0,0,0.3421686746987952,True
1,6,14,40,30,0.015,0.006,10,0.0075,0.015,2057,0,0,0.33884297520661155,True
1,6,15,40,30,0.015,0.006,10,0.0075,0.015,2028,0,0,0.34023668639053256,True
1,6,16,40,30,0.015,0.006,10,0.0075,0.015,2019,0,0,0.34422981674096087,True
1,6,17,40,30,0.015,0.006,10,0.0075,0.015,1999,0,0,0.3501750875437719,True
1,6,18,40,30,0.015,0.006,10,0.0075,0.015,4174,0,0,0.16914230953521803,True
1,6,19,40,30,0.015,0.006,10,0.0075,0.015,4128,0,0,0.17151162790697674,True
1,6,20,40,30,0.015,0.006,10,0.0075,0.015,4041,0,0,0.1759465478841871,True
1,6,21,40,30,0.015,0.006,10,0.0075,0.015,3955,0,0,0.17876106194690267,True
1,6,22,40,30,0.015,0.006,10,0.0075,0.015,3896,0,0,0.17915811088295688,True
1,6,23,40,30,0.015,0.006,10,0.0075,0.015,3848,0,0,0.183991683991684,True
1,6,24,40,30,0.015,0.006,10,0.0075,0.015,3758,0,0,0.18893028206492815,True
1,6,25,40,30,0.015,0.006,10,0.0075,0.015,3697,0,0,0.19204760616716257,True
1,6,26,40,30,0.015,0.006,10,0.0075,0.015,3634,0,0,0.19400110071546506,True
1,6,27,40,30,0.015,0.006,10,0.0075,0.015,3575,0,0,0.1986013986013986,True
1,6,28,40,30,0.015,0.006,10,0.0075,0.015,3518,0,0,0.19982944855031268,True
1,6,29,40,30,0.015,0.006,10,0.0075,0.015,3449,0,0,0.20237750072484778,True
1,6,30,40,30,0.015,0.006,10,0.0075,0.015,3388,0,0,0.20572609208972845,True
1,6,31,40,30,0.015,0.006,10,0.0075,0.015,3347,0,0,0.2085449656408724,True
1,6,32,40,30,0.015,0.006,10,0.0075,0.015,3268,0,0,0.21052631578947367,True
1,6,33,40,30,0.015,0.006,10,0.0075,0.015,3247,0,0,0.21496766245765322,True
1,6,34,40,30,0.015,0.006,10,0.0075,0.015,3206,0,0,0.21771678103555833,True
1,6,35,40,30,0.015,0.006,10,0.0075,0.015,3159,0,0,0.2608420386198164,True
1,6,36,40,30,0.015,0.006,10,0.0075,0.015,3095,0,0,0.26365105008077544,True
1,6,37,40,30,0.015,0.006,10,0.0075,0.015,3038,0,0,0.26300197498354183,True
1,6,38,40,30,0.015,0.006,10,0.0075,0.015,3004,0,0,0.2643142476697736,True
1,6,39,40,30,0.015,0.006,10,0.0075,0.015,2958,0,0,0.26369168356997974,True
1,6,40,40,30,0.015,0.006,10,0.0075,0.015,2936,0,0,0.2680517711171662,True
1,6,41,40,30,0.015,0.006,10,0.0075,0.015,2928,0,0,0.2814207650273224,True
1,6,42,40,30,0.015,0.006,10,0.0075,0.015,2877,0,0,0.27771984706291275,True
1,6,43,40,30,0.015,0.006,10,0.0075,0.015,2834,0,0,0.2854622441778405,True
1,6,44,40,30,0.015,0.006,10,0.0075,0.015,2794,0,0,0.2763063707945598,True
1,6,45,40,30,0.015,0.006,10,0.0075,0.015,2765,0,0,0.2795660036166365,True
1,6,46,40,30,0.015,0.006,10,0.0075,0.015,2732,0,0,0.27781844802342603,True
1,6,47,40,30,0.015,0.006,10,0.0075,0.015,2747,0,0,0.28285402257007647,True
1,6,48,40,30,0.015,0.006,10,0.0075,0.015,2726,0,0,0.2846661775495231,True
1,6,49,40,30,0.015,0.006,10,0.0075,0.015,2736,0,0,0.28618421052631576,True
1,6,50,40,30,0.015,0.006,10,0.0075,0.015,2740,0,0,0.2934306569343066,True
1,6,51,40,30,0.015,0.006,10,0.0075,0.015,2719,0,0,0.2953291651342405,True
1,6,52,40,30,0.015,0.006,10,0.0075,0.015,2711,0,0,0.3017336776097381,True
1,7,1,40,30,0.015,0.006,10,0.0075,0.015,2704,0,0,0.30288461538461536,True
1,7,2,40,30,0.015,0.006,10,0.0075,0.015,2689,0,0,0.30606173298624023,True
1,7,3,40,30,0.015,0.006,10,0.0075,0.015,2675,0,0,0.308411214953271,True
1,7,4,40,30,0.015,0.006,10,0.0075,0.015,2654,0,0,0.3097211755840241,True
1,7,5,40,30,0.015,0.006,10,0.0075,0.015,2650,0,0,0.3139622641509434,True
1,7,6,40,30,0.015,0.006,10,0.0075,0.015,2619,0,0,0.3161512027491409,True
1,7,7,40,30,0.015,0.006,10,0.0075,0.015,2593,0,0,0.3181642884689549,True
1,7,8,40,30,0.015,0.006,10,0.0075,0.015,2564,0,0,0.3202028081123245,True
1,7,9,40,30,0.015,0.006,10,0.0075,0.015,2539,0,0,0.32217408428515165,True
1,7,10,40,30,0.015,0.006,10,0.0075,0.015,2505,0,0,0.3221556886227545,True
1,7,11,40,30,0.015,0.006,10,0.0075,0.015,2476,0,0,0.324313408723748,True
1,7,12,40,30,0.015,0.006,10,0.0075,0.015,2451,0,0,0.32558139534883723,True
1,7,13,40,30,0.015,0.006,10,0.0075,0.015,2420,0,0,0.3293388429752066,True
1,7,14,40,30,0.015,0.006,10,0.0075,0.015,2395,0,0,0.332776617954071,True
1,7,15,40,30,0.015,0.006,10,0.0075,0.015,2368,0,0,0.3374155405405405,True
1,7,16,40,30,0.015,0.006,10,0.0075,0.015,2345,0,0,0.3381663113006397,True
1,7,17,40,30,0.015,0.006,10,0.0075,0.015,2321,0,0,0.3416630762602327,True
1,7,18,40,30,0.015,0.006,10,0.0075,0.015,4782,0,0,0.16415725637808448,True
1,7,19,40,30,0.015,0.006,10,0.0075,0.015,4711,0,0,0.1664190193164933,True
1,7,20,40,30,0.015,0.006,10,0.0075,0.015,4615,0,0,0.1696641386782232,True
1,7,21,40,30,0.015,0.006,10,0.0075,0.015,4529,0,0,0.17266504747184808,True
1,7,22,40,30,0.015,0.006,10,0.0075,0.015,4454,0,0,0.17512348450830714,True
1,7,23,40,30,0.015,0.006,10,0.0075,0.015,4342,0,0,0.1773376324274528,True
1,7,24,40,30,0.015,0.006,10,0.0075,0.015,4279,0,0,0.17994858611825193,True
1,7,25,40,30,0.015,0.006,10,0.0075,0.015,4206,0,0,0.1823585354255825,True
1,7,26,40,30,0.015,0.006,10,0.0075,0.015,4142,0,0,0.1834862385321101,True
1,7,27,40,30,0.015,0.006,10,0.0075,0.015,4068,0,0,0.1863323500491642,True
1,7,28,40,30,0.015,0.006,10,0.0075,0.015,4006,0,0,0.1872191712431353,True
1,7,29,40,30,0.015,0.006,10,0.0075,0.015,3942,0,0,0.18822932521562658,True
1,7,30,40,30,0.015,0.006,10,0.0075,0.015,3863,0,0,0.19156096298213823,True
1,7,31,40,30,0.015,0.006,10,0.0075,0.015,3795,0,0,0.19209486166007905,True
1,7,32,40,30,0.015,0.006,10,0.0075,0.015,3710,0,0,0.1940700808625337,True
1,7,33,40,30,0.015,0.006,10,0.0075,0.015,3633,0,0,0.1968070465180292,True
1,7,34,40,30,0.015,0.006,10,0.0075,0.015,3569,0,0,0.19809470439899132,True
1,7,35,40,30,0.015,0.006,10,0.0075,0.015,3498,0,0,0.2444253859348199,True
1,7,36,40,30,0.015,0.006,10,0.0075,0.015,3438,0,0,0.2472367655613729,True
1,7,37,40,30,0.015,0.006,10,0.0075,0.015,3386,0,0,0.24867099822799762,True
1,7,38,40,30,0.015,0.006,10,0.0075,0.015,3338,0,0,0.2507489514679449,True
1,7,39,40,30,0.015,0.006,10,0.0075,0.015,3296,0,0,0.2524271844660194,True
1,7,40,40,30,0.015,0.006,10,0.0075,0.015,3270,0,0,0.25535168195718655,True
1,7,41,40,30,0.015,0.006,10,0.0075,0.015,3265,0,0,0.2673813169984686,True
1,7,42,40,30,0.015,0.006,10,0.0075,0.015,3204,0,0,0.2681023720349563,True
1,7,43,40,30,0.015,0.006,10,0.0075,0.015,3147,0,0,0.2726406101048618,True
1,7,44,40,30,0.015,0.006,10,0.0075,0.015,3109,0,0,0.2714699260212287,True
1,7,45,40,30,0.015,0.006,10,0.0075,0.015,3088,0,0,0.27396373056994816,True
1,7,46,40,30,0.015,0.006,10,0.0075,0.015,3007,0,0,0.26837379447954773,True
1,7,47,40,30,0.015,0.006,10,0.0075,0.015,3016,0,0,0.2702254641909814,True
1,7,48,40,30,0.015,0.006,10,0.0075,0.015,3022,0,0,0.2786234281932495,True
1,7,49,40,30,0.015,0.006,10,0.0075,0.015,3015,0,0,0.27927031509121064,True
1,7,50,40,30,0.015,0.006,10,0.0075,0.015,3011,0,0,0.2779807372965792,True
1,7,51,40,30,0.015,0.006,10,0.0075,0.015,2996,0,0,0.27703604806408544,True
1,7,52,40,30,0.015,0.006,10,0.0075,0.015,2980,0,0,0.2815436241610738,True
1,8,1,40,30,0.015,0.006,10,0.0075,0.015,2971,0,0,0.282733086502861,True
1,8,2,40,30,0.015,0.006,10,0.0075,0.015,2944,0,0,0.28566576086956524,True
1,8,3,40,30,0.015,0.006,10,0.0075,0.015,2917,0,0,0.2900239972574563,True
1,8,4,40,30,0.015,0.006,10,0.0075,0.015,2898,0,0,0.29261559696342304,True
1,8,5,40,30,0.015,0.006,10,0.0075,0.015,2870,0,0,0.29442508710801396,True
1,8,6,40,30,0.015,0.006,10,0.0075,0.015,2841,0,0,0.2960225272791271,True
1,8,7,40,30,0.015,0.006,10,0.0075,0.015,2811,0,0,0.2974030594094628,True
1,8,8,40,30,0.015,0.006,10,0.0075,0.015,2791,0,0,0.3016839842350412,True
1,8,9,40,30,0.015,0.006,10,0.0075,0.015,2770,0,0,0.30288808664259925,True
1,8,10,40,30,0.015,0.006,10,0.0075,0.015,2747,0,0,0.3054240990171096,True
1,8,11,40,30,0.015,0.006,10,0.0075,0.015,2713,0,0,0.30446000737191303,True
1,8,12,40,30,0.015,0.006,10,0.0075,0.015,2691,0,0,0.30843552582683015,True
1,8,13,40,30,0.015,0.006,10,0.0075,0.015,2665,0,0,0.3121951219512195,True
1,8,14,40,30,0.015,0.006,10,0.0075,0.015,2638,0,0,0.3134950720242608,True
1,8,15,40,30,0.015,0.006,10,0.0075,0.015,2611,0,0,0.31558789735733433,True
1,8,16,40,30,0.015,0.006,10,0.0075,0.015,2584,0,0,0.31540247678018574,True
1,8,17,40,30,0.015,0.006,10,0.0075,0.015,2562,0,0,0.3185011709601874,True
1,8,18,40,30,0.015,0.006,10,0.0075,0.015,5290,0,0,0.1544423440453686,True
1,8,19,40,30,0.015,0.006,10,0.0075,0.015,5188,0,0,0.15709329221279877,True
1,8,20,40,30,0.015,0.006,10,0.0075,0.015,5094,0,0,0.15901060070671377,True
1,8,21,40,30,0.015,0.006,10,0.0075,0.015,5003,0,0,0.16190285828502898,True
1,8,22,40,30,0.015,0.006,10,0.0075,0.015,4909,0,0,0.16459564066001223,True
1,8,23,40,30,0.015,0.006,10,0.0075,0.015,4793,0,0,0.16732735238890048,True
1,8,24,40,30,0.015,0.006,10,0.0075,0.015,4709,0,0,0.17073688681248672,True
1,8,25,40,30,0.015,0.006,10,0.0075,0.015,4646,0,0,0.17391304347826086,True
1,8,26,40,30,0.015,0.006,10,0.0075,0.015,4567,0,0,0.17582658200131376,True
1,8,27,40,30,0.015,0.006,10,0.0075,0.015,4497,0,0,0.17767400489215032,True
1,8,28,40,30,0.015,0.006,10,0.0075,0.015,4432,0,0,0.17802346570397112,True
1,8,29,40,30,0.015,0.006,10,0.0075,0.015,4353,0,0,0.1819434872501723,True
1,8,30,40,30,0.015,0.006,10,0.0075,0.015,4296,0,0,0.18435754189944134,True
1,8,31,40,30,0.015,0.006,10,0.0075,0.015,4233,0,0,0.18686510748877863,True
1,8,32,40,30,0.015,0.006,10,0.0075,0.015,4142,0,0,0.1883148237566393,True
1,8,33,40,30,0.015,0.006,10,0.0075,0.015,4059,0,0,0.19019462921901947,True
1,8,34,40,30,0.015,0.006,10,0.0075,0.015,3974,0,0,0.19426270759939607,True
1,8,35,40,30,0.015,0.006,10,0.0075,0.015,3917,0,0,0.2422772529997447,True
1,8,36,40,30,0.015,0.006,10,0.0075,0.015,3833,0,0,0.24576050091312288,True
1,8,37,40,30,0.015,0.006,10,0.0075,0.015,3757,0,0,0.25126430662762844,True
1,8,38,40,30,0.015,0.006,10,0.0075,0.015,3716,0,0,0.25376749192680303,True
1,8,39,40,30,0.015,0.006,10,0.0075,0.015,3667,0,0,0.2574311426233979,True
1,8,40,40,30,0.015,0.006,10,0.0075,0.015,3620,0,0,0.25883977900552485,True
1,8,41,40,30,0.015,0.006,10,0.0075,0.015,3560,0,0,0.26432584269662923,True
1,8,42,40,30,0.015,0.006,10,0.0075,0.015,3496,0,0,0.26744851258581237,True
1,8,43,40,30,0.015,0.006,10,0.0075,0.015,3442,0,0,0.2696106914584544,True
1,8,44,40,30,0.015,0.006,10,0.0075,0.015,3423,0,0,0.2702307917031843,True
1,8,45,40,30,0.015,0.006,10,0.0075,0.015,3399,0,0,0.27390408943807004,True
1,8,46,40,30,0.015,0.006,10,0.0075,0.015,3331,0,0,0.2695887120984689,True
1,8,47,40,30,0.015,0.006,10,0.0075,0.015,3352,0,0,0.2762529832935561,True
1,8,48,40,30,0.015,0.006,10,0.0075,0.015,3339,0,0,0.27672955974842767,True
1,8,49,40,30,0.015,0.006,10,0.0075,0.015,3345,0,0,0.28340807174887894,True
1,8,50,40,30,0.015,0.006,10,0.0075,0.015,3325,0,0,0.2863157894736842,True
1,8,51,40,30,0.015,0.006,10,0.0075,0.015,3320,0,0,0.29036144578313255,True
1,8,52,40,30,0.015,0.006,10,0.0075,0.015,3296,0,0,0.29004854368932037,True
1,9,1,40,30,0.015,0.006,10,0.0075,0.015,3273,0,0,0.29208677054689886,True
1,9,2,40,30,0.015,0.006,10,0.0075,0.015,3244,0,0,0.2928483353884094,True
1,9,3,40,30,0.015,0.006,10,0.0075,0.015,3207,0,0,0.29653882132834425,True
1,9,4,40,30,0.015,0.006,10,0.0075,0.015,3170,0,0,0.2996845425867508,True
1,9,5,40,30,0.015,0.006,10,0.0075,0.015,3126,0,0,0.30326295585412666,True
1,9,6,40,30,0.015,0.006,10,0.0075,0.015,3096,0,0,0.30587855297157623,True
1,9,7,40,30,0.015,0.006,10,0.0075,0.015,3056,0,0,0.30726439790575916,True
1,9,8,40,30,0.015,0.006,10,0.0075,0.015,3026,0,0,0.3109715796430932,True
1,9,9,40,30,0.015,0.006,10,0.0075,0.015,2999,0,0,0.31177059019673226,True
1,9,10,40,30,0.015,0.006,10,0.0075,0.015,2969,0,0,0.31492084877062987,True
1,9,11,40,30,0.015,0.006,10,0.0075,0.015,2940,0,0,0.31768707482993197,True
1,9,12,40,30,0.015,0.006,10,0.0075,0.015,2899,0,0,0.3190755432907899,True
1,9,13,40,30,0.015,0.006,10,0.0075,0.015,2876,0,0,0.3202364394993046,True
1,9,14,40,30,0.015,0.006,10,0.0075,0.015,2846,0,0,0.3218552354181307,True
1,9,15,40,30,0.015,0.006,10,0.0075,0.015,2804,0,0,0.32417974322396576,True
1,9,16,40,30,0.015,0.006,10,0.0075,0.015,2773,0,0,0.32564010097367474,True
1,9,17,40,30,0.015,0.006,10,0.0075,0.015,2749,0,0,0.32520916696980723,True
1,9,18,40,30,0.015,0.006,10,0.0075,0.015,5487,0,0,0.1538181155458356,True
1,9,19,40,30,0.015,0.006,10,0.0075,0.015,5400,0,0,0.15703703703703703,True
1,9,20,40,30,0.015,0.006,10,0.0075,0.015,5337,0,0,0.16076447442383363,True
1,9,21,40,30,0.015,0.006,10,0.0075,0.015,5260,0,0,0.16254752851711027,True
1,9,22,40,30,0.015,0.006,10,0.0075,0.015,5167,0,0,0.16450551577317593,True
1,9,23,40,30,0.015,0.006,10,0.0075,0.015,5093,0,0,0.16846652267818574,True
1,9,24,40,30,0.015,0.006,10,0.0075,0.015,4995,0,0,0.17117117117117117,True
1,9,25,40,30,0.015,0.006,10,0.0075,0.015,4905,0,0,0.17370030581039755,True
1,9,26,40,30,0.015,0.006,10,0.0075,0.015,4781,0,0,0.17611378372725373,True
1,9,27,40,30,0.015,0.006,10,0.0075,0.015,4690,0,0,0.17953091684434969,True
1,9,28,40,30,0.015,0.006,10,0.0075,0.015,4586,0,0,0.1814217182730048,True
1,9,29,40,30,0.015,0.006,10,0.0075,0.015,4485,0,0,0.18461538461538463,True
1,9,30,40,30,0.015,0.006,10,0.0075,0.015,4367,0,0,0.1873139455003435,True
1,9,31,40,30,0.015,0.006,10,0.0075,0.015,4296,0,0,0.18808193668528864,True
1,9,32,40,30,0.015,0.006,10,0.0075,0.015,4229,0,0,0.1903523291558288,True
1,9,33,40,30,0.015,0.006,10,0.0075,0.015,4145,0,0,0.19300361881785283,True
1,9,34,40,30,0.015,0.006,10,0.0075,0.015,4077,0,0,0.19524159921510914,True
1,9,35,40,30,0.015,0.006,10,0.0075,0.015,3995,0,0,0.24355444305381727,True
1,9,36,40,30,0.015,0.006,10,0.0075,0.015,3918,0,0,0.24885145482388973,True
1,9,37,40,30,0.015,0.006,10,0.0075,0.015,3868,0,0,0.2515511892450879,True
1,9,38,40,30,0.015,0.006,10,0.0075,0.015,3823,0,0,0.25163484174731887,True
1,9,39,40,30,0.015,0.006,10,0.0075,0.015,3789,0,0,0.25494853523357086,True
1,9,40,40,30,0.015,0.006,10,0.0075,0.015,3748,0,0,0.25720384204909286,True
1,9,41,40,30,0.015,0.006,10,0.0075,0.015,3756,0,0,0.2630457933972311,True
1,9,42,40,30,0.015,0.006,10,0.0075,0.015,3728,0,0,0.266362660944206,True
1,9,43,40,30,0.015,0.006,10,0.0075,0.015,3699,0,0,0.2708840227088402,True
1,9,44,40,30,0.015,0.006,10,0.0075,0.015,3681,0,0,0.2751969573485466,True
1,9,45,40,30,0.015,0.006,10,0.0075,0.015,3630,0,0,0.2735537190082645,True
1,9,46,40,30,0.015,0.006,10,0.0075,0.015,3555,0,0,0.2745428973277075,True
1,9,47,40,30,0.015,0.006,10,0.0075,0.015,3546,0,0,0.2763677382966723,True
1,9,48,40,30,0.015,0.006,10,0.0075,0.015,3514,0,0,0.2794536141149687,True
1,9,49,40,30,0.015,0.006,10,0.0075,0.015,3498,0,0,0.2815894797026873,True
1,9,50,40,30,0.015,0.006,10,0.0075,0.015,3465,0,0,0.286002886002886,True
1,9,51,40,30,0.015,0.006,10,0.0075,0.015,3441,0,0,0.2877070619006103,True
1,9,52,40,30,0.015,0.006,10,0.0075,0.015,3422,0,0,0.2907656341320865,True
1,10,1,40,30,0.015,0.006,10,0.0075,0.015,3399,0,0,0.2924389526331274,True
1,10,2,40,30,0.015,0.006,10,0.0075,0.015,3369,0,0,0.2956366874443455,True
1,10,3,40,30,0.015,0.006,10,0.0075,0.015,3338,0,0,0.29778310365488314,True
1,10,4,40,30,0.015,0.006,10,0.0075,0.015,3300,0,0,0.2993939393939394,True
1,10,5,40,30,0.015,0.006,10,0.0075,0.015,3266,0,0,0.29975505205143904,True
1,10,6,40,30,0.015,0.006,10,0.0075,0.015,3245,0,0,0.30261941448382124,True
1,10,7,40,30,0.015,0.006,10,0.0075,0.015,3211,0,0,0.3039551541575833,True
1,10,8,40,30,0.015,0.006,10,0.0075,0.015,3176,0,0,0.30856423173803527,True
1,10,9,40,30,0.015,0.006,10,0.0075,0.015,3146,0,0,0.3102352193261284,True
1,10,10,40,30,0.015,0.006,10,0.0075,0.015,3115,0,0,0.31043338683788124,True
1,10,11,40,30,0.015,0.006,10,0.0075,0.015,3088,0,0,0.31120466321243523,True
1,10,12,40,30,0.015,0.006,10,0.0075,0.015,3062,0,0,0.3131939908556499,True
1,10,13,40,30,0.015,0.006,10,0.0075,0.015,3031,0,0,0.3140877598152425,True
1,10,14,40,30,0.015,0.006,10,0.0075,0.015,2999,0,0,0.3154384794931644,True
1,10,15,40,30,0.015,0.006,10,0.0075,0.015,2970,0,0,0.3191919191919192,True
1,10,16,40,30,0.015,0.006,10,0.0075,0.015,2939,0,0,0.318475671997278,True
1,10,17,40,30,0.015,0.006,10,0.0075,0.015,2911,0,0,0.32119546547578154,True
1,10,18,40,30,0.015,0.006,10,0.0075,0.015,5979,0,0,0.1528683726375648,True
1,10,19,40,30,0.015,0.006,10,0.0075,0.015,5893,0,0,0.1550992703207195,True
1,10,20,40,30,0.015,0.006,10,0.0075,0.015,5761,0,0,0.15934733553202568,True
1,10,21,40,30,0.015,0.006,10,0.0075,0.015,5672,0,0,0.16131875881523272,True
1,10,22,40,30,0.015,0.006,10,0.0075,0.015,5560,0,0,0.16438848920863308,True
1,10,23,40,30,0.015,0.006,10,0.0075,0.015,5467,0,0,0.16627034936894092,True
1,10,24,40,30,0.015,0.006,10,0.0075,0.015,5344,0,0,0.16803892215568864,True
1,10,25,40,30,0.015,0.006,10,0.0075,0.015,5213,0,0,0.17111068482639555,True
1,10,26,40,30,0.015,0.006,10,0.0075,0.015,5106,0,0,0.17371719545632588,True
1,10,27,40,30,0.015,0.006,10,0.0075,0.015,4972,0,0,0.17900241351568785,True
1,10,28,40,30,0.015,0.006,10,0.0075,0.015,4897,0,0,0.1811313048805391,True
1,10,29,40,30,0.015,0.006,10,0.0075,0.015,4833,0,0,0.18311607697082558,True
1,10,30,40,30,0.015,0.006,10,0.0075,0.015,4702,0,0,0.18800510421097405,True
1,10,31,40,30,0.015,0.006,10,0.0075,0.015,4589,0,0,0.19110917411200698,True
1,10,32,40,30,0.015,0.006,10,0.0075,0.015,4523,0,0,0.1950033163829317,True
1,10,33,40,30,0.015,0.006,10,0.0075,0.015,4428,0,0,0.1991869918699187,True
1,10,34,40,30,0.015,0.006,10,0.0075,0.015,4351,0,0,0.20409101356010112,True
1,10,35,40,30,0.015,0.006,10,0.0075,0.015,4296,0,0,0.2574487895716946,True
1,10,36,40,30,0.015,0.006,10,0.0075,0.015,4233,0,0,0.25986298133711316,True
1,10,37,40,30,0.015,0.006,10,0.0075,0.015,4177,0,0,0.26191046205410584,True
1,10,38,40,30,0.015,0.006,10,0.0075,0.015,4123,0,0,0.26340043657530926,True
1,10,39,40,30,0.015,0.006,10,0.0075,0.015,4081,0,0,0.26562117128154866,True
1,10,40,40,30,0.015,0.006,10,0.0075,0.015,4037,0,0,0.2677730988357691,True
1,10,41,40,30,0.015,0.006,10,0.0075,0.015,4070,0,0,0.2788697788697789,True
1,10,42,40,30,0.015,0.006,10,0.0075,0.015,4035,0,0,0.28426270136307313,True
1,10,43,40,30,0.015,0.006,10,0.0075,0.015,3977,0,0,0.28287654010560725,True
1,10,44,40,30,0.015,0.006,10,0.0075,0.015,3923,0,0,0.2837114453224573,True
1,10,45,40,30,0.015,0.006,10,0.0075,0.015,3902,0,0,0.28754484879548947,True
1,10,46,40,30,0.015,0.006,10,0.0075,0.015,3814,0,0,0.2842160461457787,True
1,10,47,40,30,0.015,0.006,10,0.0075,0.015,3776,0,0,0.2838983050847458,True
1,10,48,40,30,0.015,0.006,10,0.0075,0.015,3737,0,0,0.2860583355632861,True
1,10,49,40,30,0.015,0.006,10,0.0075,0.015,3707,0,0,0.2891826274615592,True
1,10,50,40,30,0.015,0.006,10,0.0075,0.015,3663,0,0,0.2912912912912913,True
1,10,51,40,30,0.015,0.006,10,0.0075,0.015,3641,0,0,0.2919527602307059,True
1,10,52,40,30,0.015,0.006,10,0.0075,0.015,3609,0,0,0.29343308395677475,True
1,11,1,40,30,0.015,0.006,10,0.0075,0.015,3575,0,0,0.2962237762237762,True
1,11,2,40,30,0.015,0.006,10,0.0075,0.015,3544,0,0,0.297686230248307,True
1,11,3,40,30,0.015,0.006,10,0.0075,0.015,3511,0,0,0.29906009683850754,True
1,11,4,40,30,0.015,0.006,10,0.0075,0.015,3472,0,0,0.3024193548387097,True
1,11,5,40,30,0.015,0.006,10,0.0075,0.015,3425,0,0,0.3024817518248175,True
1,11,6,40,30,0.015,0.006,10,0.0075,0.015,3390,0,0,0.30619469026548674,True
1,11,7,40,30,0.015,0.006,10,0.0075,0.015,3350,0,0,0.30686567164179107,True
1,11,8,40,30,0.015,0.006,10,0.0075,0.015,3327,0,0,0.30748422001803427,True
1,11,9,40,30,0.015,0.006,10,0.0075,0.015,3286,0,0,0.30888618381010347,True
1,11,10,40,30,0.015,0.006,10,0.0075,0.015,3251,0,0,0.30882805290679793,True
1,11,11,40,30,0.015,0.006,10,0.0075,0.015,3219,0,0,0.31096613855234545,True
1,11,12,40,30,0.015,0.006,10,0.0075,0.015,3193,0,0,0.31255872220482306,True
1,11,13,40,30,0.015,0.006,10,0.0075,0.015,3164,0,0,0.31289506953223767,True
1,11,14,40,30,0.015,0.006,10,0.0075,0.015,3136,0,0,0.31441326530612246,True
1,11,15,40,30,0.015,0.006,10,0.0075,0.015,3103,0,0,0.3177570093457944,True
1,11,16,40,30,0.015,0.006,10,0.0075,0.015,3075,0,0,0.3196747967479675,True
1,11,17,40,30,0.015,0.006,10,0.0075,0.015,3038,0,0,0.31994733377221857,True
1,11,18,40,30,0.015,0.006,10,0.0075,0.015,6001,0,0,0.15447425429095152,True
1,11,19,40,30,0.015,0.006,10,0.0075,0.015,5926,0,0,0.15710428619642255,True
1,11,20,40,30,0.015,0.006,10,0.0075,0.015,5843,0,0,0.16087626219407838,True
1,11,21,40,30,0.015,0.006,10,0.0075,0.015,5757,0,0,0.16293208268195242,True
1,11,22,40,30,0.015,0.006,10,0.0075,0.015,5642,0,0,0.16589861751152074,True
1,11,23,40,30,0.015,0.006,10,0.0075,0.015,5485,0,0,0.17046490428441202,True
1,11,24,40,30,0.015,0.006,10,0.0075,0.015,5390,0,0,0.175139146567718,True
1,11,25,40,30,0.015,0.006,10,0.0075,0.015,5300,0,0,0.17660377358490567,True
1,11,26,40,30,0.015,0.006,10,0.0075,0.015,5202,0,0,0.17993079584775087,True
1,11,27,40,30,0.015,0.006,10,0.0075,0.015,5123,0,0,0.18211985164942415,True
1,11,28,40,30,0.015,0.006,10,0.0075,0.015,5033,0,0,0.18577389231074906,True
1,11,29,40,30,0.015,0.006,10,0.0075,0.015,4962,0,0,0.1894397420395002,True
1,11,30,40,30,0.015,0.006,10,0.0075,0.015,4886,0,0,0.19054441260744986,True
1,11,31,40,30,0.015,0.006,10,0.0075,0.015,4792,0,0,0.19490818030050083,True
1,11,32,40,30,0.015,0.006,10,0.0075,0.015,4706,0,0,0.1986825329366766,True
1,11,33,40,30,0.015,0.006,10,0.0075,0.015,4626,0,0,0.20125378296584523,True
1,11,34,40,30,0.015,0.006,10,0.0075,0.015,4584,0,0,0.2054973821989529,True
1,11,35,40,30,0.015,0.006,10,0.0075,0.015,4525,0,0,0.25613259668508287,True
1,11,36,40,30,0.015,0.006,10,0.0075,0.015,4449,0,0,0.2584850528208586,True
1,11,37,40,30,0.015,0.006,10,0.0075,0.015,4374,0,0,0.26154549611339734,True
1,11,38,40,30,0.015,0.006,10,0.0075,0.015,4325,0,0,0.26335260115606934,True
1,11,39,40,30,0.015,0.006,10,0.0075,0.015,4279,0,0,0.2643140920775882,True
1,11,40,40,30,0.015,0.006,10,0.0075,0.015,4244,0,0,0.26578699340245054,True
1,11,41,40,30,0.015,0.006,10,0.0075,0.015,4263,0,0,0.27492376260849166,True
1,11,42,40,30,0.015,0.006,10,0.0075,0.015,4223,0,0,0.2784750177598863,True
1,11,43,40,30,0.015,0.006,10,0.0075,0.015,4183,0,0,0.27994262491035143,True
1,11,44,40,30,0.015,0.006,10,0.0075,0.015,4144,0,0,0.27895752895752896,True
1,11,45,40,30,0.015,0.006,10,0.0075,0.015,4129,0,0,0.28166626301767983,True
1,11,46,40,30,0.015,0.006,10,0.0075,0.015,4022,0,0,0.2794629537543511,True
1,11,47,40,30,0.015,0.006,10,0.0075,0.015,3993,0,0,0.28149261207112447,True
1,11,48,40,30,0.015,0.006,10,0.0075,0.015,3961,0,0,0.28174703357737946,True
1,11,49,40,30,0.015,0.006,10,0.0075,0.015,3931,0,0,0.28364283897227166,True
1,11,50,40,30,0.015,0.006,10,0.0075,0.015,3894,0,0,0.28582434514637906,True
1,11,51,40,30,0.015,0.006,10,0.0075,0.015,3856,0,0,0.2868257261410788,True
1,11,52,40,30,0.015,0.006,10,0.0075,0.015,3823,0,0,0.2879937222076903,True
1,1,1,60,30,0.015,0.006,10,0.0075,0.015,5586,0,0,0.0019692087361260296,True
1,1,2,60,30,0.015,0.006,10,0.0075,0.015,5454,0,0,0.0038503850385038503,True
1,1,3,60,30,0.015,0.006,10,0.0075,0.015,5317,0,0,0.0047018995674252394,True
1,1,4,60,30,0.015,0.006,10,0.0075,0.015,5202,0,0,0.007304882737408689,True
1,1,5,60,30,0.015,0.006,10,0.0075,0.015,5096,0,0,0.009419152276295133,True
1,1,6,60,30,0.015,0.006,10,0.0075,0.015,5015,0,0,0.010967098703888335,True
1,1,7,60,30,0.015,0.006,10,0.0075,0.015,4934,0,0,0.013579246047831374,True
1,1,8,60,30,0.015,0.006,10,0.0075,0.015,4835,0,0,0.015718717683557395,True
1,1,9,60,30,0.015,0.006,10,0.0075,0.015,4759,0,0,0.01807102332422778,True
1,1,10,60,30,0.015,0.006,10,0.0075,0.015,4714,0,0,0.01951633432329232,True
1,1,11,60,30,0.015,0.006,10,0.0075,0.015,4641,0,0,0.020900667959491488,True
1,1,12,60,30,0.015,0.006,10,0.0075,0.015,4571,0,0,0.02340844454167578,True
1,1,13,60,30,0.015,0.006,10,0.0075,0.015,4518,0,0,0.025675077467906152,True
1,1,14,60,30,0.015,0.006,10,0.0075,0.015,4468,0,0,0.027529095792300805,True
1,1,15,60,30,0.015,0.006,10,0.0075,0.015,4413,0,0,0.029685021527305688,True
1,1,16,60,30,0.015,0.006,10,0.0075,0.015,4368,0,0,0.03182234432234432,True
1,1,17,60,30,0.015,0.006,10,0.0075,0.015,4326,0,0,0.032362459546925564,True
1,1,18,60,30,0.015,0.006,10,0.0075,0.015,12500,0,0,0.0124,True
1,1,19,60,30,0.015,0.006,10,0.0075,0.015,12277,0,0,0.01417284352854932,True
1,1,20,60,30,0.015,0.006,10,0.0075,0.015,12059,0,0,0.01600464383448047,True
1,1,21,60,30,0.015,0.006,10,0.0075,0.015,11828,0,0,0.018008116334122422,True
1,1,22,60,30,0.015,0.006,10,0.0075,0.015,11579,0,0,0.01951809309957682,True
1,1,23,60,30,0.015,0.006,10,0.0075,0.015,11282,0,0,0.021981918099627726,True
1,1,24,60,30,0.015,0.006,10,0.0075,0.015,11046,0,0,0.024081115335868188,True
1,1,25,60,30,0.015,0.006,10,0.0075,0.015,10787,0,0,0.025864466487438585,True
1,1,26,60,30,0.015,0.006,10,0.0075,0.015,10534,0,0,0.02771976457186254,True
1,1,27,60,30,0.015,0.006,10,0.0075,0.015,10324,0,0,0.029349089500193725,True
1,1,28,60,30,0.015,0.006,10,0.0075,0.015,10077,0,0,0.03205319043366081,True
1,1,29,60,30,0.015,0.006,10,0.0075,0.015,9840,0,0,0.0342479674796748,True
1,1,30,60,30,0.015,0.006,10,0.0075,0.015,9650,0,0,0.03564766839378238,True
1,1,31,60,30,0.015,0.006,10,0.0075,0.015,9452,0,0,0.03776978417266187,True
1,1,32,60,30,0.015,0.006,10,0.0075,0.015,9266,0,0,0.03874379451759119,True
1,1,33,60,30,0.015,0.006,10,0.0075,0.015,9049,0,0,0.040777986517847274,True
1,1,34,60,30,0.015,0.006,10,0.0075,0.015,8849,0,0,0.04237766979319697,True
1,1,35,60,30,0.015,0.006,10,0.0075,0.015,8711,0,0,0.044082194925955685,True
1,1,36,60,30,0.015,0.006,10,0.0075,0.015,8554,0,0,0.04617722702829086,True
1,1,37,60,30,0.015,0.006,10,0.0075,0.015,8390,0,0,0.04886769964243146,True
1,1,38,60,30,0.015,0.006,10,0.0075,0.015,8270,0,0,0.05151148730350665,True
1,1,39,60,30,0.015,0.006,10,0.0075,0.015,8164,0,0,0.05463008329250368,True
1,1,40,60,30,0.015,0.006,10,0.0075,0.015,8048,0,0,0.055168986083499,True
1,1,41,60,30,0.015,0.006,10,0.0075,0.015,8306,0,0,0.07548759932578859,True
1,1,42,60,30,0.015,0.006,10,0.0075,0.015,8268,0,0,0.07897919690372521,True
1,1,43,60,30,0.015,0.006,10,0.0075,0.015,8208,0,0,0.08223684210526316,True
1,1,44,60,30,0.015,0.006,10,0.0075,0.015,8161,0,0,0.08687660825879182,True
1,1,45,60,30,0.015,0.006,10,0.0075,0.015,8106,0,0,0.08869972859610166,True
1,1,46,60,30,0.015,0.006,10,0.0075,0.015,7885,0,0,0.08218135700697526,True
1,1,47,60,30,0.015,0.006,10,0.0075,0.015,7799,0,0,0.0824464674958328,True
1,1,48,60,30,0.015,0.006,10,0.0075,0.015,7736,0,0,0.08428128231644261,True
1,1,49,60,30,0.015,0.006,10,0.0075,0.015,7650,0,0,0.08718954248366013,True
1,1,50,60,30,0.015,0.006,10,0.0075,0.015,7566,0,0,0.08696801480306635,True
1,1,51,60,30,0.015,0.006,10,0.0075,0.015,7497,0,0,0.09070294784580499,True
1,1,52,60,30,0.015,0.006,10,0.0075,0.015,7439,0,0,0.09261997580319936,True
1,2,1,60,30,0.015,0.006,10,0.0075,0.015,7334,8,0,0.09558221979820017,False
1,2,2,60,30,0.015,0.006,10,0.0075,0.015,7244,8,0,0.09704583103257869,False
1,2,3,60,30,0.015,0.006,10,0.0075,0.015,7150,8,1,0.09832167832167832,False
1,2,4,60,30,0.015,0.006,10,0.0075,0.015,7075,9,1,0.10077738515901061,False
1,2,5,60,30,0.015,0.006,10,0.0075,0.015,7000,8,4,0.10328571428571429,False
1,2,6,60,30,0.015,0.006,10,0.0075,0.015,6892,20,6,0.10490423679628555,False
1,2,7,60,30,0.015,0.006,10,0.0075,0.015,6805,16,5,0.10712711241734019,False
1,2,8,60,30,0.015,0.006,10,0.0075,0.015,6720,17,5,0.10863095238095238,False
1,2,9,60,30,0.015,0.006,10,0.0075,0.015,6631,22,6,0.1109938169205248,False
1,2,10,60,30,0.015,0.006,10,0.0075,0.015,6546,25,5,0.11258783990223037,False
1,2,11,60,30,0.015,0.006,10,0.0075,0.015,6449,30,10,0.1142812839199876,False
1,2,12,60,30,0.015,0.006,10,0.0075,0.015,6358,33,12,0.11528782636049072,False
1,2,13,60,30,0.015,0.006,10,0.0075,0.015,6275,33,10,0.11697211155378485,False
1,2,14,60,30,0.015,0.006,10,0.0075,0.015,6178,45,15,0.11767562317902233,False
1,2,15,60,30,0.015,0.006,10,0.0075,0.015,6093,47,19,0.11931724930247825,False
1,2,16,60,30,0.015,0.006,10,0.0075,0.015,6007,47,11,0.12202430497752621,False
1,2,17,60,30,0.015,0.006,10,0.0075,0.015,5928,43,14,0.12483130904183536,False
1,2,18,60,30,0.015,0.006,10,0.0075,0.015,10849,47,24,0.06903862107106645,False
1,2,19,60,30,0.015,0.006,10,0.0075,0.015,10656,56,18,0.0708521021021021,False
1,2,20,60,30,0.015,0.006,10,0.0075,0.015,10430,60,16,0.0725790987535954,False
1,2,21,60,30,0.015,0.006,10,0.0075,0.015,10223,68,22,0.0744399882617627,False
1,2,22,60,30,0.015,0.006,10,0.0075,0.015,9956,82,29,0.07734029730815589,False
1,2,23,60,30,0.015,0.006,10,0.0075,0.015,9767,81,31,0.07924644210095219,False
1,2,24,60,30,0.015,0.006,10,0.0075,0.015,9507,76,24,0.08257073735142527,False
1,2,25,60,30,0.015,0.006,10,0.0075,0.015,9314,73,27,0.08557010951256173,False
1,2,26,60,30,0.015,0.006,10,0.0075,0.015,9117,74,23,0.0880772183832401,False
1,2,27,60,30,0.015,0.006,10,0.0075,0.015,8979,72,21,0.08954226528566656,False
1,2,28,60,30,0.015,0.006,10,0.0075,0.015,8788,76,26,0.09285389167045972,False
1,2,29,60,30,0.015,0.006,10,0.0075,0.015,8612,75,25,0.09614491407338598,False
1,2,30,60,30,0.015,0.006,10,0.0075,0.015,8464,70,32,0.0981805293005671,False
1,2,31,60,30,0.015,0.006,10,0.0075,0.015,8306,75,31,0.09992776306284613,False
1,2,32,60,30,0.015,0.006,10,0.0075,0.015,8134,63,25,0.10265552003934104,False
1,2,33,60,30,0.015,0.006,10,0.0075,0.015,7968,56,24,0.1051706827309237,False
1,2,34,60,30,0.015,0.006,10,0.0075,0.015,7774,52,21,0.10689477746333934,False
1,2,35,60,30,0.015,0.006,10,0.0075,0.015,7593,43,21,0.10970630844198603,False
1,2,36,60,30,0.015,0.006,10,0.0075,0.015,7465,41,22,0.11252511721366376,False
1,2,37,60,30,0.015,0.006,10,0.0075,0.015,7333,36,16,0.11468703122869221,False
1,2,38,60,30,0.015,0.006,10,0.0075,0.015,7241,29,17,0.11669658886894076,False
1,2,39,60,30,0.015,0.006,10,0.0075,0.015,7142,31,14,0.11635396247549706,False
1,2,40,60,30,0.015,0.006,10,0.0075,0.015,7056,25,10,0.11862244897959184,False
1,2,41,60,30,0.015,0.006,10,0.0075,0.015,7370,28,10,0.15006784260515604,False
1,2,42,60,30,0.015,0.006,10,0.0075,0.015,7312,25,7,0.1537199124726477,False
1,2,43,60,30,0.015,0.006,10,0.0075,0.015,7245,25,8,0.15458937198067632,False
1,2,44,60,30,0.015,0.006,10,0.0075,0.015,7208,21,9,0.16176470588235295,False
1,2,45,60,30,0.015,0.006,10,0.0075,0.015,7137,22,12,0.15945074961468403,False
1,2,46,60,30,0.015,0.006,10,0.0075,0.015,6881,20,6,0.1493968899869205,False
1,2,47,60,30,0.015,0.006,10,0.0075,0.015,6777,14,5,0.1494761693964881,False
1,2,48,60,30,0.015,0.006,10,0.0075,0.015,6715,14,6,0.15145197319434103,False
1,2,49,60,30,0.015,0.006,10,0.0075,0.015,6655,19,8,0.1544703230653644,False
1,2,50,60,30,0.015,0.006,10,0.0075,0.015,6583,19,6,0.15600789913413338,False
1,2,51,60,30,0.015,0.006,10,0.0075,0.015,6498,20,5,0.15866420437057557,False
1,2,52,60,30,0.015,0.006,10,0.0075,0.015,6465,26,8,0.1625676720804331,False
1,3,1,60,30,0.015,0.006,10,0.0075,0.015,6407,29,8,0.16294677696269705,False
1,3,2,60,30,0.015,0.006,10,0.0075,0.015,6350,33,11,0.16551181102362206,False
1,3,3,60,30,0.015,0.006,10,0.0075,0.015,6264,38,10,0.16794380587484037,False
1,3,4,60,30,0.015,0.006,10,0.0075,0.015,6191,40,11,0.1700856081408496,False
1,3,5,60,30,0.015,0.006,10,0.0075,0.015,6101,41,17,0.17144730372070152,False
1,3,6,60,30,0.015,0.006,10,0.0075,0.015,6034,40,21,0.1738481935697713,False
1,3,7,60,30,0.015,0.006,10,0.0075,0.015,5940,33,13,0.17373737373737375,False
1,3,8,60,30,0.015,0.006,10,0.0075,0.015,5873,24,7,0.17708155967989103,False
1,3,9,60,30,0.015,0.006,10,0.0075,0.015,5825,27,10,0.1778540772532189,False
1,3,10,60,30,0.015,0.006,10,0.0075,0.015,5765,28,9,0.18178664353859497,False
1,3,11,60,30,0.015,0.006,10,0.0075,0.015,5690,29,14,0.18383128295254833,False
1,3,12,60,30,0.015,0.006,10,0.0075,0.015,5624,32,11,0.18616642958748222,False
1,3,13,60,30,0.015,0.006,10,0.0075,0.015,5559,25,8,0.1874437848533909,False
1,3,14,60,30,0.015,0.006,10,0.0075,0.015,5483,26,10,0.18913003830020061,False
1,3,15,60,30,0.015,0.006,10,0.0075,0.015,5430,24,10,0.19060773480662985,False
1,3,16,60,30,0.015,0.006,10,0.0075,0.015,5362,24,14,0.19171950764640058,False
1,3,17,60,30,0.015,0.006,10,0.0075,0.015,5292,21,13,0.19293272864701436,False
1,3,18,60,30,0.015,0.006,10,0.0075,0.015,11608,16,8,0.08873190902825638,False
1,3,19,60,30,0.015,0.006,10,0.0075,0.015,11407,21,4,0.0905584290348032,False
1,3,20,60,30,0.015,0.006,10,0.0075,0.015,11186,22,3,0.09288396209547649,False
1,3,21,60,30,0.015,0.006,10,0.0075,0.015,10915,28,8,0.09573980760421438,False
1,3,22,60,30,0.015,0.006,10,0.0075,0.015,10681,32,11,0.09783728115345006,False
1,3,23,60,30,0.015,0.006,10,0.0075,0.015,10434,29,11,0.10024918535556833,False
1,3,24,60,30,0.015,0.006,10,0.0075,0.015,10228,28,10,0.10324599139616739,False
1,3,25,60,30,0.015,0.006,10,0.0075,0.015,9992,24,7,0.1049839871897518,False
1,3,26,60,30,0.015,0.006,10,0.0075,0.015,9776,27,10,0.10781505728314239,False
1,3,27,60,30,0.015,0.006,10,0.0075,0.015,9573,33,10,0.10905672203071137,False
1,3,28,60,30,0.015,0.006,10,0.0075,0.015,9328,41,10,0.11256432246998285,False
1,3,29,60,30,0.015,0.006,10,0.0075,0.015,9128,46,18,0.11470201577563541,False
1,3,30,60,30,0.015,0.006,10,0.0075,0.015,8933,52,20,0.11798947721929923,False
1,3,31,60,30,0.015,0.006,10,0.0075,0.015,8732,49,18,0.12070545121392579,False
1,3,32,60,30,0.015,0.006,10,0.0075,0.015,8521,44,21,0.12369440206548526,False
1,3,33,60,30,0.015,0.006,10,0.0075,0.015,8359,44,21,0.126211269290585,False
1,3,34,60,30,0.015,0.006,10,0.0075,0.015,8175,39,15,0.12856269113149846,False
1,3,35,60,30,0.015,0.006,10,0.0075,0.015,7981,33,11,0.13118656809923568,False
1,3,36,60,30,0.015,0.006,10,0.0075,0.015,7828,32,14,0.13170669391926418,False
1,3,37,60,30,0.015,0.006,10,0.0075,0.015,7699,30,15,0.13430315625405898,False
1,3,38,60,30,0.015,0.006,10,0.0075,0.015,7610,21,9,0.1369250985545335,False
1,3,39,60,30,0.015,0.006,10,0.0075,0.015,7517,21,11,0.13742184382067313,False
1,3,40,60,30,0.015,0.006,10,0.0075,0.015,7419,20,11,0.14045019544412993,False
1,3,41,60,30,0.015,0.006,10,0.0075,0.015,7807,24,12,0.16946330216472397,False
1,3,42,60,30,0.015,0.006,10,0.0075,0.015,7794,25,8,0.17449319989735695,False
1,3,43,60,30,0.015,0.006,10,0.0075,0.015,7727,21,5,0.17522971398990553,False
1,3,44,60,30,0.015,0.006,10,0.0075,0.015,7685,26,10,0.17878985035783995,False
1,3,45,60,30,0.015,0.006,10,0.0075,0.015,7640,34,11,0.181282722513089,False
1,3,46,60,30,0.015,0.006,10,0.0075,0.015,7314,38,9,0.16666666666666666,False
1,3,47,60,30,0.015,0.006,10,0.0075,0.015,7201,34,18,0.16511595611720595,False
1,3,48,60,30,0.015,0.006,10,0.0075,0.015,7133,46,18,0.16640964531052854,False
1,3,49,60,30,0.015,0.006,10,0.0075,0.015,7031,43,10,0.16981937135542596,False
1,3,50,60,30,0.015,0.006,10,0.0075,0.015,6978,47,15,0.17282889079965605,False
1,3,51,60,30,0.015,0.006,10,0.0075,0.015,6894,47,17,0.17551494052799535,False
1,3,52,60,30,0.015,0.006,10,0.0075,0.015,6813,47,15,0.17804197857038015,False
1,4,1,60,30,0.015,0.006,10,0.0075,0.015,6712,44,13,0.17893325387365913,False
1,4,2,60,30,0.015,0.006,10,0.0075,0.015,6627,47,19,0.1807756149087068,False
1,4,3,60,30,0.015,0.006,10,0.0075,0.015,6555,48,25,0.1826086956521739,False
1,4,4,60,30,0.015,0.006,10,0.0075,0.015,6480,41,22,0.18626543209876542,False
1,4,5,60,30,0.015,0.006,10,0.0075,0.015,6415,38,16,0.18830865159781762,False
1,4,6,60,30,0.015,0.006,10,0.0075,0.015,6331,34,11,0.19096509240246407,False
1,4,7,60,30,0.015,0.006,10,0.0075,0.015,6256,33,13,0.19245524296675193,False
1,4,8,60,30,0.015,0.006,10,0.0075,0.015,6182,37,11,0.1942736978324167,False
1,4,9,60,30,0.015,0.006,10,0.0075,0.015,6093,33,12,0.19629082553750204,False
1,4,10,60,30,0.015,0.006,10,0.0075,0.015,6020,33,18,0.19800664451827243,False
1,4,11,60,30,0.015,0.006,10,0.0075,0.015,5941,27,12,0.19929304830836558,False
1,4,12,60,30,0.015,0.006,10,0.0075,0.015,5872,24,10,0.19993188010899182,False
1,4,13,60,30,0.015,0.006,10,0.0075,0.015,5803,25,10,0.20024125452352232,False
1,4,14,60,30,0.015,0.006,10,0.0075,0.015,5728,20,7,0.20199022346368714,False
1,4,15,60,30,0.015,0.006,10,0.0075,0.015,5649,26,8,0.20322180916976457,False
1,4,16,60,30,0.015,0.006,10,0.0075,0.015,5569,25,9,0.2045250493804992,False
1,4,17,60,30,0.015,0.006,10,0.0075,0.015,5513,24,12,0.20623979684382368,False
1,4,18,60,30,0.015,0.006,10,0.0075,0.015,11351,24,11,0.0999911902035063,False
1,4,19,60,30,0.015,0.006,10,0.0075,0.015,11176,25,9,0.10272011453113815,False
1,4,20,60,30,0.015,0.006,10,0.0075,0.015,10942,33,9,0.1051910071284957,False
1,4,21,60,30,0.015,0.006,10,0.0075,0.015,10716,39,9,0.10703620754012691,False
1,4,22,60,30,0.015,0.006,10,0.0075,0.015,10466,41,13,0.10968851519205045,False
1,4,23,60,30,0.015,0.006,10,0.0075,0.015,10236,46,16,0.11273935130910512,False
1,4,24,60,30,0.015,0.006,10,0.0075,0.015,10024,42,16,0.11572226656025539,False
1,4,25,60,30,0.015,0.006,10,0.0075,0.015,9868,41,15,0.11765301986218078,False
1,4,26,60,30,0.015,0.006,10,0.0075,0.015,9625,46,18,0.12083116883116883,False
1,4,27,60,30,0.015,0.006,10,0.0075,0.015,9385,44,17,0.12424080980287693,False
1,4,28,60,30,0.015,0.006,10,0.0075,0.015,9154,46,10,0.12661131745684948,False
1,4,29,60,30,0.015,0.006,10,0.0075,0.015,9036,44,12,0.13069942452412572,False
1,4,30,60,30,0.015,0.006,10,0.0075,0.015,8846,51,20,0.13350666968121186,False
1,4,31,60,30,0.015,0.006,10,0.0075,0.015,8607,47,19,0.13791100267224352,False
1,4,32,60,30,0.015,0.006,10,0.0075,0.015,8402,45,16,0.141632944537015,False
1,4,33,60,30,0.015,0.006,10,0.0075,0.015,8259,47,18,0.14493280058118416,False
1,4,34,60,30,0.015,0.006,10,0.0075,0.015,8095,47,16,0.1481161210623842,False
1,4,35,60,30,0.015,0.006,10,0.0075,0.015,7950,41,17,0.15044025157232704,False
1,4,36,60,30,0.015,0.006,10,0.0075,0.015,7782,47,20,0.15278848625032126,False
1,4,37,60,30,0.015,0.006,10,0.0075,0.015,7631,39,14,0.1558118202070502,False
1,4,38,60,30,0.015,0.006,10,0.0075,0.015,7550,33,16,0.15721854304635763,False
1,4,39,60,30,0.015,0.006,10,0.0075,0.015,7460,38,21,0.15884718498659517,False
1,4,40,60,30,0.015,0.006,10,0.0075,0.015,7366,35,16,0.1608742872658159,False
1,4,41,60,30,0.015,0.006,10,0.0075,0.015,7728,38,15,0.19125258799171843,False
1,4,42,60,30,0.015,0.006,10,0.0075,0.015,7679,42,13,0.1972913139731736,False
1,4,43,60,30,0.015,0.006,10,0.0075,0.015,7610,46,17,0.19737187910643889,False
1,4,44,60,30,0.015,0.006,10,0.0075,0.015,7532,41,14,0.19649495485926713,False
1,4,45,60,30,0.015,0.006,10,0.0075,0.015,7417,33,17,0.1990022920318188,False
1,4,46,60,30,0.015,0.006,10,0.0075,0.015,7132,36,19,0.1873247335950645,False
1,4,47,60,30,0.015,0.006,10,0.0075,0.015,7035,34,10,0.18535891968727788,False
1,4,48,60,30,0.015,0.006,10,0.0075,0.015,6973,30,6,0.18844113007313926,False
1,4,49,60,30,0.015,0.006,10,0.0075,0.015,6874,35,9,0.18955484434099507,False
1,4,50,60,30,0.015,0.006,10,0.0075,0.015,6796,38,14,0.19084755738669806,False
1,4,51,60,30,0.015,0.006,10,0.0075,0.015,6719,36,12,0.19363000446495013,False
1,4,52,60,30,0.015,0.006,10,0.0075,0.015,6640,32,8,0.1960843373493976,False
1,5,1,60,30,0.015,0.006,10,0.0075,0.015,6587,40,15,0.2020646728404433,False
1,5,2,60,30,0.015,0.006,10,0.0075,0.015,6512,40,17,0.20500614250614252,False
1,5,3,60,30,0.015,0.006,10,0.0075,0.015,6447,37,13,0.20707305723592367,False
1,5,4,60,30,0.015,0.006,10,0.0075,0.015,6388,36,12,0.20929868503443957,False
1,5,5,60,30,0.015,0.006,10,0.0075,0.015,6327,40,13,0.21258100205468627,False
1,5,6,60,30,0.015,0.006,10,0.0075,0.015,6262,42,21,0.21382944746087512,False
1,5,7,60,30,0.015,0.006,10,0.0075,0.015,6174,36,17,0.2155814706835115,False
1,5,8,60,30,0.015,0.006,10,0.0075,0.015,6098,29,13,0.2172843555264021,False
1,5,9,60,30,0.015,0.006,10,0.0075,0.015,6032,27,12,0.21966180371352786,False
1,5,10,60,30,0.015,0.006,10,0.0075,0.015,5961,23,5,0.2221103841637309,False
1,5,11,60,30,0.015,0.006,10,0.0075,0.015,5909,21,4,0.22338805212387883,False
1,5,12,60,30,0.015,0.006,10,0.0075,0.015,5856,19,9,0.22643442622950818,False
1,5,13,60,30,0.015,0.006,10,0.0075,0.015,5787,23,12,0.22740625540003456,False
1,5,14,60,30,0.015,0.006,10,0.0075,0.015,5720,21,8,0.22937062937062938,False
1,5,15,60,30,0.015,0.006,10,0.0075,0.015,5633,20,6,0.230782886561335,False
1,5,16,60,30,0.015,0.006,10,0.0075,0.015,5584,17,8,0.2328080229226361,False
1,5,17,60,30,0.015,0.006,10,0.0075,0.015,5529,18,8,0.23313438234762163,False
1,5,18,60,30,0.015,0.006,10,0.0075,0.015,11810,19,5,0.10999153259949196,False
1,5,19,60,30,0.015,0.006,10,0.0075,0.015,11629,19,8,0.11247742712185055,False
1,5,20,60,30,0.015,0.006,10,0.0075,0.015,11340,37,9,0.11525573192239859,False
1,5,21,60,30,0.015,0.006,10,0.0075,0.015,11043,38,9,0.1193516254640949,False
1,5,22,60,30,0.015,0.006,10,0.0075,0.015,10763,51,15,0.12282820774876893,False
1,5,23,60,30,0.015,0.006,10,0.0075,0.015,10532,58,17,0.1258070641853399,False
1,5,24,60,30,0.015,0.006,10,0.0075,0.015,10317,56,17,0.12726567800717262,False
1,5,25,60,30,0.015,0.006,10,0.0075,0.015,10093,62,14,0.12890121866640245,False
1,5,26,60,30,0.015,0.006,10,0.0075,0.015,9862,64,22,0.13232610018251875,False
1,5,27,60,30,0.015,0.006,10,0.0075,0.015,9588,63,33,0.1357947434292866,False
1,5,28,60,30,0.015,0.006,10,0.0075,0.015,9360,60,25,0.13974358974358975,False
1,5,29,60,30,0.015,0.006,10,0.0075,0.015,9174,58,16,0.1419228253760628,False
1,5,30,60,30,0.015,0.006,10,0.0075,0.015,8999,64,16,0.14546060673408157,False
1,5,31,60,30,0.015,0.006,10,0.0075,0.015,8819,70,27,0.1487697017802472,False
1,5,32,60,30,0.015,0.006,10,0.0075,0.015,8599,76,27,0.15211071054773811,False
1,5,33,60,30,0.015,0.006,10,0.0075,0.015,8409,59,21,0.15638006897371864,False
1,5,34,60,30,0.015,0.006,10,0.0075,0.015,8209,61,26,0.15982458277500305,False
1,5,35,60,30,0.015,0.006,10,0.0075,0.015,7979,54,24,0.16367965910515103,False
1,5,36,60,30,0.015,0.006,10,0.0075,0.015,7809,46,18,0.16647458061211423,False
1,5,37,60,30,0.015,0.006,10,0.0075,0.015,7653,44,19,0.16999869332287992,False
1,5,38,60,30,0.015,0.006,10,0.0075,0.015,7552,44,23,0.17253707627118645,False
1,5,39,60,30,0.015,0.006,10,0.0075,0.015,7453,41,21,0.1761706695290487,False
1,5,40,60,30,0.015,0.006,10,0.0075,0.015,7358,35,13,0.17830932318564827,False
1,5,41,60,30,0.015,0.006,10,0.0075,0.015,7718,35,13,0.2071780253951801,False
1,5,42,60,30,0.015,0.006,10,0.0075,0.015,7641,39,14,0.21005104043973302,False
1,5,43,60,30,0.015,0.006,10,0.0075,0.015,7580,43,17,0.21451187335092348,False
1,5,44,60,30,0.015,0.006,10,0.0075,0.015,7554,39,22,0.21869208366428383,False
1,5,45,60,30,0.015,0.006,10,0.0075,0.015,7483,41,15,0.21876252839770147,False
1,5,46,60,30,0.015,0.006,10,0.0075,0.015,7170,33,8,0.20585774058577405,False
1,5,47,60,30,0.015,0.006,10,0.0075,0.015,7075,34,14,0.20565371024734982,False
1,5,48,60,30,0.015,0.006,10,0.0075,0.015,6969,38,12,0.20648586597790214,False
1,5,49,60,30,0.015,0.006,10,0.0075,0.015,6858,37,10,0.20764071157771946,False
1,5,50,60,30,0.015,0.006,10,0.0075,0.015,6792,35,17,0.20862779740871615,False
1,5,51,60,30,0.015,0.006,10,0.0075,0.015,6715,46,21,0.21131794489947878,False
1,5,52,60,30,0.015,0.006,10,0.0075,0.015,6643,42,15,0.21421044708715942,False
1,6,1,60,30,0.015,0.006,10,0.0075,0.015,6572,44,10,0.21606816798539258,False
1,6,2,60,30,0.015,0.006,10,0.0075,0.015,6487,43,16,0.2182827192847233,False
1,6,3,60,30,0.015,0.006,10,0.0075,0.015,6426,44,18,0.22113289760348584,False
1,6,4,60,30,0.015,0.006,10,0.0075,0.015,6362,37,13,0.22257151839044326,False
1,6,5,60,30,0.015,0.006,10,0.0075,0.015,6295,33,16,0.22525814138204925,False
1,6,6,60,30,0.015,0.006,10,0.0075,0.015,6226,35,15,0.2283970446514616,False
1,6,7,60,30,0.015,0.006,10,0.0075,0.015,6144,30,9,0.22998046875,False
1,6,8,60,30,0.015,0.006,10,0.0075,0.015,6062,28,10,0.23160673045199603,False
1,6,9,60,30,0.015,0.006,10,0.0075,0.015,6003,32,12,0.23421622522072297,False
1,6,10,60,30,0.015,0.006,10,0.0075,0.015,5926,32,13,0.23692203847451906,False
1,6,11,60,30,0.015,0.006,10,0.0075,0.015,5861,31,14,0.24040266166183244,False
1,6,12,60,30,0.015,0.006,10,0.0075,0.015,5776,25,12,0.24307479224376732,False
1,6,13,60,30,0.015,0.006,10,0.0075,0.015,5709,23,11,0.24750394114555965,False
1,6,14,60,30,0.015,0.006,10,0.0075,0.015,5636,22,11,0.25,False
1,6,15,60,30,0.015,0.006,10,0.0075,0.015,5560,23,8,0.25341726618705035,False
1,6,16,60,30,0.015,0.006,10,0.0075,0.015,5509,24,5,0.2554002541296061,False
1,6,17,60,30,0.015,0.006,10,0.0075,0.015,5450,22,7,0.2561467889908257,False
1,6,18,60,30,0.015,0.006,10,0.0075,0.015,11460,20,13,0.1225130890052356,False
1,6,19,60,30,0.015,0.006,10,0.0075,0.015,11291,27,11,0.12452395713400054,False
1,6,20,60,30,0.015,0.006,10,0.0075,0.015,11003,26,4,0.12732891029719168,False
1,6,21,60,30,0.015,0.006,10,0.0075,0.015,10744,25,6,0.13086373790022338,False
1,6,22,60,30,0.015,0.006,10,0.0075,0.015,10556,31,10,0.13309965896172793,False
1,6,23,60,30,0.015,0.006,10,0.0075,0.015,10370,35,12,0.13529411764705881,False
1,6,24,60,30,0.015,0.006,10,0.0075,0.015,10198,43,10,0.13698764463620317,False
1,6,25,60,30,0.015,0.006,10,0.0075,0.015,9943,39,15,0.1393945489288947,False
1,6,26,60,30,0.015,0.006,10,0.0075,0.015,9715,50,23,0.1409161091096243,False
1,6,27,60,30,0.015,0.006,10,0.0075,0.015,9508,44,18,0.1447202355910812,False
1,6,28,60,30,0.015,0.006,10,0.0075,0.015,9338,47,16,0.1469265367316342,False
1,6,29,60,30,0.015,0.006,10,0.0075,0.015,9125,45,19,0.14980821917808218,False
1,6,30,60,30,0.015,0.006,10,0.0075,0.015,8918,52,20,0.15261269342901995,False
1,6,31,60,30,0.015,0.006,10,0.0075,0.015,8710,51,15,0.15533869115958668,False
1,6,32,60,30,0.015,0.006,10,0.0075,0.015,8495,48,19,0.15821071218363744,False
1,6,33,60,30,0.015,0.006,10,0.0075,0.015,8340,45,18,0.1605515587529976,False
1,6,34,60,30,0.015,0.006,10,0.0075,0.015,8187,35,19,0.16269695859289116,False
1,6,35,60,30,0.015,0.006,10,0.0075,0.015,8009,46,18,0.164689724060432,False
1,6,36,60,30,0.015,0.006,10,0.0075,0.015,7820,38,8,0.16828644501278772,False
1,6,37,60,30,0.015,0.006,10,0.0075,0.015,7684,35,6,0.16996356064549714,False
1,6,38,60,30,0.015,0.006,10,0.0075,0.015,7589,34,10,0.17222295427592568,False
1,6,39,60,30,0.015,0.006,10,0.0075,0.015,7490,41,18,0.1746328437917223,False
1,6,40,60,30,0.015,0.006,10,0.0075,0.015,7403,42,17,0.1770903687694178,False
1,6,41,60,30,0.015,0.006,10,0.0075,0.015,7755,36,11,0.2041263700838169,False
1,6,42,60,30,0.015,0.006,10,0.0075,0.015,7711,31,11,0.20723641551030994,False
1,6,43,60,30,0.015,0.006,10,0.0075,0.015,7673,30,14,0.20956601068682393,False
1,6,44,60,30,0.015,0.006,10,0.0075,0.015,7589,29,15,0.21030438792989853,False
1,6,45,60,30,0.015,0.006,10,0.0075,0.015,7526,25,11,0.2103374966781823,False
1,6,46,60,30,0.015,0.006,10,0.0075,0.015,7232,21,10,0.19676438053097345,False
1,6,47,60,30,0.015,0.006,10,0.0075,0.015,7119,23,8,0.1958140188228684,False
1,6,48,60,30,0.015,0.006,10,0.0075,0.015,7053,18,6,0.19835530979724939,False
1,6,49,60,30,0.015,0.006,10,0.0075,0.015,6973,20,9,0.20034418471246235,False
1,6,50,60,30,0.015,0.006,10,0.0075,0.015,6888,20,8,0.2028164924506388,False
1,6,51,60,30,0.015,0.006,10,0.0075,0.015,6807,18,4,0.20449537241075363,False
1,6,52,60,30,0.015,0.006,10,0.0075,0.015,6720,15,10,0.20669642857142856,False
1,7,1,60,30,0.015,0.006,10,0.0075,0.015,6623,24,9,0.20745885550354823,False
1,7,2,60,30,0.015,0.006,10,0.0075,0.015,6549,14,3,0.20934493815849747,False
1,7,3,60,30,0.015,0.006,10,0.0075,0.015,6463,21,4,0.21166640878848833,False
1,7,4,60,30,0.015,0.006,10,0.0075,0.015,6395,19,5,0.21376075058639563,False
1,7,5,60,30,0.015,0.006,10,0.0075,0.015,6337,25,8,0.21555941297143758,False
1,7,6,60,30,0.015,0.006,10,0.0075,0.015,6260,25,9,0.2169329073482428,False
1,7,7,60,30,0.015,0.006,10,0.0075,0.015,6191,27,9,0.21789694718139235,False
1,7,8,60,30,0.015,0.006,10,0.0075,0.015,6121,27,8,0.22022545335729457,False
1,7,9,60,30,0.015,0.006,10,0.0075,0.015,6046,28,7,0.22146873966258684,False
1,7,10,60,30,0.015,0.006,10,0.0075,0.015,5979,28,8,0.22328148519819369,False
1,7,11,60,30,0.015,0.006,10,0.0075,0.015,5914,29,11,0.22590463307406156,False
1,7,12,60,30,0.015,0.006,10,0.0075,0.015,5847,27,13,0.2288353001539251,False
1,7,13,60,30,0.015,0.006,10,0.0075,0.015,5767,27,16,0.22940870469915034,False
1,7,14,60,30,0.015,0.006,10,0.0075,0.015,5705,23,10,0.23242769500438212,False
1,7,15,60,30,0.015,0.006,10,0.0075,0.015,5630,16,7,0.2344582593250444,False
1,7,16,60,30,0.015,0.006,10,0.0075,0.015,5572,19,9,0.23510409188801148,False
1,7,17,60,30,0.015,0.006,10,0.0075,0.015,5504,20,7,0.23782703488372092,False
1,7,18,60,30,0.015,0.006,10,0.0075,0.015,11598,18,10,0.11424383514399035,False
1,7,19,60,30,0.015,0.006,10,0.0075,0.015,11422,26,11,0.11687970583085273,False
1,7,20,60,30,0.015,0.006,10,0.0075,0.015,11209,23,6,0.11990364885359979,False
1,7,21,60,30,0.015,0.006,10,0.0075,0.015,10966,23,6,0.12329016961517418,False
1,7,22,60,30,0.015,0.006,10,0.0075,0.015,10772,30,6,0.1246750835499443,False
1,7,23,60,30,0.015,0.006,10,0.0075,0.015,10570,27,8,0.12705771050141912,False
1,7,24,60,30,0.015,0.006,10,0.0075,0.015,10363,33,15,0.12892019685419281,False
1,7,25,60,30,0.015,0.006,10,0.0075,0.015,10139,36,15,0.1320643061445902,False
1,7,26,60,30,0.015,0.006,10,0.0075,0.015,9945,35,13,0.1347410759175465,False
1,7,27,60,30,0.015,0.006,10,0.0075,0.015,9736,36,12,0.13917419884963023,False
1,7,28,60,30,0.015,0.006,10,0.0075,0.015,9548,35,12,0.1430666108085463,False
1,7,29,60,30,0.015,0.006,10,0.0075,0.015,9347,34,11,0.1459291751364074,False
1,7,30,60,30,0.015,0.006,10,0.0075,0.015,9165,28,13,0.14871794871794872,False
1,7,31,60,30,0.015,0.006,10,0.0075,0.015,8975,27,18,0.1513091922005571,False
1,7,32,60,30,0.015,0.006,10,0.0075,0.015,8785,27,12,0.15424018212862833,False
1,7,33,60,30,0.015,0.006,10,0.0075,0.015,8587,23,9,0.15721439385117036,False
1,7,34,60,30,0.015,0.006,10,0.0075,0.015,8353,24,8,0.15982281814916796,False
1,7,35,60,30,0.015,0.006,10,0.0075,0.015,8152,25,10,0.16290480863591755,False
1,7,36,60,30,0.015,0.006,10,0.0075,0.015,7949,29,10,0.16555541577556926,False
1,7,37,60,30,0.015,0.006,10,0.0075,0.015,7778,28,10,0.16803805605554126,False
1,7,38,60,30,0.015,0.006,10,0.0075,0.015,7673,30,14,0.16916460315391632,False
1,7,39,60,30,0.015,0.006,10,0.0075,0.015,7583,25,15,0.17196360279572728,False
1,7,40,60,30,0.015,0.006,10,0.0075,0.015,7495,25,11,0.17478318879252835,False
1,7,41,60,30,0.015,0.006,10,0.0075,0.015,7842,23,6,0.20428462127008415,False
1,7,42,60,30,0.015,0.006,10,0.0075,0.015,7811,22,5,0.20496735373191652,False
1,7,43,60,30,0.015,0.006,10,0.0075,0.015,7752,27,6,0.20923632610939114,False
1,7,44,60,30,0.015,0.006,10,0.0075,0.015,7697,27,7,0.21060153306483045,False
1,7,45,60,30,0.015,0.006,10,0.0075,0.015,7618,28,12,0.2098976109215017,False
1,7,46,60,30,0.015,0.006,10,0.0075,0.015,7299,34,12,0.19756130976846142,False
1,7,47,60,30,0.015,0.006,10,0.0075,0.015,7229,34,10,0.19490939272375155,False
1,7,48,60,30,0.015,0.006,10,0.0075,0.015,7156,34,11,0.19494130799329235,False
1,7,49,60,30,0.015,0.006,10,0.0075,0.015,7095,34,17,0.1967582804792107,False
1,7,50,60,30,0.015,0.006,10,0.0075,0.015,7021,34,15,0.1992593647628543,False
1,7,51,60,30,0.015,0.006,10,0.0075,0.015,6920,27,13,0.20202312138728323,False
1,7,52,60,30,0.015,0.006,10,0.0075,0.015,6847,34,15,0.203884913100628,False
1,8,1,60,30,0.015,0.006,10,0.0075,0.015,6750,41,11,0.204,False
1,8,2,60,30,0.015,0.006,10,0.0075,0.015,6671,42,13,0.20701543996402338,False
1,8,3,60,30,0.015,0.006,10,0.0075,0.015,6586,53,16,0.20968721530519283,False
1,8,4,60,30,0.015,0.006,10,0.0075,0.015,6516,47,15,0.21193984039287905,False
1,8,5,60,30,0.015,0.006,10,0.0075,0.015,6428,45,24,0.21375233354075918,False
1,8,6,60,30,0.015,0.006,10,0.0075,0.015,6371,48,22,0.2164495369643698,False
1,8,7,60,30,0.015,0.006,10,0.0075,0.015,6306,36,14,0.219790675547098,False
1,8,8,60,30,0.015,0.006,10,0.0075,0.015,6220,40,15,0.2212218649517685,False
1,8,9,60,30,0.015,0.006,10,0.0075,0.015,6143,38,19,0.22155298713983396,False
1,8,10,60,30,0.015,0.006,10,0.0075,0.015,6086,39,17,0.22329937561616825,False
1,8,11,60,30,0.015,0.006,10,0.0075,0.015,6014,32,13,0.22497505819753907,False
1,8,12,60,30,0.015,0.006,10,0.0075,0.015,5939,30,15,0.22646910254251557,False
1,8,13,60,30,0.015,0.006,10,0.0075,0.015,5879,28,13,0.22878040483075354,False
1,8,14,60,30,0.015,0.006,10,0.0075,0.015,5816,27,13,0.23194635488308116,False
1,8,15,60,30,0.015,0.006,10,0.0075,0.015,5733,29,12,0.23356009070294784,False
1,8,16,60,30,0.015,0.006,10,0.0075,0.015,5680,26,8,0.23644366197183098,False
1,8,17,60,30,0.015,0.006,10,0.0075,0.015,5622,23,12,0.23888295980078264,False
1,8,18,60,30,0.015,0.006,10,0.0075,0.015,11825,26,13,0.11458773784355179,False
1,8,19,60,30,0.015,0.006,10,0.0075,0.015,11634,20,6,0.11646897025958398,False
1,8,20,60,30,0.015,0.006,10,0.0075,0.015,11397,19,5,0.11889093621128367,False
1,8,21,60,30,0.015,0.006,10,0.0075,0.015,11122,29,6,0.1214709584607085,False
1,8,22,60,30,0.015,0.006,10,0.0075,0.015,10885,36,12,0.12282958199356914,False
1,8,23,60,30,0.015,0.006,10,0.0075,0.015,10604,43,15,0.12580158430780838,False
1,8,24,60,30,0.015,0.006,10,0.0075,0.015,10378,44,10,0.12834842936982077,False
1,8,25,60,30,0.015,0.006,10,0.0075,0.015,10155,45,9,0.1325455440669621,False
1,8,26,60,30,0.015,0.006,10,0.0075,0.015,9939,54,15,0.13582855418050105,False
1,8,27,60,30,0.015,0.006,10,0.0075,0.015,9723,63,18,0.13894888408927286,False
1,8,28,60,30,0.015,0.006,10,0.0075,0.015,9522,65,23,0.14177693761814744,False
1,8,29,60,30,0.015,0.006,10,0.0075,0.015,9327,67,25,0.14549158357456846,False
1,8,30,60,30,0.015,0.006,10,0.0075,0.015,9140,70,25,0.14857768052516412,False
1,8,31,60,30,0.015,0.006,10,0.0075,0.015,8914,77,26,0.15133497868521428,False
1,8,32,60,30,0.015,0.006,10,0.0075,0.015,8732,70,28,0.1539166284928997,False
1,8,33,60,30,0.015,0.006,10,0.0075,0.015,8508,81,29,0.1566760695815703,False
1,8,34,60,30,0.015,0.006,10,0.0075,0.015,8333,72,28,0.15984639385575422,False
1,8,35,60,30,0.015,0.006,10,0.0075,0.015,8161,76,34,0.16333782624678347,False
1,8,36,60,30,0.015,0.006,10,0.0075,0.015,7988,71,36,0.16599899849774663,False
1,8,37,60,30,0.015,0.006,10,0.0075,0.015,7835,68,23,0.16821952776005106,False
1,8,38,60,30,0.015,0.006,10,0.0075,0.015,7730,68,21,0.17141009055627426,False
1,8,39,60,30,0.015,0.006,10,0.0075,0.015,7640,83,31,0.17342931937172776,False
1,8,40,60,30,0.015,0.006,10,0.0075,0.015,7545,92,28,0.17693836978131214,False
1,8,41,60,30,0.015,0.006,10,0.0075,0.015,7939,90,36,0.20985010706638116,False
1,8,42,60,30,0.015,0.006,10,0.0075,0.015,7869,95,45,0.2137501588511882,False
1,8,43,60,30,0.015,0.006,10,0.0075,0.015,7819,85,42,0.21332651234173167,False
1,8,44,60,30,0.015,0.006,10,0.0075,0.015,7692,92,35,0.21450858034321374,False
1,8,45,60,30,0.015,0.006,10,0.0075,0.015,7647,83,27,0.21786321433241795,False
1,8,46,60,30,0.015,0.006,10,0.0075,0.015,7318,78,28,0.20347089368679966,False
1,8,47,60,30,0.015,0.006,10,0.0075,0.015,7188,77,30,0.2035336672231497,False
1,8,48,60,30,0.015,0.006,10,0.0075,0.015,7087,75,30,0.20290673063355438,False
1,8,49,60,30,0.015,0.006,10,0.0075,0.015,6965,70,28,0.20258435032304378,False
1,8,50,60,30,0.015,0.006,10,0.0075,0.015,6860,70,27,0.2045189504373178,False
1,8,51,60,30,0.015,0.006,10,0.0075,0.015,6770,78,30,0.20546528803545053,False
1,8,52,60,30,0.015,0.006,10,0.0075,0.015,6682,77,27,0.20832086201736008,False
1,9,1,60,30,0.015,0.006,10,0.0075,0.015,6597,75,28,0.2100954979536153,False
1,9,2,60,30,0.015,0.006,10,0.0075,0.015,6511,87,36,0.21271694056212564,False
1,9,3,60,30,0.015,0.006,10,0.0075,0.015,6422,85,35,0.21519775770787916,False
1,9,4,60,30,0.015,0.006,10,0.0075,0.015,6324,79,27,0.21726755218216318,False
1,9,5,60,30,0.015,0.006,10,0.0075,0.015,6236,73,30,0.21856959589480437,False
1,9,6,60,30,0.015,0.006,10,0.0075,0.015,6161,70,37,0.21944489530920305,False
1,9,7,60,30,0.015,0.006,10,0.0075,0.015,6063,66,35,0.22167243938644235,False
1,9,8,60,30,0.015,0.006,10,0.0075,0.015,5983,61,27,0.22480361022898213,False
1,9,9,60,30,0.015,0.006,10,0.0075,0.015,5914,54,16,0.22844098748731823,False
1,9,10,60,30,0.015,0.006,10,0.0075,0.015,5839,52,16,0.23051892447336872,False
1,9,11,60,30,0.015,0.006,10,0.0075,0.015,5770,61,22,0.23379549393414212,False
1,9,12,60,30,0.015,0.006,10,0.0075,0.015,5696,56,25,0.23525280898876405,False
1,9,13,60,30,0.015,0.006,10,0.0075,0.015,5622,55,27,0.23852721451440767,False
1,9,14,60,30,0.015,0.006,10,0.0075,0.015,5537,47,15,0.2411052916741918,False
1,9,15,60,30,0.015,0.006,10,0.0075,0.015,5466,38,14,0.24259055982436883,False
1,9,16,60,30,0.015,0.006,10,0.0075,0.015,5410,46,22,0.24380776340110905,False
1,9,17,60,30,0.015,0.006,10,0.0075,0.015,5357,47,23,0.2465932424864663,False
1,9,18,60,30,0.015,0.006,10,0.0075,0.015,10715,45,16,0.11516565562295847,False
1,9,19,60,30,0.015,0.006,10,0.0075,0.015,10509,43,8,0.11751831763250548,False
1,9,20,60,30,0.015,0.006,10,0.0075,0.015,10282,55,13,0.12079361991830383,False
1,9,21,60,30,0.015,0.006,10,0.0075,0.015,10070,62,18,0.12333664349553128,False
1,9,22,60,30,0.015,0.006,10,0.0075,0.015,9815,66,24,0.12603158430973,False
1,9,23,60,30,0.015,0.006,10,0.0075,0.015,9635,71,26,0.1288012454592631,False
1,9,24,60,30,0.015,0.006,10,0.0075,0.015,9463,72,23,0.13198774173095212,False
1,9,25,60,30,0.015,0.006,10,0.0075,0.015,9274,85,25,0.1347854216087988,False
1,9,26,60,30,0.015,0.006,10,0.0075,0.015,9044,93,31,0.13821318000884564,False
1,9,27,60,30,0.015,0.006,10,0.0075,0.015,8865,83,36,0.14066553863508177,False
1,9,28,60,30,0.015,0.006,10,0.0075,0.015,8687,90,29,0.14366294462990675,False
1,9,29,60,30,0.015,0.006,10,0.0075,0.015,8484,70,27,0.14792550683639794,False
1,9,30,60,30,0.015,0.006,10,0.0075,0.015,8332,81,31,0.15074411905904944,False
1,9,31,60,30,0.015,0.006,10,0.0075,0.015,8157,69,30,0.15361039597891382,False
1,9,32,60,30,0.015,0.006,10,0.0075,0.015,8001,70,29,0.15598050243719536,False
1,9,33,60,30,0.015,0.006,10,0.0075,0.015,7847,65,23,0.15865936026506947,False
1,9,34,60,30,0.015,0.006,10,0.0075,0.015,7703,58,23,0.16188497987796963,False
1,9,35,60,30,0.015,0.006,10,0.0075,0.015,7518,58,20,0.16546953977121576,False
1,9,36,60,30,0.015,0.006,10,0.0075,0.015,7330,53,22,0.16875852660300136,False
1,9,37,60,30,0.015,0.006,10,0.0075,0.015,7226,57,26,0.17174093551065597,False
1,9,38,60,30,0.015,0.006,10,0.0075,0.015,7134,51,21,0.1736753574432296,False
1,9,39,60,30,0.015,0.006,10,0.0075,0.015,7045,53,20,0.17530163236337828,False
1,9,40,60,30,0.015,0.006,10,0.0075,0.015,6936,51,14,0.1777681660899654,False
1,9,41,60,30,0.015,0.006,10,0.0075,0.015,7384,50,13,0.21275731310942578,False
1,9,42,60,30,0.015,0.006,10,0.0075,0.015,7396,48,19,0.21795565170362358,False
1,9,43,60,30,0.015,0.006,10,0.0075,0.015,7351,48,19,0.22160250306080806,False
1,9,44,60,30,0.015,0.006,10,0.0075,0.015,7270,45,22,0.22255845942228336,False
1,9,45,60,30,0.015,0.006,10,0.0075,0.015,7176,48,20,0.22408026755852842,False
1,9,46,60,30,0.015,0.006,10,0.0075,0.015,6836,37,14,0.21035693387946167,False
1,9,47,60,30,0.015,0.006,10,0.0075,0.015,6748,44,17,0.20998814463544754,False
1,9,48,60,30,0.015,0.006,10,0.0075,0.015,6635,39,19,0.20964581763376036,False
1,9,49,60,30,0.015,0.006,10,0.0075,0.015,6541,40,18,0.20853080568720378,False
1,9,50,60,30,0.015,0.006,10,0.0075,0.015,6453,36,12,0.20935998760266541,False
1,9,51,60,30,0.015,0.006,10,0.0075,0.015,6367,32,15,0.20967488613161614,False
1,9,52,60,30,0.015,0.006,10,0.0075,0.015,6311,32,16,0.21216922833148472,False
1,10,1,60,30,0.015,0.006,10,0.0075,0.015,6231,30,9,0.21441181190820094,False
1,10,2,60,30,0.015,0.006,10,0.0075,0.015,6140,26,11,0.21514657980456026,False
1,10,3,60,30,0.015,0.006,10,0.0075,0.015,6051,29,15,0.21847628491158486,False
1,10,4,60,30,0.015,0.006,10,0.0075,0.015,5970,27,12,0.22110552763819097,False
1,10,5,60,30,0.015,0.006,10,0.0075,0.015,5898,28,7,0.22329603255340794,False
1,10,6,60,30,0.015,0.006,10,0.0075,0.015,5828,26,6,0.22409059711736445,False
1,10,7,60,30,0.015,0.006,10,0.0075,0.015,5765,24,16,0.22601908065915005,False
1,10,8,60,30,0.015,0.006,10,0.0075,0.015,5699,25,15,0.22775925600982627,False
1,10,9,60,30,0.015,0.006,10,0.0075,0.015,5637,17,6,0.23061912364733014,False
1,10,10,60,30,0.015,0.006,10,0.0075,0.015,5576,17,6,0.23206599713055953,False
1,10,11,60,30,0.015,0.006,10,0.0075,0.015,5525,16,7,0.23601809954751132,False
1,10,12,60,30,0.015,0.006,10,0.0075,0.015,5467,19,6,0.23760746295957563,False
1,10,13,60,30,0.015,0.006,10,0.0075,0.015,5396,16,5,0.23943661971830985,False
1,10,14,60,30,0.015,0.006,10,0.0075,0.015,5326,18,8,0.24202027788208788,False
1,10,15,60,30,0.015,0.006,10,0.0075,0.015,5265,17,6,0.243684710351377,False
1,10,16,60,30,0.015,0.006,10,0.0075,0.015,5207,14,3,0.24678317649318227,False
1,10,17,60,30,0.015,0.006,10,0.0075,0.015,5143,14,6,0.2504374878475598,False
1,10,18,60,30,0.015,0.006,10,0.0075,0.015,10691,10,7,0.11720138434196987,False
1,10,19,60,30,0.015,0.006,10,0.0075,0.015,10539,12,4,0.11889173545877219,False
1,10,20,60,30,0.015,0.006,10,0.0075,0.015,10324,12,2,0.12078651685393259,False
1,10,21,60,30,0.015,0.006,10,0.0075,0.015,10144,14,3,0.12352129337539432,False
1,10,22,60,30,0.015,0.006,10,0.0075,0.015,9908,18,5,0.12616067823980623,False
1,10,23,60,30,0.015,0.006,10,0.0075,0.015,9744,22,6,0.12920771756978652,False
1,10,24,60,30,0.015,0.006,10,0.0075,0.015,9571,27,9,0.13143872113676733,False
1,10,25,60,30,0.015,0.006,10,0.0075,0.015,9403,30,10,0.13421248537700733,False
1,10,26,60,30,0.015,0.006,10,0.0075,0.015,9264,27,9,0.13730569948186527,False
1,10,27,60,30,0.015,0.006,10,0.0075,0.015,9131,34,8,0.13963421312014018,False
1,10,28,60,30,0.015,0.006,10,0.0075,0.015,8968,32,13,0.1429527207850134,False
1,10,29,60,30,0.015,0.006,10,0.0075,0.015,8789,42,16,0.1455228126066674,False
1,10,30,60,30,0.015,0.006,10,0.0075,0.015,8582,35,13,0.1489163365182941,False
1,10,31,60,30,0.015,0.006,10,0.0075,0.015,8420,32,16,0.15296912114014252,False
1,10,32,60,30,0.015,0.006,10,0.0075,0.015,8253,32,16,0.15497394886707863,False
1,10,33,60,30,0.015,0.006,10,0.0075,0.015,8124,26,11,0.15805022156573117,False
1,10,34,60,30,0.015,0.006,10,0.0075,0.015,7968,24,12,0.16076807228915663,False
1,10,35,60,30,0.015,0.006,10,0.0075,0.015,7814,20,11,0.1643204504735091,False
1,10,36,60,30,0.015,0.006,10,0.0075,0.015,7610,22,10,0.16741130091984233,False
1,10,37,60,30,0.015,0.006,10,0.0075,0.015,7475,20,5,0.16936454849498328,False
1,10,38,60,30,0.015,0.006,10,0.0075,0.015,7387,19,5,0.17232976851225126,False
1,10,39,60,30,0.015,0.006,10,0.0075,0.015,7296,21,7,0.17489035087719298,False
1,10,40,60,30,0.015,0.006,10,0.0075,0.015,7202,23,8,0.17675645653985003,False
1,10,41,60,30,0.015,0.006,10,0.0075,0.015,7741,25,10,0.2168970417258752,False
1,10,42,60,30,0.015,0.006,10,0.0075,0.015,7677,26,8,0.21805392731535755,False
1,10,43,60,30,0.015,0.006,10,0.0075,0.015,7638,22,6,0.22126211050013092,False
1,10,44,60,30,0.015,0.006,10,0.0075,0.015,7539,20,9,0.22549409736039264,False
1,10,45,60,30,0.015,0.006,10,0.0075,0.015,7456,20,9,0.22800429184549356,False
1,10,46,60,30,0.015,0.006,10,0.0075,0.015,7069,20,7,0.20681850332437401,False
1,10,47,60,30,0.015,0.006,10,0.0075,0.015,6945,23,8,0.2043196544276458,False
1,10,48,60,30,0.015,0.006,10,0.0075,0.015,6886,24,8,0.2066511762997386,False
1,10,49,60,30,0.015,0.006,10,0.0075,0.015,6777,22,9,0.20554817765973143,False
1,10,50,60,30,0.015,0.006,10,0.0075,0.015,6694,30,9,0.20794741559605617,False
1,10,51,60,30,0.015,0.006,10,0.0075,0.015,6609,27,4,0.20956271750643063,False
1,10,52,60,30,0.015,0.006,10,0.0075,0.015,6519,25,10,0.2126092959042798,False
1,11,1,60,30,0.015,0.006,10,0.0075,0.015,6450,32,14,0.21395348837209302,False
1,11,2,60,30,0.015,0.006,10,0.0075,0.015,6379,31,10,0.21586455557297382,False
1,11,3,60,30,0.015,0.006,10,0.0075,0.015,6305,31,10,0.21887390959555908,False
1,11,4,60,30,0.015,0.006,10,0.0075,0.015,6229,36,15,0.21961791619842672,False
1,11,5,60,30,0.015,0.006,10,0.0075,0.015,6163,39,17,0.22310563037481745,False
1,11,6,60,30,0.015,0.006,10,0.0075,0.015,6081,38,11,0.22397631968426246,False
1,11,7,60,30,0.015,0.006,10,0.0075,0.015,6008,37,10,0.22619840213049267,False
1,11,8,60,30,0.015,0.006,10,0.0075,0.015,5954,42,14,0.22791400738998993,False
1,11,9,60,30,0.015,0.006,10,0.0075,0.015,5871,42,14,0.22960313404871402,False
1,11,10,60,30,0.015,0.006,10,0.0075,0.015,5806,36,18,0.2320013778849466,False
1,11,11,60,30,0.015,0.006,10,0.0075,0.015,5726,32,15,0.23384561648620328,False
1,11,12,60,30,0.015,0.006,10,0.0075,0.015,5661,22,12,0.23564741211800036,False
1,11,13,60,30,0.015,0.006,10,0.0075,0.015,5607,19,11,0.23720349563046192,False
1,11,14,60,30,0.015,0.006,10,0.0075,0.015,5538,15,7,0.2387143373058866,False
1,11,15,60,30,0.015,0.006,10,0.0075,0.015,5474,12,7,0.24077457069784436,False
1,11,16,60,30,0.015,0.006,10,0.0075,0.015,5404,12,6,0.24167283493708364,False
1,11,17,60,30,0.015,0.006,10,0.0075,0.015,5350,7,3,0.24392523364485982,False
1,11,18,60,30,0.015,0.006,10,0.0075,0.015,10852,6,2,0.11444894950239587,False
1,11,19,60,30,0.015,0.006,10,0.0075,0.015,10712,5,3,0.11781179985063481,False
1,11,20,60,30,0.015,0.006,10,0.0075,0.015,10513,6,2,0.11985161228954627,False
1,11,21,60,30,0.015,0.006,10,0.0075,0.015,10297,4,0,0.12285131591725745,False
1,11,22,60,30,0.015,0.006,10,0.0075,0.015,10098,4,0,0.12616359675183206,False
1,11,23,60,30,0.015,0.006,10,0.0075,0.015,9918,4,2,0.12875579753982658,False
1,11,24,60,30,0.015,0.006,10,0.0075,0.015,9749,10,2,0.13129551748897322,False
1,11,25,60,30,0.015,0.006,10,0.0075,0.015,9492,8,2,0.134850400337126,False
1,11,26,60,30,0.015,0.006,10,0.0075,0.015,9268,12,5,0.13767803193785066,False
1,11,27,60,30,0.015,0.006,10,0.0075,0.015,9090,12,5,0.13982398239823982,False
1,11,28,60,30,0.015,0.006,10,0.0075,0.015,8906,12,4,0.14260049404895575,False
1,11,29,60,30,0.015,0.006,10,0.0075,0.015,8739,12,3,0.14521112255406798,False
1,11,30,60,30,0.015,0.006,10,0.0075,0.015,8566,14,5,0.14826056502451554,False
1,11,31,60,30,0.015,0.006,10,0.0075,0.015,8417,13,5,0.1504098847570393,False
1,11,32,60,30,0.015,0.006,10,0.0075,0.015,8241,10,7,0.15289406625409538,False
1,11,33,60,30,0.015,0.006,10,0.0075,0.015,8054,11,6,0.15669232679413955,False
1,11,34,60,30,0.015,0.006,10,0.0075,0.015,7927,4,1,0.16033808502586097,False
1,11,35,60,30,0.015,0.006,10,0.0075,0.015,7803,4,2,0.1628860694604639,False
1,11,36,60,30,0.015,0.006,10,0.0075,0.015,7619,4,2,0.16629478934243339,False
1,11,37,60,30,0.015,0.006,10,0.0075,0.015,7451,4,2,0.16803113676016643,False
1,11,38,60,30,0.015,0.006,10,0.0075,0.015,7386,4,1,0.17140536149471974,False
1,11,39,60,30,0.015,0.006,10,0.0075,0.015,7316,3,1,0.17345544013121925,False
1,11,40,60,30,0.015,0.006,10,0.0075,0.015,7225,6,2,0.17480968858131488,False
1,11,41,60,30,0.015,0.006,10,0.0075,0.015,7756,5,1,0.21467251160391954,False
1,11,42,60,30,0.015,0.006,10,0.0075,0.015,7735,4,0,0.21667744020685198,False
1,11,43,60,30,0.015,0.006,10,0.0075,0.015,7640,4,3,0.21727748691099477,False
1,11,44,60,30,0.015,0.006,10,0.0075,0.015,7565,8,3,0.2170522141440846,False
1,11,45,60,30,0.015,0.006,10,0.0075,0.015,7516,4,1,0.22019691325172963,False
1,11,46,60,30,0.015,0.006,10,0.0075,0.015,7186,6,2,0.20428611188421933,False
1,11,47,60,30,0.015,0.006,10,0.0075,0.015,7062,4,0,0.20079297649391106,False
1,11,48,60,30,0.015,0.006,10,0.0075,0.015,6976,4,0,0.20083142201834864,False
1,11,49,60,30,0.015,0.006,10,0.0075,0.015,6880,4,0,0.20087209302325582,False
1,11,50,60,30,0.015,0.006,10,0.0075,0.015,6802,4,4,0.20082328726845045,False
1,11,51,60,30,0.015,0.006,10,0.0075,0.015,6713,5,4,0.20393266795769402,False
1,11,52,60,30,0.015,0.006,10,0.0075,0.015,6636,1,0,0.20539481615430982,False
1,1,1,80,30,0.015,0.006,10,0.0075,0.015,5932,0,0,0.0010114632501685772,True
1,1,2,80,30,0.015,0.006,10,0.0075,0.015,5903,0,0,0.002710486193460952,True
1,1,3,80,30,0.015,0.006,10,0.0075,0.015,5932,0,0,0.004383007417397168,True
1,1,4,80,30,0.015,0.006,10,0.0075,0.015,5973,0,0,0.00803616273229533,True
1,1,5,80,30,0.015,0.006,10,0.0075,0.015,5991,0,0,0.010015022533800702,True
1,1,6,80,30,0.015,0.006,10,0.0075,0.015,6006,0,0,0.012654012654012654,True
1,1,7,80,30,0.015,0.006,10,0.0075,0.015,6019,0,0,0.014288087722212992,True
1,1,8,80,30,0.015,0.006,10,0.0075,0.015,6020,0,0,0.015282392026578074,True
1,1,9,80,30,0.015,0.006,10,0.0075,0.015,6037,0,0,0.017061454364750706,True
1,1,10,80,30,0.015,0.006,10,0.0075,0.015,6017,0,0,0.017118165198603954,True
1,1,11,80,30,0.015,0.006,10,0.0075,0.015,6037,0,0,0.0185522610568163,True
1,1,12,80,30,0.015,0.006,10,0.0075,0.015,6049,0,0,0.019342040006612663,True
1,1,13,80,30,0.015,0.006,10,0.0075,0.015,6070,0,0,0.020263591433278418,True
1,1,14,80,30,0.015,0.006,10,0.0075,0.015,6059,0,0,0.023436210595807888,True
1,1,15,80,30,0.015,0.006,10,0.0075,0.015,6048,0,0,0.025297619047619048,True
1,1,16,80,30,0.015,0.006,10,0.0075,0.015,6026,0,0,0.026717557251908396,True
1,1,17,80,30,0.015,0.006,10,0.0075,0.015,6032,0,0,0.028680371352785144,True
1,1,18,80,30,0.015,0.006,10,0.0075,0.015,17506,0,0,0.011881640580372443,True
1,1,19,80,30,0.015,0.006,10,0.0075,0.015,17293,0,0,0.013473659862372058,True
1,1,20,80,30,0.015,0.006,10,0.0075,0.015,17113,0,0,0.015426868462572314,True
1,1,21,80,30,0.015,0.006,10,0.0075,0.015,16765,0,0,0.017954070981210855,True
1,1,22,80,30,0.015,0.006,10,0.0075,0.015,16341,0,0,0.020500581359769905,True
1,1,23,80,30,0.015,0.006,10,0.0075,0.015,15986,0,0,0.021956712123107718,True
1,1,24,80,30,0.015,0.006,10,0.0075,0.015,15600,0,0,0.024551282051282052,True
1,1,25,80,30,0.015,0.006,10,0.0075,0.015,15185,0,0,0.026605202502469543,True
1,1,26,80,30,0.015,0.006,10,0.0075,0.015,14900,0,0,0.028791946308724833,True
1,1,27,80,30,0.015,0.006,10,0.0075,0.015,14542,0,0,0.03087608306972906,True
1,1,28,80,30,0.015,0.006,10,0.0075,0.015,14256,0,0,0.03275813692480359,True
1,1,29,80,30,0.015,0.006,10,0.0075,0.015,13945,0,0,0.03420580853352456,True
1,1,30,80,30,0.015,0.006,10,0.0075,0.015,13603,0,0,0.03697713739616261,True
1,1,31,80,30,0.015,0.006,10,0.0075,0.015,13332,0,0,0.03855385538553855,True
1,1,32,80,30,0.015,0.006,10,0.0075,0.015,13047,0,0,0.0405457193224496,True
1,1,33,80,30,0.015,0.006,10,0.0075,0.015,12772,0,0,0.04290635765737551,True
1,1,34,80,30,0.015,0.006,10,0.0075,0.015,12520,0,0,0.045447284345047925,True
1,1,35,80,30,0.015,0.006,10,0.0075,0.015,12294,0,0,0.047340165934602246,True
1,1,36,80,30,0.015,0.006,10,0.0075,0.015,11951,0,0,0.049368253702619026,True
1,1,37,80,30,0.015,0.006,10,0.0075,0.015,11774,0,0,0.052318668252080855,True
1,1,38,80,30,0.015,0.006,10,0.0075,0.015,11618,0,0,0.05448442072645894,True
1,1,39,80,30,0.015,0.006,10,0.0075,0.015,11497,0,0,0.0562755501435157,True
1,1,40,80,30,0.015,0.006,10,0.0075,0.015,11311,0,0,0.05817345946423835,True
1,1,41,80,30,0.015,0.006,10,0.0075,0.015,11083,0,0,0.06685915365875665,True
1,1,42,80,30,0.015,0.006,10,0.0075,0.015,10957,0,0,0.07191749566487177,True
1,1,43,80,30,0.015,0.006,10,0.0075,0.015,10884,0,0,0.07515619257625873,True
1,1,44,80,30,0.015,0.006,10,0.0075,0.015,10872,0,0,0.077906548933039,True
1,1,45,80,30,0.015,0.006,10,0.0075,0.015,10880,0,0,0.08198529411764706,True
1,1,46,80,30,0.015,0.006,10,0.0075,0.015,10793,0,0,0.0805151487074956,True
1,1,47,80,30,0.015,0.006,10,0.0075,0.015,10778,0,0,0.0826683985897198,True
1,1,48,80,30,0.015,0.006,10,0.0075,0.015,10713,0,0,0.0852235601605526,True
1,1,49,80,30,0.015,0.006,10,0.0075,0.015,10629,0,0,0.0870260607771192,True
1,1,50,80,30,0.015,0.006,10,0.0075,0.015,10557,0,0,0.08979823813583404,True
1,1,51,80,30,0.015,0.006,10,0.0075,0.015,10390,0,0,0.09124157844080846,True
1,1,52,80,30,0.015,0.006,10,0.0075,0.015,10251,0,0,0.0945273631840796,True
1,2,1,80,30,0.015,0.006,10,0.0075,0.015,10149,4,0,0.09685683318553552,False
1,2,2,80,30,0.015,0.006,10,0.0075,0.015,10015,4,0,0.09885172241637544,False
1,2,3,80,30,0.015,0.006,10,0.0075,0.015,9889,4,1,0.09990898978663161,False
1,2,4,80,30,0.015,0.006,10,0.0075,0.015,9773,8,2,0.1024250486032948,False
1,2,5,80,30,0.015,0.006,10,0.0075,0.015,9633,9,3,0.10422505969064673,False
1,2,6,80,30,0.015,0.006,10,0.0075,0.015,9520,13,6,0.10640756302521008,False
1,2,7,80,30,0.015,0.006,10,0.0075,0.015,9412,29,6,0.10826604334891628,False
1,2,8,80,30,0.015,0.006,10,0.0075,0.015,9277,31,7,0.11038051094103697,False
1,2,9,80,30,0.015,0.006,10,0.0075,0.015,9165,40,11,0.11216584833606111,False
1,2,10,80,30,0.015,0.006,10,0.0075,0.015,9048,48,10,0.11350574712643678,False
1,2,11,80,30,0.015,0.006,10,0.0075,0.015,8902,52,12,0.11570433610424624,False
1,2,12,80,30,0.015,0.006,10,0.0075,0.015,8796,62,16,0.11675761709868122,False
1,2,13,80,30,0.015,0.006,10,0.0075,0.015,8678,65,32,0.118114772989168,False
1,2,14,80,30,0.015,0.006,10,0.0075,0.015,8542,72,31,0.12022945446031374,False
1,2,15,80,30,0.015,0.006,10,0.0075,0.015,8409,62,22,0.12355809251991913,False
1,2,16,80,30,0.015,0.006,10,0.0075,0.015,8292,67,29,0.12469850458273034,False
1,2,17,80,30,0.015,0.006,10,0.0075,0.015,8157,57,25,0.12725266642147848,False
1,2,18,80,30,0.015,0.006,10,0.0075,0.015,14456,59,22,0.07228832318760377,False
1,2,19,80,30,0.015,0.006,10,0.0075,0.015,14189,69,20,0.07414194094016492,False
1,2,20,80,30,0.015,0.006,10,0.0075,0.015,13878,73,19,0.07695633376567229,False
1,2,21,80,30,0.015,0.006,10,0.0075,0.015,13571,85,28,0.07899196816741581,False
1,2,22,80,30,0.015,0.006,10,0.0075,0.015,13330,95,32,0.0808702175543886,False
1,2,23,80,30,0.015,0.006,10,0.0075,0.015,12976,91,34,0.08407829839704069,False
1,2,24,80,30,0.015,0.006,10,0.0075,0.015,12730,89,35,0.08664571877454831,False
1,2,25,80,30,0.015,0.006,10,0.0075,0.015,12390,75,30,0.08870056497175141,False
1,2,26,80,30,0.015,0.006,10,0.0075,0.015,12153,79,31,0.09125318851312433,False
1,2,27,80,30,0.015,0.006,10,0.0075,0.015,11913,73,24,0.09275581297741962,False
1,2,28,80,30,0.015,0.006,10,0.0075,0.015,11695,74,28,0.09559640872167594,False
1,2,29,80,30,0.015,0.006,10,0.0075,0.015,11439,78,35,0.0977358160678381,False
1,2,30,80,30,0.015,0.006,10,0.0075,0.015,11240,67,27,0.100711743772242,False
1,2,31,80,30,0.015,0.006,10,0.0075,0.015,11035,67,27,0.10176710466696874,False
1,2,32,80,30,0.015,0.006,10,0.0075,0.015,10861,66,24,0.10385783997790259,False
1,2,33,80,30,0.015,0.006,10,0.0075,0.015,10631,61,20,0.1066691750540871,False
1,2,34,80,30,0.015,0.006,10,0.0075,0.015,10415,57,27,0.10840134421507441,False
1,2,35,80,30,0.015,0.006,10,0.0075,0.015,10200,52,20,0.11068627450980392,False
1,2,36,80,30,0.015,0.006,10,0.0075,0.015,10021,39,11,0.11406047300668595,False
1,2,37,80,30,0.015,0.006,10,0.0075,0.015,9752,41,16,0.11720672682526662,False
1,2,38,80,30,0.015,0.006,10,0.0075,0.015,9631,41,15,0.11940608451874156,False
1,2,39,80,30,0.015,0.006,10,0.0075,0.015,9483,43,18,0.12169144785405463,False
1,2,40,80,30,0.015,0.006,10,0.0075,0.015,9372,48,17,0.12313273580879215,False
1,2,41,80,30,0.015,0.006,10,0.0075,0.015,9576,46,12,0.13742690058479531,False
1,2,42,80,30,0.015,0.006,10,0.0075,0.015,9579,45,9,0.1445871176531997,False
1,2,43,80,30,0.015,0.006,10,0.0075,0.015,9516,40,15,0.14827658680117697,False
1,2,44,80,30,0.015,0.006,10,0.0075,0.015,9494,49,19,0.15114809353275754,False
1,2,45,80,30,0.015,0.006,10,0.0075,0.015,9465,53,15,0.15678816693079767,False
1,2,46,80,30,0.015,0.006,10,0.0075,0.015,9284,50,17,0.1530590262817751,False
1,2,47,80,30,0.015,0.006,10,0.0075,0.015,9248,56,26,0.15451989619377163,False
1,2,48,80,30,0.015,0.006,10,0.0075,0.015,9131,55,23,0.15540466542547365,False
1,2,49,80,30,0.015,0.006,10,0.0075,0.015,9027,54,18,0.1559765148997452,False
1,2,50,80,30,0.015,0.006,10,0.0075,0.015,8918,67,23,0.15900426104507737,False
1,2,51,80,30,0.015,0.006,10,0.0075,0.015,8839,74,27,0.1617830071275031,False
1,2,52,80,30,0.015,0.006,10,0.0075,0.015,8754,78,23,0.1644962302947224,False
1,3,1,80,30,0.015,0.006,10,0.0075,0.015,8671,88,24,0.16780071502710184,False
1,3,2,80,30,0.015,0.006,10,0.0075,0.015,8566,97,28,0.1704412794770021,False
1,3,3,80,30,0.015,0.006,10,0.0075,0.015,8476,102,33,0.17154318074563474,False
1,3,4,80,30,0.015,0.006,10,0.0075,0.015,8386,110,39,0.17278797996661102,False
1,3,5,80,30,0.015,0.006,10,0.0075,0.015,8310,115,36,0.17653429602888088,False
1,3,6,80,30,0.015,0.006,10,0.0075,0.015,8210,120,51,0.17649208282582216,False
1,3,7,80,30,0.015,0.006,10,0.0075,0.015,8152,117,50,0.18130520117762514,False
1,3,8,80,30,0.015,0.006,10,0.0075,0.015,8028,103,42,0.1827354260089686,False
1,3,9,80,30,0.015,0.006,10,0.0075,0.015,7961,102,47,0.1835196583343801,False
1,3,10,80,30,0.015,0.006,10,0.0075,0.015,7835,107,46,0.18813018506700702,False
1,3,11,80,30,0.015,0.006,10,0.0075,0.015,7756,106,32,0.18965961835997938,False
1,3,12,80,30,0.015,0.006,10,0.0075,0.015,7670,97,33,0.19191655801825294,False
1,3,13,80,30,0.015,0.006,10,0.0075,0.015,7598,98,39,0.19478810213214004,False
1,3,14,80,30,0.015,0.006,10,0.0075,0.015,7501,102,31,0.19797360351953072,False
1,3,15,80,30,0.015,0.006,10,0.0075,0.015,7410,91,31,0.19973009446693657,False
1,3,16,80,30,0.015,0.006,10,0.0075,0.015,7315,101,39,0.19986329460013671,False
1,3,17,80,30,0.015,0.006,10,0.0075,0.015,7232,98,42,0.20243362831858408,False
1,3,18,80,30,0.015,0.006,10,0.0075,0.015,16079,92,38,0.09154798183966664,False
1,3,19,80,30,0.015,0.006,10,0.0075,0.015,15876,118,32,0.09347442680776014,False
1,3,20,80,30,0.015,0.006,10,0.0075,0.015,15416,134,37,0.09730150492994291,False
1,3,21,80,30,0.015,0.006,10,0.0075,0.015,15079,156,52,0.09954240997413621,False
1,3,22,80,30,0.015,0.006,10,0.0075,0.015,14632,167,58,0.10114816839803172,False
1,3,23,80,30,0.015,0.006,10,0.0075,0.015,14318,165,64,0.10504260371560274,False
1,3,24,80,30,0.015,0.006,10,0.0075,0.015,13971,171,63,0.10786629446711045,False
1,3,25,80,30,0.015,0.006,10,0.0075,0.015,13664,160,62,0.11197306791569087,False
1,3,26,80,30,0.015,0.006,10,0.0075,0.015,13265,162,59,0.11458725970599322,False
1,3,27,80,30,0.015,0.006,10,0.0075,0.015,12923,148,63,0.11800665480151667,False
1,3,28,80,30,0.015,0.006,10,0.0075,0.015,12613,144,63,0.12201696662173947,False
1,3,29,80,30,0.015,0.006,10,0.0075,0.015,12373,143,63,0.12397963307201164,False
1,3,30,80,30,0.015,0.006,10,0.0075,0.015,12059,131,46,0.12803715067584376,False
1,3,31,80,30,0.015,0.006,10,0.0075,0.015,11828,122,42,0.13129861345958743,False
1,3,32,80,30,0.015,0.006,10,0.0075,0.015,11523,138,52,0.1331250542393474,False
1,3,33,80,30,0.015,0.006,10,0.0075,0.015,11321,133,50,0.13550039749138768,False
1,3,34,80,30,0.015,0.006,10,0.0075,0.015,10992,140,60,0.1395560407569141,False
1,3,35,80,30,0.015,0.006,10,0.0075,0.015,10825,136,56,0.14290993071593533,False
1,3,36,80,30,0.015,0.006,10,0.0075,0.015,10493,126,42,0.1467645096731154,False
1,3,37,80,30,0.015,0.006,10,0.0075,0.015,10297,128,49,0.14984947071962706,False
1,3,38,80,30,0.015,0.006,10,0.0075,0.015,10128,130,45,0.15156003159557663,False
1,3,39,80,30,0.015,0.006,10,0.0075,0.015,10019,125,45,0.15350833416508633,False
1,3,40,80,30,0.015,0.006,10,0.0075,0.015,9844,122,49,0.1569483949613978,False
1,3,41,80,30,0.015,0.006,10,0.0075,0.015,9922,102,40,0.17425922193106227,False
1,3,42,80,30,0.015,0.006,10,0.0075,0.015,9772,98,35,0.17939009414654114,False
1,3,43,80,30,0.015,0.006,10,0.0075,0.015,9702,102,35,0.18284889713461142,False
1,3,44,80,30,0.015,0.006,10,0.0075,0.015,9649,95,37,0.18602964037724115,False
1,3,45,80,30,0.015,0.006,10,0.0075,0.015,9599,99,41,0.18835295343264924,False
1,3,46,80,30,0.015,0.006,10,0.0075,0.015,9446,110,36,0.18526360364175312,False
1,3,47,80,30,0.015,0.006,10,0.0075,0.015,9363,112,38,0.18530385560183701,False
1,3,48,80,30,0.015,0.006,10,0.0075,0.015,9285,122,38,0.18653742595584274,False
1,3,49,80,30,0.015,0.006,10,0.0075,0.015,9220,118,37,0.19056399132321042,False
1,3,50,80,30,0.015,0.006,10,0.0075,0.015,9108,126,52,0.19466403162055335,False
1,3,51,80,30,0.015,0.006,10,0.0075,0.015,9030,130,51,0.19501661129568107,False
1,3,52,80,30,0.015,0.006,10,0.0075,0.015,8899,133,48,0.19777503090234858,False
1,4,1,80,30,0.015,0.006,10,0.0075,0.015,8784,146,50,0.19888433515482695,False
1,4,2,80,30,0.015,0.006,10,0.0075,0.015,8663,151,56,0.20212397552810804,False
1,4,3,80,30,0.015,0.006,10,0.0075,0.015,8573,154,58,0.20727866557797736,False
1,4,4,80,30,0.015,0.006,10,0.0075,0.015,8466,142,61,0.210016536735176,False
1,4,5,80,30,0.015,0.006,10,0.0075,0.015,8393,141,67,0.21208149648516622,False
1,4,6,80,30,0.015,0.006,10,0.0075,0.015,8268,130,59,0.21432027092404451,False
1,4,7,80,30,0.015,0.006,10,0.0075,0.015,8166,117,46,0.21724222385500858,False
1,4,8,80,30,0.015,0.006,10,0.0075,0.015,8066,118,43,0.22055541780312424,False
1,4,9,80,30,0.015,0.006,10,0.0075,0.015,8002,112,39,0.22381904523869034,False
1,4,10,80,30,0.015,0.006,10,0.0075,0.015,7886,110,42,0.22406796855186406,False
1,4,11,80,30,0.015,0.006,10,0.0075,0.015,7819,108,45,0.22662744596495715,False
1,4,12,80,30,0.015,0.006,10,0.0075,0.015,7710,107,46,0.2298313878080415,False
1,4,13,80,30,0.015,0.006,10,0.0075,0.015,7611,103,46,0.2317698068584943,False
1,4,14,80,30,0.015,0.006,10,0.0075,0.015,7498,99,43,0.2328620965590824,False
1,4,15,80,30,0.015,0.006,10,0.0075,0.015,7407,93,39,0.23761306871877955,False
1,4,16,80,30,0.015,0.006,10,0.0075,0.015,7274,88,36,0.23920813857574924,False
1,4,17,80,30,0.015,0.006,10,0.0075,0.015,7202,81,31,0.24146070535962233,False
1,4,18,80,30,0.015,0.006,10,0.0075,0.015,14701,79,31,0.11883545337051901,False
1,4,19,80,30,0.015,0.006,10,0.0075,0.015,14526,97,32,0.1211620542475561,False
1,4,20,80,30,0.015,0.006,10,0.0075,0.015,14117,123,31,0.12545158319756322,False
1,4,21,80,30,0.015,0.006,10,0.0075,0.015,13835,135,36,0.12728586917238888,False
1,4,22,80,30,0.015,0.006,10,0.0075,0.015,13471,152,54,0.1288694232054042,False
1,4,23,80,30,0.015,0.006,10,0.0075,0.015,13168,155,59,0.132138517618469,False
1,4,24,80,30,0.015,0.006,10,0.0075,0.015,12773,168,58,0.13473733656932593,False
1,4,25,80,30,0.015,0.006,10,0.0075,0.015,12516,169,64,0.13814317673378076,False
1,4,26,80,30,0.015,0.006,10,0.0075,0.015,12261,181,60,0.1409346709077563,False
1,4,27,80,30,0.015,0.006,10,0.0075,0.015,11951,172,58,0.14400468580035145,False
1,4,28,80,30,0.015,0.006,10,0.0075,0.015,11690,174,73,0.14662104362703166,False
1,4,29,80,30,0.015,0.006,10,0.0075,0.015,11420,176,74,0.14964973730297723,False
1,4,30,80,30,0.015,0.006,10,0.0075,0.015,11110,161,64,0.15265526552655265,False
1,4,31,80,30,0.015,0.006,10,0.0075,0.015,10865,155,60,0.15637367694431661,False
1,4,32,80,30,0.015,0.006,10,0.0075,0.015,10596,168,71,0.1599660249150623,False
1,4,33,80,30,0.015,0.006,10,0.0075,0.015,10356,156,66,0.16434916956353804,False
1,4,34,80,30,0.015,0.006,10,0.0075,0.015,10052,147,57,0.16862315957023477,False
1,4,35,80,30,0.015,0.006,10,0.0075,0.015,9844,137,59,0.17117025599349858,False
1,4,36,80,30,0.015,0.006,10,0.0075,0.015,9606,130,53,0.17426608369768895,False
1,4,37,80,30,0.015,0.006,10,0.0075,0.015,9365,110,57,0.1773625200213561,False
1,4,38,80,30,0.015,0.006,10,0.0075,0.015,9204,122,52,0.1807909604519774,False
1,4,39,80,30,0.015,0.006,10,0.0075,0.015,9084,96,37,0.1831792162043153,False
1,4,40,80,30,0.015,0.006,10,0.0075,0.015,8951,106,41,0.18556585856328903,False
1,4,41,80,30,0.015,0.006,10,0.0075,0.015,9053,100,38,0.19816635369490776,False
1,4,42,80,30,0.015,0.006,10,0.0075,0.015,8924,92,35,0.20282384580905424,False
1,4,43,80,30,0.015,0.006,10,0.0075,0.015,8894,89,28,0.20283337081178324,False
1,4,44,80,30,0.015,0.006,10,0.0075,0.015,8835,85,27,0.20905489530277307,False
1,4,45,80,30,0.015,0.006,10,0.0075,0.015,8750,91,42,0.21382857142857142,False
1,4,46,80,30,0.015,0.006,10,0.0075,0.015,8645,99,42,0.2114517061885483,False
1,4,47,80,30,0.015,0.006,10,0.0075,0.015,8558,82,27,0.2139518579107268,False
1,4,48,80,30,0.015,0.006,10,0.0075,0.015,8492,81,22,0.21537918040508713,False
1,4,49,80,30,0.015,0.006,10,0.0075,0.015,8429,80,27,0.21793807094554515,False
1,4,50,80,30,0.015,0.006,10,0.0075,0.015,8323,93,36,0.21891145019824582,False
1,4,51,80,30,0.015,0.006,10,0.0075,0.015,8233,101,39,0.22021134458884975,False
1,4,52,80,30,0.015,0.006,10,0.0075,0.015,8103,93,35,0.2238677033197581,False
1,5,1,80,30,0.015,0.006,10,0.0075,0.015,8020,81,37,0.22605985037406484,False
1,5,2,80,30,0.015,0.006,10,0.0075,0.015,7925,75,34,0.2277602523659306,False
1,5,3,80,30,0.015,0.006,10,0.0075,0.015,7831,65,29,0.23074958498276082,False
1,5,4,80,30,0.015,0.006,10,0.0075,0.015,7735,61,24,0.2316742081447964,False
1,5,5,80,30,0.015,0.006,10,0.0075,0.015,7639,53,21,0.23497840031417724,False
1,5,6,80,30,0.015,0.006,10,0.0075,0.015,7570,49,26,0.23976221928665786,False
1,5,7,80,30,0.015,0.006,10,0.0075,0.015,7494,52,20,0.23939151321056845,False
1,5,8,80,30,0.015,0.006,10,0.0075,0.015,7405,43,15,0.24294395678595543,False
1,5,9,80,30,0.015,0.006,10,0.0075,0.015,7325,44,17,0.24354948805460752,False
1,5,10,80,30,0.015,0.006,10,0.0075,0.015,7255,43,19,0.24631288766368023,False
1,5,11,80,30,0.015,0.006,10,0.0075,0.015,7163,38,21,0.24877844478570432,False
1,5,12,80,30,0.015,0.006,10,0.0075,0.015,7079,32,15,0.24890521260064982,False
1,5,13,80,30,0.015,0.006,10,0.0075,0.015,7007,26,7,0.2508919651776795,False
1,5,14,80,30,0.015,0.006,10,0.0075,0.015,6933,24,9,0.25241598153757394,False
1,5,15,80,30,0.015,0.006,10,0.0075,0.015,6872,28,10,0.2549476135040745,False
1,5,16,80,30,0.015,0.006,10,0.0075,0.015,6790,25,11,0.25699558173784975,False
1,5,17,80,30,0.015,0.006,10,0.0075,0.015,6698,30,14,0.2585846521349657,False
1,5,18,80,30,0.015,0.006,10,0.0075,0.015,14295,28,9,0.12207065407485135,False
1,5,19,80,30,0.015,0.006,10,0.0075,0.015,14073,33,4,0.1242805371988915,False
1,5,20,80,30,0.015,0.006,10,0.0075,0.015,13806,36,14,0.12690134724033028,False
1,5,21,80,30,0.015,0.006,10,0.0075,0.015,13481,51,22,0.1305541131963504,False
1,5,22,80,30,0.015,0.006,10,0.0075,0.015,13149,48,19,0.13377443151570462,False
1,5,23,80,30,0.015,0.006,10,0.0075,0.015,12900,62,18,0.13682170542635658,False
1,5,24,80,30,0.015,0.006,10,0.0075,0.015,12617,60,18,0.1381469445985575,False
1,5,25,80,30,0.015,0.006,10,0.0075,0.015,12314,63,21,0.14178983271073575,False
1,5,26,80,30,0.015,0.006,10,0.0075,0.015,12078,57,24,0.1453055141579732,False
1,5,27,80,30,0.015,0.006,10,0.0075,0.015,11795,57,26,0.14904620601949978,False
1,5,28,80,30,0.015,0.006,10,0.0075,0.015,11527,58,26,0.15294525895723085,False
1,5,29,80,30,0.015,0.006,10,0.0075,0.015,11214,58,23,0.15614410558230782,False
1,5,30,80,30,0.015,0.006,10,0.0075,0.015,10978,54,20,0.15904536345418108,False
1,5,31,80,30,0.015,0.006,10,0.0075,0.015,10734,50,20,0.16200857089621762,False
1,5,32,80,30,0.015,0.006,10,0.0075,0.015,10442,52,20,0.16577284045202068,False
1,5,33,80,30,0.015,0.006,10,0.0075,0.015,10154,51,22,0.16889895607642308,False
1,5,34,80,30,0.015,0.006,10,0.0075,0.015,9966,49,21,0.17278747742323902,False
1,5,35,80,30,0.015,0.006,10,0.0075,0.015,9698,45,20,0.1769436997319035,False
1,5,36,80,30,0.015,0.006,10,0.0075,0.015,9520,49,15,0.17941176470588235,False
1,5,37,80,30,0.015,0.006,10,0.0075,0.015,9309,41,13,0.18251154796433558,False
1,5,38,80,30,0.015,0.006,10,0.0075,0.015,9213,41,15,0.18517312493216107,False
1,5,39,80,30,0.015,0.006,10,0.0075,0.015,9091,40,13,0.1879881201187988,False
1,5,40,80,30,0.015,0.006,10,0.0075,0.015,9001,37,16,0.19020108876791467,False
1,5,41,80,30,0.015,0.006,10,0.0075,0.015,9016,40,14,0.20474711623779948,False
1,5,42,80,30,0.015,0.006,10,0.0075,0.015,8986,32,13,0.20754507010905854,False
1,5,43,80,30,0.015,0.006,10,0.0075,0.015,8882,34,13,0.20907453276289123,False
1,5,44,80,30,0.015,0.006,10,0.0075,0.015,8843,29,11,0.21180594820762186,False
1,5,45,80,30,0.015,0.006,10,0.0075,0.015,8810,28,12,0.2152099886492622,False
1,5,46,80,30,0.015,0.006,10,0.0075,0.015,8668,33,9,0.21181356714351637,False
1,5,47,80,30,0.015,0.006,10,0.0075,0.015,8616,28,11,0.21332404828226556,False
1,5,48,80,30,0.015,0.006,10,0.0075,0.015,8570,35,12,0.21388564760793466,False
1,5,49,80,30,0.015,0.006,10,0.0075,0.015,8483,34,14,0.2157255687846281,False
1,5,50,80,30,0.015,0.006,10,0.0075,0.015,8418,50,16,0.21739130434782608,False
1,5,51,80,30,0.015,0.006,10,0.0075,0.015,8319,53,11,0.21889650198341146,False
1,5,52,80,30,0.015,0.006,10,0.0075,0.015,8239,68,17,0.22017235101347252,False
1,6,1,80,30,0.015,0.006,10,0.0075,0.015,8128,93,27,0.2233021653543307,False
1,6,2,80,30,0.015,0.006,10,0.0075,0.015,8020,101,30,0.22493765586034914,False
1,6,3,80,30,0.015,0.006,10,0.0075,0.015,7937,102,35,0.22665994708328083,False
1,6,4,80,30,0.015,0.006,10,0.0075,0.015,7833,99,39,0.22826503255457678,False
1,6,5,80,30,0.015,0.006,10,0.0075,0.015,7734,105,44,0.23028187225239202,False
1,6,6,80,30,0.015,0.006,10,0.0075,0.015,7626,101,36,0.23249409913453972,False
1,6,7,80,30,0.015,0.006,10,0.0075,0.015,7532,99,37,0.2344662772172066,False
1,6,8,80,30,0.015,0.006,10,0.0075,0.015,7431,97,36,0.23684564661552954,False
1,6,9,80,30,0.015,0.006,10,0.0075,0.015,7341,101,35,0.2396131317259229,False
1,6,10,80,30,0.015,0.006,10,0.0075,0.015,7248,104,37,0.24158388520971302,False
1,6,11,80,30,0.015,0.006,10,0.0075,0.015,7148,107,40,0.243564633463906,False
1,6,12,80,30,0.015,0.006,10,0.0075,0.015,7067,103,43,0.24635630394792699,False
1,6,13,80,30,0.015,0.006,10,0.0075,0.015,6981,95,39,0.24924795874516545,False
1,6,14,80,30,0.015,0.006,10,0.0075,0.015,6894,92,39,0.25137800986364955,False
1,6,15,80,30,0.015,0.006,10,0.0075,0.015,6802,83,35,0.2530138194648633,False
1,6,16,80,30,0.015,0.006,10,0.0075,0.015,6701,74,30,0.25488733024921656,False
1,6,17,80,30,0.015,0.006,10,0.0075,0.015,6621,69,23,0.25781603987313095,False
1,6,18,80,30,0.015,0.006,10,0.0075,0.015,13605,68,27,0.12590959206174202,False
1,6,19,80,30,0.015,0.006,10,0.0075,0.015,13424,90,32,0.12909713945172824,False
1,6,20,80,30,0.015,0.006,10,0.0075,0.015,13163,104,34,0.13165691711615893,False
1,6,21,80,30,0.015,0.006,10,0.0075,0.015,12825,107,37,0.13504873294346978,False
1,6,22,80,30,0.015,0.006,10,0.0075,0.015,12502,115,36,0.13829787234042554,False
1,6,23,80,30,0.015,0.006,10,0.0075,0.015,12150,120,42,0.1431275720164609,False
1,6,24,80,30,0.015,0.006,10,0.0075,0.015,11857,137,53,0.14539934216074893,False
1,6,25,80,30,0.015,0.006,10,0.0075,0.015,11607,132,42,0.1483587490307573,False
1,6,26,80,30,0.015,0.006,10,0.0075,0.015,11320,130,40,0.15070671378091874,False
1,6,27,80,30,0.015,0.006,10,0.0075,0.015,11049,138,60,0.15485564304461943,False
1,6,28,80,30,0.015,0.006,10,0.0075,0.015,10729,129,60,0.1572373939789356,False
1,6,29,80,30,0.015,0.006,10,0.0075,0.015,10474,116,45,0.1605881229711667,False
1,6,30,80,30,0.015,0.006,10,0.0075,0.015,10237,108,39,0.16371983979681548,False
1,6,31,80,30,0.015,0.006,10,0.0075,0.015,10029,104,38,0.1674144979559278,False
1,6,32,80,30,0.015,0.006,10,0.0075,0.015,9847,115,40,0.1701025693104499,False
1,6,33,80,30,0.015,0.006,10,0.0075,0.015,9687,108,45,0.17177660782492,False
1,6,34,80,30,0.015,0.006,10,0.0075,0.015,9460,114,40,0.17505285412262156,False
1,6,35,80,30,0.015,0.006,10,0.0075,0.015,9299,101,38,0.17905151091515217,False
1,6,36,80,30,0.015,0.006,10,0.0075,0.015,9082,102,50,0.18211847610658446,False
1,6,37,80,30,0.015,0.006,10,0.0075,0.015,8924,94,36,0.18657552666965485,False
1,6,38,80,30,0.015,0.006,10,0.0075,0.015,8765,79,30,0.18881916714204222,False
1,6,39,80,30,0.015,0.006,10,0.0075,0.015,8697,80,35,0.19075543290789929,False
1,6,40,80,30,0.015,0.006,10,0.0075,0.015,8559,77,32,0.19359738287183081,False
1,6,41,80,30,0.015,0.006,10,0.0075,0.015,8675,77,34,0.207492795389049,False
1,6,42,80,30,0.015,0.006,10,0.0075,0.015,8637,72,36,0.21153178186870442,False
1,6,43,80,30,0.015,0.006,10,0.0075,0.015,8597,67,25,0.2148423868791439,False
1,6,44,80,30,0.015,0.006,10,0.0075,0.015,8530,63,19,0.21559202813599063,False
1,6,45,80,30,0.015,0.006,10,0.0075,0.015,8531,77,23,0.2218966123549408,False
1,6,46,80,30,0.015,0.006,10,0.0075,0.015,8337,85,25,0.21602494902243013,False
1,6,47,80,30,0.015,0.006,10,0.0075,0.015,8286,92,31,0.21952691286507361,False
1,6,48,80,30,0.015,0.006,10,0.0075,0.015,8199,95,37,0.22136845956824003,False
1,6,49,80,30,0.015,0.006,10,0.0075,0.015,8133,98,38,0.22513217754826018,False
1,6,50,80,30,0.015,0.006,10,0.0075,0.015,8049,100,30,0.22760591377810907,False
1,6,51,80,30,0.015,0.006,10,0.0075,0.015,7946,99,39,0.23043040523533853,False
1,6,52,80,30,0.015,0.006,10,0.0075,0.015,7843,119,48,0.23179905648348847,False
1,7,1,80,30,0.015,0.006,10,0.0075,0.015,7737,114,37,0.23510404549567016,False
1,7,2,80,30,0.015,0.006,10,0.0075,0.015,7623,120,45,0.23730814639905548,False
1,7,3,80,30,0.015,0.006,10,0.0075,0.015,7546,121,47,0.23999469917837266,False
1,7,4,80,30,0.015,0.006,10,0.0075,0.015,7444,111,55,0.24288017195056422,False
1,7,5,80,30,0.015,0.006,10,0.0075,0.015,7376,110,54,0.24593275488069413,False
1,7,6,80,30,0.015,0.006,10,0.0075,0.015,7237,93,36,0.2492745612822993,False
1,7,7,80,30,0.015,0.006,10,0.0075,0.015,7161,84,33,0.25317693059628543,False
1,7,8,80,30,0.015,0.006,10,0.0075,0.015,7051,80,36,0.2552829385902709,False
1,7,9,80,30,0.015,0.006,10,0.0075,0.015,6971,84,37,0.25663462917802327,False
1,7,10,80,30,0.015,0.006,10,0.0075,0.015,6860,83,30,0.2590379008746356,False
1,7,11,80,30,0.015,0.006,10,0.0075,0.015,6806,77,30,0.2624155157214223,False
1,7,12,80,30,0.015,0.006,10,0.0075,0.015,6711,80,22,0.26523617940694383,False
1,7,13,80,30,0.015,0.006,10,0.0075,0.015,6662,79,28,0.2674872410687481,False
1,7,14,80,30,0.015,0.006,10,0.0075,0.015,6584,92,40,0.26974483596597815,False
1,7,15,80,30,0.015,0.006,10,0.0075,0.015,6526,92,29,0.27275513331290224,False
1,7,16,80,30,0.015,0.006,10,0.0075,0.015,6454,93,24,0.2748682987294701,False
1,7,17,80,30,0.015,0.006,10,0.0075,0.015,6402,93,34,0.2774133083411434,False
1,7,18,80,30,0.015,0.006,10,0.0075,0.015,13269,93,43,0.13256462431230687,False
1,7,19,80,30,0.015,0.006,10,0.0075,0.015,13081,110,35,0.13546364956807583,False
1,7,20,80,30,0.015,0.006,10,0.0075,0.015,12763,126,29,0.13852542505680482,False
1,7,21,80,30,0.015,0.006,10,0.0075,0.015,12526,143,46,0.14050774389270318,False
1,7,22,80,30,0.015,0.006,10,0.0075,0.015,12159,146,55,0.1449954766016942,False
1,7,23,80,30,0.015,0.006,10,0.0075,0.015,11925,149,50,0.14750524109014676,False
1,7,24,80,30,0.015,0.006,10,0.0075,0.015,11596,164,49,0.15108658157985513,False
1,7,25,80,30,0.015,0.006,10,0.0075,0.015,11365,171,46,0.15512538495380554,False
1,7,26,80,30,0.015,0.006,10,0.0075,0.015,10984,174,57,0.15941369264384558,False
1,7,27,80,30,0.015,0.006,10,0.0075,0.015,10755,178,70,0.16336587633658764,False
1,7,28,80,30,0.015,0.006,10,0.0075,0.015,10431,158,66,0.16700220496596682,False
1,7,29,80,30,0.015,0.006,10,0.0075,0.015,10207,162,65,0.1694915254237288,False
1,7,30,80,30,0.015,0.006,10,0.0075,0.015,9940,151,63,0.17263581488933602,False
1,7,31,80,30,0.015,0.006,10,0.0075,0.015,9735,141,59,0.1758602978941962,False
1,7,32,80,30,0.015,0.006,10,0.0075,0.015,9440,123,55,0.18040254237288136,False
1,7,33,80,30,0.015,0.006,10,0.0075,0.015,9265,114,46,0.18381003777657853,False
1,7,34,80,30,0.015,0.006,10,0.0075,0.015,9014,107,40,0.18693143998224984,False
1,7,35,80,30,0.015,0.006,10,0.0075,0.015,8854,97,43,0.19076123785859497,False
1,7,36,80,30,0.015,0.006,10,0.0075,0.015,8621,99,45,0.1934810346827514,False
1,7,37,80,30,0.015,0.006,10,0.0075,0.015,8474,95,32,0.1978994571630871,False
1,7,38,80,30,0.015,0.006,10,0.0075,0.015,8305,94,35,0.20048163756773027,False
1,7,39,80,30,0.015,0.006,10,0.0075,0.015,8227,97,36,0.2017746444633524,False
1,7,40,80,30,0.015,0.006,10,0.0075,0.015,8077,90,28,0.20354091865791754,False
1,7,41,80,30,0.015,0.006,10,0.0075,0.015,8162,86,37,0.218941435922568,False
1,7,42,80,30,0.015,0.006,10,0.0075,0.015,8143,83,36,0.22399607024438167,False
1,7,43,80,30,0.015,0.006,10,0.0075,0.015,8087,79,32,0.22542351922839124,False
1,7,44,80,30,0.015,0.006,10,0.0075,0.015,8033,76,30,0.22992655296900286,False
1,7,45,80,30,0.015,0.006,10,0.0075,0.015,8018,66,33,0.23185333000748315,False
1,7,46,80,30,0.015,0.006,10,0.0075,0.015,7945,68,36,0.23247325361862806,False
1,7,47,80,30,0.015,0.006,10,0.0075,0.015,7884,68,24,0.23579401319127347,False
1,7,48,80,30,0.015,0.006,10,0.0075,0.015,7837,62,18,0.23516651780017864,False
1,7,49,80,30,0.015,0.006,10,0.0075,0.015,7776,58,19,0.2404835390946502,False
1,7,50,80,30,0.015,0.006,10,0.0075,0.015,7728,61,26,0.2418478260869565,False
1,7,51,80,30,0.015,0.006,10,0.0075,0.015,7668,83,28,0.2454355764214919,False
1,7,52,80,30,0.015,0.006,10,0.0075,0.015,7607,84,25,0.24806099645063756,False
1,8,1,80,30,0.015,0.006,10,0.0075,0.015,7542,90,30,0.2512596128347918,False
1,8,2,80,30,0.015,0.006,10,0.0075,0.015,7460,86,32,0.2541554959785523,False
1,8,3,80,30,0.015,0.006,10,0.0075,0.015,7405,87,37,0.25725860904794057,False
1,8,4,80,30,0.015,0.006,10,0.0075,0.015,7322,97,42,0.26140398798142583,False
1,8,5,80,30,0.015,0.006,10,0.0075,0.015,7251,83,29,0.26396359122879604,False
1,8,6,80,30,0.015,0.006,10,0.0075,0.015,7172,85,26,0.2660345789180145,False
1,8,7,80,30,0.015,0.006,10,0.0075,0.015,7095,85,30,0.2665257223396758,False
1,8,8,80,30,0.015,0.006,10,0.0075,0.015,7018,87,27,0.26973496722713025,False
1,8,9,80,30,0.015,0.006,10,0.0075,0.015,6939,83,30,0.27251765384061105,False
1,8,10,80,30,0.015,0.006,10,0.0075,0.015,6827,98,31,0.27567013329427276,False
1,8,11,80,30,0.015,0.006,10,0.0075,0.015,6771,91,36,0.27839314724560627,False
1,8,12,80,30,0.015,0.006,10,0.0075,0.015,6682,91,36,0.2806046093983837,False
1,8,13,80,30,0.015,0.006,10,0.0075,0.015,6616,78,29,0.28355501813784767,False
1,8,14,80,30,0.015,0.006,10,0.0075,0.015,6533,76,37,0.2868513699678555,False
1,8,15,80,30,0.015,0.006,10,0.0075,0.015,6459,70,34,0.28920885586004025,False
1,8,16,80,30,0.015,0.006,10,0.0075,0.015,6369,61,30,0.29219657717067044,False
1,8,17,80,30,0.015,0.006,10,0.0075,0.015,6286,60,24,0.2962138084632517,False
1,8,18,80,30,0.015,0.006,10,0.0075,0.015,13772,53,18,0.1359279697937845,False
1,8,19,80,30,0.015,0.006,10,0.0075,0.015,13598,82,25,0.13891748786586264,False
1,8,20,80,30,0.015,0.006,10,0.0075,0.015,13326,101,29,0.1419780879483716,False
1,8,21,80,30,0.015,0.006,10,0.0075,0.015,13116,129,32,0.14508996645318695,False
1,8,22,80,30,0.015,0.006,10,0.0075,0.015,12834,156,43,0.14827801153186848,False
1,8,23,80,30,0.015,0.006,10,0.0075,0.015,12673,182,58,0.15071411662589757,False
1,8,24,80,30,0.015,0.006,10,0.0075,0.015,12337,190,69,0.15433249574450839,False
1,8,25,80,30,0.015,0.006,10,0.0075,0.015,12128,203,69,0.1575692612137203,False
1,8,26,80,30,0.015,0.006,10,0.0075,0.015,11828,202,71,0.16004396347649644,False
1,8,27,80,30,0.015,0.006,10,0.0075,0.015,11584,188,75,0.1637603591160221,False
1,8,28,80,30,0.015,0.006,10,0.0075,0.015,11301,190,73,0.16688788602778515,False
1,8,29,80,30,0.015,0.006,10,0.0075,0.015,11016,179,73,0.17093318809005084,False
1,8,30,80,30,0.015,0.006,10,0.0075,0.015,10741,184,75,0.17437854948328835,False
1,8,31,80,30,0.015,0.006,10,0.0075,0.015,10483,176,69,0.17828865782695794,False
1,8,32,80,30,0.015,0.006,10,0.0075,0.015,10165,158,59,0.18347270044269554,False
1,8,33,80,30,0.015,0.006,10,0.0075,0.015,9990,161,57,0.1862862862862863,False
1,8,34,80,30,0.015,0.006,10,0.0075,0.015,9774,151,57,0.19091467157765502,False
1,8,35,80,30,0.015,0.006,10,0.0075,0.015,9592,135,58,0.19401584653878232,False
1,8,36,80,30,0.015,0.006,10,0.0075,0.015,9383,126,55,0.1969519343493552,False
1,8,37,80,30,0.015,0.006,10,0.0075,0.015,9189,111,48,0.20111002285341167,False
1,8,38,80,30,0.015,0.006,10,0.0075,0.015,9017,108,33,0.20428080292780304,False
1,8,39,80,30,0.015,0.006,10,0.0075,0.015,8919,102,32,0.20719811638076016,False
1,8,40,80,30,0.015,0.006,10,0.0075,0.015,8759,108,48,0.20927046466491608,False
1,8,41,80,30,0.015,0.006,10,0.0075,0.015,8732,108,50,0.21873568483737976,False
1,8,42,80,30,0.015,0.006,10,0.0075,0.015,8609,103,33,0.2236032059472645,False
1,8,43,80,30,0.015,0.006,10,0.0075,0.015,8532,96,32,0.22655883731833099,False
1,8,44,80,30,0.015,0.006,10,0.0075,0.015,8465,112,39,0.2295333727111636,False
1,8,45,80,30,0.015,0.006,10,0.0075,0.015,8403,114,41,0.2344400809234797,False
1,8,46,80,30,0.015,0.006,10,0.0075,0.015,8297,117,44,0.23225262142943232,False
1,8,47,80,30,0.015,0.006,10,0.0075,0.015,8279,123,46,0.23565648025123806,False
1,8,48,80,30,0.015,0.006,10,0.0075,0.015,8195,123,58,0.237339841366687,False
1,8,49,80,30,0.015,0.006,10,0.0075,0.015,8139,116,51,0.23983290330507434,False
1,8,50,80,30,0.015,0.006,10,0.0075,0.015,8024,100,34,0.24277168494516452,False
1,8,51,80,30,0.015,0.006,10,0.0075,0.015,7949,108,39,0.24455906403321173,False
1,8,52,80,30,0.015,0.006,10,0.0075,0.015,7859,122,41,0.24850489884209187,False
1,9,1,80,30,0.015,0.006,10,0.0075,0.015,7790,130,46,0.2501925545571245,False
1,9,2,80,30,0.015,0.006,10,0.0075,0.015,7689,125,47,0.2532188841201717,False
1,9,3,80,30,0.015,0.006,10,0.0075,0.015,7570,120,45,0.2569352708058124,False
1,9,4,80,30,0.015,0.006,10,0.0075,0.015,7472,117,54,0.26017130620985013,False
1,9,5,80,30,0.015,0.006,10,0.0075,0.015,7423,106,42,0.2632358884548026,False
1,9,6,80,30,0.015,0.006,10,0.0075,0.015,7318,82,31,0.2668761956818803,False
1,9,7,80,30,0.015,0.006,10,0.0075,0.015,7252,95,44,0.2698565912851627,False
1,9,8,80,30,0.015,0.006,10,0.0075,0.015,7153,95,39,0.27219348525094367,False
1,9,9,80,30,0.015,0.006,10,0.0075,0.015,7085,90,30,0.27593507410021173,False
1,9,10,80,30,0.015,0.006,10,0.0075,0.015,6989,83,30,0.27915295464301043,False
1,9,11,80,30,0.015,0.006,10,0.0075,0.015,6925,82,35,0.28115523465703973,False
1,9,12,80,30,0.015,0.006,10,0.0075,0.015,6834,76,34,0.28372841673983024,False
1,9,13,80,30,0.015,0.006,10,0.0075,0.015,6772,68,30,0.28706438275251034,False
1,9,14,80,30,0.015,0.006,10,0.0075,0.015,6690,69,26,0.2880418535127055,False
1,9,15,80,30,0.015,0.006,10,0.0075,0.015,6637,73,23,0.28958866957962937,False
1,9,16,80,30,0.015,0.006,10,0.0075,0.015,6566,73,27,0.29241547365214743,False
1,9,17,80,30,0.015,0.006,10,0.0075,0.015,6490,73,24,0.2950693374422188,False
1,9,18,80,30,0.015,0.006,10,0.0075,0.015,12647,67,21,0.13924250810468886,False
1,9,19,80,30,0.015,0.006,10,0.0075,0.015,12480,97,28,0.14142628205128205,False
1,9,20,80,30,0.015,0.006,10,0.0075,0.015,12222,112,36,0.14432989690721648,False
1,9,21,80,30,0.015,0.006,10,0.0075,0.015,11971,119,45,0.14794085707125554,False
1,9,22,80,30,0.015,0.006,10,0.0075,0.015,11693,131,45,0.15145813734713076,False
1,9,23,80,30,0.015,0.006,10,0.0075,0.015,11393,126,42,0.1551830071096287,False
1,9,24,80,30,0.015,0.006,10,0.0075,0.015,11185,125,45,0.15887349128296827,False
1,9,25,80,30,0.015,0.006,10,0.0075,0.015,10993,140,49,0.1623760574911307,False
1,9,26,80,30,0.015,0.006,10,0.0075,0.015,10725,141,45,0.16634032634032633,False
1,9,27,80,30,0.015,0.006,10,0.0075,0.015,10546,145,54,0.1698274227195145,False
1,9,28,80,30,0.015,0.006,10,0.0075,0.015,10366,152,60,0.17229403820181363,False
1,9,29,80,30,0.015,0.006,10,0.0075,0.015,10113,136,55,0.1765054879857609,False
1,9,30,80,30,0.015,0.006,10,0.0075,0.015,9924,134,58,0.17966545747682386,False
1,9,31,80,30,0.015,0.006,10,0.0075,0.015,9678,127,53,0.1821657367224633,False
1,9,32,80,30,0.015,0.006,10,0.0075,0.015,9425,124,46,0.18641909814323607,False
1,9,33,80,30,0.015,0.006,10,0.0075,0.015,9199,118,42,0.19099902163278618,False
1,9,34,80,30,0.015,0.006,10,0.0075,0.015,9038,113,42,0.19484399203363575,False
1,9,35,80,30,0.015,0.006,10,0.0075,0.015,8832,112,40,0.19769021739130435,False
1,9,36,80,30,0.015,0.006,10,0.0075,0.015,8628,105,43,0.20155308298562818,False
1,9,37,80,30,0.015,0.006,10,0.0075,0.015,8442,103,44,0.20540156361051884,False
1,9,38,80,30,0.015,0.006,10,0.0075,0.015,8313,94,38,0.20750631540959943,False
1,9,39,80,30,0.015,0.006,10,0.0075,0.015,8191,88,36,0.21035282627273838,False
1,9,40,80,30,0.015,0.006,10,0.0075,0.015,8093,86,36,0.21339429136290622,False
1,9,41,80,30,0.015,0.006,10,0.0075,0.015,8080,75,29,0.2233910891089109,False
1,9,42,80,30,0.015,0.006,10,0.0075,0.015,8007,66,29,0.22842512801298864,False
1,9,43,80,30,0.015,0.006,10,0.0075,0.015,7943,73,32,0.2325317889966008,False
1,9,44,80,30,0.015,0.006,10,0.0075,0.015,7888,69,25,0.23808316430020285,False
1,9,45,80,30,0.015,0.006,10,0.0075,0.015,7824,66,22,0.24092535787321062,False
1,9,46,80,30,0.015,0.006,10,0.0075,0.015,7724,72,23,0.2384774728120145,False
1,9,47,80,30,0.015,0.006,10,0.0075,0.015,7661,75,28,0.24291867902362616,False
1,9,48,80,30,0.015,0.006,10,0.0075,0.015,7612,72,29,0.24395691014188123,False
1,9,49,80,30,0.015,0.006,10,0.0075,0.015,7557,63,21,0.24679105465131665,False
1,9,50,80,30,0.015,0.006,10,0.0075,0.015,7504,67,23,0.24933368869936035,False
1,9,51,80,30,0.015,0.006,10,0.0075,0.015,7436,80,34,0.2518827326519634,False
1,9,52,80,30,0.015,0.006,10,0.0075,0.015,7368,86,31,0.2547502714440825,False
1,10,1,80,30,0.015,0.006,10,0.0075,0.015,7276,88,24,0.2568719076415613,False
1,10,2,80,30,0.015,0.006,10,0.0075,0.015,7196,81,35,0.26028349082823793,False
1,10,3,80,30,0.015,0.006,10,0.0075,0.015,7115,77,33,0.26268446943078005,False
1,10,4,80,30,0.015,0.006,10,0.0075,0.015,7035,66,19,0.2652452025586354,False
1,10,5,80,30,0.015,0.006,10,0.0075,0.015,6955,76,23,0.2687275341480949,False
1,10,6,80,30,0.015,0.006,10,0.0075,0.015,6887,78,29,0.27152606359808334,False
1,10,7,80,30,0.015,0.006,10,0.0075,0.015,6811,70,28,0.274115401556306,False
1,10,8,80,30,0.015,0.006,10,0.0075,0.015,6758,73,26,0.2743415211601065,False
1,10,9,80,30,0.015,0.006,10,0.0075,0.015,6665,71,25,0.2778694673668417,False
1,10,10,80,30,0.015,0.006,10,0.0075,0.015,6612,74,30,0.2810042347247429,False
1,10,11,80,30,0.015,0.006,10,0.0075,0.015,6531,70,31,0.28249885163068444,False
1,10,12,80,30,0.015,0.006,10,0.0075,0.015,6487,61,23,0.2853399105904116,False
1,10,13,80,30,0.015,0.006,10,0.0075,0.015,6413,54,18,0.288788398565414,False
1,10,14,80,30,0.015,0.006,10,0.0075,0.015,6347,55,21,0.2906885142587049,False
1,10,15,80,30,0.015,0.006,10,0.0075,0.015,6254,57,19,0.2932523185161497,False
1,10,16,80,30,0.015,0.006,10,0.0075,0.015,6195,50,24,0.296045197740113,False
1,10,17,80,30,0.015,0.006,10,0.0075,0.015,6114,48,24,0.2986588158325155,False
1,10,18,80,30,0.015,0.006,10,0.0075,0.015,12728,39,18,0.13882778126964174,False
1,10,19,80,30,0.015,0.006,10,0.0075,0.015,12515,51,19,0.14111066719936077,False
1,10,20,80,30,0.015,0.006,10,0.0075,0.015,12290,48,12,0.14401952807160293,False
1,10,21,80,30,0.015,0.006,10,0.0075,0.015,11959,52,14,0.1471694957772389,False
1,10,22,80,30,0.015,0.006,10,0.0075,0.015,11729,55,20,0.1509080057975957,False
1,10,23,80,30,0.015,0.006,10,0.0075,0.015,11500,73,25,0.15347826086956523,False
1,10,24,80,30,0.015,0.006,10,0.0075,0.015,11298,69,32,0.15648787395999292,False
1,10,25,80,30,0.015,0.006,10,0.0075,0.015,10988,78,29,0.1596286858390972,False
1,10,26,80,30,0.015,0.006,10,0.0075,0.015,10787,83,19,0.1626031334013164,False
1,10,27,80,30,0.015,0.006,10,0.0075,0.015,10491,92,28,0.16595176818225146,False
1,10,28,80,30,0.015,0.006,10,0.0075,0.015,10301,106,37,0.16823609358314726,False
1,10,29,80,30,0.015,0.006,10,0.0075,0.015,10046,99,38,0.17200875970535537,False
1,10,30,80,30,0.015,0.006,10,0.0075,0.015,9887,93,35,0.17457267118438352,False
1,10,31,80,30,0.015,0.006,10,0.0075,0.015,9646,89,36,0.1772755546340452,False
1,10,32,80,30,0.015,0.006,10,0.0075,0.015,9458,88,43,0.1817508987100867,False
1,10,33,80,30,0.015,0.006,10,0.0075,0.015,9196,90,34,0.1859504132231405,False
1,10,34,80,30,0.015,0.006,10,0.0075,0.015,9014,79,29,0.18970490348347016,False
1,10,35,80,30,0.015,0.006,10,0.0075,0.015,8783,82,31,0.19389730160537402,False
1,10,36,80,30,0.015,0.006,10,0.0075,0.015,8586,71,28,0.19753086419753085,False
1,10,37,80,30,0.015,0.006,10,0.0075,0.015,8343,81,29,0.20124655399736305,False
1,10,38,80,30,0.015,0.006,10,0.0075,0.015,8266,82,32,0.20384708444229374,False
1,10,39,80,30,0.015,0.006,10,0.0075,0.015,8138,79,32,0.20668468911280413,False
1,10,40,80,30,0.015,0.006,10,0.0075,0.015,8040,68,32,0.20659203980099503,False
1,10,41,80,30,0.015,0.006,10,0.0075,0.015,8047,63,27,0.21759661985833229,False
1,10,42,80,30,0.015,0.006,10,0.0075,0.015,8007,61,24,0.22118146621706009,False
1,10,43,80,30,0.015,0.006,10,0.0075,0.015,7974,60,23,0.22811637822924505,False
1,10,44,80,30,0.015,0.006,10,0.0075,0.015,7915,61,23,0.23297536323436513,False
1,10,45,80,30,0.015,0.006,10,0.0075,0.015,7897,65,24,0.23413954666328984,False
1,10,46,80,30,0.015,0.006,10,0.0075,0.015,7807,63,27,0.23504547201229667,False
1,10,47,80,30,0.015,0.006,10,0.0075,0.015,7752,63,24,0.2347781217750258,False
1,10,48,80,30,0.015,0.006,10,0.0075,0.015,7684,56,20,0.23893805309734514,False
1,10,49,80,30,0.015,0.006,10,0.0075,0.015,7605,60,23,0.24089414858645627,False
1,10,50,80,30,0.015,0.006,10,0.0075,0.015,7522,53,25,0.2424886998138793,False
1,10,51,80,30,0.015,0.006,10,0.0075,0.015,7434,58,23,0.24441754102771052,False
1,10,52,80,30,0.015,0.006,10,0.0075,0.015,7344,56,19,0.24645969498910675,False
1,11,1,80,30,0.015,0.006,10,0.0075,0.015,7258,54,23,0.24924221548635989,False
1,11,2,80,30,0.015,0.006,10,0.0075,0.015,7167,53,27,0.25184875122087347,False
1,11,3,80,30,0.015,0.006,10,0.0075,0.015,7087,53,21,0.25342175814872303,False
1,11,4,80,30,0.015,0.006,10,0.0075,0.015,7009,42,13,0.2570980168354972,False
1,11,5,80,30,0.015,0.006,10,0.0075,0.015,6936,46,12,0.25807381776239907,False
1,11,6,80,30,0.015,0.006,10,0.0075,0.015,6866,44,19,0.26114185843285753,False
1,11,7,80,30,0.015,0.006,10,0.0075,0.015,6790,45,21,0.26362297496318116,False
1,11,8,80,30,0.015,0.006,10,0.0075,0.015,6709,36,11,0.26606051572514533,False
1,11,9,80,30,0.015,0.006,10,0.0075,0.015,6635,32,15,0.26752072343632255,False
1,11,10,80,30,0.015,0.006,10,0.0075,0.015,6576,38,16,0.26976885644768855,False
1,11,11,80,30,0.015,0.006,10,0.0075,0.015,6492,34,11,0.2711028958718423,False
1,11,12,80,30,0.015,0.006,10,0.0075,0.015,6413,33,11,0.2727272727272727,False
1,11,13,80,30,0.015,0.006,10,0.0075,0.015,6350,31,11,0.2752755905511811,False
1,11,14,80,30,0.015,0.006,10,0.0075,0.015,6272,31,11,0.2755102040816326,False
1,11,15,80,30,0.015,0.006,10,0.0075,0.015,6198,36,12,0.2771861890932559,False
1,11,16,80,30,0.015,0.006,10,0.0075,0.015,6132,36,13,0.2790280495759948,False
1,11,17,80,30,0.015,0.006,10,0.0075,0.015,6063,36,17,0.2822035296058057,False
1,11,18,80,30,0.015,0.006,10,0.0075,0.015,12140,35,14,0.13401976935749588,False
1,11,19,80,30,0.015,0.006,10,0.0075,0.015,11957,40,8,0.13582002174458477,False
1,11,20,80,30,0.015,0.006,10,0.0075,0.015,11749,43,14,0.13924589326751213,False
1,11,21,80,30,0.015,0.006,10,0.0075,0.015,11533,60,23,0.1414202722622041,False
1,11,22,80,30,0.015,0.006,10,0.0075,0.015,11289,70,22,0.14376826999734255,False
1,11,23,80,30,0.015,0.006,10,0.0075,0.015,11028,74,16,0.14708015959376133,False
1,11,24,80,30,0.015,0.006,10,0.0075,0.015,10835,69,27,0.1498846331333641,False
1,11,25,80,30,0.015,0.006,10,0.0075,0.015,10656,83,34,0.15230855855855857,False
1,11,26,80,30,0.015,0.006,10,0.0075,0.015,10423,74,25,0.15657680130480667,False
1,11,27,80,30,0.015,0.006,10,0.0075,0.015,10250,76,34,0.15882926829268293,False
1,11,28,80,30,0.015,0.006,10,0.0075,0.015,10052,78,32,0.16205730202944688,False
1,11,29,80,30,0.015,0.006,10,0.0075,0.015,9818,70,24,0.16510490935017316,False
1,11,30,80,30,0.015,0.006,10,0.0075,0.015,9605,71,28,0.168141592920354,False
1,11,31,80,30,0.015,0.006,10,0.0075,0.015,9413,64,23,0.17199617550196536,False
1,11,32,80,30,0.015,0.006,10,0.0075,0.015,9211,61,19,0.17435674736727824,False
1,11,33,80,30,0.015,0.006,10,0.0075,0.015,9081,62,27,0.17641228939544104,False
1,11,34,80,30,0.015,0.006,10,0.0075,0.015,8876,64,25,0.17981072555205047,False
1,11,35,80,30,0.015,0.006,10,0.0075,0.015,8749,54,19,0.1827637444279346,False
1,11,36,80,30,0.015,0.006,10,0.0075,0.015,8561,61,22,0.18572596659268778,False
1,11,37,80,30,0.015,0.006,10,0.0075,0.015,8389,57,17,0.18822267254738348,False
1,11,38,80,30,0.015,0.006,10,0.0075,0.015,8260,51,21,0.19092009685230024,False
1,11,39,80,30,0.015,0.006,10,0.0075,0.015,8179,57,25,0.19305538574397849,False
1,11,40,80,30,0.015,0.006,10,0.0075,0.015,8050,50,19,0.195527950310559,False
1,11,41,80,30,0.015,0.006,10,0.0075,0.015,8170,47,17,0.20685434516523868,False
1,11,42,80,30,0.015,0.006,10,0.0075,0.015,8150,48,17,0.21128834355828222,False
1,11,43,80,30,0.015,0.006,10,0.0075,0.015,8123,41,22,0.21186753662439986,False
1,11,44,80,30,0.015,0.006,10,0.0075,0.015,8109,41,18,0.2145763965963744,False
1,11,45,80,30,0.015,0.006,10,0.0075,0.015,8085,39,12,0.21880024737167594,False
1,11,46,80,30,0.015,0.006,10,0.0075,0.015,7981,41,18,0.21764189951133944,False
1,11,47,80,30,0.015,0.006,10,0.0075,0.015,7951,57,20,0.22034964155452144,False
1,11,48,80,30,0.015,0.006,10,0.0075,0.015,7860,58,18,0.22302798982188296,False
1,11,49,80,30,0.015,0.006,10,0.0075,0.015,7773,63,28,0.22488099832754407,False
1,11,50,80,30,0.015,0.006,10,0.0075,0.015,7694,68,31,0.22770990382115935,False
1,11,51,80,30,0.015,0.006,10,0.0075,0.015,7619,65,27,0.2306076912980706,False
1,11,52,80,30,0.015,0.006,10,0.0075,0.015,7531,75,26,0.231177798433143,False
1,1,1,100,30,0.015,0.006,10,0.0075,0.015,6069,0,0,0.0016477179106936892,True
1,1,2,100,30,0.015,0.006,10,0.0075,0.015,5945,0,0,0.004373423044575274,True
1,1,3,100,30,0.015,0.006,10,0.0075,0.015,5836,0,0,0.006682659355723098,True
1,1,4,100,30,0.015,0.006,10,0.0075,0.015,5741,0,0,0.00870928409684724,True
1,1,5,100,30,0.015,0.006,10,0.0075,0.015,5661,0,0,0.010775481363716657,True
1,1,6,100,30,0.015,0.006,10,0.0075,0.015,5588,0,0,0.013421617752326413,True
1,1,7,100,30,0.015,0.006,10,0.0075,0.015,5534,0,0,0.016263100831225154,True
1,1,8,100,30,0.015,0.006,10,0.0075,0.015,5461,0,0,0.01776231459439663,True
1,1,9,100,30,0.015,0.006,10,0.0075,0.015,5410,0,0,0.018853974121996304,True
1,1,10,100,30,0.015,0.006,10,0.0075,0.015,5353,0,0,0.021109658135624883,True
1,1,11,100,30,0.015,0.006,10,0.0075,0.015,5284,0,0,0.0232778198334595,True
1,1,12,100,30,0.015,0.006,10,0.0075,0.015,5212,0,0,0.025134305448963928,True
1,1,13,100,30,0.015,0.006,10,0.0075,0.015,5145,0,0,0.026239067055393587,True
1,1,14,100,30,0.015,0.006,10,0.0075,0.015,5096,0,0,0.02806122448979592,True
1,1,15,100,30,0.015,0.006,10,0.0075,0.015,5026,0,0,0.03163549542379626,True
1,1,16,100,30,0.015,0.006,10,0.0075,0.015,4986,0,0,0.03369434416365824,True
1,1,17,100,30,0.015,0.006,10,0.0075,0.015,4931,0,0,0.0358953559115798,True
1,1,18,100,30,0.015,0.006,10,0.0075,0.015,14266,0,0,0.014369830365904949,True
1,1,19,100,30,0.015,0.006,10,0.0075,0.015,13996,0,0,0.016361817662189197,True
1,1,20,100,30,0.015,0.006,10,0.0075,0.015,13701,0,0,0.018246843296109774,True
1,1,21,100,30,0.015,0.006,10,0.0075,0.015,13420,0,0,0.020342771982116245,True
1,1,22,100,30,0.015,0.006,10,0.0075,0.015,13164,0,0,0.021725919173503496,True
1,1,23,100,30,0.015,0.006,10,0.0075,0.015,12931,0,0,0.024050730801948805,True
1,1,24,100,30,0.015,0.006,10,0.0075,0.015,12704,0,0,0.025425062972292193,True
1,1,25,100,30,0.015,0.006,10,0.0075,0.015,12413,0,0,0.027471199548860067,True
1,1,26,100,30,0.015,0.006,10,0.0075,0.015,12153,0,0,0.02929317863901917,True
1,1,27,100,30,0.015,0.006,10,0.0075,0.015,11889,0,0,0.03187820674573135,True
1,1,28,100,30,0.015,0.006,10,0.0075,0.015,11653,0,0,0.033296146914957525,True
1,1,29,100,30,0.015,0.006,10,0.0075,0.015,11422,0,0,0.03510768691997899,True
1,1,30,100,30,0.015,0.006,10,0.0075,0.015,11187,0,0,0.037543577366586214,True
1,1,31,100,30,0.015,0.006,10,0.0075,0.015,10963,0,0,0.04077351090030101,True
1,1,32,100,30,0.015,0.006,10,0.0075,0.015,10725,0,0,0.04242424242424243,True
1,1,33,100,30,0.015,0.006,10,0.0075,0.015,10491,0,0,0.044895624821275376,True
1,1,34,100,30,0.015,0.006,10,0.0075,0.015,10240,0,0,0.04638671875,True
1,1,35,100,30,0.015,0.006,10,0.0075,0.015,10020,0,0,0.04940119760479042,True
1,1,36,100,30,0.015,0.006,10,0.0075,0.015,9857,0,0,0.051131175814142234,True
1,1,37,100,30,0.015,0.006,10,0.0075,0.015,9615,0,0,0.05283411336453458,True
1,1,38,100,30,0.015,0.006,10,0.0075,0.015,9489,0,0,0.055011065444198544,True
1,1,39,100,30,0.015,0.006,10,0.0075,0.015,9357,0,0,0.05696270172063696,True
1,1,40,100,30,0.015,0.006,10,0.0075,0.015,9226,0,0,0.05950574463472794,True
1,1,41,100,30,0.015,0.006,10,0.0075,0.015,9415,0,0,0.07562400424853956,True
1,1,42,100,30,0.015,0.006,10,0.0075,0.015,9388,0,0,0.07988922028121005,True
1,1,43,100,30,0.015,0.006,10,0.0075,0.015,9345,0,0,0.08014981273408239,True
1,1,44,100,30,0.015,0.006,10,0.0075,0.015,9346,0,0,0.08581211213353306,True
1,1,45,100,30,0.015,0.006,10,0.0075,0.015,9347,0,0,0.08740772440355195,True
1,1,46,100,30,0.015,0.006,10,0.0075,0.015,9053,0,0,0.08151993814205236,True
1,1,47,100,30,0.015,0.006,10,0.0075,0.015,8950,0,0,0.08268156424581005,True
1,1,48,100,30,0.015,0.006,10,0.0075,0.015,8847,0,0,0.08375720583248558,True
1,1,49,100,30,0.015,0.006,10,0.0075,0.015,8750,0,0,0.08594285714285714,True
1,1,50,100,30,0.015,0.006,10,0.0075,0.015,8665,0,0,0.08655510675129832,True
1,1,51,100,30,0.015,0.006,10,0.0075,0.015,8597,0,0,0.08933348842619518,True
1,1,52,100,30,0.015,0.006,10,0.0075,0.015,8505,0,0,0.09288653733098177,True
1,2,1,100,30,0.015,0.006,10,0.0075,0.015,8424,3,0,0.09425451092117759,False
1,2,2,100,30,0.015,0.006,10,0.0075,0.015,8320,3,0,0.096875,False
1,2,3,100,30,0.015,0.006,10,0.0075,0.015,8229,3,1,0.0998906306963179,False
1,2,4,100,30,0.015,0.006,10,0.0075,0.015,8129,9,2,0.10075039980317382,False
1,2,5,100,30,0.015,0.006,10,0.0075,0.015,8038,8,2,0.10151779049514804,False
1,2,6,100,30,0.015,0.006,10,0.0075,0.015,7930,9,1,0.10353089533417402,False
1,2,7,100,30,0.015,0.006,10,0.0075,0.015,7820,8,4,0.10421994884910486,False
1,2,8,100,30,0.015,0.006,10,0.0075,0.015,7709,13,5,0.10662861590348943,False
1,2,9,100,30,0.015,0.006,10,0.0075,0.015,7613,19,3,0.10823591225535269,False
1,2,10,100,30,0.015,0.006,10,0.0075,0.015,7525,23,8,0.11043189368770764,False
1,2,11,100,30,0.015,0.006,10,0.0075,0.015,7419,29,11,0.11200970481196927,False
1,2,12,100,30,0.015,0.006,10,0.0075,0.015,7341,26,9,0.11456204876719793,False
1,2,13,100,30,0.015,0.006,10,0.0075,0.015,7228,27,9,0.11579966795794133,False
1,2,14,100,30,0.015,0.006,10,0.0075,0.015,7152,26,14,0.11758948545861297,False
1,2,15,100,30,0.015,0.006,10,0.0075,0.015,7060,26,11,0.11841359773371105,False
1,2,16,100,30,0.015,0.006,10,0.0075,0.015,6947,21,6,0.11990787390240391,False
1,2,17,100,30,0.015,0.006,10,0.0075,0.015,6840,19,7,0.12017543859649123,False
1,2,18,100,30,0.015,0.006,10,0.0075,0.015,12227,19,9,0.06886398953136501,False
1,2,19,100,30,0.015,0.006,10,0.0075,0.015,12022,23,7,0.07053734819497588,False
1,2,20,100,30,0.015,0.006,10,0.0075,0.015,11779,27,3,0.07352067238305458,False
1,2,21,100,30,0.015,0.006,10,0.0075,0.015,11525,33,8,0.07661605206073753,False
1,2,22,100,30,0.015,0.006,10,0.0075,0.015,11250,38,15,0.07973333333333334,False
1,2,23,100,30,0.015,0.006,10,0.0075,0.015,11019,33,13,0.08149559851166167,False
1,2,24,100,30,0.015,0.006,10,0.0075,0.015,10818,24,13,0.08411906082455167,False
1,2,25,100,30,0.015,0.006,10,0.0075,0.015,10625,21,9,0.08687058823529412,False
1,2,26,100,30,0.015,0.006,10,0.0075,0.015,10449,16,9,0.08842951478610393,False
1,2,27,100,30,0.015,0.006,10,0.0075,0.015,10239,16,8,0.09004785623596054,False
1,2,28,100,30,0.015,0.006,10,0.0075,0.015,10088,9,4,0.09248612212529739,False
1,2,29,100,30,0.015,0.006,10,0.0075,0.015,9894,9,4,0.09450171821305842,False
1,2,30,100,30,0.015,0.006,10,0.0075,0.015,9685,9,6,0.0963345379452762,False
1,2,31,100,30,0.015,0.006,10,0.0075,0.015,9511,11,5,0.09914835453685207,False
1,2,32,100,30,0.015,0.006,10,0.0075,0.015,9311,12,4,0.10074105896251745,False
1,2,33,100,30,0.015,0.006,10,0.0075,0.015,9151,16,4,0.10272101409682002,False
1,2,34,100,30,0.015,0.006,10,0.0075,0.015,9029,16,3,0.10421973640491748,False
1,2,35,100,30,0.015,0.006,10,0.0075,0.015,8893,20,6,0.10581356122793208,False
1,2,36,100,30,0.015,0.006,10,0.0075,0.015,8753,20,7,0.10921969610419285,False
1,2,37,100,30,0.015,0.006,10,0.0075,0.015,8566,17,7,0.10996964744338081,False
1,2,38,100,30,0.015,0.006,10,0.0075,0.015,8465,14,8,0.1123449497932664,False
1,2,39,100,30,0.015,0.006,10,0.0075,0.015,8354,13,5,0.11491501077328226,False
1,2,40,100,30,0.015,0.006,10,0.0075,0.015,8250,14,5,0.11612121212121213,False
1,2,41,100,30,0.015,0.006,10,0.0075,0.015,8663,15,7,0.1425603139789911,False
1,2,42,100,30,0.015,0.006,10,0.0075,0.015,8559,13,6,0.14639560696343032,False
1,2,43,100,30,0.015,0.006,10,0.0075,0.015,8569,12,4,0.1492589567043996,False
1,2,44,100,30,0.015,0.006,10,0.0075,0.015,8550,9,4,0.15461988304093569,False
1,2,45,100,30,0.015,0.006,10,0.0075,0.015,8487,11,4,0.1529397902674679,False
1,2,46,100,30,0.015,0.006,10,0.0075,0.015,8184,10,4,0.1416177908113392,False
1,2,47,100,30,0.015,0.006,10,0.0075,0.015,8126,15,4,0.1429977848880138,False
1,2,48,100,30,0.015,0.006,10,0.0075,0.015,8043,13,2,0.14484645032947904,False
1,2,49,100,30,0.015,0.006,10,0.0075,0.015,7981,14,6,0.14785114647287306,False
1,2,50,100,30,0.015,0.006,10,0.0075,0.015,7911,16,7,0.14865377322715206,False
1,2,51,100,30,0.015,0.006,10,0.0075,0.015,7826,13,4,0.1482238691541017,False
1,2,52,100,30,0.015,0.006,10,0.0075,0.015,7754,17,5,0.15024503482073767,False
1,3,1,100,30,0.015,0.006,10,0.0075,0.015,7669,14,7,0.15347502933889687,False
1,3,2,100,30,0.015,0.006,10,0.0075,0.015,7586,17,8,0.15647244924861586,False
1,3,3,100,30,0.015,0.006,10,0.0075,0.015,7487,16,9,0.1596099906504608,False
1,3,4,100,30,0.015,0.006,10,0.0075,0.015,7417,18,7,0.1620601321288931,False
1,3,5,100,30,0.015,0.006,10,0.0075,0.015,7326,14,5,0.1642096642096642,False
1,3,6,100,30,0.015,0.006,10,0.0075,0.015,7260,16,7,0.16584022038567492,False
1,3,7,100,30,0.015,0.006,10,0.0075,0.015,7187,16,8,0.16808125782663141,False
1,3,8,100,30,0.015,0.006,10,0.0075,0.015,7106,18,7,0.17084154235857021,False
1,3,9,100,30,0.015,0.006,10,0.0075,0.015,7030,18,5,0.17183499288762447,False
1,3,10,100,30,0.015,0.006,10,0.0075,0.015,6944,16,6,0.1758352534562212,False
1,3,11,100,30,0.015,0.006,10,0.0075,0.015,6888,13,8,0.17755516840882696,False
1,3,12,100,30,0.015,0.006,10,0.0075,0.015,6810,12,8,0.17973568281938326,False
1,3,13,100,30,0.015,0.006,10,0.0075,0.015,6736,10,6,0.1823040380047506,False
1,3,14,100,30,0.015,0.006,10,0.0075,0.015,6660,7,3,0.18363363363363364,False
1,3,15,100,30,0.015,0.006,10,0.0075,0.015,6613,6,2,0.18508997429305912,False
1,3,16,100,30,0.015,0.006,10,0.0075,0.015,6543,5,2,0.1879871618523613,False
1,3,17,100,30,0.015,0.006,10,0.0075,0.015,6476,5,2,0.19116738727609636,False
1,3,18,100,30,0.015,0.006,10,0.0075,0.015,13814,7,2,0.08990878818589837,False
1,3,19,100,30,0.015,0.006,10,0.0075,0.015,13579,11,2,0.09212754989321746,False
1,3,20,100,30,0.015,0.006,10,0.0075,0.015,13297,13,4,0.09475821613897872,False
1,3,21,100,30,0.015,0.006,10,0.0075,0.015,12995,16,4,0.09780684878799538,False
1,3,22,100,30,0.015,0.006,10,0.0075,0.015,12647,15,3,0.10041907171661263,False
1,3,23,100,30,0.015,0.006,10,0.0075,0.015,12369,19,7,0.10332282318699976,False
1,3,24,100,30,0.015,0.006,10,0.0075,0.015,12135,21,8,0.10556242274412855,False
1,3,25,100,30,0.015,0.006,10,0.0075,0.015,11943,19,6,0.10725948254207486,False
1,3,26,100,30,0.015,0.006,10,0.0075,0.015,11699,19,7,0.10932558338319515,False
1,3,27,100,30,0.015,0.006,10,0.0075,0.015,11432,18,6,0.11179146256123162,False
1,3,28,100,30,0.015,0.006,10,0.0075,0.015,11154,20,6,0.1158328850636543,False
1,3,29,100,30,0.015,0.006,10,0.0075,0.015,10902,20,8,0.11851036507062924,False
1,3,30,100,30,0.015,0.006,10,0.0075,0.015,10685,16,6,0.1201684604585868,False
1,3,31,100,30,0.015,0.006,10,0.0075,0.015,10479,13,6,0.12396221013455483,False
1,3,32,100,30,0.015,0.006,10,0.0075,0.015,10254,13,6,0.12609713282621415,False
1,3,33,100,30,0.015,0.006,10,0.0075,0.015,10028,10,7,0.1281412046270443,False
1,3,34,100,30,0.015,0.006,10,0.0075,0.015,9829,10,5,0.12992166039271544,False
1,3,35,100,30,0.015,0.006,10,0.0075,0.015,9674,5,1,0.131279718833988,False
1,3,36,100,30,0.015,0.006,10,0.0075,0.015,9496,8,2,0.1340564448188711,False
1,3,37,100,30,0.015,0.006,10,0.0075,0.015,9315,9,4,0.13601717659688675,False
1,3,38,100,30,0.015,0.006,10,0.0075,0.015,9196,8,4,0.13745106568073076,False
1,3,39,100,30,0.015,0.006,10,0.0075,0.015,9074,6,2,0.14150319594445668,False
1,3,40,100,30,0.015,0.006,10,0.0075,0.015,8959,7,3,0.14331956691595044,False
1,3,41,100,30,0.015,0.006,10,0.0075,0.015,9280,8,2,0.1706896551724138,False
1,3,42,100,30,0.015,0.006,10,0.0075,0.015,9296,5,2,0.17545180722891565,False
1,3,43,100,30,0.015,0.006,10,0.0075,0.015,9283,9,3,0.17386620704513628,False
1,3,44,100,30,0.015,0.006,10,0.0075,0.015,9241,8,3,0.17909317173466074,False
1,3,45,100,30,0.015,0.006,10,0.0075,0.015,9236,8,3,0.18135556517973148,False
1,3,46,100,30,0.015,0.006,10,0.0075,0.015,8893,9,3,0.1675475092769594,False
1,3,47,100,30,0.015,0.006,10,0.0075,0.015,8806,10,4,0.16727231433113787,False
1,3,48,100,30,0.015,0.006,10,0.0075,0.015,8721,15,3,0.16741199403738102,False
1,3,49,100,30,0.015,0.006,10,0.0075,0.015,8654,15,5,0.17067252137739775,False
1,3,50,100,30,0.015,0.006,10,0.0075,0.015,8543,18,8,0.1710172070701159,False
1,3,51,100,30,0.015,0.006,10,0.0075,0.015,8472,20,6,0.17457507082152973,False
1,3,52,100,30,0.015,0.006,10,0.0075,0.015,8384,20,6,0.1762881679389313,False
1,4,1,100,30,0.015,0.006,10,0.0075,0.015,8302,21,7,0.17622259696458684,False
1,4,2,100,30,0.015,0.006,10,0.0075,0.015,8220,18,8,0.17773722627737226,False
1,4,3,100,30,0.015,0.006,10,0.0075,0.015,8138,20,9,0.1787908577045957,False
1,4,4,100,30,0.015,0.006,10,0.0075,0.015,8046,19,6,0.18058662689535174,False
1,4,5,100,30,0.015,0.006,10,0.0075,0.015,7976,16,6,0.1826730190571715,False
1,4,6,100,30,0.015,0.006,10,0.0075,0.015,7884,17,9,0.18531202435312025,False
1,4,7,100,30,0.015,0.006,10,0.0075,0.015,7791,16,9,0.18701065331793096,False
1,4,8,100,30,0.015,0.006,10,0.0075,0.015,7716,11,6,0.18895800933125972,False
1,4,9,100,30,0.015,0.006,10,0.0075,0.015,7624,9,4,0.19084470094438616,False
1,4,10,100,30,0.015,0.006,10,0.0075,0.015,7526,10,5,0.19293117193728407,False
1,4,11,100,30,0.015,0.006,10,0.0075,0.015,7435,11,3,0.19394754539340955,False
1,4,12,100,30,0.015,0.006,10,0.0075,0.015,7345,6,0,0.19469026548672566,False
1,4,13,100,30,0.015,0.006,10,0.0075,0.015,7257,6,2,0.19691332506545403,False
1,4,14,100,30,0.015,0.006,10,0.0075,0.015,7169,8,5,0.19877249267680291,False
1,4,15,100,30,0.015,0.006,10,0.0075,0.015,7070,7,3,0.2,False
1,4,16,100,30,0.015,0.006,10,0.0075,0.015,7016,4,2,0.2023945267958951,False
1,4,17,100,30,0.015,0.006,10,0.0075,0.015,6917,4,2,0.2037010264565563,False
1,4,18,100,30,0.015,0.006,10,0.0075,0.015,14141,2,2,0.10140725549819674,False
1,4,19,100,30,0.015,0.006,10,0.0075,0.015,13909,7,2,0.1033144007477173,False
1,4,20,100,30,0.015,0.006,10,0.0075,0.015,13594,5,0,0.10607621009268794,False
1,4,21,100,30,0.015,0.006,10,0.0075,0.015,13276,4,0,0.1091443205784875,False
1,4,22,100,30,0.015,0.006,10,0.0075,0.015,12930,4,1,0.11183294663573086,False
1,4,23,100,30,0.015,0.006,10,0.0075,0.015,12660,10,4,0.11350710900473934,False
1,4,24,100,30,0.015,0.006,10,0.0075,0.015,12363,12,5,0.11639569683733722,False
1,4,25,100,30,0.015,0.006,10,0.0075,0.015,12125,17,4,0.11901030927835052,False
1,4,26,100,30,0.015,0.006,10,0.0075,0.015,11880,16,6,0.12154882154882155,False
1,4,27,100,30,0.015,0.006,10,0.0075,0.015,11656,19,5,0.12414207275223062,False
1,4,28,100,30,0.015,0.006,10,0.0075,0.015,11405,21,6,0.12687417799210873,False
1,4,29,100,30,0.015,0.006,10,0.0075,0.015,11168,27,6,0.12992478510028654,False
1,4,30,100,30,0.015,0.006,10,0.0075,0.015,10922,22,9,0.1315693096502472,False
1,4,31,100,30,0.015,0.006,10,0.0075,0.015,10684,21,16,0.1347809809060277,False
1,4,32,100,30,0.015,0.006,10,0.0075,0.015,10424,17,9,0.13775901765157328,False
1,4,33,100,30,0.015,0.006,10,0.0075,0.015,10203,10,2,0.13946878369107124,False
1,4,34,100,30,0.015,0.006,10,0.0075,0.015,9993,12,4,0.14229960972680877,False
1,4,35,100,30,0.015,0.006,10,0.0075,0.015,9788,16,5,0.1446669391091132,False
1,4,36,100,30,0.015,0.006,10,0.0075,0.015,9616,19,2,0.14777454242928453,False
1,4,37,100,30,0.015,0.006,10,0.0075,0.015,9390,22,8,0.15026624068157615,False
1,4,38,100,30,0.015,0.006,10,0.0075,0.015,9268,22,11,0.15278377211911956,False
1,4,39,100,30,0.015,0.006,10,0.0075,0.015,9158,19,7,0.15472810657348765,False
1,4,40,100,30,0.015,0.006,10,0.0075,0.015,9062,18,8,0.15747075700728316,False
1,4,41,100,30,0.015,0.006,10,0.0075,0.015,9431,16,8,0.18608843176757503,False
1,4,42,100,30,0.015,0.006,10,0.0075,0.015,9427,13,6,0.19136522753792298,False
1,4,43,100,30,0.015,0.006,10,0.0075,0.015,9316,16,4,0.18967367969085444,False
1,4,44,100,30,0.015,0.006,10,0.0075,0.015,9269,12,5,0.19085122451181358,False
1,4,45,100,30,0.015,0.006,10,0.0075,0.015,9287,16,7,0.19435770431786367,False
1,4,46,100,30,0.015,0.006,10,0.0075,0.015,8979,16,5,0.1836507406169952,False
1,4,47,100,30,0.015,0.006,10,0.0075,0.015,8888,14,5,0.18361836183618363,False
1,4,48,100,30,0.015,0.006,10,0.0075,0.015,8823,14,5,0.18463107786467187,False
1,4,49,100,30,0.015,0.006,10,0.0075,0.015,8730,12,6,0.18671248568155785,False
1,4,50,100,30,0.015,0.006,10,0.0075,0.015,8664,13,8,0.18732686980609417,False
1,4,51,100,30,0.015,0.006,10,0.0075,0.015,8567,12,5,0.18828061164935217,False
1,4,52,100,30,0.015,0.006,10,0.0075,0.015,8515,10,4,0.19095713446858484,False
1,5,1,100,30,0.015,0.006,10,0.0075,0.015,8422,9,3,0.1936594633103776,False
1,5,2,100,30,0.015,0.006,10,0.0075,0.015,8324,6,3,0.19569918308505527,False
1,5,3,100,30,0.015,0.006,10,0.0075,0.015,8219,7,6,0.19844263292371334,False
1,5,4,100,30,0.015,0.006,10,0.0075,0.015,8119,8,4,0.20076364084246828,False
1,5,5,100,30,0.015,0.006,10,0.0075,0.015,8026,7,3,0.20284076750560678,False
1,5,6,100,30,0.015,0.006,10,0.0075,0.015,7939,8,3,0.20355208464542135,False
1,5,7,100,30,0.015,0.006,10,0.0075,0.015,7849,8,1,0.20614090967002166,False
1,5,8,100,30,0.015,0.006,10,0.0075,0.015,7776,7,2,0.20679012345679013,False
1,5,9,100,30,0.015,0.006,10,0.0075,0.015,7695,8,5,0.2079272254710851,False
1,5,10,100,30,0.015,0.006,10,0.0075,0.015,7606,9,5,0.21049171706547462,False
1,5,11,100,30,0.015,0.006,10,0.0075,0.015,7520,8,3,0.211968085106383,False
1,5,12,100,30,0.015,0.006,10,0.0075,0.015,7441,7,3,0.2140841284773552,False
1,5,13,100,30,0.015,0.006,10,0.0075,0.015,7378,8,4,0.21469232854432097,False
1,5,14,100,30,0.015,0.006,10,0.0075,0.015,7305,8,2,0.21697467488021902,False
1,5,15,100,30,0.015,0.006,10,0.0075,0.015,7205,5,1,0.21998612074947954,False
1,5,16,100,30,0.015,0.006,10,0.0075,0.015,7139,7,3,0.22061913433253957,False
1,5,17,100,30,0.015,0.006,10,0.0075,0.015,7078,8,3,0.2230856174060469,False
1,5,18,100,30,0.015,0.006,10,0.0075,0.015,14710,8,2,0.10863358259687288,False
1,5,19,100,30,0.015,0.006,10,0.0075,0.015,14490,13,3,0.11083505866114562,False
1,5,20,100,30,0.015,0.006,10,0.0075,0.015,14211,18,4,0.11343325592850609,False
1,5,21,100,30,0.015,0.006,10,0.0075,0.015,13957,17,4,0.1166439779322204,False
1,5,22,100,30,0.015,0.006,10,0.0075,0.015,13687,17,8,0.11931029443997954,False
1,5,23,100,30,0.015,0.006,10,0.0075,0.015,13397,16,8,0.12249010972605807,False
1,5,24,100,30,0.015,0.006,10,0.0075,0.015,13103,10,3,0.12432267419674883,False
1,5,25,100,30,0.015,0.006,10,0.0075,0.015,12846,10,4,0.12712128288961544,False
1,5,26,100,30,0.015,0.006,10,0.0075,0.015,12533,11,5,0.1305353865794303,False
1,5,27,100,30,0.015,0.006,10,0.0075,0.015,12241,12,4,0.13348582632137898,False
1,5,28,100,30,0.015,0.006,10,0.0075,0.015,12020,11,4,0.13569051580698835,False
1,5,29,100,30,0.015,0.006,10,0.0075,0.015,11733,12,3,0.13926532003750106,False
1,5,30,100,30,0.015,0.006,10,0.0075,0.015,11454,13,4,0.14134800069844597,False
1,5,31,100,30,0.015,0.006,10,0.0075,0.015,11218,15,5,0.1442324835086468,False
1,5,32,100,30,0.015,0.006,10,0.0075,0.015,10994,12,8,0.1473531016918319,False
1,5,33,100,30,0.015,0.006,10,0.0075,0.015,10733,11,6,0.15047051150656854,False
1,5,34,100,30,0.015,0.006,10,0.0075,0.015,10517,5,1,0.15346581724826472,False
1,5,35,100,30,0.015,0.006,10,0.0075,0.015,10251,4,2,0.15666764218125062,False
1,5,36,100,30,0.015,0.006,10,0.0075,0.015,10037,5,3,0.16020723323702302,False
1,5,37,100,30,0.015,0.006,10,0.0075,0.015,9836,8,3,0.16358275721838145,False
1,5,38,100,30,0.015,0.006,10,0.0075,0.015,9730,8,4,0.16557040082219937,False
1,5,39,100,30,0.015,0.006,10,0.0075,0.015,9615,7,2,0.1672386895475819,False
1,5,40,100,30,0.015,0.006,10,0.0075,0.015,9513,5,3,0.16892673184063914,False
1,5,41,100,30,0.015,0.006,10,0.0075,0.015,9905,6,3,0.19202423018677436,False
1,5,42,100,30,0.015,0.006,10,0.0075,0.015,9856,3,2,0.19581980519480519,False
1,5,43,100,30,0.015,0.006,10,0.0075,0.015,9829,3,2,0.1991046902024621,False
1,5,44,100,30,0.015,0.006,10,0.0075,0.015,9796,1,0,0.20130665577786852,False
1,5,45,100,30,0.015,0.006,10,0.0075,0.015,9751,1,1,0.20408163265306123,False
1,5,46,100,30,0.015,0.006,10,0.0075,0.015,9402,1,1,0.19400127632418634,False
1,5,47,100,30,0.015,0.006,10,0.0075,0.015,9304,0,0,0.1943250214961307,False
1,5,48,100,30,0.015,0.006,10,0.0075,0.015,9227,0,0,0.19594667822694267,False
1,5,49,100,30,0.015,0.006,10,0.0075,0.015,9115,0,0,0.19670872188699945,False
1,5,50,100,30,0.015,0.006,10,0.0075,0.015,9026,0,0,0.1989807223576335,False
1,5,51,100,30,0.015,0.006,10,0.0075,0.015,8930,0,0,0.2002239641657335,False
1,5,52,100,30,0.015,0.006,10,0.0075,0.015,8865,0,0,0.20236886632825718,False
1,6,1,100,30,0.015,0.006,10,0.0075,0.015,8776,0,0,0.20487693710118504,False
1,6,2,100,30,0.015,0.006,10,0.0075,0.015,8691,0,0,0.20665055804855598,False
1,6,3,100,30,0.015,0.006,10,0.0075,0.015,8600,0,0,0.2091860465116279,False
1,6,4,100,30,0.015,0.006,10,0.0075,0.015,8495,0,0,0.21094761624484992,False
1,6,5,100,30,0.015,0.006,10,0.0075,0.015,8401,0,0,0.21271277228901322,False
1,6,6,100,30,0.015,0.006,10,0.0075,0.015,8312,0,0,0.2143888354186718,False
1,6,7,100,30,0.015,0.006,10,0.0075,0.015,8222,0,0,0.21661396253952808,False
1,6,8,100,30,0.015,0.006,10,0.0075,0.015,8117,0,0,0.21929284218307257,False
1,6,9,100,30,0.015,0.006,10,0.0075,0.015,8021,0,0,0.2211694302456053,False
1,6,10,100,30,0.015,0.006,10,0.0075,0.015,7949,0,0,0.22455654799345828,False
1,6,11,100,30,0.015,0.006,10,0.0075,0.015,7847,0,0,0.22760290556900725,False
1,6,12,100,30,0.015,0.006,10,0.0075,0.015,7761,0,0,0.23025383326890864,False
1,6,13,100,30,0.015,0.006,10,0.0075,0.015,7665,0,0,0.23131115459882584,False
1,6,14,100,30,0.015,0.006,10,0.0075,0.015,7602,0,0,0.2333596421994212,False
1,6,15,100,30,0.015,0.006,10,0.0075,0.015,7503,0,0,0.23510595761695322,False
1,6,16,100,30,0.015,0.006,10,0.0075,0.015,7413,0,0,0.23715095103197087,False
1,6,17,100,30,0.015,0.006,10,0.0075,0.015,7328,0,0,0.23935589519650655,False
1,6,18,100,30,0.015,0.006,10,0.0075,0.015,15160,0,0,0.11609498680738786,False
1,6,19,100,30,0.015,0.006,10,0.0075,0.015,14910,0,0,0.11777330650570088,False
1,6,20,100,30,0.015,0.006,10,0.0075,0.015,14587,0,0,0.12017549873174745,False
1,6,21,100,30,0.015,0.006,10,0.0075,0.015,14300,0,0,0.12398601398601398,False
1,6,22,100,30,0.015,0.006,10,0.0075,0.015,14036,0,0,0.12638928469649474,False
1,6,23,100,30,0.015,0.006,10,0.0075,0.015,13748,0,0,0.12903695082921152,False
1,6,24,100,30,0.015,0.006,10,0.0075,0.015,13452,0,0,0.13172762414510852,False
1,6,25,100,30,0.015,0.006,10,0.0075,0.015,13222,0,0,0.1348510058992588,False
1,6,26,100,30,0.015,0.006,10,0.0075,0.015,12994,0,0,0.136986301369863,False
1,6,27,100,30,0.015,0.006,10,0.0075,0.015,12749,0,0,0.13969723115538474,False
1,6,28,100,30,0.015,0.006,10,0.0075,0.015,12521,0,0,0.141362510981551,False
1,6,29,100,30,0.015,0.006,10,0.0075,0.015,12274,0,0,0.14339253707022975,False
1,6,30,100,30,0.015,0.006,10,0.0075,0.015,12036,0,0,0.14714190761050183,False
1,6,31,100,30,0.015,0.006,10,0.0075,0.015,11820,0,0,0.14991539763113368,False
1,6,32,100,30,0.015,0.006,10,0.0075,0.015,11600,0,0,0.15241379310344827,False
1,6,33,100,30,0.015,0.006,10,0.0075,0.015,11384,0,0,0.15583274771609276,False
1,6,34,100,30,0.015,0.006,10,0.0075,0.015,11155,0,0,0.15750784401613627,False
1,6,35,100,30,0.015,0.006,10,0.0075,0.015,10959,0,0,0.16041609635915685,False
1,6,36,100,30,0.015,0.006,10,0.0075,0.015,10686,0,0,0.16254912970241436,False
1,6,37,100,30,0.015,0.006,10,0.0075,0.015,10453,0,0,0.16569405912178323,False
1,6,38,100,30,0.015,0.006,10,0.0075,0.015,10326,0,0,0.1672477241913616,False
1,6,39,100,30,0.015,0.006,10,0.0075,0.015,10188,0,0,0.17000392618767177,False
1,6,40,100,30,0.015,0.006,10,0.0075,0.015,10073,0,0,0.17263972997121016,False
1,6,41,100,30,0.015,0.006,10,0.0075,0.015,10433,0,0,0.19543755391546055,False
1,6,42,100,30,0.015,0.006,10,0.0075,0.015,10427,0,0,0.1969885873213772,False
1,6,43,100,30,0.015,0.006,10,0.0075,0.015,10388,0,0,0.2000385059684251,False
1,6,44,100,30,0.015,0.006,10,0.0075,0.015,10415,0,0,0.2041286605856937,False
1,6,45,100,30,0.015,0.006,10,0.0075,0.015,10405,0,0,0.2059586737145603,False
1,6,46,100,30,0.015,0.006,10,0.0075,0.015,10055,0,0,0.1963202386872203,False
1,6,47,100,30,0.015,0.006,10,0.0075,0.015,9923,0,0,0.19701703113977628,False
1,6,48,100,30,0.015,0.006,10,0.0075,0.015,9843,0,0,0.19800873717362594,False
1,6,49,100,30,0.015,0.006,10,0.0075,0.015,9745,0,0,0.19979476654694714,False
1,6,50,100,30,0.015,0.006,10,0.0075,0.015,9661,0,0,0.20132491460511334,False
1,6,51,100,30,0.015,0.006,10,0.0075,0.015,9595,0,0,0.20333507034914017,False
1,6,52,100,30,0.015,0.006,10,0.0075,0.015,9482,0,0,0.20544188989664627,False
1,7,1,100,30,0.015,0.006,10,0.0075,0.015,9383,0,0,0.20739635511030588,False
1,7,2,100,30,0.015,0.006,10,0.0075,0.015,9273,0,0,0.20985657284589668,False
1,7,3,100,30,0.015,0.006,10,0.0075,0.015,9180,0,0,0.2116557734204793,False
1,7,4,100,30,0.015,0.006,10,0.0075,0.015,9066,0,0,0.21233178910213987,False
1,7,5,100,30,0.015,0.006,10,0.0075,0.015,8972,0,0,0.21555951850200625,False
1,7,6,100,30,0.015,0.006,10,0.0075,0.015,8868,0,0,0.21763644564727108,False
1,7,7,100,30,0.015,0.006,10,0.0075,0.015,8781,0,0,0.21990661655847854,False
1,7,8,100,30,0.015,0.006,10,0.0075,0.015,8679,0,0,0.22191496716211545,False
1,7,9,100,30,0.015,0.006,10,0.0075,0.015,8579,0,0,0.2240354353654272,False
1,7,10,100,30,0.015,0.006,10,0.0075,0.015,8503,0,0,0.2262730800893802,False
1,7,11,100,30,0.015,0.006,10,0.0075,0.015,8419,0,0,0.22769925169260008,False
1,7,12,100,30,0.015,0.006,10,0.0075,0.015,8334,0,0,0.23002159827213822,False
1,7,13,100,30,0.015,0.006,10,0.0075,0.015,8243,0,0,0.2329249059808322,False
1,7,14,100,30,0.015,0.006,10,0.0075,0.015,8156,0,0,0.2355321235899951,False
1,7,15,100,30,0.015,0.006,10,0.0075,0.015,8068,0,0,0.23710956866633615,False
1,7,16,100,30,0.015,0.006,10,0.0075,0.015,7970,0,0,0.2382685069008783,False
1,7,17,100,30,0.015,0.006,10,0.0075,0.015,7872,0,0,0.24161585365853658,False
1,7,18,100,30,0.015,0.006,10,0.0075,0.015,16468,0,0,0.11598251153752732,False
1,7,19,100,30,0.015,0.006,10,0.0075,0.015,16194,0,0,0.11825367420032111,False
1,7,20,100,30,0.015,0.006,10,0.0075,0.015,15857,0,0,0.12076685375543923,False
1,7,21,100,30,0.015,0.006,10,0.0075,0.015,15550,0,0,0.12411575562700965,False
1,7,22,100,30,0.015,0.006,10,0.0075,0.015,15232,0,0,0.12821691176470587,False
1,7,23,100,30,0.015,0.006,10,0.0075,0.015,14955,0,0,0.13099297893681044,False
1,7,24,100,30,0.015,0.006,10,0.0075,0.015,14639,0,0,0.13382061616230617,False
1,7,25,100,30,0.015,0.006,10,0.0075,0.015,14355,0,0,0.13702542668059908,False
1,7,26,100,30,0.015,0.006,10,0.0075,0.015,14083,0,0,0.13974295249591706,False
1,7,27,100,30,0.015,0.006,10,0.0075,0.015,13804,0,0,0.14198782961460446,False
1,7,28,100,30,0.015,0.006,10,0.0075,0.015,13494,0,0,0.14532384763598635,False
1,7,29,100,30,0.015,0.006,10,0.0075,0.015,13279,0,0,0.14767678289027789,False
1,7,30,100,30,0.015,0.006,10,0.0075,0.015,12962,0,0,0.14959111248264156,False
1,7,31,100,30,0.015,0.006,10,0.0075,0.015,12683,0,0,0.15264527320034693,False
1,7,32,100,30,0.015,0.006,10,0.0075,0.015,12429,0,0,0.15560382975299702,False
1,7,33,100,30,0.015,0.006,10,0.0075,0.015,12173,0,0,0.15789041320956215,False
1,7,34,100,30,0.015,0.006,10,0.0075,0.015,11944,0,0,0.16058271935699933,False
1,7,35,100,30,0.015,0.006,10,0.0075,0.015,11654,0,0,0.16406384074137634,False
1,7,36,100,30,0.015,0.006,10,0.0075,0.015,11420,0,0,0.1669877408056042,False
1,7,37,100,30,0.015,0.006,10,0.0075,0.015,11140,0,0,0.16885098743267504,False
1,7,38,100,30,0.015,0.006,10,0.0075,0.015,11003,0,0,0.17049895483050076,False
1,7,39,100,30,0.015,0.006,10,0.0075,0.015,10872,0,0,0.17181751287711552,False
1,7,40,100,30,0.015,0.006,10,0.0075,0.015,10752,0,0,0.17457217261904762,False
1,7,41,100,30,0.015,0.006,10,0.0075,0.015,11178,0,0,0.19439971372338521,False
1,7,42,100,30,0.015,0.006,10,0.0075,0.015,11188,0,0,0.198337504469074,False
1,7,43,100,30,0.015,0.006,10,0.0075,0.015,11116,0,0,0.19710327455919396,False
1,7,44,100,30,0.015,0.006,10,0.0075,0.015,11087,0,0,0.2015874447551186,False
1,7,45,100,30,0.015,0.006,10,0.0075,0.015,11033,0,0,0.2053838484546361,False
1,7,46,100,30,0.015,0.006,10,0.0075,0.015,10694,0,0,0.1959042453712362,False
1,7,47,100,30,0.015,0.006,10,0.0075,0.015,10544,0,0,0.19688922610015175,False
1,7,48,100,30,0.015,0.006,10,0.0075,0.015,10427,0,0,0.19861896998177808,False
1,7,49,100,30,0.015,0.006,10,0.0075,0.015,10315,0,0,0.1992244304411052,False
1,7,50,100,30,0.015,0.006,10,0.0075,0.015,10209,0,0,0.2009991184249192,False
1,7,51,100,30,0.015,0.006,10,0.0075,0.015,10087,0,0,0.2021413700803014,False
1,7,52,100,30,0.015,0.006,10,0.0075,0.015,9987,0,0,0.2044658055472114,False
1,8,1,100,30,0.015,0.006,10,0.0075,0.015,9867,0,0,0.2077632512415121,False
1,8,2,100,30,0.015,0.006,10,0.0075,0.015,9764,0,0,0.20954526833265055,False
1,8,3,100,30,0.015,0.006,10,0.0075,0.015,9674,0,0,0.21170146785197436,False
1,8,4,100,30,0.015,0.006,10,0.0075,0.015,9568,0,0,0.2140468227424749,False
1,8,5,100,30,0.015,0.006,10,0.0075,0.015,9490,0,0,0.21591148577449948,False
1,8,6,100,30,0.015,0.006,10,0.0075,0.015,9385,0,0,0.219286094832179,False
1,8,7,100,30,0.015,0.006,10,0.0075,0.015,9282,0,0,0.22053436759319112,False
1,8,8,100,30,0.015,0.006,10,0.0075,0.015,9193,0,0,0.22201675187642772,False
1,8,9,100,30,0.015,0.006,10,0.0075,0.015,9095,0,0,0.22385926333150083,False
1,8,10,100,30,0.015,0.006,10,0.0075,0.015,9001,0,0,0.22697478057993556,False
1,8,11,100,30,0.015,0.006,10,0.0075,0.015,8898,0,0,0.22960215778826704,False
1,8,12,100,30,0.015,0.006,10,0.0075,0.015,8792,0,0,0.23157415832575068,False
1,8,13,100,30,0.015,0.006,10,0.0075,0.015,8693,0,0,0.23352122397331185,False
1,8,14,100,30,0.015,0.006,10,0.0075,0.015,8609,0,0,0.23568358694389593,False
1,8,15,100,30,0.015,0.006,10,0.0075,0.015,8524,0,0,0.23697794462693572,False
1,8,16,100,30,0.015,0.006,10,0.0075,0.015,8420,0,0,0.23978622327790974,False
1,8,17,100,30,0.015,0.006,10,0.0075,0.015,8331,0,0,0.24066738686832312,False
1,8,18,100,30,0.015,0.006,10,0.0075,0.015,17295,0,0,0.11662330153223475,False
1,8,19,100,30,0.015,0.006,10,0.0075,0.015,17027,0,0,0.11922241146414518,False
1,8,20,100,30,0.015,0.006,10,0.0075,0.015,16655,0,0,0.12170519363554488,False
1,8,21,100,30,0.015,0.006,10,0.0075,0.015,16322,0,0,0.12535228525915942,False
1,8,22,100,30,0.015,0.006,10,0.0075,0.015,15999,0,0,0.12863303956497282,False
1,8,23,100,30,0.015,0.006,10,0.0075,0.015,15662,0,0,0.13095390116204828,False
1,8,24,100,30,0.015,0.006,10,0.0075,0.015,15339,0,0,0.1331247147793207,False
1,8,25,100,30,0.015,0.006,10,0.0075,0.015,14948,0,0,0.13667380251538666,False
1,8,26,100,30,0.015,0.006,10,0.0075,0.015,14666,0,0,0.1398472657848084,False
1,8,27,100,30,0.015,0.006,10,0.0075,0.015,14393,0,0,0.14284721739734593,False
1,8,28,100,30,0.015,0.006,10,0.0075,0.015,14148,0,0,0.14567430025445294,False
1,8,29,100,30,0.015,0.006,10,0.0075,0.015,13899,0,0,0.14749262536873156,False
1,8,30,100,30,0.015,0.006,10,0.0075,0.015,13616,0,0,0.1489424206815511,False
1,8,31,100,30,0.015,0.006,10,0.0075,0.015,13358,0,0,0.15114538104506664,False
1,8,32,100,30,0.015,0.006,10,0.0075,0.015,13083,0,0,0.15386379270809447,False
1,8,33,100,30,0.015,0.006,10,0.0075,0.015,12823,0,0,0.15651563596662246,False
1,8,34,100,30,0.015,0.006,10,0.0075,0.015,12585,0,0,0.15868096940802542,False
1,8,35,100,30,0.015,0.006,10,0.0075,0.015,12319,0,0,0.16218848932543226,False
1,8,36,100,30,0.015,0.006,10,0.0075,0.015,12111,0,0,0.165056560151928,False
1,8,37,100,30,0.015,0.006,10,0.0075,0.015,11909,0,0,0.16768830296414478,False
1,8,38,100,30,0.015,0.006,10,0.0075,0.015,11768,0,0,0.16978246091094493,False
1,8,39,100,30,0.015,0.006,10,0.0075,0.015,11639,0,0,0.17097688804880146,False
1,8,40,100,30,0.015,0.006,10,0.0075,0.015,11492,0,0,0.1735120083536373,False
1,8,41,100,30,0.015,0.006,10,0.0075,0.015,11887,0,0,0.19205855135862707,False
1,8,42,100,30,0.015,0.006,10,0.0075,0.015,11889,0,0,0.19656825637143577,False
1,8,43,100,30,0.015,0.006,10,0.0075,0.015,11886,0,0,0.2004879690392058,False
1,8,44,100,30,0.015,0.006,10,0.0075,0.015,11838,0,0,0.20417300219631696,False
1,8,45,100,30,0.015,0.006,10,0.0075,0.015,11776,0,0,0.20711616847826086,False
1,8,46,100,30,0.015,0.006,10,0.0075,0.015,11378,0,0,0.19748637721919493,False
1,8,47,100,30,0.015,0.006,10,0.0075,0.015,11231,0,0,0.197845249755142,False
1,8,48,100,30,0.015,0.006,10,0.0075,0.015,11103,0,0,0.19904530307124202,False
1,8,49,100,30,0.015,0.006,10,0.0075,0.015,10973,0,0,0.20195024150186822,False
1,8,50,100,30,0.015,0.006,10,0.0075,0.015,10852,0,0,0.20318835237744196,False
1,8,51,100,30,0.015,0.006,10,0.0075,0.015,10715,0,0,0.2048530097993467,False
1,8,52,100,30,0.015,0.006,10,0.0075,0.015,10627,0,0,0.20664345534958126,False
1,9,1,100,30,0.015,0.006,10,0.0075,0.015,10501,0,0,0.2075040472335968,False
1,9,2,100,30,0.015,0.006,10,0.0075,0.015,10393,0,0,0.20994900413740017,False
1,9,3,100,30,0.015,0.006,10,0.0075,0.015,10285,0,0,0.21127856101118134,False
1,9,4,100,30,0.015,0.006,10,0.0075,0.015,10169,0,0,0.21329530927328155,False
1,9,5,100,30,0.015,0.006,10,0.0075,0.015,10069,0,0,0.2153143311153044,False
1,9,6,100,30,0.015,0.006,10,0.0075,0.015,9959,0,0,0.21688924590822373,False
1,9,7,100,30,0.015,0.006,10,0.0075,0.015,9850,0,0,0.21979695431472082,False
1,9,8,100,30,0.015,0.006,10,0.0075,0.015,9748,0,0,0.2215839146491588,False
1,9,9,100,30,0.015,0.006,10,0.0075,0.015,9651,0,0,0.2229820743964356,False
1,9,10,100,30,0.015,0.006,10,0.0075,0.015,9551,0,0,0.22489791644853943,False
1,9,11,100,30,0.015,0.006,10,0.0075,0.015,9463,0,0,0.2282574236500053,False
1,9,12,100,30,0.015,0.006,10,0.0075,0.015,9355,0,0,0.2306787814003207,False
1,9,13,100,30,0.015,0.006,10,0.0075,0.015,9257,0,0,0.23268877606135896,False
1,9,14,100,30,0.015,0.006,10,0.0075,0.015,9159,0,0,0.2345234195872912,False
1,9,15,100,30,0.015,0.006,10,0.0075,0.015,9059,0,0,0.23633955182691246,False
1,9,16,100,30,0.015,0.006,10,0.0075,0.015,8978,0,0,0.2382490532412564,False
1,9,17,100,30,0.015,0.006,10,0.0075,0.015,8880,0,0,0.23952702702702702,False
1,9,18,100,30,0.015,0.006,10,0.0075,0.015,18022,0,0,0.11147486405504384,False
1,9,19,100,30,0.015,0.006,10,0.0075,0.015,17782,0,0,0.11387920368912384,False
1,9,20,100,30,0.015,0.006,10,0.0075,0.015,17443,0,0,0.1166083815857364,False
1,9,21,100,30,0.015,0.006,10,0.0075,0.015,17076,0,0,0.11899742328414148,False
1,9,22,100,30,0.015,0.006,10,0.0075,0.015,16740,0,0,0.12162485065710872,False
1,9,23,100,30,0.015,0.006,10,0.0075,0.015,16400,0,0,0.12432926829268293,False
1,9,24,100,30,0.015,0.006,10,0.0075,0.015,16086,0,0,0.12750217580504786,False
1,9,25,100,30,0.015,0.006,10,0.0075,0.015,15782,0,0,0.130528450133063,False
1,9,26,100,30,0.015,0.006,10,0.0075,0.015,15474,0,0,0.1334496574899832,False
1,9,27,100,30,0.015,0.006,10,0.0075,0.015,15101,0,0,0.13654724852658764,False
1,9,28,100,30,0.015,0.006,10,0.0075,0.015,14855,0,0,0.13981824301581958,False
1,9,29,100,30,0.015,0.006,10,0.0075,0.015,14585,0,0,0.14199520054850875,False
1,9,30,100,30,0.015,0.006,10,0.0075,0.015,14330,0,0,0.1451500348918353,False
1,9,31,100,30,0.015,0.006,10,0.0075,0.015,14025,0,0,0.1480926916221034,False
1,9,32,100,30,0.015,0.006,10,0.0075,0.015,13727,0,0,0.15167188752094413,False
1,9,33,100,30,0.015,0.006,10,0.0075,0.015,13413,0,0,0.15447699992544547,False
1,9,34,100,30,0.015,0.006,10,0.0075,0.015,13117,0,0,0.15590455134558207,False
1,9,35,100,30,0.015,0.006,10,0.0075,0.015,12911,0,0,0.1592440554565874,False
1,9,36,100,30,0.015,0.006,10,0.0075,0.015,12706,0,0,0.1617346135683929,False
1,9,37,100,30,0.015,0.006,10,0.0075,0.015,12425,0,0,0.16346076458752515,False
1,9,38,100,30,0.015,0.006,10,0.0075,0.015,12267,0,0,0.16629982880899977,False
1,9,39,100,30,0.015,0.006,10,0.0075,0.015,12142,0,0,0.16858837094383133,False
1,9,40,100,30,0.015,0.006,10,0.0075,0.015,11992,0,0,0.1695296864576384,False
1,9,41,100,30,0.015,0.006,10,0.0075,0.015,12397,0,0,0.18665806243445995,False
1,9,42,100,30,0.015,0.006,10,0.0075,0.015,12335,0,0,0.1923794081880827,False
1,9,43,100,30,0.015,0.006,10,0.0075,0.015,12281,0,0,0.19306245419754092,False
1,9,44,100,30,0.015,0.006,10,0.0075,0.015,12229,0,0,0.19478289312290456,False
1,9,45,100,30,0.015,0.006,10,0.0075,0.015,12225,0,0,0.19795501022494888,False
1,9,46,100,30,0.015,0.006,10,0.0075,0.015,11830,0,0,0.19027895181741336,False
1,9,47,100,30,0.015,0.006,10,0.0075,0.015,11669,0,0,0.19084754477675894,False
1,9,48,100,30,0.015,0.006,10,0.0075,0.015,11528,0,0,0.19101318528799444,False
1,9,49,100,30,0.015,0.006,10,0.0075,0.015,11391,0,0,0.1924326222456325,False
1,9,50,100,30,0.015,0.006,10,0.0075,0.015,11266,0,0,0.19323628617077934,False
1,9,51,100,30,0.015,0.006,10,0.0075,0.015,11131,0,0,0.1957595903333034,False
1,9,52,100,30,0.015,0.006,10,0.0075,0.015,10985,0,0,0.19790623577605826,False
1,10,1,100,30,0.015,0.006,10,0.0075,0.015,10875,0,0,0.20036781609195403,False
1,10,2,100,30,0.015,0.006,10,0.0075,0.015,10749,0,0,0.2030886594101777,False
1,10,3,100,30,0.015,0.006,10,0.0075,0.015,10628,0,0,0.20464809936018066,False
1,10,4,100,30,0.015,0.006,10,0.0075,0.015,10503,0,0,0.20746453394268305,False
1,10,5,100,30,0.015,0.006,10,0.0075,0.015,10371,0,0,0.20885160543824124,False
1,10,6,100,30,0.015,0.006,10,0.0075,0.015,10286,0,0,0.2110635815671787,False
1,10,7,100,30,0.015,0.006,10,0.0075,0.015,10177,0,0,0.21165372899675738,False
1,10,8,100,30,0.015,0.006,10,0.0075,0.015,10052,0,0,0.2140867489056904,False
1,10,9,100,30,0.015,0.006,10,0.0075,0.015,9946,0,0,0.21636838930223204,False
1,10,10,100,30,0.015,0.006,10,0.0075,0.015,9842,0,0,0.21774029668766512,False
1,10,11,100,30,0.015,0.006,10,0.0075,0.015,9732,0,0,0.22040690505548705,False
1,10,12,100,30,0.015,0.006,10,0.0075,0.015,9651,0,0,0.22132421510724276,False
1,10,13,100,30,0.015,0.006,10,0.0075,0.015,9530,0,0,0.2236096537250787,False
1,10,14,100,30,0.015,0.006,10,0.0075,0.015,9428,0,0,0.2256045820958846,False
1,10,15,100,30,0.015,0.006,10,0.0075,0.015,9324,0,0,0.2264049764049764,False
1,10,16,100,30,0.015,0.006,10,0.0075,0.015,9222,0,0,0.2283669486011711,False
1,10,17,100,30,0.015,0.006,10,0.0075,0.015,9149,0,0,0.22953328232593725,False
1,10,18,100,30,0.015,0.006,10,0.0075,0.015,18858,0,0,0.10748753844522219,False
1,10,19,100,30,0.015,0.006,10,0.0075,0.015,18624,0,0,0.10991194158075601,False
1,10,20,100,30,0.015,0.006,10,0.0075,0.015,18252,0,0,0.1123712469866316,False
1,10,21,100,30,0.015,0.006,10,0.0075,0.015,17897,0,0,0.11471196289880986,False
1,10,22,100,30,0.015,0.006,10,0.0075,0.015,17497,0,0,0.11699148425444363,False
1,10,23,100,30,0.015,0.006,10,0.0075,0.015,17161,0,0,0.12038925470543675,False
1,10,24,100,30,0.015,0.006,10,0.0075,0.015,16874,0,0,0.12249614791987673,False
1,10,25,100,30,0.015,0.006,10,0.0075,0.015,16595,0,0,0.12545947574570654,False
1,10,26,100,30,0.015,0.006,10,0.0075,0.015,16310,0,0,0.12893930104230533,False
1,10,27,100,30,0.015,0.006,10,0.0075,0.015,15944,0,0,0.13127195183140994,False
1,10,28,100,30,0.015,0.006,10,0.0075,0.015,15600,0,0,0.13423076923076924,False
1,10,29,100,30,0.015,0.006,10,0.0075,0.015,15277,0,0,0.13674150684034825,False
1,10,30,100,30,0.015,0.006,10,0.0075,0.015,14985,0,0,0.1402736069402736,False
1,10,31,100,30,0.015,0.006,10,0.0075,0.015,14699,0,0,0.14307095720797333,False
1,10,32,100,30,0.015,0.006,10,0.0075,0.015,14435,0,0,0.14617249740214755,False
1,10,33,100,30,0.015,0.006,10,0.0075,0.015,14176,0,0,0.14778498871331827,False
1,10,34,100,30,0.015,0.006,10,0.0075,0.015,13953,0,0,0.1500035834587544,False
1,10,35,100,30,0.015,0.006,10,0.0075,0.015,13678,0,0,0.15265389676853341,False
1,10,36,100,30,0.015,0.006,10,0.0075,0.015,13440,0,0,0.15461309523809524,False
1,10,37,100,30,0.015,0.006,10,0.0075,0.015,13196,0,0,0.15709305850257654,False
1,10,38,100,30,0.015,0.006,10,0.0075,0.015,13060,0,0,0.1591883614088821,False
1,10,39,100,30,0.015,0.006,10,0.0075,0.015,12895,0,0,0.16161302830554478,False
1,10,40,100,30,0.015,0.006,10,0.0075,0.015,12756,0,0,0.16353088742552524,False
1,10,41,100,30,0.015,0.006,10,0.0075,0.015,13233,0,0,0.1821204564346709,False
1,10,42,100,30,0.015,0.006,10,0.0075,0.015,13210,0,0,0.18433005299015898,False
1,10,43,100,30,0.015,0.006,10,0.0075,0.015,13188,0,0,0.18835304822565968,False
1,10,44,100,30,0.015,0.006,10,0.0075,0.015,13163,0,0,0.1887107802172757,False
1,10,45,100,30,0.015,0.006,10,0.0075,0.015,13125,0,0,0.1913904761904762,False
1,10,46,100,30,0.015,0.006,10,0.0075,0.015,12730,0,0,0.18358208955223881,False
1,10,47,100,30,0.015,0.006,10,0.0075,0.015,12571,0,0,0.18407445708376421,False
1,10,48,100,30,0.015,0.006,10,0.0075,0.015,12449,0,0,0.18419150132540765,False
1,10,49,100,30,0.015,0.006,10,0.0075,0.015,12297,0,0,0.18524843457753923,False
1,10,50,100,30,0.015,0.006,10,0.0075,0.015,12190,0,0,0.18580803937653814,False
1,10,51,100,30,0.015,0.006,10,0.0075,0.015,12064,0,0,0.1883289124668435,False
1,10,52,100,30,0.015,0.006,10,0.0075,0.015,11929,0,0,0.18937044178053483,False
1,11,1,100,30,0.015,0.006,10,0.0075,0.015,11807,0,0,0.19251291606674006,False
1,11,2,100,30,0.015,0.006,10,0.0075,0.015,11660,0,0,0.19493996569468267,False
1,11,3,100,30,0.015,0.006,10,0.0075,0.015,11518,0,0,0.19725646813682932,False
1,11,4,100,30,0.015,0.006,10,0.0075,0.015,11389,0,0,0.19870050048292212,False
1,11,5,100,30,0.015,0.006,10,0.0075,0.015,11254,0,0,0.2005509152301404,False
1,11,6,100,30,0.015,0.006,10,0.0075,0.015,11133,0,0,0.20398814335758556,False
1,11,7,100,30,0.015,0.006,10,0.0075,0.015,11025,0,0,0.20653061224489797,False
1,11,8,100,30,0.015,0.006,10,0.0075,0.015,10922,0,0,0.20829518403222852,False
1,11,9,100,30,0.015,0.006,10,0.0075,0.015,10811,0,0,0.21043381740819536,False
1,11,10,100,30,0.015,0.006,10,0.0075,0.015,10713,0,0,0.21282553906468776,False
1,11,11,100,30,0.015,0.006,10,0.0075,0.015,10590,0,0,0.21473087818696884,False
1,11,12,100,30,0.015,0.006,10,0.0075,0.015,10494,0,0,0.21583762149799884,False
1,11,13,100,30,0.015,0.006,10,0.0075,0.015,10382,0,0,0.21787709497206703,False
1,11,14,100,30,0.015,0.006,10,0.0075,0.015,10256,0,0,0.21996879875195008,False
1,11,15,100,30,0.015,0.006,10,0.0075,0.015,10151,0,0,0.22244113880405872,False
1,11,16,100,30,0.015,0.006,10,0.0075,0.015,10051,0,0,0.22365933737936525,False
1,11,17,100,30,0.015,0.006,10,0.0075,0.015,9944,0,0,0.22606596942880128,False
1,11,18,100,30,0.015,0.006,10,0.0075,0.015,20775,0,0,0.10483754512635379,False
1,11,19,100,30,0.015,0.006,10,0.0075,0.015,20505,0,0,0.10738844184345282,False
1,11,20,100,30,0.015,0.006,10,0.0075,0.015,20076,0,0,0.10988244670253039,False
1,11,21,100,30,0.015,0.006,10,0.0075,0.015,19696,0,0,0.11261169780666125,False
1,11,22,100,30,0.015,0.006,10,0.0075,0.015,19255,0,0,0.11519085951700857,False
1,11,23,100,30,0.015,0.006,10,0.0075,0.015,18841,0,0,0.11857120110397537,False
1,11,24,100,30,0.015,0.006,10,0.0075,0.015,18445,0,0,0.12133369476822987,False
1,11,25,100,30,0.015,0.006,10,0.0075,0.015,18079,0,0,0.12384534542839759,False
1,11,26,100,30,0.015,0.006,10,0.0075,0.015,17661,0,0,0.12615367193250665,False
1,11,27,100,30,0.015,0.006,10,0.0075,0.015,17175,0,0,0.12995633187772926,False
1,11,28,100,30,0.015,0.006,10,0.0075,0.015,16821,0,0,0.1329885262469532,False
1,11,29,100,30,0.015,0.006,10,0.0075,0.015,16494,0,0,0.13556444767794348,False
1,11,30,100,30,0.015,0.006,10,0.0075,0.015,16190,0,0,0.13792464484249536,False
1,11,31,100,30,0.015,0.006,10,0.0075,0.015,15887,0,0,0.1416252281739787,False
1,11,32,100,30,0.015,0.006,10,0.0075,0.015,15624,0,0,0.14400921658986174,False
1,11,33,100,30,0.015,0.006,10,0.0075,0.015,15258,0,0,0.14562852274216803,False
1,11,34,100,30,0.015,0.006,10,0.0075,0.015,14957,0,0,0.1480243364311025,False
1,11,35,100,30,0.015,0.006,10,0.0075,0.015,14698,0,0,0.150360593277997,False
1,11,36,100,30,0.015,0.006,10,0.0075,0.015,14379,0,0,0.15293135823075318,False
1,11,37,100,30,0.015,0.006,10,0.0075,0.015,14159,0,0,0.15686136026555547,False
1,11,38,100,30,0.015,0.006,10,0.0075,0.015,13985,0,0,0.15831247765462997,False
1,11,39,100,30,0.015,0.006,10,0.0075,0.015,13818,0,0,0.1595744680851064,False
1,11,40,100,30,0.015,0.006,10,0.0075,0.015,13661,0,0,0.16148158992753092,False
1,11,41,100,30,0.015,0.006,10,0.0075,0.015,14023,0,0,0.17770805105897455,False
1,11,42,100,30,0.015,0.006,10,0.0075,0.015,13973,1,0,0.1808487797895942,False
1,11,43,100,30,0.015,0.006,10,0.0075,0.015,13919,1,0,0.18284359508585388,False
1,11,44,100,30,0.015,0.006,10,0.0075,0.015,13828,1,0,0.18679490888053224,False
1,11,45,100,30,0.015,0.006,10,0.0075,0.015,13778,1,0,0.18979532588184062,False
1,11,46,100,30,0.015,0.006,10,0.0075,0.015,13414,1,0,0.18227225287013568,False
1,11,47,100,30,0.015,0.006,10,0.0075,0.015,13261,1,1,0.1833949174270417,False
1,11,48,100,30,0.015,0.006,10,0.0075,0.015,13148,1,1,0.18512321265591725,False
1,11,49,100,30,0.015,0.006,10,0.0075,0.015,12963,0,0,0.18575946925865927,False
1,11,50,100,30,0.015,0.006,10,0.0075,0.015,12841,0,0,0.18783583833034811,False
1,11,51,100,30,0.015,0.006,10,0.0075,0.015,12732,0,0,0.18873704052780396,False
1,11,52,100,30,0.015,0.006,10,0.0075,0.015,12573,0,0,0.19072615923009623,False
